customer_id,name,email,gender,age,city,signup_date
CUST-00001,Asad Hussain,asad.hussain.cust00001@outlook.com,Male,46,Lahore,2024-01-23
CUST-00002,Rizwan Sattar,rizwan.sattar.cust00002@hotmail.com,Male,27,Islamabad,2024-11-30
CUST-00003,Rania Shafiq,rania.shafiq.cust00003@protonmail.com,Female,45,Sargodha,2024-03-22
CUST-00004,Yasir Chaudhry,yasir.chaudhry.cust00004@hotmail.com,Male,29,Sargodha,2023-05-18
CUST-00005,Tehmina Sabir,tehmina.sabir.cust00005@outlook.com,Female,19,Faisalabad,2023-04-18
CUST-00006,Imran Raza,imran.raza.cust00006@gmail.com,Male,38,Sargodha,2024-01-02
CUST-00007,Yasir Khan,yasir.khan.cust00007@hotmail.com,Male,41,Lahore,2024-03-10
CUST-00008,Sanam Lodhi,sanam.lodhi.cust00008@outlook.com,Female,44,Lahore,2023-10-05
CUST-00009,Zeeshan Qayyum,zeeshan.qayyum.cust00009@gmail.com,Male,26,Peshawar,2024-08-29
CUST-00010,Amna Aslam,amna.aslam.cust00010@zoho.com,Female,34,Sialkot,2024-01-23
CUST-00011,Luqman Zafar,luqman.zafar.cust00011@gmail.com,Male,33,Rawalpindi,2023-02-24
CUST-00012,Kamran Nawaz,kamran.nawaz.cust00012@outlook.com,Male,18,Islamabad,2024-03-18
CUST-00013,Farzana Aslam,farzana.aslam.cust00013@icloud.com,Female,41,Rawalpindi,2023-09-12
CUST-00014,Kiran Abbasi,kiran.abbasi.cust00014@yahoo.com,Female,43,Mirpur Khas,2023-08-28
CUST-00015,Mehwish Nadeem,mehwish.nadeem.cust00015@hotmail.com,Female,34,Islamabad,2024-03-27
CUST-00016,Tehmina Sheikh,tehmina.sheikh.cust00016@protonmail.com,Female,23,Karachi,2025-02-08
CUST-00017,Nida Sattar,nida.sattar.cust00017@gmail.com,Female,32,Lahore,2024-12-07
CUST-00018,Hammad Bukhari,hammad.bukhari.cust00018@gmail.com,Male,46,Gujranwala,2024-05-28
CUST-00019,Usman Ahmed,usman.ahmed.cust00019@protonmail.com,Male,40,Lahore,2024-12-24
CUST-00020,Faizan Nadeem,faizan.nadeem.cust00020@gmail.com,Male,25,Bahawalpur,2024-03-09
CUST-00021,Fatima Sabir,fatima.sabir.cust00021@gmail.com,Female,35,Karachi,2024-08-22
CUST-00022,Shahid Qayyum,shahid.qayyum.cust00022@gmail.com,Male,40,Lahore,2024-11-05
CUST-00023,Sara Siddiqui,sara.siddiqui.cust00023@gmail.com,Female,28,Lahore,2023-08-04
CUST-00024,Sheeba Waris,sheeba.waris.cust00024@yahoo.com,Female,34,Rawalpindi,2023-06-16
CUST-00025,Hamza Usman,hamza.usman.cust00025@gmail.com,Male,43,Islamabad,2024-05-21
CUST-00026,Ahsan Bukhari,ahsan.bukhari.cust00026@mail.com,Male,37,Karachi,2023-09-10
CUST-00027,Farah Bukhari,farah.bukhari.cust00027@yahoo.com,Female,31,Lahore,2023-01-21
CUST-00028,Asad Sabir,asad.sabir.cust00028@outlook.com,Male,40,Rawalpindi,2023-12-22
CUST-00029,Humaira Akram,humaira.akram.cust00029@gmail.com,Female,35,Lahore,2024-02-04
CUST-00030,Sara Nawaz,sara.nawaz.cust00030@outlook.com,Female,42,Rahim Yar Khan,2023-04-23
CUST-00031,Usman Tariq,usman.tariq.cust00031@yahoo.com,Male,43,Karachi,2023-12-20
CUST-00032,Ali Chaudhry,ali.chaudhry.cust00032@gmail.com,Male,22,Rawalpindi,2023-05-03
CUST-00033,Sadia Abbasi,sadia.abbasi.cust00033@outlook.com,Female,51,Quetta,2024-04-12
CUST-00034,Amna Sabir,amna.sabir.cust00034@gmail.com,Female,36,Bahawalpur,2024-07-14
CUST-00035,Kamran Mirza,kamran.mirza.cust00035@zoho.com,Male,45,Gujranwala,2024-09-06
CUST-00036,Danial Pervez,danial.pervez.cust00036@yahoo.com,Male,41,Sahiwal,2024-09-24
CUST-00037,Hina Gilani,hina.gilani.cust00037@outlook.com,Female,30,Gujranwala,2024-10-21
CUST-00038,Amna Abbasi,amna.abbasi.cust00038@icloud.com,Female,28,Rawalpindi,2023-06-08
CUST-00039,Saif Kazmi,saif.kazmi.cust00039@yahoo.com,Male,18,Rawalpindi,2024-05-25
CUST-00040,Imran Mirza,imran.mirza.cust00040@gmail.com,Male,39,Quetta,2023-08-21
CUST-00041,Salman Durrani,salman.durrani.cust00041@protonmail.com,Male,36,Rawalpindi,2024-05-13
CUST-00042,Danial Durrani,danial.durrani.cust00042@gmail.com,Male,39,Gujranwala,2023-08-16
CUST-00043,Nadia Kazmi,nadia.kazmi.cust00043@gmail.com,Female,26,Lahore,2024-03-01
CUST-00044,Hafsa Rafiq,hafsa.rafiq.cust00044@yahoo.com,Female,42,Quetta,2024-11-19
CUST-00045,Ahsan Qureshi,ahsan.qureshi.cust00045@gmail.com,Male,45,Karachi,2024-05-29
CUST-00046,Owais Ali,owais.ali.cust00046@icloud.com,Male,28,Sialkot,2024-06-09
CUST-00047,Yahya Khan,yahya.khan.cust00047@yahoo.com,Male,38,Rawalpindi,2022-10-08
CUST-00048,Yasir Farooq,yasir.farooq.cust00048@zoho.com,Male,47,Hyderabad,2024-01-04
CUST-00049,Owais Zafar,owais.zafar.cust00049@zoho.com,Male,34,Lahore,2022-10-21
CUST-00050,Gulnaz Rasheed,gulnaz.rasheed.cust00050@yahoo.com,Female,41,Lahore,2025-03-27
CUST-00051,Sheeba Abbasi,sheeba.abbasi.cust00051@zoho.com,Female,18,Islamabad,2025-02-12
CUST-00052,Rizwan Abbasi,rizwan.abbasi.cust00052@hotmail.com,Male,22,Faisalabad,2024-02-03
CUST-00053,Qasim Durrani,qasim.durrani.cust00053@gmail.com,Male,34,Sahiwal,2026-01-01
CUST-00054,Saif Pervez,saif.pervez.cust00054@yahoo.com,Male,35,Karachi,2025-08-22
CUST-00055,Alia Aslam,alia.aslam.cust00055@protonmail.com,Female,43,Lahore,2024-04-15
CUST-00056,Iqra Bukhari,iqra.bukhari.cust00056@gmail.com,Female,57,Karachi,2024-09-03
CUST-00057,Faizan Mirza,faizan.mirza.cust00057@outlook.com,Male,18,Lahore,2023-11-11
CUST-00058,Maryam Yousaf,maryam.yousaf.cust00058@hotmail.com,Female,25,Multan,2025-03-09
CUST-00059,Noman Usman,noman.usman.cust00059@mail.com,Male,36,Karachi,2024-06-09
CUST-00060,Maria Sheikh,maria.sheikh.cust00060@gmail.com,Female,29,Karachi,2023-01-24
CUST-00061,Kashif Siddiqui,kashif.siddiqui.cust00061@gmail.com,Male,19,Lahore,2024-06-27
CUST-00062,Danial Waris,danial.waris.cust00062@gmail.com,Male,25,Sukkur,2023-04-07
CUST-00063,Ehtesham Zubair,ehtesham.zubair.cust00063@hotmail.com,Male,31,Lahore,2023-08-22
CUST-00064,Mahnoor Tariq,mahnoor.tariq.cust00064@yahoo.com,Female,37,Karachi,2022-11-17
CUST-00065,Rizwan Nawaz,rizwan.nawaz.cust00065@gmail.com,Male,44,Islamabad,2024-11-03
CUST-00066,Kiran Javed,kiran.javed.cust00066@gmail.com,Female,39,Islamabad,2023-04-01
CUST-00067,Bilal Sattar,bilal.sattar.cust00067@gmail.com,Male,40,Rawalpindi,2023-01-18
CUST-00068,Hamza Khan,hamza.khan.cust00068@yahoo.com,Male,41,Islamabad,2024-04-22
CUST-00069,Nadeem Rafiq,nadeem.rafiq.cust00069@gmail.com,Male,47,Faisalabad,2025-02-15
CUST-00070,Nimra Qayyum,nimra.qayyum.cust00070@zoho.com,Female,24,Lahore,2024-07-26
CUST-00071,Asad Ali,asad.ali.cust00071@gmail.com,Male,45,Lahore,2024-05-18
CUST-00072,Ahsan Yousaf,ahsan.yousaf.cust00072@gmail.com,Male,31,Karachi,2024-06-23
CUST-00073,Wajiha Rafiq,wajiha.rafiq.cust00073@outlook.com,Female,33,Rahim Yar Khan,2024-01-22
CUST-00074,Kamran Munir,kamran.munir.cust00074@yahoo.com,Male,24,Sialkot,2023-07-22
CUST-00075,Luqman Qureshi,luqman.qureshi.cust00075@gmail.com,Male,49,Islamabad,2024-02-17
CUST-00076,Hassan Rasheed,hassan.rasheed.cust00076@gmail.com,Male,38,Gujranwala,2024-08-17
CUST-00077,Ahmed Usman,ahmed.usman.cust00077@outlook.com,Male,39,Multan,2024-07-23
CUST-00078,Noman Khan,noman.khan.cust00078@mail.com,Male,29,Lahore,2023-09-12
CUST-00079,Yasmin Waris,yasmin.waris.cust00079@yahoo.com,Female,29,Peshawar,2025-04-04
CUST-00080,Zafar Pervez,zafar.pervez.cust00080@gmail.com,Male,56,Lahore,2024-10-24
CUST-00081,Kausar Zubair,kausar.zubair.cust00081@yahoo.com,Female,26,Abbottabad,2024-04-15
CUST-00082,Hina Nawaz,hina.nawaz.cust00082@gmail.com,Female,40,Lahore,2024-01-06
CUST-00083,Rehan Abbasi,rehan.abbasi.cust00083@yahoo.com,Male,32,Quetta,2024-01-31
CUST-00084,Ahmed Munir,ahmed.munir.cust00084@gmail.com,Male,18,Rawalpindi,2023-08-30
CUST-00085,Farzana Iqbal,farzana.iqbal.cust00085@gmail.com,Female,31,Hyderabad,2025-12-24
CUST-00086,Bilal Rasheed,bilal.rasheed.cust00086@gmail.com,Male,30,Karachi,2024-09-13
CUST-00087,Adnan Chaudhry,adnan.chaudhry.cust00087@gmail.com,Male,54,Lahore,2023-03-28
CUST-00088,Saba Rafiq,saba.rafiq.cust00088@gmail.com,Female,42,Lahore,2024-08-10
CUST-00089,Moin Munir,moin.munir.cust00089@mail.com,Male,31,Hyderabad,2024-08-26
CUST-00090,Alia Nawaz,alia.nawaz.cust00090@gmail.com,Female,40,Karachi,2025-02-02
CUST-00091,Fatima Pervez,fatima.pervez.cust00091@hotmail.com,Female,32,Gujranwala,2023-01-06
CUST-00092,Rehan Hussain,rehan.hussain.cust00092@gmail.com,Male,32,Multan,2024-05-13
CUST-00093,Fatima Abbasi,fatima.abbasi.cust00093@gmail.com,Female,43,Gujranwala,2026-04-10
CUST-00094,Asad Ali,asad.ali.cust00094@gmail.com,Male,36,Karachi,2024-05-23
CUST-00095,Hina Javed,hina.javed.cust00095@gmail.com,Female,29,Peshawar,2024-11-22
CUST-00096,Umair Zaman,umair.zaman.cust00096@protonmail.com,Male,29,Lahore,2024-02-21
CUST-00097,Nadeem Rafiq,nadeem.rafiq.cust00097@gmail.com,Male,37,Lahore,2024-09-11
CUST-00098,Rabia Munir,rabia.munir.cust00098@hotmail.com,Female,38,Karachi,2023-04-03
CUST-00099,Sanam Sabir,sanam.sabir.cust00099@gmail.com,Female,39,Sukkur,2023-02-21
CUST-00100,Asad Yousaf,asad.yousaf.cust00100@mail.com,Male,46,Sargodha,2023-09-27
CUST-00101,Wajiha Raza,wajiha.raza.cust00101@gmail.com,Female,19,Sukkur,2023-12-10
CUST-00102,Sheeba Sheikh,sheeba.sheikh.cust00102@yahoo.com,Female,48,Mirpur Khas,2023-09-28
CUST-00103,Sumaira Hashmi,sumaira.hashmi.cust00103@gmail.com,Female,40,Lahore,2024-06-13
CUST-00104,Salman Ahmed,salman.ahmed.cust00104@hotmail.com,Male,31,Faisalabad,2024-03-17
CUST-00105,Yasir Hashmi,yasir.hashmi.cust00105@gmail.com,Male,43,Karachi,2023-12-06
CUST-00106,Asad Yousaf,asad.yousaf.cust00106@gmail.com,Male,30,Karachi,2024-06-22
CUST-00107,Kausar Pervez,kausar.pervez.cust00107@outlook.com,Female,37,Bahawalpur,2024-08-27
CUST-00108,Moin Chaudhry,moin.chaudhry.cust00108@outlook.com,Male,31,Karachi,2023-08-11
CUST-00109,Mehwish Zafar,mehwish.zafar.cust00109@yahoo.com,Female,20,Quetta,2023-07-22
CUST-00110,Alia Zaman,alia.zaman.cust00110@yahoo.com,Female,36,Karachi,2023-12-16
CUST-00111,Luqman Lodhi,luqman.lodhi.cust00111@outlook.com,Male,21,Mardan,2024-10-20
CUST-00112,Mahnoor Usman,mahnoor.usman.cust00112@gmail.com,Female,31,Lahore,2023-09-17
CUST-00113,Amna Sheikh,amna.sheikh.cust00113@yahoo.com,Female,34,Lahore,2025-02-06
CUST-00114,Ali Qayyum,ali.qayyum.cust00114@mail.com,Male,46,Rawalpindi,2023-10-26
CUST-00115,Iqra Tariq,iqra.tariq.cust00115@gmail.com,Female,55,Islamabad,2024-04-23
CUST-00116,Yasir Baloch,yasir.baloch.cust00116@gmail.com,Male,45,Karachi,2024-08-19
CUST-00117,Owais Chishti,owais.chishti.cust00117@hotmail.com,Male,18,Faisalabad,2024-05-14
CUST-00118,Ilyas Usman,ilyas.usman.cust00118@gmail.com,Male,30,Lahore,2024-07-28
CUST-00119,Javeria Pervez,javeria.pervez.cust00119@gmail.com,Female,46,Gujranwala,2024-08-01
CUST-00120,Rizwan Aslam,rizwan.aslam.cust00120@gmail.com,Male,32,Sargodha,2024-06-30
CUST-00121,Ehtesham Aslam,ehtesham.aslam.cust00121@protonmail.com,Male,26,Karachi,2023-10-18
CUST-00122,Faisal Waris,faisal.waris.cust00122@gmail.com,Male,18,Karachi,2024-08-28
CUST-00123,Sumaira Ali,sumaira.ali.cust00123@gmail.com,Female,45,Karachi,2024-06-13
CUST-00124,Mehwish Durrani,mehwish.durrani.cust00124@gmail.com,Female,28,Gujranwala,2023-06-07
CUST-00125,Gulnaz Malik,gulnaz.malik.cust00125@gmail.com,Female,38,Islamabad,2023-06-14
CUST-00126,Ali Rasheed,ali.rasheed.cust00126@protonmail.com,Male,25,Faisalabad,2023-02-18
CUST-00127,Maria Nadeem,maria.nadeem.cust00127@gmail.com,Female,43,Islamabad,2025-04-17
CUST-00128,Qasim Abbasi,qasim.abbasi.cust00128@gmail.com,Male,31,Sargodha,2024-06-09
CUST-00129,Tehmina Bukhari,tehmina.bukhari.cust00129@gmail.com,Female,37,Sahiwal,2023-03-19
CUST-00130,Alia Rafiq,alia.rafiq.cust00130@outlook.com,Female,18,Lahore,2025-01-07
CUST-00131,Mehwish Usman,mehwish.usman.cust00131@mail.com,Female,35,Karachi,2024-07-25
CUST-00132,Salman Qureshi,salman.qureshi.cust00132@yahoo.com,Male,29,Rawalpindi,2024-02-01
CUST-00133,Farzana Abbasi,farzana.abbasi.cust00133@hotmail.com,Female,22,Lahore,2024-07-08
CUST-00134,Kashif Munir,kashif.munir.cust00134@gmail.com,Male,28,Karachi,2024-04-19
CUST-00135,Amna Qureshi,amna.qureshi.cust00135@gmail.com,Female,23,Lahore,2024-07-16
CUST-00136,Wajiha Yousaf,wajiha.yousaf.cust00136@yahoo.com,Female,31,Lahore,2023-08-18
CUST-00137,Ilyas Khan,ilyas.khan.cust00137@gmail.com,Male,28,Multan,2023-08-11
CUST-00138,Kiran Shafiq,kiran.shafiq.cust00138@gmail.com,Female,48,Sargodha,2025-01-26
CUST-00139,Kausar Durrani,kausar.durrani.cust00139@gmail.com,Female,31,Islamabad,2024-08-20
CUST-00140,Rania Malik,rania.malik.cust00140@gmail.com,Female,26,Sahiwal,2024-05-17
CUST-00141,Ayesha Nawaz,ayesha.nawaz.cust00141@outlook.com,Female,39,Islamabad,2024-03-04
CUST-00142,Rabia Gilani,rabia.gilani.cust00142@gmail.com,Female,23,Sialkot,2024-05-06
CUST-00143,Ahsan Khan,ahsan.khan.cust00143@yahoo.com,Male,62,Hyderabad,2023-12-25
CUST-00144,Saif Rafiq,saif.rafiq.cust00144@gmail.com,Male,30,Sahiwal,2023-05-07
CUST-00145,Nadia Ali,nadia.ali.cust00145@gmail.com,Female,37,Rawalpindi,2023-12-20
CUST-00146,Mehwish Nadeem,mehwish.nadeem.cust00146@zoho.com,Female,27,Multan,2023-07-26
CUST-00147,Hina Rasheed,hina.rasheed.cust00147@gmail.com,Female,35,Karachi,2024-03-11
CUST-00148,Moin Durrani,moin.durrani.cust00148@yahoo.com,Male,42,Lahore,2023-01-01
CUST-00149,Humaira Zubair,humaira.zubair.cust00149@gmail.com,Female,33,Lahore,2024-09-19
CUST-00150,Yasmin Abbasi,yasmin.abbasi.cust00150@outlook.com,Female,33,Sahiwal,2024-09-28
CUST-00151,Javed Malik,javed.malik.cust00151@gmail.com,Male,18,Sialkot,2023-04-29
CUST-00152,Hafsa Hussain,hafsa.hussain.cust00152@yahoo.com,Female,35,Hyderabad,2023-12-16
CUST-00153,Yasmin Rafiq,yasmin.rafiq.cust00153@gmail.com,Female,36,Lahore,2025-03-03
CUST-00154,Hafsa Yousaf,hafsa.yousaf.cust00154@yahoo.com,Female,19,Faisalabad,2023-07-30
CUST-00155,Gulnaz Zaman,gulnaz.zaman.cust00155@icloud.com,Female,35,Karachi,2023-10-27
CUST-00156,Maria Ahmed,maria.ahmed.cust00156@yahoo.com,Female,26,Abbottabad,2024-10-14
CUST-00157,Sadia Usman,sadia.usman.cust00157@outlook.com,Female,18,Peshawar,2024-12-21
CUST-00158,Ahmed Tariq,ahmed.tariq.cust00158@outlook.com,Male,34,Rawalpindi,2025-11-19
CUST-00159,Saba Waris,saba.waris.cust00159@gmail.com,Female,19,Faisalabad,2024-02-27
CUST-00160,Nadia Waris,nadia.waris.cust00160@gmail.com,Female,40,Peshawar,2024-09-04
CUST-00161,Laila Hussain,laila.hussain.cust00161@yahoo.com,Female,43,Islamabad,2024-02-18
CUST-00162,Zafar Qureshi,zafar.qureshi.cust00162@mail.com,Male,26,Lahore,2024-05-12
CUST-00163,Hina Nawaz,hina.nawaz.cust00163@gmail.com,Female,49,Multan,2023-12-30
CUST-00164,Amna Khan,amna.khan.cust00164@zoho.com,Female,64,Lahore,2023-08-27
CUST-00165,Saba Usman,saba.usman.cust00165@yahoo.com,Female,40,Rawalpindi,2025-06-25
CUST-00166,Salman Iqbal,salman.iqbal.cust00166@outlook.com,Male,25,Lahore,2024-01-08
CUST-00167,Junaid Rafiq,junaid.rafiq.cust00167@yahoo.com,Male,34,Peshawar,2025-02-15
CUST-00168,Ilyas Nadeem,ilyas.nadeem.cust00168@gmail.com,Male,26,Hyderabad,2024-05-29
CUST-00169,Ayesha Butt,ayesha.butt.cust00169@gmail.com,Female,32,Multan,2024-09-18
CUST-00170,Saba Gilani,saba.gilani.cust00170@gmail.com,Female,30,Karachi,2023-02-15
CUST-00171,Zoha Lodhi,zoha.lodhi.cust00171@hotmail.com,Female,31,Lahore,2023-03-26
CUST-00172,Tariq Shafiq,tariq.shafiq.cust00172@gmail.com,Male,34,Islamabad,2025-09-19
CUST-00173,Tanveer Nawaz,tanveer.nawaz.cust00173@yahoo.com,Male,23,Sialkot,2023-08-31
CUST-00174,Rabia Gilani,rabia.gilani.cust00174@gmail.com,Female,30,Lahore,2024-06-30
CUST-00175,Owais Sheikh,owais.sheikh.cust00175@yahoo.com,Male,18,Hyderabad,2023-03-03
CUST-00176,Nida Chaudhry,nida.chaudhry.cust00176@gmail.com,Female,57,Lahore,2024-03-20
CUST-00177,Gulnaz Mirza,gulnaz.mirza.cust00177@yahoo.com,Female,28,Lahore,2024-04-18
CUST-00178,Luqman Qayyum,luqman.qayyum.cust00178@yahoo.com,Male,18,Peshawar,2022-12-31
CUST-00179,Faisal Siddiqui,faisal.siddiqui.cust00179@gmail.com,Male,37,Abbottabad,2025-03-05
CUST-00180,Alia Qureshi,alia.qureshi.cust00180@outlook.com,Female,55,Lahore,2024-09-06
CUST-00181,Owais Ali,owais.ali.cust00181@gmail.com,Male,32,Islamabad,2024-10-07
CUST-00182,Ilyas Akram,ilyas.akram.cust00182@gmail.com,Male,22,Islamabad,2023-07-21
CUST-00183,Kamran Sattar,kamran.sattar.cust00183@gmail.com,Male,39,Karachi,2023-11-14
CUST-00184,Saif Zaman,saif.zaman.cust00184@protonmail.com,Male,20,Rawalpindi,2023-10-27
CUST-00185,Hammad Pervez,hammad.pervez.cust00185@gmail.com,Male,39,Islamabad,2024-05-29
CUST-00186,Nazia Javed,nazia.javed.cust00186@gmail.com,Female,29,Rawalpindi,2023-09-10
CUST-00187,Ayesha Malik,ayesha.malik.cust00187@zoho.com,Female,37,Karachi,2023-01-13
CUST-00188,Zeeshan Baloch,zeeshan.baloch.cust00188@yahoo.com,Male,21,Gujranwala,2024-07-30
CUST-00189,Yasir Sabir,yasir.sabir.cust00189@protonmail.com,Male,36,Lahore,2023-04-13
CUST-00190,Danial Chishti,danial.chishti.cust00190@outlook.com,Male,25,Lahore,2023-11-24
CUST-00191,Hammad Chaudhry,hammad.chaudhry.cust00191@gmail.com,Male,22,Gujranwala,2023-11-08
CUST-00192,Wajiha Zubair,wajiha.zubair.cust00192@gmail.com,Female,46,Mirpur Khas,2023-08-07
CUST-00193,Hafsa Gilani,hafsa.gilani.cust00193@gmail.com,Female,30,Karachi,2024-08-05
CUST-00194,Ilyas Iqbal,ilyas.iqbal.cust00194@zoho.com,Male,43,Islamabad,2024-08-12
CUST-00195,Yahya Chaudhry,yahya.chaudhry.cust00195@outlook.com,Male,33,Rawalpindi,2023-11-28
CUST-00196,Alia Iqbal,alia.iqbal.cust00196@yahoo.com,Female,33,Sahiwal,2024-11-13
CUST-00197,Rabia Waris,rabia.waris.cust00197@yahoo.com,Female,18,Peshawar,2024-07-21
CUST-00198,Hassan Sabir,hassan.sabir.cust00198@hotmail.com,Male,33,Peshawar,2026-08-19
CUST-00199,Hamza Kazmi,hamza.kazmi.cust00199@gmail.com,Male,39,Karachi,2023-05-27
CUST-00200,Nadeem Javed,nadeem.javed.cust00200@hotmail.com,Male,29,Faisalabad,2023-12-11
CUST-00201,Hina Rasheed,hina.rasheed.cust00201@yahoo.com,Female,41,Lahore,2026-07-03
CUST-00202,Ali Siddiqui,ali.siddiqui.cust00202@gmail.com,Male,41,Islamabad,2023-07-21
CUST-00203,Waleed Iqbal,waleed.iqbal.cust00203@gmail.com,Male,40,Karachi,2024-05-05
CUST-00204,Kashif Durrani,kashif.durrani.cust00204@yahoo.com,Male,18,Karachi,2024-02-03
CUST-00205,Yahya Rafiq,yahya.rafiq.cust00205@hotmail.com,Male,30,Sukkur,2023-01-18
CUST-00206,Mehwish Siddiqui,mehwish.siddiqui.cust00206@yahoo.com,Female,25,Rawalpindi,2023-03-15
CUST-00207,Asad Farooq,asad.farooq.cust00207@gmail.com,Male,43,Sahiwal,2024-05-17
CUST-00208,Kiran Javed,kiran.javed.cust00208@yahoo.com,Female,23,Rawalpindi,2024-01-19
CUST-00209,Rania Raza,rania.raza.cust00209@gmail.com,Female,47,Rawalpindi,2023-02-04
CUST-00210,Uzma Sheikh,uzma.sheikh.cust00210@mail.com,Female,30,Multan,2024-08-01
CUST-00211,Moin Usman,moin.usman.cust00211@gmail.com,Male,24,Lahore,2023-03-31
CUST-00212,Nida Mirza,nida.mirza.cust00212@protonmail.com,Female,44,Karachi,2024-09-18
CUST-00213,Nadeem Gilani,nadeem.gilani.cust00213@yahoo.com,Male,53,Lahore,2025-05-13
CUST-00214,Saira Khan,saira.khan.cust00214@icloud.com,Female,43,Islamabad,2023-10-29
CUST-00215,Rizwan Rasheed,rizwan.rasheed.cust00215@yahoo.com,Male,41,Gwadar,2023-11-02
CUST-00216,Javeria Sattar,javeria.sattar.cust00216@gmail.com,Female,31,Sargodha,2023-02-28
CUST-00217,Kashif Iqbal,kashif.iqbal.cust00217@outlook.com,Male,40,Multan,2023-02-11
CUST-00218,Yasmin Ali,yasmin.ali.cust00218@gmail.com,Female,34,Faisalabad,2023-09-20
CUST-00219,Saif Kazmi,saif.kazmi.cust00219@hotmail.com,Male,18,Karachi,2023-05-08
CUST-00220,Sanam Siddiqui,sanam.siddiqui.cust00220@hotmail.com,Female,38,Islamabad,2022-12-21
CUST-00221,Salman Raza,salman.raza.cust00221@gmail.com,Male,45,Karachi,2024-10-07
CUST-00222,Kiran Zubair,kiran.zubair.cust00222@gmail.com,Female,23,Lahore,2025-01-19
CUST-00223,Asad Munir,asad.munir.cust00223@gmail.com,Male,18,Peshawar,2023-07-25
CUST-00224,Zainab Nawaz,zainab.nawaz.cust00224@protonmail.com,Female,33,Karachi,2023-06-26
CUST-00225,Ali Butt,ali.butt.cust00225@yahoo.com,Male,33,Lahore,2023-12-24
CUST-00226,Nimra Usman,nimra.usman.cust00226@gmail.com,Female,49,Islamabad,2023-09-20
CUST-00227,Danial Javed,danial.javed.cust00227@yahoo.com,Male,37,Multan,2024-08-02
CUST-00228,Ayesha Raza,ayesha.raza.cust00228@gmail.com,Female,44,Peshawar,2023-07-28
CUST-00229,Nadia Kazmi,nadia.kazmi.cust00229@gmail.com,Female,37,Lahore,2025-04-14
CUST-00230,Sara Ahmed,sara.ahmed.cust00230@gmail.com,Female,42,Lahore,2023-12-19
CUST-00231,Imran Zubair,imran.zubair.cust00231@gmail.com,Male,34,Sukkur,2024-06-20
CUST-00232,Mahnoor Kazmi,mahnoor.kazmi.cust00232@outlook.com,Female,38,Rawalpindi,2024-04-15
CUST-00233,Mahnoor Durrani,mahnoor.durrani.cust00233@icloud.com,Female,32,Islamabad,2023-08-13
CUST-00234,Sadia Nadeem,sadia.nadeem.cust00234@gmail.com,Female,28,Karachi,2025-01-30
CUST-00235,Maryam Tariq,maryam.tariq.cust00235@gmail.com,Female,29,Rawalpindi,2024-08-21
CUST-00236,Ali Pervez,ali.pervez.cust00236@outlook.com,Male,33,Karachi,2024-05-29
CUST-00237,Sadia Qayyum,sadia.qayyum.cust00237@zoho.com,Female,24,Lahore,2023-01-21
CUST-00238,Kamran Nadeem,kamran.nadeem.cust00238@gmail.com,Male,41,Bahawalpur,2024-03-03
CUST-00239,Nadeem Shafiq,nadeem.shafiq.cust00239@gmail.com,Male,24,Faisalabad,2024-01-29
CUST-00240,Nadeem Siddiqui,nadeem.siddiqui.cust00240@gmail.com,Male,48,Peshawar,2023-05-28
CUST-00241,Faisal Kazmi,faisal.kazmi.cust00241@gmail.com,Male,41,Islamabad,2024-11-16
CUST-00242,Hamza Nawaz,hamza.nawaz.cust00242@icloud.com,Male,18,Sialkot,2024-03-01
CUST-00243,Tanveer Akram,tanveer.akram.cust00243@icloud.com,Male,31,Hyderabad,2023-05-06
CUST-00244,Wajiha Farooq,wajiha.farooq.cust00244@yahoo.com,Female,38,Rawalpindi,2023-09-11
CUST-00245,Ahsan Sattar,ahsan.sattar.cust00245@gmail.com,Male,36,Hyderabad,2025-08-24
CUST-00246,Laila Nawaz,laila.nawaz.cust00246@gmail.com,Female,29,Islamabad,2024-09-08
CUST-00247,Saba Abbasi,saba.abbasi.cust00247@yahoo.com,Female,30,Karachi,2024-07-30
CUST-00248,Mehwish Sattar,mehwish.sattar.cust00248@gmail.com,Female,34,Lahore,2024-02-08
CUST-00249,Asad Raza,asad.raza.cust00249@gmail.com,Male,45,Gujranwala,2025-10-23
CUST-00250,Farah Rasheed,farah.rasheed.cust00250@gmail.com,Female,19,Rawalpindi,2024-09-03
CUST-00251,Hassan Tariq,hassan.tariq.cust00251@gmail.com,Male,31,Bahawalpur,2023-12-22
CUST-00252,Kashif Butt,kashif.butt.cust00252@yahoo.com,Male,35,Sahiwal,2025-04-05
CUST-00253,Zafar Ali,zafar.ali.cust00253@gmail.com,Male,18,Lahore,2024-02-28
CUST-00254,Mahnoor Mirza,mahnoor.mirza.cust00254@gmail.com,Female,37,Karachi,2023-01-23
CUST-00255,Rabia Javed,rabia.javed.cust00255@protonmail.com,Female,18,Quetta,2025-01-07
CUST-00256,Zoha Farooq,zoha.farooq.cust00256@gmail.com,Female,29,Karachi,2025-05-11
CUST-00257,Kausar Sheikh,kausar.sheikh.cust00257@gmail.com,Female,35,Multan,2023-02-15
CUST-00258,Danial Sheikh,danial.sheikh.cust00258@outlook.com,Male,35,Mirpur Khas,2023-11-24
CUST-00259,Hina Hashmi,hina.hashmi.cust00259@gmail.com,Female,20,Sialkot,2024-05-21
CUST-00260,Kamran Munir,kamran.munir.cust00260@gmail.com,Male,46,Lahore,2022-11-06
CUST-00261,Saira Pervez,saira.pervez.cust00261@outlook.com,Female,47,Rawalpindi,2023-06-12
CUST-00262,Umair Sabir,umair.sabir.cust00262@gmail.com,Male,27,Lahore,2024-10-07
CUST-00263,Iqraa Siddiqui,iqraa.siddiqui.cust00263@yahoo.com,Female,34,Abbottabad,2024-08-29
CUST-00264,Nazia Zubair,nazia.zubair.cust00264@mail.com,Female,18,Peshawar,2023-01-05
CUST-00265,Amna Durrani,amna.durrani.cust00265@outlook.com,Female,18,Multan,2023-05-27
CUST-00266,Salman Qureshi,salman.qureshi.cust00266@yahoo.com,Male,18,Faisalabad,2023-05-19
CUST-00267,Noman Akram,noman.akram.cust00267@outlook.com,Male,37,Faisalabad,2024-04-29
CUST-00268,Hassan Pervez,hassan.pervez.cust00268@gmail.com,Male,18,Sialkot,2024-10-15
CUST-00269,Ahsan Zubair,ahsan.zubair.cust00269@yahoo.com,Male,38,Peshawar,2025-06-08
CUST-00270,Maryam Nawaz,maryam.nawaz.cust00270@yahoo.com,Female,36,Sukkur,2024-08-19
CUST-00271,Waleed Farooq,waleed.farooq.cust00271@protonmail.com,Male,43,Rawalpindi,2023-11-07
CUST-00272,Kamran Ahmed,kamran.ahmed.cust00272@protonmail.com,Male,30,Quetta,2022-11-26
CUST-00273,Rehan Durrani,rehan.durrani.cust00273@yahoo.com,Male,45,Karachi,2023-05-04
CUST-00274,Danial Ali,danial.ali.cust00274@yahoo.com,Male,28,Faisalabad,2023-10-20
CUST-00275,Sadia Akram,sadia.akram.cust00275@outlook.com,Female,38,Karachi,2025-07-23
CUST-00276,Sumaira Tariq,sumaira.tariq.cust00276@gmail.com,Female,18,Lahore,2022-12-15
CUST-00277,Yasmin Abbasi,yasmin.abbasi.cust00277@gmail.com,Female,53,Abbottabad,2023-04-05
CUST-00278,Hafsa Lodhi,hafsa.lodhi.cust00278@gmail.com,Female,18,Karachi,2023-12-02
CUST-00279,Kamran Zafar,kamran.zafar.cust00279@gmail.com,Male,22,Rawalpindi,2024-04-26
CUST-00280,Rizwan Khan,rizwan.khan.cust00280@hotmail.com,Male,48,Lahore,2025-01-06
CUST-00281,Umair Zaman,umair.zaman.cust00281@gmail.com,Male,29,Sukkur,2023-05-24
CUST-00282,Iqraa Ali,iqraa.ali.cust00282@hotmail.com,Female,40,Karachi,2024-06-17
CUST-00283,Owais Raza,owais.raza.cust00283@outlook.com,Male,43,Gujranwala,2023-10-17
CUST-00284,Nadeem Rasheed,nadeem.rasheed.cust00284@yahoo.com,Male,37,Karachi,2023-08-26
CUST-00285,Tariq Yousaf,tariq.yousaf.cust00285@yahoo.com,Male,25,Multan,2024-03-26
CUST-00286,Yasir Durrani,yasir.durrani.cust00286@yahoo.com,Male,26,Karachi,2023-11-18
CUST-00287,Sadia Iqbal,sadia.iqbal.cust00287@gmail.com,Female,18,Rawalpindi,2024-11-28
CUST-00288,Hina Zubair,hina.zubair.cust00288@gmail.com,Female,39,Rawalpindi,2023-06-23
CUST-00289,Javed Tariq,javed.tariq.cust00289@outlook.com,Male,35,Karachi,2024-02-06
CUST-00290,Sanam Javed,sanam.javed.cust00290@gmail.com,Female,38,Sukkur,2023-09-14
CUST-00291,Rizwan Durrani,rizwan.durrani.cust00291@gmail.com,Male,36,Islamabad,2024-10-02
CUST-00292,Faisal Ahmed,faisal.ahmed.cust00292@icloud.com,Male,37,Karachi,2023-04-30
CUST-00293,Mehwish Usman,mehwish.usman.cust00293@zoho.com,Female,18,Islamabad,2023-12-13
CUST-00294,Junaid Rafiq,junaid.rafiq.cust00294@yahoo.com,Male,22,Lahore,2024-05-13
CUST-00295,Farah Malik,farah.malik.cust00295@gmail.com,Female,18,Sargodha,2025-08-22
CUST-00296,Owais Zafar,owais.zafar.cust00296@gmail.com,Male,27,Islamabad,2024-04-19
CUST-00297,Zainab Farooq,zainab.farooq.cust00297@gmail.com,Female,21,Peshawar,2024-05-24
CUST-00298,Ilyas Iqbal,ilyas.iqbal.cust00298@gmail.com,Male,27,Karachi,2026-01-06
CUST-00299,Hina Raza,hina.raza.cust00299@outlook.com,Female,41,Multan,2023-07-05
CUST-00300,Saba Hussain,saba.hussain.cust00300@gmail.com,Female,39,Karachi,2024-08-08
CUST-00301,Nazia Zafar,nazia.zafar.cust00301@gmail.com,Female,36,Lahore,2024-09-10
CUST-00302,Maryam Nadeem,maryam.nadeem.cust00302@yahoo.com,Female,52,Rahim Yar Khan,2023-11-24
CUST-00303,Hafsa Shafiq,hafsa.shafiq.cust00303@hotmail.com,Female,36,Sargodha,2025-02-03
CUST-00304,Faizan Ahmed,faizan.ahmed.cust00304@gmail.com,Male,32,Faisalabad,2025-07-31
CUST-00305,Farzana Pervez,farzana.pervez.cust00305@yahoo.com,Female,49,Rawalpindi,2024-02-17
CUST-00306,Kiran Qureshi,kiran.qureshi.cust00306@outlook.com,Female,23,Sukkur,2023-09-06
CUST-00307,Yasir Abbasi,yasir.abbasi.cust00307@gmail.com,Male,32,Multan,2024-03-25
CUST-00308,Sanam Bukhari,sanam.bukhari.cust00308@yahoo.com,Female,42,Karachi,2024-11-06
CUST-00309,Hammad Munir,hammad.munir.cust00309@zoho.com,Male,38,Bahawalpur,2023-02-19
CUST-00310,Faizan Yousaf,faizan.yousaf.cust00310@icloud.com,Male,27,Rawalpindi,2023-04-24
CUST-00311,Bilal Durrani,bilal.durrani.cust00311@gmail.com,Male,37,Karachi,2024-05-29
CUST-00312,Umair Gilani,umair.gilani.cust00312@gmail.com,Male,24,Abbottabad,2024-08-21
CUST-00313,Bushra Javed,bushra.javed.cust00313@gmail.com,Female,32,Faisalabad,2023-08-07
CUST-00314,Moin Malik,moin.malik.cust00314@gmail.com,Male,27,Sialkot,2024-10-08
CUST-00315,Iqraa Khan,iqraa.khan.cust00315@gmail.com,Female,28,Sahiwal,2025-07-14
CUST-00316,Rehan Qayyum,rehan.qayyum.cust00316@gmail.com,Male,49,Karachi,2023-06-15
CUST-00317,Rehan Chishti,rehan.chishti.cust00317@gmail.com,Male,44,Gujranwala,2024-01-11
CUST-00318,Tariq Nadeem,tariq.nadeem.cust00318@gmail.com,Male,37,Quetta,2024-05-27
CUST-00319,Noman Chaudhry,noman.chaudhry.cust00319@yahoo.com,Male,36,Sukkur,2023-12-20
CUST-00320,Gulnaz Chaudhry,gulnaz.chaudhry.cust00320@outlook.com,Female,30,Rawalpindi,2024-01-01
CUST-00321,Ahsan Sabir,ahsan.sabir.cust00321@yahoo.com,Male,29,Sialkot,2025-01-01
CUST-00322,Imran Akram,imran.akram.cust00322@hotmail.com,Male,35,Karachi,2024-05-09
CUST-00323,Kashif Waris,kashif.waris.cust00323@outlook.com,Male,20,Mirpur Khas,2025-04-08
CUST-00324,Kausar Baloch,kausar.baloch.cust00324@yahoo.com,Female,48,Peshawar,2024-07-19
CUST-00325,Rizwan Durrani,rizwan.durrani.cust00325@gmail.com,Male,29,Lahore,2024-03-09
CUST-00326,Mehwish Sattar,mehwish.sattar.cust00326@protonmail.com,Female,33,Multan,2024-12-30
CUST-00327,Zoha Khan,zoha.khan.cust00327@outlook.com,Female,33,Faisalabad,2023-08-12
CUST-00328,Javed Akram,javed.akram.cust00328@yahoo.com,Male,22,Bahawalpur,2024-05-02
CUST-00329,Hammad Nawaz,hammad.nawaz.cust00329@gmail.com,Male,36,Multan,2024-04-21
CUST-00330,Faizan Siddiqui,faizan.siddiqui.cust00330@outlook.com,Male,43,Rawalpindi,2023-11-17
CUST-00331,Iqraa Zaman,iqraa.zaman.cust00331@hotmail.com,Female,27,Lahore,2024-07-30
CUST-00332,Sadia Ahmed,sadia.ahmed.cust00332@yahoo.com,Female,32,Lahore,2024-02-02
CUST-00333,Wajiha Sabir,wajiha.sabir.cust00333@gmail.com,Female,33,Abbottabad,2024-05-20
CUST-00334,Zafar Zaman,zafar.zaman.cust00334@mail.com,Male,41,Karachi,2023-06-29
CUST-00335,Ahmed Zaman,ahmed.zaman.cust00335@gmail.com,Male,35,Karachi,2024-04-26
CUST-00336,Ahsan Zafar,ahsan.zafar.cust00336@zoho.com,Male,25,Peshawar,2024-03-03
CUST-00337,Humaira Sabir,humaira.sabir.cust00337@mail.com,Female,18,Quetta,2023-04-12
CUST-00338,Saba Rafiq,saba.rafiq.cust00338@protonmail.com,Female,18,Islamabad,2023-06-06
CUST-00339,Zeeshan Qayyum,zeeshan.qayyum.cust00339@gmail.com,Male,19,Rawalpindi,2024-08-10
CUST-00340,Adnan Nadeem,adnan.nadeem.cust00340@yahoo.com,Male,22,Gwadar,2024-03-18
CUST-00341,Laila Pervez,laila.pervez.cust00341@outlook.com,Female,36,Multan,2024-08-01
CUST-00342,Rania Tariq,rania.tariq.cust00342@gmail.com,Female,21,Rawalpindi,2024-08-06
CUST-00343,Maryam Pervez,maryam.pervez.cust00343@gmail.com,Female,51,Karachi,2023-02-08
CUST-00344,Tanveer Akram,tanveer.akram.cust00344@gmail.com,Male,30,Islamabad,2024-04-29
CUST-00345,Bushra Sabir,bushra.sabir.cust00345@zoho.com,Female,33,Rahim Yar Khan,2024-01-26
CUST-00346,Adnan Lodhi,adnan.lodhi.cust00346@outlook.com,Male,56,Peshawar,2024-05-31
CUST-00347,Fatima Chaudhry,fatima.chaudhry.cust00347@gmail.com,Female,44,Islamabad,2024-01-30
CUST-00348,Maryam Nadeem,maryam.nadeem.cust00348@gmail.com,Female,50,Faisalabad,2023-10-18
CUST-00349,Farzana Bukhari,farzana.bukhari.cust00349@yahoo.com,Female,49,Quetta,2024-12-15
CUST-00350,Owais Butt,owais.butt.cust00350@outlook.com,Male,28,Multan,2026-06-02
CUST-00351,Luqman Bukhari,luqman.bukhari.cust00351@gmail.com,Male,27,Gwadar,2024-09-26
CUST-00352,Hammad Ahmed,hammad.ahmed.cust00352@gmail.com,Male,21,Multan,2023-09-12
CUST-00353,Rehan Raza,rehan.raza.cust00353@yahoo.com,Male,38,Karachi,2024-05-16
CUST-00354,Hammad Chishti,hammad.chishti.cust00354@zoho.com,Male,43,Rawalpindi,2023-06-22
CUST-00355,Hassan Qureshi,hassan.qureshi.cust00355@outlook.com,Male,34,Karachi,2023-08-13
CUST-00356,Kashif Bukhari,kashif.bukhari.cust00356@yahoo.com,Male,33,Hyderabad,2025-02-08
CUST-00357,Faisal Qureshi,faisal.qureshi.cust00357@gmail.com,Male,18,Multan,2022-12-17
CUST-00358,Owais Chaudhry,owais.chaudhry.cust00358@hotmail.com,Male,30,Multan,2022-12-30
CUST-00359,Hammad Abbasi,hammad.abbasi.cust00359@gmail.com,Male,31,Rawalpindi,2022-10-10
CUST-00360,Noman Zaman,noman.zaman.cust00360@mail.com,Male,56,Karachi,2025-11-16
CUST-00361,Nazia Nadeem,nazia.nadeem.cust00361@zoho.com,Female,42,Quetta,2023-08-25
CUST-00362,Sadia Rasheed,sadia.rasheed.cust00362@gmail.com,Female,36,Sialkot,2023-04-05
CUST-00363,Kashif Sheikh,kashif.sheikh.cust00363@gmail.com,Male,41,Faisalabad,2024-01-10
CUST-00364,Saif Rafiq,saif.rafiq.cust00364@hotmail.com,Male,41,Karachi,2023-07-08
CUST-00365,Farah Nawaz,farah.nawaz.cust00365@outlook.com,Female,56,Islamabad,2024-08-13
CUST-00366,Javeria Usman,javeria.usman.cust00366@gmail.com,Female,21,Lahore,2024-07-26
CUST-00367,Rizwan Waris,rizwan.waris.cust00367@outlook.com,Male,33,Gwadar,2022-11-25
CUST-00368,Nazia Tariq,nazia.tariq.cust00368@gmail.com,Female,21,Islamabad,2022-12-27
CUST-00369,Imran Zafar,imran.zafar.cust00369@yahoo.com,Male,32,Karachi,2024-04-02
CUST-00370,Zafar Zubair,zafar.zubair.cust00370@gmail.com,Male,28,Karachi,2023-07-13
CUST-00371,Moin Waris,moin.waris.cust00371@yahoo.com,Male,47,Sukkur,2024-09-09
CUST-00372,Kamran Nadeem,kamran.nadeem.cust00372@gmail.com,Male,22,Hyderabad,2024-09-09
CUST-00373,Hina Zubair,hina.zubair.cust00373@gmail.com,Female,42,Sargodha,2024-03-28
CUST-00374,Ayesha Akram,ayesha.akram.cust00374@gmail.com,Female,18,Rawalpindi,2024-06-17
CUST-00375,Kashif Nadeem,kashif.nadeem.cust00375@outlook.com,Male,18,Hyderabad,2023-12-07
CUST-00376,Imran Zafar,imran.zafar.cust00376@outlook.com,Male,45,Islamabad,2025-09-13
CUST-00377,Zoha Durrani,zoha.durrani.cust00377@gmail.com,Female,38,Karachi,2024-05-12
CUST-00378,Kashif Ali,kashif.ali.cust00378@gmail.com,Male,31,Peshawar,2024-12-27
CUST-00379,Tariq Farooq,tariq.farooq.cust00379@yahoo.com,Male,20,Rawalpindi,2024-11-22
CUST-00380,Iqraa Malik,iqraa.malik.cust00380@mail.com,Female,32,Sialkot,2023-08-20
CUST-00381,Mehwish Zubair,mehwish.zubair.cust00381@gmail.com,Female,26,Faisalabad,2024-03-28
CUST-00382,Maryam Siddiqui,maryam.siddiqui.cust00382@gmail.com,Female,18,Peshawar,2023-11-10
CUST-00383,Tanveer Farooq,tanveer.farooq.cust00383@gmail.com,Male,32,Lahore,2023-10-03
CUST-00384,Umair Durrani,umair.durrani.cust00384@yahoo.com,Male,44,Sialkot,2023-09-05
CUST-00385,Ali Pervez,ali.pervez.cust00385@gmail.com,Male,24,Lahore,2025-02-20
CUST-00386,Nimra Durrani,nimra.durrani.cust00386@protonmail.com,Female,27,Sargodha,2023-04-22
CUST-00387,Gulnaz Ali,gulnaz.ali.cust00387@gmail.com,Female,27,Karachi,2023-12-27
CUST-00388,Amna Yousaf,amna.yousaf.cust00388@hotmail.com,Female,30,Lahore,2024-05-13
CUST-00389,Sheeba Nadeem,sheeba.nadeem.cust00389@gmail.com,Female,27,Sargodha,2025-10-22
CUST-00390,Alia Sattar,alia.sattar.cust00390@gmail.com,Female,37,Lahore,2023-10-11
CUST-00391,Maria Hussain,maria.hussain.cust00391@gmail.com,Female,34,Faisalabad,2024-08-10
CUST-00392,Noman Sabir,noman.sabir.cust00392@yahoo.com,Male,18,Lahore,2023-09-19
CUST-00393,Tehmina Khan,tehmina.khan.cust00393@yahoo.com,Female,34,Sargodha,2025-02-11
CUST-00394,Tehmina Nawaz,tehmina.nawaz.cust00394@outlook.com,Female,36,Lahore,2023-08-21
CUST-00395,Gulnaz Nadeem,gulnaz.nadeem.cust00395@gmail.com,Female,43,Lahore,2023-07-24
CUST-00396,Gulnaz Usman,gulnaz.usman.cust00396@protonmail.com,Female,27,Faisalabad,2023-05-28
CUST-00397,Usman Javed,usman.javed.cust00397@yahoo.com,Male,30,Peshawar,2023-03-13
CUST-00398,Javeria Iqbal,javeria.iqbal.cust00398@hotmail.com,Female,42,Lahore,2022-12-23
CUST-00399,Shahid Usman,shahid.usman.cust00399@gmail.com,Male,31,Bahawalpur,2023-08-19
CUST-00400,Danial Qayyum,danial.qayyum.cust00400@yahoo.com,Male,48,Rawalpindi,2024-08-29
CUST-00401,Bilal Malik,bilal.malik.cust00401@gmail.com,Male,42,Peshawar,2023-03-10
CUST-00402,Saif Sattar,saif.sattar.cust00402@gmail.com,Male,25,Hyderabad,2023-09-22
CUST-00403,Tehmina Rafiq,tehmina.rafiq.cust00403@gmail.com,Female,30,Karachi,2024-06-18
CUST-00404,Nida Gilani,nida.gilani.cust00404@mail.com,Female,18,Sialkot,2023-04-17
CUST-00405,Hamza Gilani,hamza.gilani.cust00405@yahoo.com,Male,42,Karachi,2023-05-21
CUST-00406,Mehwish Siddiqui,mehwish.siddiqui.cust00406@icloud.com,Female,27,Karachi,2023-03-23
CUST-00407,Iqra Farooq,iqra.farooq.cust00407@mail.com,Female,46,Multan,2024-07-15
CUST-00408,Sanam Lodhi,sanam.lodhi.cust00408@gmail.com,Female,21,Karachi,2024-09-25
CUST-00409,Sadia Sattar,sadia.sattar.cust00409@yahoo.com,Female,35,Peshawar,2023-11-16
CUST-00410,Mehwish Nadeem,mehwish.nadeem.cust00410@yahoo.com,Female,20,Peshawar,2023-09-17
CUST-00411,Rizwan Tariq,rizwan.tariq.cust00411@outlook.com,Male,38,Karachi,2024-03-26
CUST-00412,Asad Yousaf,asad.yousaf.cust00412@outlook.com,Male,30,Rawalpindi,2024-12-10
CUST-00413,Laila Hussain,laila.hussain.cust00413@gmail.com,Female,24,Bahawalpur,2023-06-02
CUST-00414,Iqra Farooq,iqra.farooq.cust00414@gmail.com,Female,35,Lahore,2024-04-11
CUST-00415,Alia Gilani,alia.gilani.cust00415@yahoo.com,Female,38,Karachi,2024-11-09
CUST-00416,Salman Nawaz,salman.nawaz.cust00416@gmail.com,Male,32,Karachi,2023-09-14
CUST-00417,Nimra Zaman,nimra.zaman.cust00417@hotmail.com,Female,35,Mirpur Khas,2025-02-04
CUST-00418,Kausar Tariq,kausar.tariq.cust00418@gmail.com,Female,18,Sialkot,2024-03-29
CUST-00419,Nida Siddiqui,nida.siddiqui.cust00419@gmail.com,Female,34,Lahore,2024-05-03
CUST-00420,Bushra Tariq,bushra.tariq.cust00420@yahoo.com,Female,37,Karachi,2023-05-13
CUST-00421,Nida Butt,nida.butt.cust00421@yahoo.com,Female,35,Islamabad,2024-10-14
CUST-00422,Faisal Zaman,faisal.zaman.cust00422@gmail.com,Male,35,Sialkot,2024-07-05
CUST-00423,Saira Nadeem,saira.nadeem.cust00423@protonmail.com,Female,37,Islamabad,2023-07-19
CUST-00424,Ayesha Khan,ayesha.khan.cust00424@yahoo.com,Female,27,Lahore,2024-08-11
CUST-00425,Maryam Ahmed,maryam.ahmed.cust00425@gmail.com,Female,49,Gujranwala,2023-09-28
CUST-00426,Humaira Sheikh,humaira.sheikh.cust00426@yahoo.com,Female,33,Karachi,2026-01-07
CUST-00427,Umair Akram,umair.akram.cust00427@gmail.com,Male,44,Karachi,2025-02-25
CUST-00428,Iqra Aslam,iqra.aslam.cust00428@hotmail.com,Female,25,Lahore,2023-12-28
CUST-00429,Sheeba Hashmi,sheeba.hashmi.cust00429@gmail.com,Female,59,Rawalpindi,2025-07-03
CUST-00430,Wajiha Malik,wajiha.malik.cust00430@gmail.com,Female,18,Faisalabad,2023-01-29
CUST-00431,Wajiha Malik,wajiha.malik.cust00431@yahoo.com,Female,31,Karachi,2023-04-19
CUST-00432,Bushra Sheikh,bushra.sheikh.cust00432@yahoo.com,Female,40,Sargodha,2023-12-24
CUST-00433,Ehtesham Ahmed,ehtesham.ahmed.cust00433@gmail.com,Male,24,Lahore,2023-10-07
CUST-00434,Maria Shafiq,maria.shafiq.cust00434@yahoo.com,Female,39,Lahore,2024-02-06
CUST-00435,Javed Zaman,javed.zaman.cust00435@gmail.com,Male,19,Lahore,2023-04-11
CUST-00436,Yasmin Javed,yasmin.javed.cust00436@outlook.com,Female,20,Peshawar,2023-03-06
CUST-00437,Amna Akram,amna.akram.cust00437@yahoo.com,Female,46,Karachi,2024-01-04
CUST-00438,Luqman Yousaf,luqman.yousaf.cust00438@zoho.com,Male,30,Hyderabad,2024-05-27
CUST-00439,Hamza Waris,hamza.waris.cust00439@mail.com,Male,29,Karachi,2024-02-16
CUST-00440,Ilyas Javed,ilyas.javed.cust00440@yahoo.com,Male,33,Bahawalpur,2024-04-26
CUST-00441,Nazia Hussain,nazia.hussain.cust00441@gmail.com,Female,26,Multan,2023-08-14
CUST-00442,Hassan Abbasi,hassan.abbasi.cust00442@yahoo.com,Male,34,Lahore,2024-04-25
CUST-00443,Hammad Pervez,hammad.pervez.cust00443@gmail.com,Male,50,Peshawar,2023-02-12
CUST-00444,Kashif Hashmi,kashif.hashmi.cust00444@zoho.com,Male,30,Karachi,2024-03-05
CUST-00445,Tehmina Butt,tehmina.butt.cust00445@gmail.com,Female,31,Quetta,2023-04-01
CUST-00446,Rabia Yousaf,rabia.yousaf.cust00446@protonmail.com,Female,36,Abbottabad,2024-07-04
CUST-00447,Owais Khan,owais.khan.cust00447@yahoo.com,Male,31,Lahore,2023-10-08
CUST-00448,Ahmed Raza,ahmed.raza.cust00448@gmail.com,Male,29,Rawalpindi,2024-09-13
CUST-00449,Tanveer Nadeem,tanveer.nadeem.cust00449@gmail.com,Male,18,Lahore,2025-01-31
CUST-00450,Maria Zaman,maria.zaman.cust00450@gmail.com,Female,37,Bahawalpur,2024-03-25
CUST-00451,Wajiha Iqbal,wajiha.iqbal.cust00451@gmail.com,Female,44,Faisalabad,2024-11-16
CUST-00452,Javed Aslam,javed.aslam.cust00452@gmail.com,Male,28,Peshawar,2023-02-12
CUST-00453,Mehwish Lodhi,mehwish.lodhi.cust00453@gmail.com,Female,33,Lahore,2024-05-28
CUST-00454,Zeeshan Farooq,zeeshan.farooq.cust00454@yahoo.com,Male,26,Abbottabad,2024-08-27
CUST-00455,Mahnoor Khan,mahnoor.khan.cust00455@protonmail.com,Female,33,Karachi,2024-10-16
CUST-00456,Farah Lodhi,farah.lodhi.cust00456@hotmail.com,Female,24,Lahore,2024-08-14
CUST-00457,Adnan Mirza,adnan.mirza.cust00457@yahoo.com,Male,30,Islamabad,2024-08-16
CUST-00458,Noman Chaudhry,noman.chaudhry.cust00458@yahoo.com,Male,25,Hyderabad,2024-01-18
CUST-00459,Saira Nawaz,saira.nawaz.cust00459@zoho.com,Female,41,Lahore,2023-01-09
CUST-00460,Sheeba Zafar,sheeba.zafar.cust00460@outlook.com,Female,34,Lahore,2024-09-14
CUST-00461,Bilal Aslam,bilal.aslam.cust00461@outlook.com,Male,54,Multan,2023-09-13
CUST-00462,Mahnoor Pervez,mahnoor.pervez.cust00462@hotmail.com,Female,18,Karachi,2023-03-21
CUST-00463,Salman Mirza,salman.mirza.cust00463@gmail.com,Male,53,Lahore,2024-05-30
CUST-00464,Zafar Abbasi,zafar.abbasi.cust00464@gmail.com,Male,36,Islamabad,2023-03-30
CUST-00465,Usman Pervez,usman.pervez.cust00465@gmail.com,Male,33,Faisalabad,2024-08-19
CUST-00466,Tanveer Usman,tanveer.usman.cust00466@yahoo.com,Male,34,Sialkot,2024-06-29
CUST-00467,Hamza Usman,hamza.usman.cust00467@gmail.com,Male,39,Faisalabad,2025-01-09
CUST-00468,Zafar Munir,zafar.munir.cust00468@mail.com,Male,36,Islamabad,2024-10-12
CUST-00469,Salman Ali,salman.ali.cust00469@hotmail.com,Male,42,Bahawalpur,2024-04-19
CUST-00470,Yahya Sattar,yahya.sattar.cust00470@yahoo.com,Male,18,Lahore,2023-10-02
CUST-00471,Maryam Sheikh,maryam.sheikh.cust00471@mail.com,Female,34,Karachi,2024-06-24
CUST-00472,Kiran Zaman,kiran.zaman.cust00472@icloud.com,Female,33,Quetta,2024-04-28
CUST-00473,Faizan Sattar,faizan.sattar.cust00473@hotmail.com,Male,32,Islamabad,2024-11-23
CUST-00474,Ahmed Hashmi,ahmed.hashmi.cust00474@hotmail.com,Male,45,Karachi,2023-08-28
CUST-00475,Gulnaz Aslam,gulnaz.aslam.cust00475@outlook.com,Female,40,Bahawalpur,2024-06-01
CUST-00476,Shahid Hussain,shahid.hussain.cust00476@yahoo.com,Male,23,Hyderabad,2024-07-08
CUST-00477,Umair Shafiq,umair.shafiq.cust00477@hotmail.com,Male,37,Rawalpindi,2023-05-29
CUST-00478,Junaid Javed,junaid.javed.cust00478@gmail.com,Male,45,Hyderabad,2023-12-07
CUST-00479,Qasim Shafiq,qasim.shafiq.cust00479@gmail.com,Male,30,Rahim Yar Khan,2023-06-09
CUST-00480,Sadia Khan,sadia.khan.cust00480@yahoo.com,Female,22,Karachi,2024-05-28
CUST-00481,Maryam Rasheed,maryam.rasheed.cust00481@gmail.com,Female,28,Peshawar,2024-02-24
CUST-00482,Iqra Zaman,iqra.zaman.cust00482@yahoo.com,Female,26,Sialkot,2024-07-01
CUST-00483,Sheeba Ahmed,sheeba.ahmed.cust00483@mail.com,Female,45,Faisalabad,2024-06-30
CUST-00484,Ali Baloch,ali.baloch.cust00484@hotmail.com,Male,49,Sukkur,2024-01-08
CUST-00485,Hamza Khan,hamza.khan.cust00485@gmail.com,Male,43,Lahore,2024-12-25
CUST-00486,Gulnaz Bukhari,gulnaz.bukhari.cust00486@outlook.com,Female,34,Gujranwala,2024-09-05
CUST-00487,Umair Chaudhry,umair.chaudhry.cust00487@gmail.com,Male,34,Sialkot,2024-08-17
CUST-00488,Shahid Yousaf,shahid.yousaf.cust00488@protonmail.com,Male,30,Islamabad,2024-02-13
CUST-00489,Kashif Gilani,kashif.gilani.cust00489@gmail.com,Male,30,Karachi,2022-11-13
CUST-00490,Yasir Nawaz,yasir.nawaz.cust00490@gmail.com,Male,36,Lahore,2023-03-27
CUST-00491,Ahmed Durrani,ahmed.durrani.cust00491@yahoo.com,Male,26,Mardan,2023-12-09
CUST-00492,Farzana Khan,farzana.khan.cust00492@gmail.com,Female,45,Sukkur,2023-06-14
CUST-00493,Tanveer Durrani,tanveer.durrani.cust00493@gmail.com,Male,31,Islamabad,2023-03-07
CUST-00494,Faizan Khan,faizan.khan.cust00494@gmail.com,Male,38,Karachi,2023-07-31
CUST-00495,Kashif Butt,kashif.butt.cust00495@yahoo.com,Male,38,Peshawar,2024-07-21
CUST-00496,Nadeem Sabir,nadeem.sabir.cust00496@gmail.com,Male,25,Rahim Yar Khan,2025-02-18
CUST-00497,Nazia Qayyum,nazia.qayyum.cust00497@gmail.com,Female,40,Karachi,2024-09-19
CUST-00498,Sadia Ali,sadia.ali.cust00498@gmail.com,Female,37,Karachi,2024-03-27
CUST-00499,Hamza Ali,hamza.ali.cust00499@gmail.com,Male,40,Mardan,2024-08-06
CUST-00500,Uzma Durrani,uzma.durrani.cust00500@gmail.com,Female,25,Islamabad,2025-03-16
CUST-00501,Javeria Farooq,javeria.farooq.cust00501@gmail.com,Female,46,Karachi,2024-08-30
CUST-00502,Rizwan Farooq,rizwan.farooq.cust00502@mail.com,Male,22,Multan,2026-02-24
CUST-00503,Asad Rafiq,asad.rafiq.cust00503@hotmail.com,Male,25,Rawalpindi,2023-09-21
CUST-00504,Humaira Lodhi,humaira.lodhi.cust00504@gmail.com,Female,28,Karachi,2024-06-14
CUST-00505,Kiran Zafar,kiran.zafar.cust00505@protonmail.com,Female,26,Lahore,2024-07-10
CUST-00506,Tehmina Ali,tehmina.ali.cust00506@gmail.com,Female,29,Karachi,2025-08-01
CUST-00507,Alia Iqbal,alia.iqbal.cust00507@yahoo.com,Female,40,Rawalpindi,2023-10-25
CUST-00508,Saira Chishti,saira.chishti.cust00508@icloud.com,Female,38,Karachi,2023-09-15
CUST-00509,Ehtesham Zaman,ehtesham.zaman.cust00509@gmail.com,Male,27,Faisalabad,2024-12-04
CUST-00510,Hammad Shafiq,hammad.shafiq.cust00510@gmail.com,Male,27,Quetta,2024-09-07
CUST-00511,Rabia Hussain,rabia.hussain.cust00511@mail.com,Female,29,Rawalpindi,2024-05-05
CUST-00512,Rehan Zaman,rehan.zaman.cust00512@gmail.com,Male,36,Rawalpindi,2023-07-31
CUST-00513,Hassan Bukhari,hassan.bukhari.cust00513@gmail.com,Male,29,Karachi,2024-02-20
CUST-00514,Nazia Waris,nazia.waris.cust00514@mail.com,Female,36,Peshawar,2024-09-02
CUST-00515,Gulnaz Zaman,gulnaz.zaman.cust00515@gmail.com,Female,39,Islamabad,2024-07-01
CUST-00516,Iqra Butt,iqra.butt.cust00516@gmail.com,Female,28,Islamabad,2025-01-05
CUST-00517,Mahnoor Kazmi,mahnoor.kazmi.cust00517@outlook.com,Female,39,Lahore,2024-08-04
CUST-00518,Saif Aslam,saif.aslam.cust00518@gmail.com,Male,30,Lahore,2024-05-09
CUST-00519,Asad Lodhi,asad.lodhi.cust00519@gmail.com,Male,38,Faisalabad,2023-10-14
CUST-00520,Sadia Chaudhry,sadia.chaudhry.cust00520@yahoo.com,Female,18,Karachi,2023-09-13
CUST-00521,Hammad Rasheed,hammad.rasheed.cust00521@protonmail.com,Male,44,Islamabad,2024-05-10
CUST-00522,Noman Durrani,noman.durrani.cust00522@hotmail.com,Male,23,Quetta,2024-01-26
CUST-00523,Nadia Shafiq,nadia.shafiq.cust00523@protonmail.com,Female,29,Mirpur Khas,2024-12-02
CUST-00524,Moin Rafiq,moin.rafiq.cust00524@gmail.com,Male,38,Karachi,2023-05-23
CUST-00525,Rabia Khan,rabia.khan.cust00525@gmail.com,Female,29,Karachi,2023-10-27
CUST-00526,Nazia Lodhi,nazia.lodhi.cust00526@gmail.com,Female,18,Lahore,2024-06-11
CUST-00527,Ali Malik,ali.malik.cust00527@zoho.com,Male,35,Lahore,2023-12-12
CUST-00528,Yasir Durrani,yasir.durrani.cust00528@yahoo.com,Male,31,Karachi,2023-03-09
CUST-00529,Adnan Ahmed,adnan.ahmed.cust00529@gmail.com,Male,38,Peshawar,2024-08-03
CUST-00530,Hammad Hussain,hammad.hussain.cust00530@gmail.com,Male,41,Lahore,2023-09-01
CUST-00531,Kiran Zaman,kiran.zaman.cust00531@outlook.com,Female,47,Hyderabad,2023-09-12
CUST-00532,Ahsan Iqbal,ahsan.iqbal.cust00532@yahoo.com,Male,53,Karachi,2024-07-14
CUST-00533,Maryam Waris,maryam.waris.cust00533@mail.com,Female,47,Gujranwala,2025-01-07
CUST-00534,Luqman Munir,luqman.munir.cust00534@gmail.com,Male,44,Karachi,2024-11-24
CUST-00535,Yasir Kazmi,yasir.kazmi.cust00535@mail.com,Male,18,Multan,2023-03-16
CUST-00536,Zeeshan Lodhi,zeeshan.lodhi.cust00536@yahoo.com,Male,20,Rawalpindi,2025-01-05
CUST-00537,Sheeba Qayyum,sheeba.qayyum.cust00537@yahoo.com,Female,34,Abbottabad,2024-02-05
CUST-00538,Farah Waris,farah.waris.cust00538@yahoo.com,Female,28,Mirpur Khas,2023-02-27
CUST-00539,Ehtesham Pervez,ehtesham.pervez.cust00539@yahoo.com,Male,36,Rawalpindi,2024-04-28
CUST-00540,Mehwish Gilani,mehwish.gilani.cust00540@gmail.com,Female,30,Mardan,2023-10-05
CUST-00541,Kausar Nawaz,kausar.nawaz.cust00541@gmail.com,Female,34,Mirpur Khas,2024-09-13
CUST-00542,Junaid Qureshi,junaid.qureshi.cust00542@gmail.com,Male,34,Rawalpindi,2024-07-18
CUST-00543,Amna Munir,amna.munir.cust00543@gmail.com,Female,27,Faisalabad,2023-11-21
CUST-00544,Ali Aslam,ali.aslam.cust00544@yahoo.com,Male,36,Lahore,2024-11-10
CUST-00545,Nazia Khan,nazia.khan.cust00545@hotmail.com,Female,28,Karachi,2024-07-17
CUST-00546,Nimra Pervez,nimra.pervez.cust00546@gmail.com,Female,43,Islamabad,2024-04-19
CUST-00547,Tanveer Durrani,tanveer.durrani.cust00547@gmail.com,Male,50,Rahim Yar Khan,2024-05-24
CUST-00548,Hina Rafiq,hina.rafiq.cust00548@gmail.com,Female,59,Lahore,2023-10-07
CUST-00549,Amna Zubair,amna.zubair.cust00549@outlook.com,Female,27,Sargodha,2023-10-10
CUST-00550,Faisal Shafiq,faisal.shafiq.cust00550@outlook.com,Male,39,Karachi,2024-07-01
CUST-00551,Junaid Zubair,junaid.zubair.cust00551@outlook.com,Male,18,Hyderabad,2024-03-27
CUST-00552,Iqra Iqbal,iqra.iqbal.cust00552@gmail.com,Female,42,Multan,2024-07-18
CUST-00553,Kiran Sattar,kiran.sattar.cust00553@yahoo.com,Female,55,Faisalabad,2022-10-24
CUST-00554,Yahya Zubair,yahya.zubair.cust00554@gmail.com,Male,30,Rawalpindi,2024-07-22
CUST-00555,Adnan Pervez,adnan.pervez.cust00555@gmail.com,Male,29,Karachi,2024-11-14
CUST-00556,Maria Rafiq,maria.rafiq.cust00556@outlook.com,Female,30,Islamabad,2024-06-17
CUST-00557,Maryam Usman,maryam.usman.cust00557@yahoo.com,Female,22,Gwadar,2024-07-20
CUST-00558,Kausar Sabir,kausar.sabir.cust00558@yahoo.com,Female,37,Rawalpindi,2024-06-15
CUST-00559,Amna Baloch,amna.baloch.cust00559@gmail.com,Female,43,Faisalabad,2023-11-12
CUST-00560,Bushra Chishti,bushra.chishti.cust00560@gmail.com,Female,27,Faisalabad,2024-09-06
CUST-00561,Adnan Farooq,adnan.farooq.cust00561@gmail.com,Male,27,Lahore,2024-09-25
CUST-00562,Imran Bukhari,imran.bukhari.cust00562@protonmail.com,Male,32,Rawalpindi,2023-03-05
CUST-00563,Umair Akram,umair.akram.cust00563@yahoo.com,Male,36,Hyderabad,2024-09-15
CUST-00564,Maria Yousaf,maria.yousaf.cust00564@gmail.com,Female,32,Karachi,2024-04-15
CUST-00565,Rizwan Waris,rizwan.waris.cust00565@hotmail.com,Male,42,Gujranwala,2023-08-02
CUST-00566,Gulnaz Durrani,gulnaz.durrani.cust00566@gmail.com,Female,40,Hyderabad,2024-12-27
CUST-00567,Imran Waris,imran.waris.cust00567@outlook.com,Male,63,Bahawalpur,2024-10-04
CUST-00568,Faisal Mirza,faisal.mirza.cust00568@protonmail.com,Male,32,Lahore,2023-09-26
CUST-00569,Gulnaz Raza,gulnaz.raza.cust00569@gmail.com,Female,33,Lahore,2023-07-20
CUST-00570,Mehwish Siddiqui,mehwish.siddiqui.cust00570@outlook.com,Female,37,Lahore,2024-11-02
CUST-00571,Yahya Hussain,yahya.hussain.cust00571@gmail.com,Male,20,Sukkur,2023-12-16
CUST-00572,Ahmed Nadeem,ahmed.nadeem.cust00572@gmail.com,Male,49,Multan,2025-02-14
CUST-00573,Ahmed Sheikh,ahmed.sheikh.cust00573@yahoo.com,Male,27,Karachi,2024-06-17
CUST-00574,Fatima Sheikh,fatima.sheikh.cust00574@gmail.com,Female,36,Hyderabad,2024-03-29
CUST-00575,Alia Munir,alia.munir.cust00575@yahoo.com,Female,42,Karachi,2022-12-26
CUST-00576,Sara Sabir,sara.sabir.cust00576@gmail.com,Female,41,Islamabad,2023-09-30
CUST-00577,Kashif Sabir,kashif.sabir.cust00577@gmail.com,Male,31,Quetta,2023-12-26
CUST-00578,Kashif Aslam,kashif.aslam.cust00578@yahoo.com,Male,33,Rawalpindi,2023-11-22
CUST-00579,Mahnoor Akram,mahnoor.akram.cust00579@yahoo.com,Female,41,Quetta,2023-01-01
CUST-00580,Mahnoor Khan,mahnoor.khan.cust00580@hotmail.com,Female,40,Peshawar,2024-12-28
CUST-00581,Kashif Qayyum,kashif.qayyum.cust00581@gmail.com,Male,39,Karachi,2024-04-21
CUST-00582,Umair Rafiq,umair.rafiq.cust00582@outlook.com,Male,28,Karachi,2024-03-28
CUST-00583,Sara Zubair,sara.zubair.cust00583@protonmail.com,Female,19,Abbottabad,2024-07-22
CUST-00584,Javeria Aslam,javeria.aslam.cust00584@zoho.com,Female,28,Rawalpindi,2024-01-05
CUST-00585,Tanveer Zubair,tanveer.zubair.cust00585@protonmail.com,Male,28,Rawalpindi,2024-08-20
CUST-00586,Mehwish Chishti,mehwish.chishti.cust00586@gmail.com,Female,42,Sargodha,2024-10-10
CUST-00587,Hafsa Usman,hafsa.usman.cust00587@yahoo.com,Female,22,Karachi,2024-08-13
CUST-00588,Sadia Rafiq,sadia.rafiq.cust00588@outlook.com,Female,24,Peshawar,2024-03-14
CUST-00589,Bushra Gilani,bushra.gilani.cust00589@gmail.com,Female,25,Islamabad,2025-03-02
CUST-00590,Iqraa Qureshi,iqraa.qureshi.cust00590@yahoo.com,Female,43,Lahore,2024-12-16
CUST-00591,Ilyas Tariq,ilyas.tariq.cust00591@gmail.com,Male,19,Quetta,2024-03-06
CUST-00592,Kamran Tariq,kamran.tariq.cust00592@yahoo.com,Male,39,Lahore,2023-12-24
CUST-00593,Hassan Zubair,hassan.zubair.cust00593@outlook.com,Male,35,Lahore,2024-09-17
CUST-00594,Saba Khan,saba.khan.cust00594@gmail.com,Female,32,Lahore,2025-03-05
CUST-00595,Ilyas Sabir,ilyas.sabir.cust00595@zoho.com,Male,32,Karachi,2024-09-04
CUST-00596,Hina Durrani,hina.durrani.cust00596@gmail.com,Female,37,Sialkot,2024-08-01
CUST-00597,Moin Rafiq,moin.rafiq.cust00597@gmail.com,Male,23,Lahore,2024-09-27
CUST-00598,Ahsan Malik,ahsan.malik.cust00598@gmail.com,Male,41,Sukkur,2024-11-06
CUST-00599,Sara Rasheed,sara.rasheed.cust00599@hotmail.com,Female,50,Abbottabad,2022-12-01
CUST-00600,Noman Tariq,noman.tariq.cust00600@gmail.com,Male,18,Sahiwal,2023-02-23
CUST-00601,Zainab Kazmi,zainab.kazmi.cust00601@gmail.com,Female,25,Islamabad,2023-08-12
CUST-00602,Junaid Nadeem,junaid.nadeem.cust00602@yahoo.com,Male,36,Faisalabad,2024-01-02
CUST-00603,Zeeshan Siddiqui,zeeshan.siddiqui.cust00603@hotmail.com,Male,51,Bahawalpur,2023-09-04
CUST-00604,Yasir Shafiq,yasir.shafiq.cust00604@gmail.com,Male,44,Karachi,2023-09-15
CUST-00605,Amna Sattar,amna.sattar.cust00605@gmail.com,Female,38,Karachi,2024-09-07
CUST-00606,Laila Chishti,laila.chishti.cust00606@gmail.com,Female,34,Karachi,2023-09-02
CUST-00607,Zafar Rasheed,zafar.rasheed.cust00607@protonmail.com,Male,29,Peshawar,2024-05-18
CUST-00608,Junaid Butt,junaid.butt.cust00608@gmail.com,Male,29,Quetta,2023-03-03
CUST-00609,Sanam Qayyum,sanam.qayyum.cust00609@gmail.com,Female,25,Karachi,2023-11-14
CUST-00610,Ali Abbasi,ali.abbasi.cust00610@outlook.com,Male,45,Hyderabad,2023-04-21
CUST-00611,Laila Khan,laila.khan.cust00611@gmail.com,Female,41,Hyderabad,2025-02-04
CUST-00612,Hassan Usman,hassan.usman.cust00612@icloud.com,Male,46,Sargodha,2024-07-28
CUST-00613,Sara Pervez,sara.pervez.cust00613@outlook.com,Female,36,Peshawar,2023-02-07
CUST-00614,Nazia Mirza,nazia.mirza.cust00614@gmail.com,Female,41,Faisalabad,2025-04-10
CUST-00615,Usman Raza,usman.raza.cust00615@icloud.com,Male,36,Mirpur Khas,2023-03-24
CUST-00616,Qasim Mirza,qasim.mirza.cust00616@icloud.com,Male,37,Islamabad,2024-05-31
CUST-00617,Rehan Hussain,rehan.hussain.cust00617@yahoo.com,Male,32,Lahore,2023-02-23
CUST-00618,Ehtesham Munir,ehtesham.munir.cust00618@gmail.com,Male,24,Faisalabad,2024-04-15
CUST-00619,Iqra Ahmed,iqra.ahmed.cust00619@gmail.com,Female,26,Rahim Yar Khan,2025-08-25
CUST-00620,Kashif Durrani,kashif.durrani.cust00620@gmail.com,Male,42,Karachi,2024-08-08
CUST-00621,Usman Hashmi,usman.hashmi.cust00621@gmail.com,Male,41,Peshawar,2023-04-28
CUST-00622,Mahnoor Baloch,mahnoor.baloch.cust00622@yahoo.com,Female,44,Quetta,2024-03-20
CUST-00623,Zafar Abbasi,zafar.abbasi.cust00623@outlook.com,Male,34,Mirpur Khas,2023-09-22
CUST-00624,Laila Waris,laila.waris.cust00624@outlook.com,Female,36,Sialkot,2023-09-09
CUST-00625,Maria Lodhi,maria.lodhi.cust00625@gmail.com,Female,42,Islamabad,2024-02-01
CUST-00626,Hafsa Zafar,hafsa.zafar.cust00626@gmail.com,Female,28,Islamabad,2025-03-07
CUST-00627,Wajiha Nadeem,wajiha.nadeem.cust00627@gmail.com,Female,48,Sialkot,2024-02-14
CUST-00628,Hina Ahmed,hina.ahmed.cust00628@outlook.com,Female,56,Gujranwala,2023-09-02
CUST-00629,Kiran Akram,kiran.akram.cust00629@gmail.com,Female,20,Bahawalpur,2025-01-12
CUST-00630,Iqraa Chishti,iqraa.chishti.cust00630@yahoo.com,Female,42,Karachi,2024-11-13
CUST-00631,Rizwan Butt,rizwan.butt.cust00631@hotmail.com,Male,47,Karachi,2024-08-10
CUST-00632,Nazia Baloch,nazia.baloch.cust00632@gmail.com,Female,48,Hyderabad,2023-12-24
CUST-00633,Qasim Munir,qasim.munir.cust00633@gmail.com,Male,39,Islamabad,2025-02-13
CUST-00634,Qasim Munir,qasim.munir.cust00634@yahoo.com,Male,41,Rawalpindi,2023-11-24
CUST-00635,Shahid Khan,shahid.khan.cust00635@gmail.com,Male,32,Abbottabad,2024-01-22
CUST-00636,Iqra Rafiq,iqra.rafiq.cust00636@gmail.com,Female,49,Mirpur Khas,2023-04-21
CUST-00637,Tariq Hussain,tariq.hussain.cust00637@hotmail.com,Male,43,Karachi,2024-08-21
CUST-00638,Uzma Sabir,uzma.sabir.cust00638@icloud.com,Female,23,Lahore,2023-09-25
CUST-00639,Salman Hashmi,salman.hashmi.cust00639@zoho.com,Male,46,Islamabad,2024-01-20
CUST-00640,Faizan Lodhi,faizan.lodhi.cust00640@gmail.com,Male,38,Islamabad,2024-05-17
CUST-00641,Nimra Pervez,nimra.pervez.cust00641@zoho.com,Female,22,Lahore,2024-03-24
CUST-00642,Mahnoor Hussain,mahnoor.hussain.cust00642@zoho.com,Female,41,Abbottabad,2024-08-18
CUST-00643,Yasir Malik,yasir.malik.cust00643@yahoo.com,Male,26,Karachi,2024-08-17
CUST-00644,Mahnoor Nadeem,mahnoor.nadeem.cust00644@yahoo.com,Female,39,Rawalpindi,2024-12-31
CUST-00645,Yasmin Durrani,yasmin.durrani.cust00645@gmail.com,Female,45,Hyderabad,2024-06-09
CUST-00646,Nazia Baloch,nazia.baloch.cust00646@gmail.com,Female,29,Lahore,2022-11-14
CUST-00647,Junaid Farooq,junaid.farooq.cust00647@gmail.com,Male,18,Faisalabad,2025-02-26
CUST-00648,Zoha Hussain,zoha.hussain.cust00648@gmail.com,Female,40,Gwadar,2022-12-16
CUST-00649,Sumaira Abbasi,sumaira.abbasi.cust00649@yahoo.com,Female,21,Peshawar,2024-06-14
CUST-00650,Hafsa Zubair,hafsa.zubair.cust00650@hotmail.com,Female,19,Karachi,2025-07-23
CUST-00651,Ehtesham Durrani,ehtesham.durrani.cust00651@hotmail.com,Male,42,Karachi,2023-04-15
CUST-00652,Waleed Khan,waleed.khan.cust00652@gmail.com,Male,21,Multan,2025-01-15
CUST-00653,Ilyas Khan,ilyas.khan.cust00653@mail.com,Male,23,Quetta,2023-02-27
CUST-00654,Moin Zubair,moin.zubair.cust00654@yahoo.com,Male,47,Karachi,2023-07-15
CUST-00655,Sara Aslam,sara.aslam.cust00655@gmail.com,Female,38,Islamabad,2024-10-20
CUST-00656,Javeria Usman,javeria.usman.cust00656@gmail.com,Female,39,Sialkot,2023-11-29
CUST-00657,Kausar Qayyum,kausar.qayyum.cust00657@gmail.com,Female,27,Faisalabad,2022-12-23
CUST-00658,Zeeshan Hashmi,zeeshan.hashmi.cust00658@gmail.com,Male,25,Lahore,2024-12-03
CUST-00659,Hassan Yousaf,hassan.yousaf.cust00659@gmail.com,Male,18,Karachi,2024-05-15
CUST-00660,Zafar Aslam,zafar.aslam.cust00660@gmail.com,Male,35,Islamabad,2023-02-17
CUST-00661,Nazia Malik,nazia.malik.cust00661@icloud.com,Female,18,Lahore,2023-12-16
CUST-00662,Hassan Abbasi,hassan.abbasi.cust00662@yahoo.com,Male,18,Lahore,2024-04-04
CUST-00663,Adnan Zafar,adnan.zafar.cust00663@outlook.com,Male,32,Faisalabad,2024-05-02
CUST-00664,Ali Aslam,ali.aslam.cust00664@yahoo.com,Male,20,Gujranwala,2024-03-13
CUST-00665,Luqman Iqbal,luqman.iqbal.cust00665@protonmail.com,Male,36,Lahore,2023-09-23
CUST-00666,Ehtesham Sabir,ehtesham.sabir.cust00666@icloud.com,Male,28,Karachi,2024-02-20
CUST-00667,Tariq Kazmi,tariq.kazmi.cust00667@yahoo.com,Male,20,Islamabad,2023-12-25
CUST-00668,Ayesha Butt,ayesha.butt.cust00668@gmail.com,Female,45,Karachi,2024-04-03
CUST-00669,Bilal Hashmi,bilal.hashmi.cust00669@gmail.com,Male,29,Abbottabad,2022-11-19
CUST-00670,Uzma Qayyum,uzma.qayyum.cust00670@protonmail.com,Female,18,Islamabad,2025-10-10
CUST-00671,Salman Rasheed,salman.rasheed.cust00671@outlook.com,Male,39,Lahore,2023-04-06
CUST-00672,Zafar Yousaf,zafar.yousaf.cust00672@gmail.com,Male,40,Karachi,2024-03-21
CUST-00673,Bilal Chishti,bilal.chishti.cust00673@gmail.com,Male,51,Karachi,2022-12-02
CUST-00674,Amna Bukhari,amna.bukhari.cust00674@gmail.com,Female,36,Multan,2024-06-03
CUST-00675,Laila Javed,laila.javed.cust00675@mail.com,Female,30,Islamabad,2023-07-11
CUST-00676,Rania Yousaf,rania.yousaf.cust00676@gmail.com,Female,31,Karachi,2025-02-03
CUST-00677,Yahya Baloch,yahya.baloch.cust00677@mail.com,Male,39,Karachi,2024-10-16
CUST-00678,Nadeem Siddiqui,nadeem.siddiqui.cust00678@hotmail.com,Male,18,Karachi,2024-03-30
CUST-00679,Javed Nadeem,javed.nadeem.cust00679@gmail.com,Male,38,Mirpur Khas,2023-07-21
CUST-00680,Sumaira Ali,sumaira.ali.cust00680@yahoo.com,Female,24,Gwadar,2024-06-19
CUST-00681,Rabia Pervez,rabia.pervez.cust00681@gmail.com,Female,21,Karachi,2025-05-03
CUST-00682,Gulnaz Chaudhry,gulnaz.chaudhry.cust00682@yahoo.com,Female,42,Karachi,2024-11-12
CUST-00683,Wajiha Malik,wajiha.malik.cust00683@gmail.com,Female,37,Abbottabad,2023-06-27
CUST-00684,Ayesha Ahmed,ayesha.ahmed.cust00684@protonmail.com,Female,25,Sialkot,2023-10-08
CUST-00685,Faisal Rasheed,faisal.rasheed.cust00685@outlook.com,Male,26,Karachi,2024-10-30
CUST-00686,Sara Yousaf,sara.yousaf.cust00686@yahoo.com,Female,37,Islamabad,2024-07-30
CUST-00687,Zainab Baloch,zainab.baloch.cust00687@gmail.com,Female,28,Karachi,2022-12-01
CUST-00688,Saif Zaman,saif.zaman.cust00688@outlook.com,Male,19,Karachi,2023-09-19
CUST-00689,Ayesha Chaudhry,ayesha.chaudhry.cust00689@gmail.com,Female,43,Sialkot,2024-11-04
CUST-00690,Rehan Nadeem,rehan.nadeem.cust00690@outlook.com,Male,24,Gujranwala,2024-05-12
CUST-00691,Shahid Zaman,shahid.zaman.cust00691@outlook.com,Male,48,Karachi,2025-01-19
CUST-00692,Kashif Yousaf,kashif.yousaf.cust00692@hotmail.com,Male,42,Karachi,2024-07-09
CUST-00693,Ayesha Iqbal,ayesha.iqbal.cust00693@gmail.com,Female,18,Islamabad,2023-12-29
CUST-00694,Nadia Zaman,nadia.zaman.cust00694@outlook.com,Female,36,Gujranwala,2023-09-26
CUST-00695,Zeeshan Qayyum,zeeshan.qayyum.cust00695@outlook.com,Male,23,Hyderabad,2024-03-26
CUST-00696,Yasmin Tariq,yasmin.tariq.cust00696@yahoo.com,Female,31,Lahore,2023-03-16
CUST-00697,Tanveer Sabir,tanveer.sabir.cust00697@gmail.com,Male,26,Islamabad,2024-10-10
CUST-00698,Ali Baloch,ali.baloch.cust00698@hotmail.com,Male,18,Sialkot,2025-04-23
CUST-00699,Saira Rafiq,saira.rafiq.cust00699@gmail.com,Female,18,Karachi,2024-01-19
CUST-00700,Faisal Nadeem,faisal.nadeem.cust00700@outlook.com,Male,31,Karachi,2024-01-24
CUST-00701,Sadia Gilani,sadia.gilani.cust00701@mail.com,Female,38,Sargodha,2024-03-17
CUST-00702,Bilal Durrani,bilal.durrani.cust00702@gmail.com,Male,34,Bahawalpur,2023-07-22
CUST-00703,Fatima Mirza,fatima.mirza.cust00703@protonmail.com,Female,38,Karachi,2025-03-20
CUST-00704,Hamza Ali,hamza.ali.cust00704@gmail.com,Male,20,Lahore,2023-09-27
CUST-00705,Bushra Zubair,bushra.zubair.cust00705@yahoo.com,Female,29,Rawalpindi,2024-10-04
CUST-00706,Ali Durrani,ali.durrani.cust00706@zoho.com,Male,28,Lahore,2023-01-05
CUST-00707,Ahmed Hashmi,ahmed.hashmi.cust00707@yahoo.com,Male,58,Islamabad,2023-03-21
CUST-00708,Nadeem Shafiq,nadeem.shafiq.cust00708@gmail.com,Male,36,Lahore,2023-04-11
CUST-00709,Umair Zafar,umair.zafar.cust00709@gmail.com,Male,18,Lahore,2025-01-06
CUST-00710,Farzana Ali,farzana.ali.cust00710@hotmail.com,Female,24,Gwadar,2023-11-13
CUST-00711,Iqra Durrani,iqra.durrani.cust00711@yahoo.com,Female,27,Sahiwal,2023-10-21
CUST-00712,Sumaira Malik,sumaira.malik.cust00712@outlook.com,Female,37,Gujranwala,2024-10-10
CUST-00713,Shahid Sheikh,shahid.sheikh.cust00713@gmail.com,Male,18,Bahawalpur,2025-02-27
CUST-00714,Sadia Sabir,sadia.sabir.cust00714@yahoo.com,Female,27,Islamabad,2022-10-20
CUST-00715,Tanveer Malik,tanveer.malik.cust00715@yahoo.com,Male,21,Rawalpindi,2023-04-29
CUST-00716,Sadia Sattar,sadia.sattar.cust00716@yahoo.com,Female,38,Gujranwala,2024-05-08
CUST-00717,Saif Hashmi,saif.hashmi.cust00717@gmail.com,Male,39,Gujranwala,2024-11-15
CUST-00718,Javeria Akram,javeria.akram.cust00718@protonmail.com,Female,32,Islamabad,2024-05-04
CUST-00719,Qasim Nadeem,qasim.nadeem.cust00719@gmail.com,Male,41,Lahore,2024-06-25
CUST-00720,Nimra Chaudhry,nimra.chaudhry.cust00720@yahoo.com,Female,23,Mardan,2023-02-28
CUST-00721,Asad Hashmi,asad.hashmi.cust00721@outlook.com,Male,42,Islamabad,2024-01-25
CUST-00722,Humaira Chishti,humaira.chishti.cust00722@yahoo.com,Female,38,Lahore,2023-10-13
CUST-00723,Hamza Nawaz,hamza.nawaz.cust00723@gmail.com,Male,34,Rawalpindi,2023-02-20
CUST-00724,Maryam Abbasi,maryam.abbasi.cust00724@yahoo.com,Female,38,Karachi,2023-09-18
CUST-00725,Ali Aslam,ali.aslam.cust00725@gmail.com,Male,49,Peshawar,2024-01-22
CUST-00726,Salman Aslam,salman.aslam.cust00726@outlook.com,Male,39,Sargodha,2025-08-06
CUST-00727,Nida Yousaf,nida.yousaf.cust00727@hotmail.com,Female,39,Faisalabad,2025-05-16
CUST-00728,Nimra Kazmi,nimra.kazmi.cust00728@yahoo.com,Female,18,Bahawalpur,2024-04-20
CUST-00729,Farzana Zaman,farzana.zaman.cust00729@gmail.com,Female,35,Bahawalpur,2023-03-21
CUST-00730,Kashif Rafiq,kashif.rafiq.cust00730@mail.com,Male,31,Peshawar,2024-03-15
CUST-00731,Iqra Hashmi,iqra.hashmi.cust00731@zoho.com,Female,46,Rawalpindi,2024-02-28
CUST-00732,Shahid Zubair,shahid.zubair.cust00732@protonmail.com,Male,34,Sialkot,2025-02-05
CUST-00733,Ali Siddiqui,ali.siddiqui.cust00733@yahoo.com,Male,26,Karachi,2023-10-05
CUST-00734,Javed Yousaf,javed.yousaf.cust00734@yahoo.com,Male,25,Lahore,2023-01-30
CUST-00735,Nida Qayyum,nida.qayyum.cust00735@outlook.com,Female,21,Islamabad,2023-04-06
CUST-00736,Yasmin Qayyum,yasmin.qayyum.cust00736@outlook.com,Female,35,Gujranwala,2025-09-13
CUST-00737,Waleed Khan,waleed.khan.cust00737@hotmail.com,Male,18,Karachi,2023-07-12
CUST-00738,Maria Rafiq,maria.rafiq.cust00738@gmail.com,Female,30,Sargodha,2024-06-20
CUST-00739,Farzana Pervez,farzana.pervez.cust00739@gmail.com,Female,21,Faisalabad,2023-08-17
CUST-00740,Nimra Sheikh,nimra.sheikh.cust00740@yahoo.com,Female,31,Hyderabad,2024-06-11
CUST-00741,Javed Hashmi,javed.hashmi.cust00741@yahoo.com,Male,33,Karachi,2024-09-23
CUST-00742,Kamran Sattar,kamran.sattar.cust00742@outlook.com,Male,36,Rahim Yar Khan,2023-07-09
CUST-00743,Ayesha Lodhi,ayesha.lodhi.cust00743@yahoo.com,Female,31,Rawalpindi,2024-08-14
CUST-00744,Humaira Yousaf,humaira.yousaf.cust00744@zoho.com,Female,31,Karachi,2025-11-07
CUST-00745,Luqman Hashmi,luqman.hashmi.cust00745@yahoo.com,Male,35,Hyderabad,2024-04-16
CUST-00746,Zafar Kazmi,zafar.kazmi.cust00746@mail.com,Male,25,Mirpur Khas,2024-12-22
CUST-00747,Nida Abbasi,nida.abbasi.cust00747@gmail.com,Female,34,Gujranwala,2023-01-04
CUST-00748,Ehtesham Butt,ehtesham.butt.cust00748@zoho.com,Male,29,Peshawar,2023-10-04
CUST-00749,Tariq Mirza,tariq.mirza.cust00749@yahoo.com,Male,29,Karachi,2023-09-15
CUST-00750,Zeeshan Sabir,zeeshan.sabir.cust00750@hotmail.com,Male,35,Bahawalpur,2023-11-11
CUST-00751,Hassan Zubair,hassan.zubair.cust00751@gmail.com,Male,30,Karachi,2023-06-29
CUST-00752,Qasim Zafar,qasim.zafar.cust00752@outlook.com,Male,50,Rawalpindi,2023-04-04
CUST-00753,Kashif Zafar,kashif.zafar.cust00753@gmail.com,Male,18,Karachi,2025-05-11
CUST-00754,Faizan Waris,faizan.waris.cust00754@yahoo.com,Male,34,Rahim Yar Khan,2024-03-01
CUST-00755,Sara Rasheed,sara.rasheed.cust00755@mail.com,Female,43,Peshawar,2023-06-07
CUST-00756,Bilal Rafiq,bilal.rafiq.cust00756@icloud.com,Male,18,Sialkot,2023-06-07
CUST-00757,Iqra Zubair,iqra.zubair.cust00757@gmail.com,Female,40,Islamabad,2025-03-02
CUST-00758,Sanam Durrani,sanam.durrani.cust00758@protonmail.com,Female,35,Karachi,2024-04-05
CUST-00759,Hina Ali,hina.ali.cust00759@yahoo.com,Female,46,Quetta,2022-11-12
CUST-00760,Gulnaz Zafar,gulnaz.zafar.cust00760@gmail.com,Female,20,Rawalpindi,2024-08-08
CUST-00761,Yahya Malik,yahya.malik.cust00761@gmail.com,Male,27,Karachi,2023-01-19
CUST-00762,Salman Durrani,salman.durrani.cust00762@yahoo.com,Male,46,Mardan,2023-12-06
CUST-00763,Sadia Aslam,sadia.aslam.cust00763@gmail.com,Female,24,Karachi,2023-05-20
CUST-00764,Nadeem Chishti,nadeem.chishti.cust00764@yahoo.com,Male,28,Multan,2024-05-16
CUST-00765,Fatima Farooq,fatima.farooq.cust00765@gmail.com,Female,30,Peshawar,2023-11-05
CUST-00766,Salman Raza,salman.raza.cust00766@gmail.com,Male,33,Lahore,2024-04-24
CUST-00767,Nadia Durrani,nadia.durrani.cust00767@mail.com,Female,35,Hyderabad,2024-10-05
CUST-00768,Zafar Nawaz,zafar.nawaz.cust00768@gmail.com,Male,32,Peshawar,2026-07-08
CUST-00769,Ayesha Chishti,ayesha.chishti.cust00769@gmail.com,Female,19,Sahiwal,2024-08-01
CUST-00770,Usman Waris,usman.waris.cust00770@yahoo.com,Male,47,Lahore,2023-12-10
CUST-00771,Zafar Lodhi,zafar.lodhi.cust00771@icloud.com,Male,37,Gujranwala,2025-11-23
CUST-00772,Sadia Gilani,sadia.gilani.cust00772@gmail.com,Female,28,Rahim Yar Khan,2024-12-15
CUST-00773,Mehwish Sabir,mehwish.sabir.cust00773@gmail.com,Female,35,Lahore,2024-05-13
CUST-00774,Asad Munir,asad.munir.cust00774@outlook.com,Male,35,Peshawar,2023-05-02
CUST-00775,Rizwan Javed,rizwan.javed.cust00775@zoho.com,Male,23,Rawalpindi,2025-01-30
CUST-00776,Gulnaz Sattar,gulnaz.sattar.cust00776@protonmail.com,Female,32,Hyderabad,2024-12-02
CUST-00777,Tanveer Waris,tanveer.waris.cust00777@yahoo.com,Male,30,Hyderabad,2023-12-15
CUST-00778,Tariq Mirza,tariq.mirza.cust00778@outlook.com,Male,34,Faisalabad,2024-05-18
CUST-00779,Faisal Qureshi,faisal.qureshi.cust00779@gmail.com,Male,19,Sargodha,2024-03-05
CUST-00780,Imran Mirza,imran.mirza.cust00780@gmail.com,Male,26,Faisalabad,2024-03-09
CUST-00781,Sheeba Sheikh,sheeba.sheikh.cust00781@yahoo.com,Female,27,Lahore,2026-01-07
CUST-00782,Farah Nawaz,farah.nawaz.cust00782@gmail.com,Female,51,Karachi,2023-01-07
CUST-00783,Ehtesham Ahmed,ehtesham.ahmed.cust00783@hotmail.com,Male,33,Islamabad,2024-10-23
CUST-00784,Sadia Nawaz,sadia.nawaz.cust00784@gmail.com,Female,42,Hyderabad,2023-07-15
CUST-00785,Javeria Abbasi,javeria.abbasi.cust00785@outlook.com,Female,29,Lahore,2024-01-05
CUST-00786,Ilyas Sabir,ilyas.sabir.cust00786@yahoo.com,Male,28,Islamabad,2023-05-22
CUST-00787,Kiran Zaman,kiran.zaman.cust00787@outlook.com,Female,36,Karachi,2023-05-21
CUST-00788,Kiran Munir,kiran.munir.cust00788@gmail.com,Female,18,Hyderabad,2022-12-07
CUST-00789,Sanam Rasheed,sanam.rasheed.cust00789@gmail.com,Female,32,Faisalabad,2024-01-09
CUST-00790,Amna Zubair,amna.zubair.cust00790@gmail.com,Female,22,Multan,2023-06-05
CUST-00791,Sadia Qayyum,sadia.qayyum.cust00791@yahoo.com,Female,29,Rawalpindi,2025-02-20
CUST-00792,Nadeem Pervez,nadeem.pervez.cust00792@gmail.com,Male,54,Lahore,2023-01-13
CUST-00793,Sara Waris,sara.waris.cust00793@hotmail.com,Female,29,Peshawar,2023-10-04
CUST-00794,Maria Iqbal,maria.iqbal.cust00794@gmail.com,Female,32,Lahore,2024-07-03
CUST-00795,Usman Ali,usman.ali.cust00795@gmail.com,Male,39,Sargodha,2024-02-24
CUST-00796,Junaid Munir,junaid.munir.cust00796@gmail.com,Male,34,Mardan,2023-07-04
CUST-00797,Salman Kazmi,salman.kazmi.cust00797@gmail.com,Male,40,Karachi,2023-12-07
CUST-00798,Sadia Zubair,sadia.zubair.cust00798@gmail.com,Female,31,Rawalpindi,2023-04-10
CUST-00799,Amna Waris,amna.waris.cust00799@zoho.com,Female,22,Karachi,2026-02-22
CUST-00800,Zainab Waris,zainab.waris.cust00800@gmail.com,Female,26,Lahore,2024-06-18
CUST-00801,Saif Rafiq,saif.rafiq.cust00801@mail.com,Male,47,Peshawar,2023-05-24
CUST-00802,Rabia Ahmed,rabia.ahmed.cust00802@gmail.com,Female,38,Lahore,2024-04-21
CUST-00803,Tanveer Nadeem,tanveer.nadeem.cust00803@outlook.com,Male,18,Lahore,2025-08-18
CUST-00804,Zoha Pervez,zoha.pervez.cust00804@yahoo.com,Female,30,Rawalpindi,2023-08-23
CUST-00805,Iqraa Lodhi,iqraa.lodhi.cust00805@zoho.com,Female,46,Karachi,2024-11-17
CUST-00806,Faizan Rafiq,faizan.rafiq.cust00806@hotmail.com,Male,43,Rawalpindi,2023-06-07
CUST-00807,Zeeshan Farooq,zeeshan.farooq.cust00807@gmail.com,Male,44,Islamabad,2023-01-29
CUST-00808,Rehan Durrani,rehan.durrani.cust00808@hotmail.com,Male,53,Hyderabad,2025-01-19
CUST-00809,Rania Waris,rania.waris.cust00809@hotmail.com,Female,41,Sukkur,2024-09-30
CUST-00810,Faisal Gilani,faisal.gilani.cust00810@hotmail.com,Male,29,Peshawar,2024-01-20
CUST-00811,Rizwan Sabir,rizwan.sabir.cust00811@yahoo.com,Male,30,Gwadar,2025-03-26
CUST-00812,Nida Usman,nida.usman.cust00812@hotmail.com,Female,28,Abbottabad,2024-01-07
CUST-00813,Zafar Sattar,zafar.sattar.cust00813@yahoo.com,Male,48,Karachi,2022-11-21
CUST-00814,Imran Aslam,imran.aslam.cust00814@yahoo.com,Male,29,Faisalabad,2025-02-21
CUST-00815,Iqra Javed,iqra.javed.cust00815@gmail.com,Female,45,Sialkot,2024-07-10
CUST-00816,Qasim Chishti,qasim.chishti.cust00816@gmail.com,Male,33,Lahore,2023-04-28
CUST-00817,Hassan Nadeem,hassan.nadeem.cust00817@outlook.com,Male,18,Hyderabad,2025-03-08
CUST-00818,Iqraa Aslam,iqraa.aslam.cust00818@hotmail.com,Female,40,Peshawar,2024-01-09
CUST-00819,Yasir Raza,yasir.raza.cust00819@gmail.com,Male,22,Karachi,2024-04-15
CUST-00820,Rania Siddiqui,rania.siddiqui.cust00820@icloud.com,Female,41,Rahim Yar Khan,2024-05-17
CUST-00821,Humaira Nadeem,humaira.nadeem.cust00821@gmail.com,Female,37,Islamabad,2024-05-02
CUST-00822,Javeria Lodhi,javeria.lodhi.cust00822@gmail.com,Female,40,Lahore,2023-02-05
CUST-00823,Kamran Raza,kamran.raza.cust00823@outlook.com,Male,18,Mirpur Khas,2025-05-28
CUST-00824,Uzma Durrani,uzma.durrani.cust00824@outlook.com,Female,18,Karachi,2024-03-17
CUST-00825,Iqra Butt,iqra.butt.cust00825@outlook.com,Female,45,Lahore,2023-12-15
CUST-00826,Laila Sheikh,laila.sheikh.cust00826@hotmail.com,Female,28,Islamabad,2025-01-14
CUST-00827,Laila Lodhi,laila.lodhi.cust00827@gmail.com,Female,30,Rawalpindi,2024-03-27
CUST-00828,Junaid Rasheed,junaid.rasheed.cust00828@gmail.com,Male,52,Islamabad,2024-02-03
CUST-00829,Kiran Pervez,kiran.pervez.cust00829@gmail.com,Female,34,Lahore,2023-06-21
CUST-00830,Rizwan Qureshi,rizwan.qureshi.cust00830@hotmail.com,Male,41,Karachi,2024-11-15
CUST-00831,Nida Raza,nida.raza.cust00831@outlook.com,Female,26,Lahore,2025-03-12
CUST-00832,Sheeba Mirza,sheeba.mirza.cust00832@gmail.com,Female,42,Abbottabad,2023-05-11
CUST-00833,Laila Lodhi,laila.lodhi.cust00833@gmail.com,Female,57,Islamabad,2023-01-29
CUST-00834,Amna Gilani,amna.gilani.cust00834@gmail.com,Female,25,Lahore,2024-07-07
CUST-00835,Kashif Butt,kashif.butt.cust00835@gmail.com,Male,35,Islamabad,2024-09-13
CUST-00836,Maria Hashmi,maria.hashmi.cust00836@gmail.com,Female,30,Lahore,2024-01-20
CUST-00837,Adnan Durrani,adnan.durrani.cust00837@gmail.com,Male,36,Lahore,2024-02-12
CUST-00838,Waleed Zafar,waleed.zafar.cust00838@yahoo.com,Male,25,Multan,2024-07-18
CUST-00839,Danial Lodhi,danial.lodhi.cust00839@yahoo.com,Male,32,Faisalabad,2024-01-26
CUST-00840,Sadia Gilani,sadia.gilani.cust00840@yahoo.com,Female,57,Peshawar,2023-09-09
CUST-00841,Qasim Waris,qasim.waris.cust00841@gmail.com,Male,19,Sahiwal,2024-03-26
CUST-00842,Asad Shafiq,asad.shafiq.cust00842@zoho.com,Male,23,Rawalpindi,2024-08-19
CUST-00843,Qasim Javed,qasim.javed.cust00843@zoho.com,Male,46,Sialkot,2023-12-09
CUST-00844,Hammad Shafiq,hammad.shafiq.cust00844@gmail.com,Male,46,Karachi,2023-06-09
CUST-00845,Asad Usman,asad.usman.cust00845@gmail.com,Male,18,Karachi,2024-09-02
CUST-00846,Kiran Kazmi,kiran.kazmi.cust00846@gmail.com,Female,23,Lahore,2024-11-09
CUST-00847,Adnan Durrani,adnan.durrani.cust00847@yahoo.com,Male,18,Faisalabad,2024-01-18
CUST-00848,Tanveer Gilani,tanveer.gilani.cust00848@yahoo.com,Male,18,Quetta,2023-06-17
CUST-00849,Qasim Malik,qasim.malik.cust00849@gmail.com,Male,35,Islamabad,2024-06-13
CUST-00850,Mahnoor Siddiqui,mahnoor.siddiqui.cust00850@gmail.com,Female,18,Quetta,2023-12-26
CUST-00851,Mahnoor Raza,mahnoor.raza.cust00851@gmail.com,Female,23,Lahore,2023-03-22
CUST-00852,Yahya Tariq,yahya.tariq.cust00852@outlook.com,Male,37,Lahore,2023-08-04
CUST-00853,Moin Sheikh,moin.sheikh.cust00853@gmail.com,Male,37,Quetta,2023-12-19
CUST-00854,Hina Chishti,hina.chishti.cust00854@hotmail.com,Female,34,Islamabad,2024-07-10
CUST-00855,Kausar Siddiqui,kausar.siddiqui.cust00855@outlook.com,Female,34,Karachi,2024-05-21
CUST-00856,Uzma Siddiqui,uzma.siddiqui.cust00856@gmail.com,Female,28,Karachi,2024-02-16
CUST-00857,Kamran Bukhari,kamran.bukhari.cust00857@gmail.com,Male,35,Lahore,2023-05-07
CUST-00858,Alia Sheikh,alia.sheikh.cust00858@hotmail.com,Female,21,Peshawar,2023-07-31
CUST-00859,Maria Chaudhry,maria.chaudhry.cust00859@hotmail.com,Female,42,Bahawalpur,2023-05-16
CUST-00860,Sara Pervez,sara.pervez.cust00860@gmail.com,Female,30,Islamabad,2022-12-09
CUST-00861,Gulnaz Rafiq,gulnaz.rafiq.cust00861@icloud.com,Female,43,Lahore,2023-04-11
CUST-00862,Javeria Iqbal,javeria.iqbal.cust00862@hotmail.com,Female,48,Peshawar,2023-11-09
CUST-00863,Ahmed Usman,ahmed.usman.cust00863@mail.com,Male,26,Lahore,2022-10-12
CUST-00864,Saira Sheikh,saira.sheikh.cust00864@gmail.com,Female,34,Lahore,2024-07-07
CUST-00865,Kashif Zafar,kashif.zafar.cust00865@gmail.com,Male,27,Peshawar,2023-08-17
CUST-00866,Kausar Butt,kausar.butt.cust00866@yahoo.com,Female,39,Faisalabad,2023-02-08
CUST-00867,Yasir Tariq,yasir.tariq.cust00867@gmail.com,Male,40,Lahore,2024-01-28
CUST-00868,Yasir Sattar,yasir.sattar.cust00868@yahoo.com,Male,32,Lahore,2023-05-18
CUST-00869,Nazia Bukhari,nazia.bukhari.cust00869@yahoo.com,Female,29,Karachi,2024-11-09
CUST-00870,Nadeem Abbasi,nadeem.abbasi.cust00870@protonmail.com,Male,37,Lahore,2023-06-26
CUST-00871,Zainab Tariq,zainab.tariq.cust00871@hotmail.com,Female,18,Multan,2024-06-04
CUST-00872,Kausar Javed,kausar.javed.cust00872@gmail.com,Female,24,Karachi,2024-07-29
CUST-00873,Tanveer Nadeem,tanveer.nadeem.cust00873@zoho.com,Male,24,Faisalabad,2025-02-11
CUST-00874,Farzana Lodhi,farzana.lodhi.cust00874@hotmail.com,Female,18,Islamabad,2024-03-31
CUST-00875,Adnan Pervez,adnan.pervez.cust00875@gmail.com,Male,65,Rahim Yar Khan,2024-06-12
CUST-00876,Maryam Abbasi,maryam.abbasi.cust00876@hotmail.com,Female,31,Lahore,2023-05-04
CUST-00877,Luqman Siddiqui,luqman.siddiqui.cust00877@hotmail.com,Male,36,Karachi,2025-08-21
CUST-00878,Ahsan Aslam,ahsan.aslam.cust00878@yahoo.com,Male,35,Rawalpindi,2022-11-18
CUST-00879,Faizan Munir,faizan.munir.cust00879@yahoo.com,Male,28,Lahore,2023-06-10
CUST-00880,Farzana Nadeem,farzana.nadeem.cust00880@yahoo.com,Female,36,Lahore,2022-12-14
CUST-00881,Ahsan Baloch,ahsan.baloch.cust00881@gmail.com,Male,30,Sukkur,2024-01-17
CUST-00882,Javeria Baloch,javeria.baloch.cust00882@yahoo.com,Female,37,Lahore,2023-06-16
CUST-00883,Kiran Bukhari,kiran.bukhari.cust00883@gmail.com,Female,46,Rahim Yar Khan,2025-04-21
CUST-00884,Wajiha Gilani,wajiha.gilani.cust00884@outlook.com,Female,39,Sahiwal,2024-08-16
CUST-00885,Noman Chishti,noman.chishti.cust00885@gmail.com,Male,42,Lahore,2024-04-30
CUST-00886,Saira Chishti,saira.chishti.cust00886@gmail.com,Female,18,Islamabad,2023-07-19
CUST-00887,Waleed Hashmi,waleed.hashmi.cust00887@gmail.com,Male,41,Multan,2024-04-07
CUST-00888,Fatima Kazmi,fatima.kazmi.cust00888@gmail.com,Female,43,Rawalpindi,2024-06-22
CUST-00889,Yahya Zaman,yahya.zaman.cust00889@gmail.com,Male,29,Faisalabad,2024-10-25
CUST-00890,Hina Aslam,hina.aslam.cust00890@yahoo.com,Female,42,Rawalpindi,2024-12-07
CUST-00891,Ahsan Butt,ahsan.butt.cust00891@outlook.com,Male,37,Hyderabad,2024-07-02
CUST-00892,Zoha Baloch,zoha.baloch.cust00892@outlook.com,Female,30,Karachi,2024-02-14
CUST-00893,Ahsan Siddiqui,ahsan.siddiqui.cust00893@gmail.com,Male,33,Peshawar,2024-01-19
CUST-00894,Hamza Ahmed,hamza.ahmed.cust00894@outlook.com,Male,22,Rawalpindi,2024-06-28
CUST-00895,Hina Gilani,hina.gilani.cust00895@icloud.com,Female,27,Islamabad,2024-02-17
CUST-00896,Saif Baloch,saif.baloch.cust00896@zoho.com,Male,42,Sargodha,2023-04-24
CUST-00897,Uzma Nawaz,uzma.nawaz.cust00897@mail.com,Female,20,Lahore,2025-01-15
CUST-00898,Rania Sheikh,rania.sheikh.cust00898@gmail.com,Female,25,Karachi,2024-05-24
CUST-00899,Kausar Qayyum,kausar.qayyum.cust00899@protonmail.com,Female,18,Gujranwala,2023-05-13
CUST-00900,Noman Chishti,noman.chishti.cust00900@yahoo.com,Male,21,Gujranwala,2023-06-22
CUST-00901,Yahya Farooq,yahya.farooq.cust00901@yahoo.com,Male,37,Karachi,2022-10-24
CUST-00902,Humaira Usman,humaira.usman.cust00902@yahoo.com,Female,39,Lahore,2024-04-01
CUST-00903,Sara Khan,sara.khan.cust00903@gmail.com,Female,29,Lahore,2024-10-21
CUST-00904,Farzana Nadeem,farzana.nadeem.cust00904@outlook.com,Female,47,Faisalabad,2023-08-20
CUST-00905,Saira Durrani,saira.durrani.cust00905@gmail.com,Female,18,Lahore,2025-01-14
CUST-00906,Faisal Abbasi,faisal.abbasi.cust00906@outlook.com,Male,18,Karachi,2023-08-07
CUST-00907,Maria Akram,maria.akram.cust00907@gmail.com,Female,20,Lahore,2025-06-19
CUST-00908,Imran Rasheed,imran.rasheed.cust00908@gmail.com,Male,41,Gujranwala,2025-05-07
CUST-00909,Usman Baloch,usman.baloch.cust00909@gmail.com,Male,49,Lahore,2023-11-10
CUST-00910,Ilyas Nawaz,ilyas.nawaz.cust00910@gmail.com,Male,43,Karachi,2023-12-19
CUST-00911,Nimra Abbasi,nimra.abbasi.cust00911@yahoo.com,Female,27,Karachi,2024-09-09
CUST-00912,Zeeshan Munir,zeeshan.munir.cust00912@gmail.com,Male,48,Lahore,2024-10-28
CUST-00913,Faizan Butt,faizan.butt.cust00913@gmail.com,Male,41,Lahore,2023-01-07
CUST-00914,Saira Malik,saira.malik.cust00914@mail.com,Female,33,Peshawar,2024-08-27
CUST-00915,Waleed Zafar,waleed.zafar.cust00915@yahoo.com,Male,29,Lahore,2023-09-29
CUST-00916,Rania Zafar,rania.zafar.cust00916@gmail.com,Female,22,Sahiwal,2023-02-07
CUST-00917,Kamran Waris,kamran.waris.cust00917@yahoo.com,Male,23,Lahore,2023-10-01
CUST-00918,Ahsan Chaudhry,ahsan.chaudhry.cust00918@gmail.com,Male,33,Islamabad,2024-07-29
CUST-00919,Faizan Nadeem,faizan.nadeem.cust00919@gmail.com,Male,39,Lahore,2024-02-28
CUST-00920,Sheeba Sabir,sheeba.sabir.cust00920@zoho.com,Female,38,Faisalabad,2022-12-08
CUST-00921,Usman Lodhi,usman.lodhi.cust00921@gmail.com,Male,32,Peshawar,2025-06-16
CUST-00922,Javeria Rafiq,javeria.rafiq.cust00922@mail.com,Female,36,Gujranwala,2023-04-29
CUST-00923,Noman Munir,noman.munir.cust00923@yahoo.com,Male,29,Karachi,2024-09-11
CUST-00924,Saba Akram,saba.akram.cust00924@outlook.com,Female,23,Peshawar,2023-03-12
CUST-00925,Tehmina Durrani,tehmina.durrani.cust00925@gmail.com,Female,37,Islamabad,2025-05-11
CUST-00926,Iqraa Iqbal,iqraa.iqbal.cust00926@gmail.com,Female,31,Karachi,2023-09-19
CUST-00927,Sumaira Sheikh,sumaira.sheikh.cust00927@zoho.com,Female,37,Multan,2023-12-23
CUST-00928,Maria Sattar,maria.sattar.cust00928@protonmail.com,Female,36,Karachi,2024-12-06
CUST-00929,Tehmina Abbasi,tehmina.abbasi.cust00929@protonmail.com,Female,45,Karachi,2024-02-13
CUST-00930,Faisal Waris,faisal.waris.cust00930@yahoo.com,Male,31,Karachi,2024-01-01
CUST-00931,Danial Qureshi,danial.qureshi.cust00931@protonmail.com,Male,30,Multan,2022-12-28
CUST-00932,Maria Hashmi,maria.hashmi.cust00932@yahoo.com,Female,18,Karachi,2024-02-23
CUST-00933,Maria Farooq,maria.farooq.cust00933@gmail.com,Female,42,Islamabad,2024-08-03
CUST-00934,Faizan Bukhari,faizan.bukhari.cust00934@hotmail.com,Male,56,Lahore,2024-12-23
CUST-00935,Shahid Hashmi,shahid.hashmi.cust00935@gmail.com,Male,27,Peshawar,2025-09-15
CUST-00936,Rabia Yousaf,rabia.yousaf.cust00936@mail.com,Female,36,Gujranwala,2023-12-31
CUST-00937,Nazia Durrani,nazia.durrani.cust00937@gmail.com,Female,43,Abbottabad,2023-08-26
CUST-00938,Hammad Qureshi,hammad.qureshi.cust00938@gmail.com,Male,26,Karachi,2023-08-31
CUST-00939,Iqraa Waris,iqraa.waris.cust00939@outlook.com,Female,38,Lahore,2023-08-31
CUST-00940,Hamza Sattar,hamza.sattar.cust00940@hotmail.com,Male,33,Abbottabad,2024-03-28
CUST-00941,Ali Kazmi,ali.kazmi.cust00941@protonmail.com,Male,29,Karachi,2024-05-14
CUST-00942,Maryam Durrani,maryam.durrani.cust00942@gmail.com,Female,43,Hyderabad,2024-06-22
CUST-00943,Noman Waris,noman.waris.cust00943@yahoo.com,Male,34,Hyderabad,2023-05-11
CUST-00944,Salman Javed,salman.javed.cust00944@outlook.com,Male,28,Karachi,2023-06-02
CUST-00945,Zainab Lodhi,zainab.lodhi.cust00945@gmail.com,Female,33,Faisalabad,2023-02-22
CUST-00946,Saif Nawaz,saif.nawaz.cust00946@gmail.com,Male,44,Peshawar,2023-04-09
CUST-00947,Mahnoor Pervez,mahnoor.pervez.cust00947@yahoo.com,Female,54,Karachi,2025-01-01
CUST-00948,Tariq Tariq,tariq.tariq.cust00948@gmail.com,Male,36,Faisalabad,2024-10-09
CUST-00949,Hammad Rafiq,hammad.rafiq.cust00949@outlook.com,Male,39,Faisalabad,2024-09-03
CUST-00950,Salman Bukhari,salman.bukhari.cust00950@gmail.com,Male,40,Lahore,2024-01-26
CUST-00951,Rizwan Akram,rizwan.akram.cust00951@zoho.com,Male,31,Islamabad,2023-06-27
CUST-00952,Salman Raza,salman.raza.cust00952@hotmail.com,Male,45,Lahore,2023-07-30
CUST-00953,Ali Butt,ali.butt.cust00953@gmail.com,Male,35,Lahore,2023-08-11
CUST-00954,Mahnoor Chishti,mahnoor.chishti.cust00954@gmail.com,Female,36,Faisalabad,2022-12-24
CUST-00955,Ahsan Durrani,ahsan.durrani.cust00955@protonmail.com,Male,18,Karachi,2024-07-09
CUST-00956,Ahsan Nawaz,ahsan.nawaz.cust00956@gmail.com,Male,23,Karachi,2023-04-09
CUST-00957,Hina Pervez,hina.pervez.cust00957@zoho.com,Female,25,Faisalabad,2024-10-31
CUST-00958,Adnan Sheikh,adnan.sheikh.cust00958@outlook.com,Male,43,Rahim Yar Khan,2023-08-15
CUST-00959,Ahmed Ali,ahmed.ali.cust00959@gmail.com,Male,35,Rawalpindi,2023-03-14
CUST-00960,Nimra Zubair,nimra.zubair.cust00960@outlook.com,Female,39,Lahore,2024-02-29
CUST-00961,Laila Malik,laila.malik.cust00961@hotmail.com,Female,37,Islamabad,2024-06-11
CUST-00962,Sanam Hussain,sanam.hussain.cust00962@gmail.com,Female,47,Karachi,2024-08-06
CUST-00963,Javed Rafiq,javed.rafiq.cust00963@yahoo.com,Male,37,Lahore,2023-04-17
CUST-00964,Qasim Siddiqui,qasim.siddiqui.cust00964@gmail.com,Male,32,Lahore,2024-04-19
CUST-00965,Tanveer Siddiqui,tanveer.siddiqui.cust00965@outlook.com,Male,42,Karachi,2023-08-22
CUST-00966,Ehtesham Durrani,ehtesham.durrani.cust00966@gmail.com,Male,29,Karachi,2022-11-16
CUST-00967,Tehmina Durrani,tehmina.durrani.cust00967@hotmail.com,Female,32,Sargodha,2022-11-29
CUST-00968,Hamza Siddiqui,hamza.siddiqui.cust00968@gmail.com,Male,47,Karachi,2023-03-02
CUST-00969,Hina Ahmed,hina.ahmed.cust00969@outlook.com,Female,33,Sukkur,2023-08-02
CUST-00970,Umair Chishti,umair.chishti.cust00970@gmail.com,Male,29,Lahore,2023-12-01
CUST-00971,Saif Nadeem,saif.nadeem.cust00971@gmail.com,Male,32,Lahore,2024-06-22
CUST-00972,Yahya Ahmed,yahya.ahmed.cust00972@hotmail.com,Male,29,Bahawalpur,2024-11-23
CUST-00973,Farah Yousaf,farah.yousaf.cust00973@gmail.com,Female,23,Lahore,2024-03-29
CUST-00974,Rabia Abbasi,rabia.abbasi.cust00974@mail.com,Female,34,Peshawar,2024-02-23
CUST-00975,Humaira Javed,humaira.javed.cust00975@gmail.com,Female,25,Rahim Yar Khan,2023-07-28
CUST-00976,Danial Munir,danial.munir.cust00976@gmail.com,Male,34,Faisalabad,2025-02-10
CUST-00977,Kiran Akram,kiran.akram.cust00977@yahoo.com,Female,44,Karachi,2023-06-14
CUST-00978,Bushra Baloch,bushra.baloch.cust00978@outlook.com,Female,29,Karachi,2023-12-29
CUST-00979,Gulnaz Zafar,gulnaz.zafar.cust00979@gmail.com,Female,31,Bahawalpur,2024-02-24
CUST-00980,Rizwan Shafiq,rizwan.shafiq.cust00980@gmail.com,Male,53,Karachi,2022-11-22
CUST-00981,Ali Malik,ali.malik.cust00981@gmail.com,Male,48,Faisalabad,2023-06-24
CUST-00982,Rehan Zubair,rehan.zubair.cust00982@gmail.com,Male,27,Karachi,2023-08-19
CUST-00983,Kausar Rasheed,kausar.rasheed.cust00983@gmail.com,Female,36,Gujranwala,2023-06-25
CUST-00984,Uzma Sheikh,uzma.sheikh.cust00984@outlook.com,Female,29,Sukkur,2024-09-08
CUST-00985,Bilal Rasheed,bilal.rasheed.cust00985@outlook.com,Male,47,Islamabad,2024-01-07
CUST-00986,Yahya Nawaz,yahya.nawaz.cust00986@hotmail.com,Male,46,Karachi,2024-06-20
CUST-00987,Humaira Bukhari,humaira.bukhari.cust00987@gmail.com,Female,33,Lahore,2024-03-13
CUST-00988,Nadia Baloch,nadia.baloch.cust00988@gmail.com,Female,18,Lahore,2023-05-15
CUST-00989,Umair Sabir,umair.sabir.cust00989@outlook.com,Male,33,Lahore,2023-01-15
CUST-00990,Laila Farooq,laila.farooq.cust00990@protonmail.com,Female,27,Gujranwala,2023-06-23
CUST-00991,Javeria Zaman,javeria.zaman.cust00991@protonmail.com,Female,41,Sialkot,2025-07-24
CUST-00992,Amna Durrani,amna.durrani.cust00992@hotmail.com,Female,51,Karachi,2024-01-25
CUST-00993,Adnan Nadeem,adnan.nadeem.cust00993@gmail.com,Male,27,Gujranwala,2023-11-18
CUST-00994,Saif Aslam,saif.aslam.cust00994@hotmail.com,Male,38,Peshawar,2023-06-19
CUST-00995,Alia Hussain,alia.hussain.cust00995@outlook.com,Female,24,Karachi,2023-10-16
CUST-00996,Mahnoor Nawaz,mahnoor.nawaz.cust00996@gmail.com,Female,37,Bahawalpur,2023-09-19
CUST-00997,Bilal Durrani,bilal.durrani.cust00997@yahoo.com,Male,28,Sialkot,2023-01-08
CUST-00998,Danial Hussain,danial.hussain.cust00998@gmail.com,Male,27,Peshawar,2023-06-24
CUST-00999,Qasim Hussain,qasim.hussain.cust00999@yahoo.com,Male,31,Rahim Yar Khan,2024-09-10
CUST-01000,Ehtesham Raza,ehtesham.raza.cust01000@gmail.com,Male,52,Karachi,2023-10-02
CUST-01001,Imran Sattar,imran.sattar.cust01001@yahoo.com,Male,32,Rawalpindi,2024-04-06
CUST-01002,Nadeem Zubair,nadeem.zubair.cust01002@gmail.com,Male,32,Lahore,2023-10-04
CUST-01003,Farah Zaman,farah.zaman.cust01003@gmail.com,Female,29,Karachi,2024-06-08
CUST-01004,Bilal Iqbal,bilal.iqbal.cust01004@gmail.com,Male,18,Lahore,2023-06-18
CUST-01005,Imran Malik,imran.malik.cust01005@yahoo.com,Male,27,Hyderabad,2024-03-26
CUST-01006,Mehwish Chaudhry,mehwish.chaudhry.cust01006@gmail.com,Female,36,Faisalabad,2024-12-08
CUST-01007,Rizwan Butt,rizwan.butt.cust01007@gmail.com,Male,41,Karachi,2024-08-04
CUST-01008,Zafar Usman,zafar.usman.cust01008@gmail.com,Male,35,Multan,2025-01-30
CUST-01009,Kamran Sabir,kamran.sabir.cust01009@gmail.com,Male,24,Lahore,2023-06-25
CUST-01010,Yasmin Khan,yasmin.khan.cust01010@gmail.com,Female,40,Faisalabad,2023-12-24
CUST-01011,Danial Khan,danial.khan.cust01011@gmail.com,Male,32,Sukkur,2023-09-28
CUST-01012,Junaid Zafar,junaid.zafar.cust01012@gmail.com,Male,31,Karachi,2024-07-01
CUST-01013,Ilyas Nadeem,ilyas.nadeem.cust01013@yahoo.com,Male,32,Islamabad,2023-03-03
CUST-01014,Bushra Zaman,bushra.zaman.cust01014@yahoo.com,Female,32,Sargodha,2024-07-07
CUST-01015,Sumaira Siddiqui,sumaira.siddiqui.cust01015@outlook.com,Female,45,Rawalpindi,2023-12-22
CUST-01016,Zafar Nawaz,zafar.nawaz.cust01016@outlook.com,Male,39,Lahore,2024-01-09
CUST-01017,Adnan Siddiqui,adnan.siddiqui.cust01017@gmail.com,Male,35,Karachi,2024-01-09
CUST-01018,Adnan Lodhi,adnan.lodhi.cust01018@yahoo.com,Male,28,Rawalpindi,2024-04-28
CUST-01019,Wajiha Aslam,wajiha.aslam.cust01019@yahoo.com,Female,26,Karachi,2025-03-13
CUST-01020,Bushra Yousaf,bushra.yousaf.cust01020@yahoo.com,Female,40,Karachi,2024-08-10
CUST-01021,Javeria Pervez,javeria.pervez.cust01021@gmail.com,Female,33,Gujranwala,2023-03-15
CUST-01022,Ahmed Baloch,ahmed.baloch.cust01022@gmail.com,Male,23,Quetta,2024-08-03
CUST-01023,Alia Sattar,alia.sattar.cust01023@yahoo.com,Female,42,Quetta,2024-05-22
CUST-01024,Saif Durrani,saif.durrani.cust01024@gmail.com,Male,38,Faisalabad,2023-12-06
CUST-01025,Zeeshan Abbasi,zeeshan.abbasi.cust01025@mail.com,Male,28,Karachi,2024-11-06
CUST-01026,Hammad Nadeem,hammad.nadeem.cust01026@outlook.com,Male,27,Mardan,2024-01-14
CUST-01027,Adnan Malik,adnan.malik.cust01027@outlook.com,Male,36,Lahore,2023-09-17
CUST-01028,Zeeshan Chishti,zeeshan.chishti.cust01028@yahoo.com,Male,32,Lahore,2023-09-22
CUST-01029,Sanam Rafiq,sanam.rafiq.cust01029@yahoo.com,Female,26,Lahore,2023-05-18
CUST-01030,Owais Hussain,owais.hussain.cust01030@gmail.com,Male,47,Lahore,2025-02-15
CUST-01031,Bushra Tariq,bushra.tariq.cust01031@gmail.com,Female,40,Lahore,2024-03-27
CUST-01032,Alia Akram,alia.akram.cust01032@outlook.com,Female,56,Rawalpindi,2024-09-18
CUST-01033,Humaira Zaman,humaira.zaman.cust01033@outlook.com,Female,22,Faisalabad,2024-06-01
CUST-01034,Hamza Javed,hamza.javed.cust01034@gmail.com,Male,32,Sialkot,2024-06-10
CUST-01035,Hassan Iqbal,hassan.iqbal.cust01035@gmail.com,Male,20,Lahore,2024-09-08
CUST-01036,Ahsan Chaudhry,ahsan.chaudhry.cust01036@icloud.com,Male,41,Karachi,2024-08-07
CUST-01037,Kamran Butt,kamran.butt.cust01037@gmail.com,Male,30,Karachi,2023-07-31
CUST-01038,Sumaira Gilani,sumaira.gilani.cust01038@gmail.com,Female,39,Faisalabad,2024-01-28
CUST-01039,Waleed Shafiq,waleed.shafiq.cust01039@gmail.com,Male,36,Islamabad,2022-12-08
CUST-01040,Javeria Usman,javeria.usman.cust01040@gmail.com,Female,35,Quetta,2023-09-23
CUST-01041,Amna Rafiq,amna.rafiq.cust01041@mail.com,Female,39,Lahore,2024-08-21
CUST-01042,Fatima Nawaz,fatima.nawaz.cust01042@yahoo.com,Female,28,Lahore,2023-08-03
CUST-01043,Waleed Farooq,waleed.farooq.cust01043@gmail.com,Male,32,Islamabad,2023-09-13
CUST-01044,Yasmin Pervez,yasmin.pervez.cust01044@gmail.com,Female,20,Lahore,2024-09-18
CUST-01045,Tariq Siddiqui,tariq.siddiqui.cust01045@gmail.com,Male,18,Faisalabad,2022-12-13
CUST-01046,Sadia Rasheed,sadia.rasheed.cust01046@gmail.com,Female,29,Quetta,2023-02-08
CUST-01047,Adnan Sattar,adnan.sattar.cust01047@outlook.com,Male,42,Karachi,2023-01-30
CUST-01048,Nimra Aslam,nimra.aslam.cust01048@gmail.com,Female,32,Faisalabad,2023-11-19
CUST-01049,Asad Farooq,asad.farooq.cust01049@gmail.com,Male,42,Gujranwala,2023-07-18
CUST-01050,Tehmina Mirza,tehmina.mirza.cust01050@yahoo.com,Female,28,Gujranwala,2024-03-24
CUST-01051,Salman Durrani,salman.durrani.cust01051@protonmail.com,Male,30,Lahore,2024-07-20
CUST-01052,Waleed Rafiq,waleed.rafiq.cust01052@gmail.com,Male,41,Faisalabad,2024-10-12
CUST-01053,Kashif Hussain,kashif.hussain.cust01053@yahoo.com,Male,27,Gujranwala,2023-08-13
CUST-01054,Laila Khan,laila.khan.cust01054@protonmail.com,Female,18,Karachi,2024-07-01
CUST-01055,Kashif Aslam,kashif.aslam.cust01055@icloud.com,Male,35,Islamabad,2024-10-02
CUST-01056,Nadia Aslam,nadia.aslam.cust01056@outlook.com,Female,29,Karachi,2023-09-14
CUST-01057,Ali Yousaf,ali.yousaf.cust01057@gmail.com,Male,25,Lahore,2023-08-19
CUST-01058,Moin Zubair,moin.zubair.cust01058@outlook.com,Male,56,Lahore,2023-08-23
CUST-01059,Moin Butt,moin.butt.cust01059@mail.com,Male,25,Gujranwala,2024-02-17
CUST-01060,Usman Ahmed,usman.ahmed.cust01060@gmail.com,Male,37,Sialkot,2023-07-10
CUST-01061,Javed Qayyum,javed.qayyum.cust01061@icloud.com,Male,32,Islamabad,2023-09-08
CUST-01062,Moin Chishti,moin.chishti.cust01062@gmail.com,Male,39,Lahore,2024-07-20
CUST-01063,Sara Pervez,sara.pervez.cust01063@zoho.com,Female,22,Lahore,2023-04-30
CUST-01064,Tanveer Durrani,tanveer.durrani.cust01064@gmail.com,Male,25,Lahore,2023-11-22
CUST-01065,Nazia Iqbal,nazia.iqbal.cust01065@outlook.com,Female,37,Gujranwala,2024-02-22
CUST-01066,Ahmed Butt,ahmed.butt.cust01066@gmail.com,Male,37,Karachi,2025-08-01
CUST-01067,Junaid Hussain,junaid.hussain.cust01067@outlook.com,Male,38,Rawalpindi,2024-07-21
CUST-01068,Ehtesham Sabir,ehtesham.sabir.cust01068@gmail.com,Male,21,Karachi,2023-12-05
CUST-01069,Asad Siddiqui,asad.siddiqui.cust01069@outlook.com,Male,22,Gwadar,2024-04-05
CUST-01070,Kamran Siddiqui,kamran.siddiqui.cust01070@gmail.com,Male,47,Gwadar,2024-10-21
CUST-01071,Tehmina Raza,tehmina.raza.cust01071@yahoo.com,Female,31,Karachi,2024-09-22
CUST-01072,Javeria Sabir,javeria.sabir.cust01072@yahoo.com,Female,40,Karachi,2024-12-16
CUST-01073,Iqraa Siddiqui,iqraa.siddiqui.cust01073@yahoo.com,Female,20,Islamabad,2024-08-22
CUST-01074,Farzana Usman,farzana.usman.cust01074@yahoo.com,Female,29,Lahore,2023-01-21
CUST-01075,Iqraa Javed,iqraa.javed.cust01075@gmail.com,Female,38,Gujranwala,2023-07-09
CUST-01076,Alia Usman,alia.usman.cust01076@yahoo.com,Female,44,Islamabad,2024-10-20
CUST-01077,Nimra Pervez,nimra.pervez.cust01077@hotmail.com,Female,30,Sargodha,2024-09-22
CUST-01078,Farzana Sabir,farzana.sabir.cust01078@gmail.com,Female,27,Bahawalpur,2024-09-12
CUST-01079,Kausar Ali,kausar.ali.cust01079@gmail.com,Female,22,Karachi,2023-04-02
CUST-01080,Nimra Iqbal,nimra.iqbal.cust01080@gmail.com,Female,59,Islamabad,2023-06-21
CUST-01081,Nadeem Iqbal,nadeem.iqbal.cust01081@outlook.com,Male,32,Karachi,2024-03-30
CUST-01082,Ali Waris,ali.waris.cust01082@outlook.com,Male,45,Multan,2024-10-25
CUST-01083,Tariq Siddiqui,tariq.siddiqui.cust01083@outlook.com,Male,46,Rawalpindi,2024-06-24
CUST-01084,Kausar Farooq,kausar.farooq.cust01084@hotmail.com,Female,28,Multan,2024-10-29
CUST-01085,Hafsa Durrani,hafsa.durrani.cust01085@gmail.com,Female,31,Lahore,2024-12-03
CUST-01086,Kashif Waris,kashif.waris.cust01086@outlook.com,Male,18,Lahore,2023-03-21
CUST-01087,Yasmin Hashmi,yasmin.hashmi.cust01087@zoho.com,Female,39,Karachi,2026-05-05
CUST-01088,Tanveer Sheikh,tanveer.sheikh.cust01088@hotmail.com,Male,26,Rawalpindi,2026-05-24
CUST-01089,Usman Zubair,usman.zubair.cust01089@hotmail.com,Male,26,Rawalpindi,2023-10-25
CUST-01090,Saif Ali,saif.ali.cust01090@hotmail.com,Male,38,Karachi,2024-03-10
CUST-01091,Hina Butt,hina.butt.cust01091@zoho.com,Female,32,Lahore,2025-04-15
CUST-01092,Hamza Gilani,hamza.gilani.cust01092@gmail.com,Male,31,Quetta,2024-07-21
CUST-01093,Iqra Sattar,iqra.sattar.cust01093@gmail.com,Female,18,Lahore,2023-01-02
CUST-01094,Hassan Lodhi,hassan.lodhi.cust01094@gmail.com,Male,42,Lahore,2024-08-26
CUST-01095,Iqraa Durrani,iqraa.durrani.cust01095@gmail.com,Female,29,Lahore,2024-05-26
CUST-01096,Yasir Javed,yasir.javed.cust01096@gmail.com,Male,21,Bahawalpur,2024-06-09
CUST-01097,Owais Abbasi,owais.abbasi.cust01097@outlook.com,Male,39,Lahore,2024-03-18
CUST-01098,Hina Rasheed,hina.rasheed.cust01098@gmail.com,Female,45,Mardan,2022-12-24
CUST-01099,Ahsan Qureshi,ahsan.qureshi.cust01099@outlook.com,Male,19,Karachi,2024-09-15
CUST-01100,Iqraa Pervez,iqraa.pervez.cust01100@yahoo.com,Female,18,Rawalpindi,2023-10-31
CUST-01101,Adnan Iqbal,adnan.iqbal.cust01101@gmail.com,Male,44,Gujranwala,2025-10-15
CUST-01102,Zafar Durrani,zafar.durrani.cust01102@hotmail.com,Male,27,Lahore,2024-05-07
CUST-01103,Ehtesham Zafar,ehtesham.zafar.cust01103@yahoo.com,Male,29,Karachi,2024-02-25
CUST-01104,Tanveer Siddiqui,tanveer.siddiqui.cust01104@hotmail.com,Male,43,Peshawar,2022-11-20
CUST-01105,Kausar Sattar,kausar.sattar.cust01105@gmail.com,Female,30,Faisalabad,2023-03-01
CUST-01106,Bilal Sabir,bilal.sabir.cust01106@outlook.com,Male,37,Lahore,2024-12-04
CUST-01107,Faizan Durrani,faizan.durrani.cust01107@gmail.com,Male,31,Sukkur,2024-05-24
CUST-01108,Hassan Sheikh,hassan.sheikh.cust01108@yahoo.com,Male,19,Lahore,2024-07-03
CUST-01109,Rabia Zubair,rabia.zubair.cust01109@hotmail.com,Female,18,Gwadar,2022-12-06
CUST-01110,Maryam Baloch,maryam.baloch.cust01110@gmail.com,Female,23,Faisalabad,2024-05-27
CUST-01111,Farah Akram,farah.akram.cust01111@hotmail.com,Female,41,Karachi,2023-12-04
CUST-01112,Yahya Sheikh,yahya.sheikh.cust01112@yahoo.com,Male,18,Peshawar,2024-09-09
CUST-01113,Rania Tariq,rania.tariq.cust01113@gmail.com,Female,20,Sialkot,2023-09-10
CUST-01114,Tanveer Tariq,tanveer.tariq.cust01114@outlook.com,Male,32,Karachi,2023-12-05
CUST-01115,Javed Akram,javed.akram.cust01115@yahoo.com,Male,57,Karachi,2024-08-07
CUST-01116,Ahsan Durrani,ahsan.durrani.cust01116@gmail.com,Male,37,Mardan,2023-06-13
CUST-01117,Hafsa Durrani,hafsa.durrani.cust01117@gmail.com,Female,35,Islamabad,2023-10-30
CUST-01118,Zeeshan Zafar,zeeshan.zafar.cust01118@hotmail.com,Male,18,Mardan,2023-12-18
CUST-01119,Saif Butt,saif.butt.cust01119@yahoo.com,Male,39,Rahim Yar Khan,2024-01-27
CUST-01120,Moin Hashmi,moin.hashmi.cust01120@mail.com,Male,33,Lahore,2023-09-19
CUST-01121,Hina Waris,hina.waris.cust01121@gmail.com,Female,23,Abbottabad,2024-10-07
CUST-01122,Nadeem Qureshi,nadeem.qureshi.cust01122@yahoo.com,Male,37,Faisalabad,2023-03-13
CUST-01123,Maria Farooq,maria.farooq.cust01123@hotmail.com,Female,45,Lahore,2024-08-06
CUST-01124,Hammad Akram,hammad.akram.cust01124@gmail.com,Male,50,Rawalpindi,2024-06-07
CUST-01125,Kashif Pervez,kashif.pervez.cust01125@gmail.com,Male,46,Quetta,2023-04-10
CUST-01126,Nadia Qureshi,nadia.qureshi.cust01126@protonmail.com,Female,41,Lahore,2022-12-14
CUST-01127,Yahya Rasheed,yahya.rasheed.cust01127@gmail.com,Male,25,Islamabad,2025-06-13
CUST-01128,Zoha Khan,zoha.khan.cust01128@outlook.com,Female,37,Lahore,2023-09-21
CUST-01129,Maria Rafiq,maria.rafiq.cust01129@protonmail.com,Female,45,Rawalpindi,2024-09-04
CUST-01130,Sanam Mirza,sanam.mirza.cust01130@gmail.com,Female,33,Lahore,2024-04-17
CUST-01131,Hammad Mirza,hammad.mirza.cust01131@outlook.com,Male,45,Lahore,2023-09-12
CUST-01132,Kashif Chishti,kashif.chishti.cust01132@protonmail.com,Male,30,Sialkot,2023-08-18
CUST-01133,Hafsa Bukhari,hafsa.bukhari.cust01133@gmail.com,Female,20,Rawalpindi,2025-07-12
CUST-01134,Gulnaz Durrani,gulnaz.durrani.cust01134@zoho.com,Female,43,Faisalabad,2024-04-13
CUST-01135,Hamza Rasheed,hamza.rasheed.cust01135@yahoo.com,Male,22,Karachi,2023-03-28
CUST-01136,Rehan Kazmi,rehan.kazmi.cust01136@outlook.com,Male,36,Karachi,2023-11-23
CUST-01137,Kashif Pervez,kashif.pervez.cust01137@gmail.com,Male,46,Abbottabad,2023-11-02
CUST-01138,Yasir Sattar,yasir.sattar.cust01138@yahoo.com,Male,28,Hyderabad,2024-01-02
CUST-01139,Tanveer Ali,tanveer.ali.cust01139@zoho.com,Male,28,Sukkur,2023-04-30
CUST-01140,Laila Pervez,laila.pervez.cust01140@yahoo.com,Female,33,Karachi,2023-04-05
CUST-01141,Saif Akram,saif.akram.cust01141@yahoo.com,Male,34,Islamabad,2024-03-13
CUST-01142,Laila Iqbal,laila.iqbal.cust01142@protonmail.com,Female,40,Karachi,2023-08-28
CUST-01143,Nadeem Farooq,nadeem.farooq.cust01143@hotmail.com,Male,44,Karachi,2024-10-16
CUST-01144,Humaira Zafar,humaira.zafar.cust01144@yahoo.com,Female,37,Faisalabad,2024-04-04
CUST-01145,Rehan Ali,rehan.ali.cust01145@gmail.com,Male,28,Karachi,2024-12-20
CUST-01146,Imran Waris,imran.waris.cust01146@gmail.com,Male,40,Lahore,2023-11-23
CUST-01147,Moin Chaudhry,moin.chaudhry.cust01147@outlook.com,Male,47,Lahore,2024-04-02
CUST-01148,Hassan Zafar,hassan.zafar.cust01148@gmail.com,Male,18,Islamabad,2023-05-10
CUST-01149,Sheeba Gilani,sheeba.gilani.cust01149@gmail.com,Female,30,Islamabad,2024-10-06
CUST-01150,Usman Hashmi,usman.hashmi.cust01150@gmail.com,Male,24,Bahawalpur,2024-11-30
CUST-01151,Nida Nadeem,nida.nadeem.cust01151@yahoo.com,Female,31,Sargodha,2024-01-22
CUST-01152,Tehmina Malik,tehmina.malik.cust01152@gmail.com,Female,35,Multan,2024-05-15
CUST-01153,Rizwan Hussain,rizwan.hussain.cust01153@yahoo.com,Male,37,Multan,2024-05-31
CUST-01154,Hammad Zafar,hammad.zafar.cust01154@gmail.com,Male,36,Lahore,2023-05-24
CUST-01155,Bushra Tariq,bushra.tariq.cust01155@gmail.com,Female,33,Sargodha,2023-04-10
CUST-01156,Uzma Javed,uzma.javed.cust01156@gmail.com,Female,30,Lahore,2023-02-28
CUST-01157,Wajiha Nadeem,wajiha.nadeem.cust01157@yahoo.com,Female,48,Quetta,2025-04-06
CUST-01158,Bushra Waris,bushra.waris.cust01158@protonmail.com,Female,30,Karachi,2023-03-12
CUST-01159,Ahmed Butt,ahmed.butt.cust01159@gmail.com,Male,37,Multan,2023-10-20
CUST-01160,Umair Sabir,umair.sabir.cust01160@yahoo.com,Male,41,Lahore,2023-04-30
CUST-01161,Danial Nadeem,danial.nadeem.cust01161@gmail.com,Male,33,Lahore,2023-03-07
CUST-01162,Hina Raza,hina.raza.cust01162@gmail.com,Female,41,Karachi,2024-02-01
CUST-01163,Faizan Farooq,faizan.farooq.cust01163@gmail.com,Male,31,Lahore,2023-08-27
CUST-01164,Usman Gilani,usman.gilani.cust01164@zoho.com,Male,25,Karachi,2024-10-22
CUST-01165,Hina Javed,hina.javed.cust01165@gmail.com,Female,39,Karachi,2024-01-26
CUST-01166,Shahid Chaudhry,shahid.chaudhry.cust01166@icloud.com,Male,32,Lahore,2022-11-20
CUST-01167,Rabia Zafar,rabia.zafar.cust01167@zoho.com,Female,24,Bahawalpur,2025-01-11
CUST-01168,Waleed Sheikh,waleed.sheikh.cust01168@zoho.com,Male,56,Gujranwala,2023-03-04
CUST-01169,Zeeshan Qureshi,zeeshan.qureshi.cust01169@yahoo.com,Male,41,Lahore,2023-03-26
CUST-01170,Faisal Ali,faisal.ali.cust01170@yahoo.com,Male,27,Mirpur Khas,2023-07-03
CUST-01171,Rehan Durrani,rehan.durrani.cust01171@protonmail.com,Male,31,Lahore,2023-03-14
CUST-01172,Yahya Yousaf,yahya.yousaf.cust01172@gmail.com,Male,36,Karachi,2025-06-02
CUST-01173,Javed Rasheed,javed.rasheed.cust01173@hotmail.com,Male,46,Lahore,2025-03-10
CUST-01174,Kashif Raza,kashif.raza.cust01174@gmail.com,Male,33,Gujranwala,2025-07-28
CUST-01175,Nadeem Munir,nadeem.munir.cust01175@outlook.com,Male,43,Lahore,2024-02-08
CUST-01176,Sara Munir,sara.munir.cust01176@gmail.com,Female,27,Faisalabad,2023-03-24
CUST-01177,Waleed Farooq,waleed.farooq.cust01177@mail.com,Male,27,Lahore,2025-01-29
CUST-01178,Zoha Akram,zoha.akram.cust01178@gmail.com,Female,32,Karachi,2024-05-07
CUST-01179,Ali Kazmi,ali.kazmi.cust01179@gmail.com,Male,37,Rawalpindi,2023-10-23
CUST-01180,Kiran Ahmed,kiran.ahmed.cust01180@gmail.com,Female,38,Lahore,2023-10-26
CUST-01181,Zeeshan Zafar,zeeshan.zafar.cust01181@gmail.com,Male,39,Rawalpindi,2024-03-07
CUST-01182,Rania Qureshi,rania.qureshi.cust01182@gmail.com,Female,30,Gujranwala,2023-11-27
CUST-01183,Saif Lodhi,saif.lodhi.cust01183@gmail.com,Male,45,Gujranwala,2025-01-27
CUST-01184,Shahid Chaudhry,shahid.chaudhry.cust01184@gmail.com,Male,38,Lahore,2023-01-06
CUST-01185,Bushra Malik,bushra.malik.cust01185@yahoo.com,Female,23,Islamabad,2023-08-25
CUST-01186,Nadia Usman,nadia.usman.cust01186@gmail.com,Female,28,Peshawar,2026-02-02
CUST-01187,Ayesha Ahmed,ayesha.ahmed.cust01187@yahoo.com,Female,39,Multan,2025-03-11
CUST-01188,Zoha Hashmi,zoha.hashmi.cust01188@gmail.com,Female,24,Karachi,2023-12-17
CUST-01189,Zafar Pervez,zafar.pervez.cust01189@gmail.com,Male,33,Gujranwala,2025-02-04
CUST-01190,Hina Zaman,hina.zaman.cust01190@gmail.com,Female,36,Quetta,2025-01-10
CUST-01191,Noman Ali,noman.ali.cust01191@yahoo.com,Male,37,Lahore,2023-09-16
CUST-01192,Owais Mirza,owais.mirza.cust01192@gmail.com,Male,21,Karachi,2025-05-10
CUST-01193,Luqman Hussain,luqman.hussain.cust01193@yahoo.com,Male,18,Karachi,2024-04-16
CUST-01194,Zeeshan Durrani,zeeshan.durrani.cust01194@zoho.com,Male,27,Karachi,2024-08-19
CUST-01195,Gulnaz Waris,gulnaz.waris.cust01195@yahoo.com,Female,54,Karachi,2023-05-04
CUST-01196,Amna Khan,amna.khan.cust01196@mail.com,Female,18,Lahore,2023-03-19
CUST-01197,Qasim Chaudhry,qasim.chaudhry.cust01197@hotmail.com,Male,38,Multan,2023-11-01
CUST-01198,Nimra Chishti,nimra.chishti.cust01198@zoho.com,Female,29,Faisalabad,2025-08-20
CUST-01199,Kiran Tariq,kiran.tariq.cust01199@outlook.com,Female,25,Mirpur Khas,2025-07-13
CUST-01200,Danial Qayyum,danial.qayyum.cust01200@gmail.com,Male,35,Sargodha,2024-08-09
CUST-01201,Ali Mirza,ali.mirza.cust01201@gmail.com,Male,18,Bahawalpur,2023-12-27
CUST-01202,Zainab Malik,zainab.malik.cust01202@gmail.com,Female,58,Lahore,2024-03-29
CUST-01203,Rania Rafiq,rania.rafiq.cust01203@mail.com,Female,36,Quetta,2024-05-14
CUST-01204,Qasim Rafiq,qasim.rafiq.cust01204@yahoo.com,Male,19,Faisalabad,2023-08-07
CUST-01205,Kashif Siddiqui,kashif.siddiqui.cust01205@outlook.com,Male,36,Sahiwal,2022-12-27
CUST-01206,Rania Chaudhry,rania.chaudhry.cust01206@gmail.com,Female,34,Faisalabad,2024-08-20
CUST-01207,Hassan Yousaf,hassan.yousaf.cust01207@yahoo.com,Male,47,Lahore,2023-08-25
CUST-01208,Kamran Butt,kamran.butt.cust01208@hotmail.com,Male,18,Karachi,2024-04-03
CUST-01209,Ahsan Ahmed,ahsan.ahmed.cust01209@gmail.com,Male,34,Multan,2024-02-08
CUST-01210,Asad Iqbal,asad.iqbal.cust01210@gmail.com,Male,33,Multan,2023-07-07
CUST-01211,Sanam Ahmed,sanam.ahmed.cust01211@gmail.com,Female,37,Quetta,2023-09-28
CUST-01212,Iqraa Khan,iqraa.khan.cust01212@gmail.com,Female,35,Sialkot,2026-01-28
CUST-01213,Kamran Baloch,kamran.baloch.cust01213@gmail.com,Male,20,Faisalabad,2025-01-15
CUST-01214,Alia Munir,alia.munir.cust01214@yahoo.com,Female,20,Karachi,2024-09-12
CUST-01215,Nadeem Nawaz,nadeem.nawaz.cust01215@gmail.com,Male,35,Faisalabad,2022-11-20
CUST-01216,Imran Abbasi,imran.abbasi.cust01216@gmail.com,Male,22,Sialkot,2023-08-12
CUST-01217,Danial Baloch,danial.baloch.cust01217@icloud.com,Male,29,Karachi,2022-11-30
CUST-01218,Danial Siddiqui,danial.siddiqui.cust01218@gmail.com,Male,26,Sargodha,2023-01-16
CUST-01219,Ahmed Sattar,ahmed.sattar.cust01219@yahoo.com,Male,18,Multan,2024-03-02
CUST-01220,Saif Raza,saif.raza.cust01220@gmail.com,Male,63,Lahore,2024-08-13
CUST-01221,Moin Baloch,moin.baloch.cust01221@gmail.com,Male,39,Peshawar,2025-05-04
CUST-01222,Ayesha Nadeem,ayesha.nadeem.cust01222@gmail.com,Female,49,Lahore,2024-02-05
CUST-01223,Nadeem Sabir,nadeem.sabir.cust01223@hotmail.com,Male,34,Abbottabad,2024-11-24
CUST-01224,Kashif Malik,kashif.malik.cust01224@outlook.com,Male,29,Peshawar,2024-02-17
CUST-01225,Umair Rafiq,umair.rafiq.cust01225@yahoo.com,Male,26,Lahore,2023-11-07
CUST-01226,Bushra Sattar,bushra.sattar.cust01226@icloud.com,Female,33,Lahore,2023-03-20
CUST-01227,Hina Raza,hina.raza.cust01227@outlook.com,Female,36,Gwadar,2024-05-19
CUST-01228,Mehwish Munir,mehwish.munir.cust01228@gmail.com,Female,24,Karachi,2023-07-31
CUST-01229,Nadia Shafiq,nadia.shafiq.cust01229@gmail.com,Female,37,Karachi,2024-07-24
CUST-01230,Faisal Raza,faisal.raza.cust01230@yahoo.com,Male,43,Abbottabad,2022-11-21
CUST-01231,Kashif Sheikh,kashif.sheikh.cust01231@zoho.com,Male,20,Bahawalpur,2024-02-02
CUST-01232,Tehmina Usman,tehmina.usman.cust01232@hotmail.com,Female,34,Rahim Yar Khan,2023-04-15
CUST-01233,Faizan Waris,faizan.waris.cust01233@hotmail.com,Male,23,Hyderabad,2023-06-09
CUST-01234,Rizwan Gilani,rizwan.gilani.cust01234@gmail.com,Male,20,Karachi,2023-06-10
CUST-01235,Ahsan Javed,ahsan.javed.cust01235@zoho.com,Male,38,Rawalpindi,2023-05-19
CUST-01236,Tanveer Sheikh,tanveer.sheikh.cust01236@hotmail.com,Male,18,Lahore,2025-01-07
CUST-01237,Fatima Zubair,fatima.zubair.cust01237@gmail.com,Female,45,Hyderabad,2024-12-27
CUST-01238,Usman Kazmi,usman.kazmi.cust01238@zoho.com,Male,33,Multan,2025-01-26
CUST-01239,Nida Ali,nida.ali.cust01239@gmail.com,Female,31,Lahore,2024-05-21
CUST-01240,Yasir Gilani,yasir.gilani.cust01240@hotmail.com,Male,30,Lahore,2024-09-06
CUST-01241,Saif Durrani,saif.durrani.cust01241@gmail.com,Male,33,Lahore,2025-02-17
CUST-01242,Mahnoor Pervez,mahnoor.pervez.cust01242@hotmail.com,Female,29,Multan,2024-07-24
CUST-01243,Nadia Lodhi,nadia.lodhi.cust01243@gmail.com,Female,31,Quetta,2024-02-06
CUST-01244,Farah Nadeem,farah.nadeem.cust01244@gmail.com,Female,38,Multan,2023-03-04
CUST-01245,Alia Gilani,alia.gilani.cust01245@yahoo.com,Female,36,Rawalpindi,2024-05-21
CUST-01246,Bilal Gilani,bilal.gilani.cust01246@gmail.com,Male,30,Multan,2024-09-14
CUST-01247,Iqraa Sheikh,iqraa.sheikh.cust01247@hotmail.com,Female,44,Islamabad,2023-04-30
CUST-01248,Kiran Butt,kiran.butt.cust01248@gmail.com,Female,18,Karachi,2022-12-28
CUST-01249,Javeria Javed,javeria.javed.cust01249@outlook.com,Female,35,Peshawar,2023-01-11
CUST-01250,Javed Raza,javed.raza.cust01250@protonmail.com,Male,36,Lahore,2024-05-14
CUST-01251,Mehwish Farooq,mehwish.farooq.cust01251@gmail.com,Female,32,Faisalabad,2023-12-14
CUST-01252,Saira Akram,saira.akram.cust01252@gmail.com,Female,41,Lahore,2024-04-27
CUST-01253,Ayesha Hussain,ayesha.hussain.cust01253@gmail.com,Female,40,Rawalpindi,2024-10-30
CUST-01254,Nimra Raza,nimra.raza.cust01254@yahoo.com,Female,40,Bahawalpur,2025-10-18
CUST-01255,Sadia Sabir,sadia.sabir.cust01255@gmail.com,Female,27,Lahore,2023-03-12
CUST-01256,Kashif Kazmi,kashif.kazmi.cust01256@icloud.com,Male,27,Karachi,2024-06-01
CUST-01257,Moin Ahmed,moin.ahmed.cust01257@protonmail.com,Male,18,Lahore,2023-01-02
CUST-01258,Wajiha Ahmed,wajiha.ahmed.cust01258@protonmail.com,Female,37,Karachi,2026-02-19
CUST-01259,Maryam Chishti,maryam.chishti.cust01259@gmail.com,Female,18,Rawalpindi,2024-10-16
CUST-01260,Ahsan Zubair,ahsan.zubair.cust01260@hotmail.com,Male,23,Karachi,2024-05-17
CUST-01261,Faisal Sheikh,faisal.sheikh.cust01261@gmail.com,Male,28,Lahore,2024-07-23
CUST-01262,Rania Malik,rania.malik.cust01262@yahoo.com,Female,32,Karachi,2024-08-02
CUST-01263,Rizwan Butt,rizwan.butt.cust01263@outlook.com,Male,38,Mardan,2023-08-26
CUST-01264,Laila Zafar,laila.zafar.cust01264@gmail.com,Female,36,Rawalpindi,2025-05-04
CUST-01265,Qasim Qureshi,qasim.qureshi.cust01265@gmail.com,Male,41,Lahore,2025-02-06
CUST-01266,Saif Ahmed,saif.ahmed.cust01266@gmail.com,Male,32,Lahore,2023-02-05
CUST-01267,Hamza Rasheed,hamza.rasheed.cust01267@gmail.com,Male,38,Islamabad,2023-04-08
CUST-01268,Mahnoor Kazmi,mahnoor.kazmi.cust01268@outlook.com,Female,25,Multan,2023-12-16
CUST-01269,Uzma Siddiqui,uzma.siddiqui.cust01269@gmail.com,Female,42,Sialkot,2024-07-09
CUST-01270,Danial Bukhari,danial.bukhari.cust01270@outlook.com,Male,18,Peshawar,2024-02-29
CUST-01271,Rizwan Akram,rizwan.akram.cust01271@gmail.com,Male,30,Lahore,2024-06-06
CUST-01272,Ehtesham Sattar,ehtesham.sattar.cust01272@zoho.com,Male,32,Islamabad,2024-05-22
CUST-01273,Zoha Sattar,zoha.sattar.cust01273@gmail.com,Female,37,Karachi,2024-03-18
CUST-01274,Saira Malik,saira.malik.cust01274@hotmail.com,Female,56,Islamabad,2024-03-20
CUST-01275,Ehtesham Aslam,ehtesham.aslam.cust01275@hotmail.com,Male,44,Sargodha,2024-04-12
CUST-01276,Sumaira Zaman,sumaira.zaman.cust01276@yahoo.com,Female,34,Karachi,2023-08-31
CUST-01277,Javed Qayyum,javed.qayyum.cust01277@yahoo.com,Male,28,Islamabad,2023-10-03
CUST-01278,Waleed Qayyum,waleed.qayyum.cust01278@gmail.com,Male,22,Sahiwal,2024-12-02
CUST-01279,Waleed Qureshi,waleed.qureshi.cust01279@gmail.com,Male,49,Lahore,2025-01-22
CUST-01280,Sanam Javed,sanam.javed.cust01280@gmail.com,Female,37,Rawalpindi,2024-08-28
CUST-01281,Javeria Siddiqui,javeria.siddiqui.cust01281@hotmail.com,Female,32,Quetta,2023-02-06
CUST-01282,Waleed Baloch,waleed.baloch.cust01282@gmail.com,Male,42,Islamabad,2024-01-25
CUST-01283,Ehtesham Tariq,ehtesham.tariq.cust01283@gmail.com,Male,39,Sialkot,2023-04-05
CUST-01284,Usman Rafiq,usman.rafiq.cust01284@gmail.com,Male,30,Sukkur,2023-11-23
CUST-01285,Luqman Zaman,luqman.zaman.cust01285@gmail.com,Male,31,Rawalpindi,2024-10-09
CUST-01286,Bilal Bukhari,bilal.bukhari.cust01286@gmail.com,Male,35,Karachi,2024-02-29
CUST-01287,Nadia Shafiq,nadia.shafiq.cust01287@gmail.com,Female,39,Gujranwala,2024-08-22
CUST-01288,Moin Hussain,moin.hussain.cust01288@gmail.com,Male,52,Bahawalpur,2023-09-16
CUST-01289,Rabia Farooq,rabia.farooq.cust01289@gmail.com,Female,35,Karachi,2024-06-07
CUST-01290,Ali Abbasi,ali.abbasi.cust01290@icloud.com,Male,38,Rawalpindi,2023-12-23
CUST-01291,Ehtesham Kazmi,ehtesham.kazmi.cust01291@gmail.com,Male,22,Faisalabad,2024-03-16
CUST-01292,Nadia Nawaz,nadia.nawaz.cust01292@gmail.com,Female,48,Lahore,2024-11-17
CUST-01293,Maria Hashmi,maria.hashmi.cust01293@gmail.com,Female,21,Bahawalpur,2024-01-16
CUST-01294,Hassan Bukhari,hassan.bukhari.cust01294@yahoo.com,Male,27,Sargodha,2023-07-30
CUST-01295,Imran Bukhari,imran.bukhari.cust01295@icloud.com,Male,38,Islamabad,2023-06-03
CUST-01296,Zainab Raza,zainab.raza.cust01296@gmail.com,Female,45,Islamabad,2024-05-16
CUST-01297,Hammad Nawaz,hammad.nawaz.cust01297@outlook.com,Male,33,Islamabad,2024-09-29
CUST-01298,Luqman Gilani,luqman.gilani.cust01298@gmail.com,Male,28,Islamabad,2023-01-27
CUST-01299,Hammad Khan,hammad.khan.cust01299@yahoo.com,Male,47,Quetta,2024-06-01
CUST-01300,Hammad Usman,hammad.usman.cust01300@yahoo.com,Male,32,Rawalpindi,2023-11-03
CUST-01301,Sara Sheikh,sara.sheikh.cust01301@outlook.com,Female,53,Mirpur Khas,2023-03-23
CUST-01302,Yasir Abbasi,yasir.abbasi.cust01302@gmail.com,Male,18,Karachi,2024-11-29
CUST-01303,Faizan Kazmi,faizan.kazmi.cust01303@gmail.com,Male,27,Rawalpindi,2024-09-08
CUST-01304,Sara Zaman,sara.zaman.cust01304@yahoo.com,Female,34,Quetta,2023-01-02
CUST-01305,Ehtesham Sabir,ehtesham.sabir.cust01305@outlook.com,Male,39,Rawalpindi,2025-02-05
CUST-01306,Maryam Raza,maryam.raza.cust01306@zoho.com,Female,38,Gujranwala,2024-05-15
CUST-01307,Usman Chaudhry,usman.chaudhry.cust01307@gmail.com,Male,24,Karachi,2023-06-12
CUST-01308,Owais Malik,owais.malik.cust01308@gmail.com,Male,32,Gujranwala,2023-09-17
CUST-01309,Tanveer Javed,tanveer.javed.cust01309@protonmail.com,Male,49,Lahore,2025-07-29
CUST-01310,Uzma Siddiqui,uzma.siddiqui.cust01310@gmail.com,Female,43,Hyderabad,2023-04-24
CUST-01311,Farah Malik,farah.malik.cust01311@gmail.com,Female,28,Karachi,2025-08-11
CUST-01312,Zeeshan Iqbal,zeeshan.iqbal.cust01312@gmail.com,Male,38,Rawalpindi,2024-02-14
CUST-01313,Tehmina Zafar,tehmina.zafar.cust01313@gmail.com,Female,35,Lahore,2023-10-11
CUST-01314,Qasim Nawaz,qasim.nawaz.cust01314@hotmail.com,Male,24,Rawalpindi,2024-11-01
CUST-01315,Kausar Sheikh,kausar.sheikh.cust01315@yahoo.com,Female,31,Rawalpindi,2023-08-02
CUST-01316,Sumaira Pervez,sumaira.pervez.cust01316@gmail.com,Female,37,Mardan,2023-08-04
CUST-01317,Owais Khan,owais.khan.cust01317@yahoo.com,Male,51,Lahore,2023-09-18
CUST-01318,Hammad Aslam,hammad.aslam.cust01318@zoho.com,Male,39,Peshawar,2023-04-04
CUST-01319,Iqraa Aslam,iqraa.aslam.cust01319@gmail.com,Female,50,Rawalpindi,2024-08-04
CUST-01320,Saif Qayyum,saif.qayyum.cust01320@hotmail.com,Male,36,Karachi,2023-06-10
CUST-01321,Noman Munir,noman.munir.cust01321@gmail.com,Male,26,Islamabad,2024-01-03
CUST-01322,Kiran Zafar,kiran.zafar.cust01322@hotmail.com,Female,34,Gujranwala,2024-05-10
CUST-01323,Bushra Hussain,bushra.hussain.cust01323@outlook.com,Female,27,Karachi,2022-11-30
CUST-01324,Adnan Malik,adnan.malik.cust01324@hotmail.com,Male,19,Lahore,2023-06-25
CUST-01325,Ilyas Munir,ilyas.munir.cust01325@gmail.com,Male,46,Karachi,2023-08-12
CUST-01326,Salman Nawaz,salman.nawaz.cust01326@outlook.com,Male,38,Multan,2022-12-08
CUST-01327,Ehtesham Munir,ehtesham.munir.cust01327@yahoo.com,Male,29,Abbottabad,2024-02-01
CUST-01328,Nazia Nadeem,nazia.nadeem.cust01328@protonmail.com,Female,33,Islamabad,2024-04-11
CUST-01329,Ali Kazmi,ali.kazmi.cust01329@gmail.com,Male,56,Multan,2023-03-25
CUST-01330,Zoha Siddiqui,zoha.siddiqui.cust01330@gmail.com,Female,39,Lahore,2023-07-21
CUST-01331,Rehan Rafiq,rehan.rafiq.cust01331@icloud.com,Male,36,Quetta,2024-08-27
CUST-01332,Imran Tariq,imran.tariq.cust01332@outlook.com,Male,32,Lahore,2024-09-12
CUST-01333,Moin Sattar,moin.sattar.cust01333@gmail.com,Male,38,Peshawar,2025-08-20
CUST-01334,Ilyas Nawaz,ilyas.nawaz.cust01334@gmail.com,Male,42,Lahore,2023-10-18
CUST-01335,Nazia Abbasi,nazia.abbasi.cust01335@gmail.com,Female,21,Lahore,2024-11-06
CUST-01336,Saira Chishti,saira.chishti.cust01336@hotmail.com,Female,21,Rawalpindi,2025-11-25
CUST-01337,Iqra Khan,iqra.khan.cust01337@gmail.com,Female,39,Peshawar,2023-07-28
CUST-01338,Saif Siddiqui,saif.siddiqui.cust01338@gmail.com,Male,34,Karachi,2023-11-11
CUST-01339,Nazia Bukhari,nazia.bukhari.cust01339@yahoo.com,Female,32,Multan,2024-02-18
CUST-01340,Noman Butt,noman.butt.cust01340@gmail.com,Male,40,Sargodha,2024-08-26
CUST-01341,Salman Hashmi,salman.hashmi.cust01341@outlook.com,Male,18,Karachi,2024-09-13
CUST-01342,Yahya Ali,yahya.ali.cust01342@gmail.com,Male,55,Rawalpindi,2024-11-27
CUST-01343,Faizan Baloch,faizan.baloch.cust01343@outlook.com,Male,18,Faisalabad,2023-02-25
CUST-01344,Zeeshan Farooq,zeeshan.farooq.cust01344@gmail.com,Male,64,Karachi,2024-04-23
CUST-01345,Gulnaz Gilani,gulnaz.gilani.cust01345@gmail.com,Female,18,Faisalabad,2024-01-20
CUST-01346,Nadia Zafar,nadia.zafar.cust01346@gmail.com,Female,35,Lahore,2023-09-16
CUST-01347,Zoha Malik,zoha.malik.cust01347@gmail.com,Female,32,Gujranwala,2023-10-09
CUST-01348,Amna Sheikh,amna.sheikh.cust01348@yahoo.com,Female,34,Islamabad,2023-10-01
CUST-01349,Saba Sattar,saba.sattar.cust01349@gmail.com,Female,30,Multan,2023-12-26
CUST-01350,Laila Bukhari,laila.bukhari.cust01350@gmail.com,Female,41,Quetta,2023-10-25
CUST-01351,Kashif Butt,kashif.butt.cust01351@yahoo.com,Male,38,Karachi,2023-05-18
CUST-01352,Kiran Malik,kiran.malik.cust01352@hotmail.com,Female,25,Karachi,2023-03-13
CUST-01353,Zainab Nadeem,zainab.nadeem.cust01353@gmail.com,Female,59,Lahore,2023-01-07
CUST-01354,Noman Mirza,noman.mirza.cust01354@gmail.com,Male,43,Karachi,2023-08-09
CUST-01355,Iqraa Abbasi,iqraa.abbasi.cust01355@gmail.com,Female,34,Islamabad,2023-06-05
CUST-01356,Waleed Hashmi,waleed.hashmi.cust01356@gmail.com,Male,39,Lahore,2022-11-25
CUST-01357,Nazia Hussain,nazia.hussain.cust01357@yahoo.com,Female,35,Gujranwala,2024-01-23
CUST-01358,Kashif Zafar,kashif.zafar.cust01358@gmail.com,Male,30,Lahore,2024-10-07
CUST-01359,Saif Waris,saif.waris.cust01359@gmail.com,Male,48,Faisalabad,2023-07-26
CUST-01360,Zainab Tariq,zainab.tariq.cust01360@yahoo.com,Female,50,Islamabad,2022-12-15
CUST-01361,Laila Waris,laila.waris.cust01361@hotmail.com,Female,35,Bahawalpur,2023-04-29
CUST-01362,Nida Nawaz,nida.nawaz.cust01362@gmail.com,Female,35,Islamabad,2023-03-06
CUST-01363,Rizwan Ali,rizwan.ali.cust01363@zoho.com,Male,24,Islamabad,2023-04-12
CUST-01364,Shahid Lodhi,shahid.lodhi.cust01364@mail.com,Male,29,Karachi,2023-11-19
CUST-01365,Qasim Zafar,qasim.zafar.cust01365@gmail.com,Male,28,Rawalpindi,2024-06-04
CUST-01366,Zeeshan Rasheed,zeeshan.rasheed.cust01366@yahoo.com,Male,37,Rahim Yar Khan,2023-12-18
CUST-01367,Saira Durrani,saira.durrani.cust01367@yahoo.com,Female,18,Lahore,2023-07-02
CUST-01368,Sadia Baloch,sadia.baloch.cust01368@zoho.com,Female,31,Lahore,2025-04-18
CUST-01369,Junaid Javed,junaid.javed.cust01369@outlook.com,Male,36,Faisalabad,2023-11-17
CUST-01370,Nazia Nawaz,nazia.nawaz.cust01370@gmail.com,Female,42,Karachi,2024-07-17
CUST-01371,Wajiha Rasheed,wajiha.rasheed.cust01371@outlook.com,Female,35,Faisalabad,2023-11-24
CUST-01372,Tehmina Sabir,tehmina.sabir.cust01372@gmail.com,Female,30,Karachi,2022-12-07
CUST-01373,Yahya Shafiq,yahya.shafiq.cust01373@yahoo.com,Male,34,Bahawalpur,2024-07-17
CUST-01374,Maria Khan,maria.khan.cust01374@hotmail.com,Female,55,Islamabad,2023-11-07
CUST-01375,Tariq Zubair,tariq.zubair.cust01375@hotmail.com,Male,35,Karachi,2024-02-23
CUST-01376,Iqra Khan,iqra.khan.cust01376@zoho.com,Female,25,Quetta,2023-08-22
CUST-01377,Hafsa Qayyum,hafsa.qayyum.cust01377@gmail.com,Female,28,Faisalabad,2025-05-13
CUST-01378,Ali Aslam,ali.aslam.cust01378@outlook.com,Male,24,Karachi,2024-12-01
CUST-01379,Mehwish Hussain,mehwish.hussain.cust01379@gmail.com,Female,32,Karachi,2024-02-15
CUST-01380,Mehwish Qayyum,mehwish.qayyum.cust01380@gmail.com,Female,37,Multan,2024-09-09
CUST-01381,Hina Raza,hina.raza.cust01381@hotmail.com,Female,33,Lahore,2022-12-09
CUST-01382,Saif Nadeem,saif.nadeem.cust01382@icloud.com,Male,39,Lahore,2024-06-25
CUST-01383,Rehan Siddiqui,rehan.siddiqui.cust01383@gmail.com,Male,32,Lahore,2023-02-05
CUST-01384,Saif Hashmi,saif.hashmi.cust01384@yahoo.com,Male,44,Islamabad,2024-05-16
CUST-01385,Rehan Kazmi,rehan.kazmi.cust01385@yahoo.com,Male,42,Abbottabad,2024-09-23
CUST-01386,Nimra Shafiq,nimra.shafiq.cust01386@yahoo.com,Female,18,Faisalabad,2024-04-24
CUST-01387,Ilyas Mirza,ilyas.mirza.cust01387@gmail.com,Male,26,Rahim Yar Khan,2023-12-29
CUST-01388,Ayesha Sheikh,ayesha.sheikh.cust01388@yahoo.com,Female,44,Bahawalpur,2023-06-08
CUST-01389,Danial Nawaz,danial.nawaz.cust01389@protonmail.com,Male,31,Lahore,2023-11-20
CUST-01390,Sadia Khan,sadia.khan.cust01390@gmail.com,Female,29,Islamabad,2024-05-26
CUST-01391,Nadia Munir,nadia.munir.cust01391@gmail.com,Female,22,Lahore,2023-05-23
CUST-01392,Fatima Zafar,fatima.zafar.cust01392@hotmail.com,Female,36,Multan,2024-03-09
CUST-01393,Amna Shafiq,amna.shafiq.cust01393@gmail.com,Female,30,Peshawar,2023-07-27
CUST-01394,Zainab Gilani,zainab.gilani.cust01394@gmail.com,Female,32,Quetta,2025-05-05
CUST-01395,Sadia Gilani,sadia.gilani.cust01395@outlook.com,Female,36,Islamabad,2023-08-02
CUST-01396,Rehan Usman,rehan.usman.cust01396@gmail.com,Male,40,Faisalabad,2025-02-09
CUST-01397,Bushra Zaman,bushra.zaman.cust01397@mail.com,Female,40,Bahawalpur,2023-11-08
CUST-01398,Nazia Nadeem,nazia.nadeem.cust01398@zoho.com,Female,43,Sukkur,2024-10-05
CUST-01399,Zafar Raza,zafar.raza.cust01399@gmail.com,Male,40,Karachi,2024-05-31
CUST-01400,Nida Kazmi,nida.kazmi.cust01400@gmail.com,Female,18,Lahore,2025-02-12
CUST-01401,Nadia Siddiqui,nadia.siddiqui.cust01401@hotmail.com,Female,26,Lahore,2024-04-12
CUST-01402,Noman Durrani,noman.durrani.cust01402@hotmail.com,Male,56,Rawalpindi,2024-08-09
CUST-01403,Nida Butt,nida.butt.cust01403@gmail.com,Female,24,Peshawar,2025-03-20
CUST-01404,Saira Zaman,saira.zaman.cust01404@gmail.com,Female,29,Lahore,2024-09-10
CUST-01405,Bushra Hussain,bushra.hussain.cust01405@hotmail.com,Female,37,Gujranwala,2024-10-20
CUST-01406,Wajiha Javed,wajiha.javed.cust01406@gmail.com,Female,50,Quetta,2024-02-08
CUST-01407,Hassan Sheikh,hassan.sheikh.cust01407@gmail.com,Male,18,Gujranwala,2023-12-31
CUST-01408,Iqraa Gilani,iqraa.gilani.cust01408@yahoo.com,Female,22,Faisalabad,2022-11-14
CUST-01409,Rizwan Zafar,rizwan.zafar.cust01409@yahoo.com,Male,25,Islamabad,2023-03-20
CUST-01410,Nadia Iqbal,nadia.iqbal.cust01410@gmail.com,Female,34,Karachi,2023-07-12
CUST-01411,Wajiha Munir,wajiha.munir.cust01411@gmail.com,Female,18,Sahiwal,2026-02-04
CUST-01412,Asad Farooq,asad.farooq.cust01412@yahoo.com,Male,41,Islamabad,2024-12-18
CUST-01413,Laila Waris,laila.waris.cust01413@gmail.com,Female,21,Hyderabad,2023-01-09
CUST-01414,Javed Butt,javed.butt.cust01414@gmail.com,Male,30,Lahore,2023-05-01
CUST-01415,Saira Zaman,saira.zaman.cust01415@outlook.com,Female,25,Islamabad,2023-10-26
CUST-01416,Salman Zaman,salman.zaman.cust01416@gmail.com,Male,24,Gujranwala,2024-10-06
CUST-01417,Rizwan Sattar,rizwan.sattar.cust01417@gmail.com,Male,39,Lahore,2023-10-11
CUST-01418,Hina Tariq,hina.tariq.cust01418@yahoo.com,Female,25,Peshawar,2024-01-13
CUST-01419,Qasim Aslam,qasim.aslam.cust01419@gmail.com,Male,38,Islamabad,2025-02-22
CUST-01420,Faizan Nawaz,faizan.nawaz.cust01420@gmail.com,Male,18,Karachi,2023-11-07
CUST-01421,Hina Rafiq,hina.rafiq.cust01421@gmail.com,Female,34,Sargodha,2023-03-20
CUST-01422,Iqra Shafiq,iqra.shafiq.cust01422@outlook.com,Female,18,Lahore,2024-01-10
CUST-01423,Saif Farooq,saif.farooq.cust01423@gmail.com,Male,18,Karachi,2023-11-06
CUST-01424,Mehwish Baloch,mehwish.baloch.cust01424@hotmail.com,Female,30,Lahore,2024-04-05
CUST-01425,Sadia Munir,sadia.munir.cust01425@mail.com,Female,42,Karachi,2023-11-02
CUST-01426,Iqraa Nawaz,iqraa.nawaz.cust01426@yahoo.com,Female,49,Karachi,2024-07-09
CUST-01427,Maryam Ali,maryam.ali.cust01427@outlook.com,Female,32,Gujranwala,2024-09-21
CUST-01428,Gulnaz Durrani,gulnaz.durrani.cust01428@gmail.com,Female,31,Rawalpindi,2024-09-02
CUST-01429,Saif Hashmi,saif.hashmi.cust01429@zoho.com,Male,37,Lahore,2024-09-24
CUST-01430,Amna Munir,amna.munir.cust01430@yahoo.com,Female,44,Karachi,2024-09-07
CUST-01431,Hammad Baloch,hammad.baloch.cust01431@yahoo.com,Male,40,Rawalpindi,2024-01-22
CUST-01432,Humaira Shafiq,humaira.shafiq.cust01432@outlook.com,Female,29,Peshawar,2023-10-27
CUST-01433,Noman Qureshi,noman.qureshi.cust01433@mail.com,Male,51,Bahawalpur,2023-03-09
CUST-01434,Faisal Rasheed,faisal.rasheed.cust01434@gmail.com,Male,31,Quetta,2024-03-13
CUST-01435,Moin Farooq,moin.farooq.cust01435@zoho.com,Male,41,Quetta,2024-09-03
CUST-01436,Ayesha Mirza,ayesha.mirza.cust01436@gmail.com,Female,24,Quetta,2025-04-23
CUST-01437,Hina Usman,hina.usman.cust01437@yahoo.com,Female,52,Karachi,2024-04-15
CUST-01438,Qasim Zafar,qasim.zafar.cust01438@gmail.com,Male,33,Islamabad,2023-12-17
CUST-01439,Ahsan Hashmi,ahsan.hashmi.cust01439@gmail.com,Male,35,Rawalpindi,2023-02-11
CUST-01440,Umair Sattar,umair.sattar.cust01440@gmail.com,Male,45,Lahore,2025-04-25
CUST-01441,Hina Raza,hina.raza.cust01441@gmail.com,Female,45,Bahawalpur,2023-09-11
CUST-01442,Kashif Siddiqui,kashif.siddiqui.cust01442@gmail.com,Male,44,Karachi,2023-11-01
CUST-01443,Hamza Usman,hamza.usman.cust01443@gmail.com,Male,29,Faisalabad,2023-09-29
CUST-01444,Sanam Farooq,sanam.farooq.cust01444@outlook.com,Female,50,Karachi,2024-02-09
CUST-01445,Luqman Zaman,luqman.zaman.cust01445@gmail.com,Male,27,Faisalabad,2023-08-28
CUST-01446,Owais Sattar,owais.sattar.cust01446@gmail.com,Male,41,Peshawar,2026-02-23
CUST-01447,Tariq Hussain,tariq.hussain.cust01447@mail.com,Male,29,Karachi,2024-11-25
CUST-01448,Usman Akram,usman.akram.cust01448@outlook.com,Male,19,Karachi,2024-04-26
CUST-01449,Nadia Bukhari,nadia.bukhari.cust01449@hotmail.com,Female,43,Karachi,2024-01-07
CUST-01450,Uzma Sheikh,uzma.sheikh.cust01450@icloud.com,Female,36,Sahiwal,2023-07-18
CUST-01451,Fatima Farooq,fatima.farooq.cust01451@gmail.com,Female,21,Lahore,2023-08-09
CUST-01452,Nimra Zaman,nimra.zaman.cust01452@gmail.com,Female,18,Rawalpindi,2023-01-24
CUST-01453,Yasmin Durrani,yasmin.durrani.cust01453@outlook.com,Female,29,Quetta,2024-09-07
CUST-01454,Sara Kazmi,sara.kazmi.cust01454@outlook.com,Female,30,Faisalabad,2025-01-17
CUST-01455,Uzma Tariq,uzma.tariq.cust01455@icloud.com,Female,25,Rawalpindi,2024-06-28
CUST-01456,Nimra Kazmi,nimra.kazmi.cust01456@gmail.com,Female,39,Lahore,2024-07-09
CUST-01457,Salman Rafiq,salman.rafiq.cust01457@gmail.com,Male,24,Mardan,2024-07-28
CUST-01458,Sadia Farooq,sadia.farooq.cust01458@gmail.com,Female,41,Islamabad,2023-11-25
CUST-01459,Kashif Bukhari,kashif.bukhari.cust01459@outlook.com,Male,63,Faisalabad,2023-07-14
CUST-01460,Salman Aslam,salman.aslam.cust01460@gmail.com,Male,40,Bahawalpur,2023-01-15
CUST-01461,Javed Usman,javed.usman.cust01461@outlook.com,Male,38,Faisalabad,2023-07-04
CUST-01462,Hassan Pervez,hassan.pervez.cust01462@outlook.com,Male,41,Faisalabad,2023-07-18
CUST-01463,Salman Zubair,salman.zubair.cust01463@zoho.com,Male,21,Karachi,2024-06-21
CUST-01464,Nimra Pervez,nimra.pervez.cust01464@gmail.com,Female,37,Faisalabad,2025-05-07
CUST-01465,Rania Qayyum,rania.qayyum.cust01465@outlook.com,Female,43,Quetta,2023-12-15
CUST-01466,Maria Durrani,maria.durrani.cust01466@gmail.com,Female,36,Multan,2024-08-21
CUST-01467,Farah Qayyum,farah.qayyum.cust01467@protonmail.com,Female,24,Lahore,2025-03-07
CUST-01468,Waleed Sattar,waleed.sattar.cust01468@hotmail.com,Male,44,Rahim Yar Khan,2024-08-06
CUST-01469,Zainab Nadeem,zainab.nadeem.cust01469@yahoo.com,Female,48,Faisalabad,2025-03-30
CUST-01470,Fatima Chaudhry,fatima.chaudhry.cust01470@zoho.com,Female,46,Islamabad,2023-09-11
CUST-01471,Sheeba Bukhari,sheeba.bukhari.cust01471@protonmail.com,Female,42,Sialkot,2024-04-14
CUST-01472,Rehan Baloch,rehan.baloch.cust01472@outlook.com,Male,37,Bahawalpur,2023-04-11
CUST-01473,Ilyas Butt,ilyas.butt.cust01473@outlook.com,Male,23,Rawalpindi,2022-11-29
CUST-01474,Owais Chaudhry,owais.chaudhry.cust01474@gmail.com,Male,27,Lahore,2024-11-02
CUST-01475,Usman Shafiq,usman.shafiq.cust01475@outlook.com,Male,31,Rawalpindi,2024-05-22
CUST-01476,Ilyas Tariq,ilyas.tariq.cust01476@gmail.com,Male,32,Rawalpindi,2023-04-18
CUST-01477,Tanveer Qayyum,tanveer.qayyum.cust01477@gmail.com,Male,26,Sahiwal,2022-12-31
CUST-01478,Kausar Munir,kausar.munir.cust01478@gmail.com,Female,30,Sahiwal,2024-10-07
CUST-01479,Wajiha Tariq,wajiha.tariq.cust01479@hotmail.com,Female,45,Multan,2024-05-04
CUST-01480,Danial Siddiqui,danial.siddiqui.cust01480@yahoo.com,Male,39,Karachi,2024-11-21
CUST-01481,Faizan Siddiqui,faizan.siddiqui.cust01481@gmail.com,Male,40,Islamabad,2023-11-12
CUST-01482,Bushra Baloch,bushra.baloch.cust01482@gmail.com,Female,22,Mardan,2023-10-13
CUST-01483,Ahmed Hussain,ahmed.hussain.cust01483@protonmail.com,Male,27,Lahore,2024-09-14
CUST-01484,Yasmin Iqbal,yasmin.iqbal.cust01484@hotmail.com,Female,38,Lahore,2024-02-05
CUST-01485,Saira Zubair,saira.zubair.cust01485@protonmail.com,Female,19,Bahawalpur,2023-05-25
CUST-01486,Tehmina Chishti,tehmina.chishti.cust01486@hotmail.com,Female,46,Karachi,2022-11-26
CUST-01487,Ayesha Durrani,ayesha.durrani.cust01487@gmail.com,Female,24,Karachi,2024-11-01
CUST-01488,Imran Hashmi,imran.hashmi.cust01488@hotmail.com,Male,45,Karachi,2024-11-02
CUST-01489,Kamran Tariq,kamran.tariq.cust01489@yahoo.com,Male,30,Karachi,2024-01-13
CUST-01490,Adnan Khan,adnan.khan.cust01490@gmail.com,Male,36,Lahore,2024-08-17
CUST-01491,Maryam Nadeem,maryam.nadeem.cust01491@outlook.com,Female,35,Karachi,2023-10-14
CUST-01492,Hamza Pervez,hamza.pervez.cust01492@protonmail.com,Male,35,Karachi,2024-11-20
CUST-01493,Maria Rasheed,maria.rasheed.cust01493@outlook.com,Female,36,Bahawalpur,2026-04-03
CUST-01494,Nazia Zaman,nazia.zaman.cust01494@gmail.com,Female,36,Peshawar,2023-06-01
CUST-01495,Ahsan Akram,ahsan.akram.cust01495@gmail.com,Male,33,Faisalabad,2025-03-06
CUST-01496,Nadeem Baloch,nadeem.baloch.cust01496@outlook.com,Male,38,Abbottabad,2023-07-28
CUST-01497,Umair Qureshi,umair.qureshi.cust01497@gmail.com,Male,33,Mirpur Khas,2022-11-10
CUST-01498,Asad Siddiqui,asad.siddiqui.cust01498@mail.com,Male,20,Karachi,2023-05-14
CUST-01499,Iqra Ali,iqra.ali.cust01499@gmail.com,Female,39,Peshawar,2023-07-08
CUST-01500,Imran Sheikh,imran.sheikh.cust01500@mail.com,Male,23,Karachi,2023-08-13
