order_id,customer_id,order_date,status,shipping_city
ORD-000001,CUST-00340,2024-10-01,Completed,Faisalabad
ORD-000002,CUST-01491,2024-10-01,Completed,Karachi
ORD-000003,CUST-00466,2024-10-01,Completed,Sialkot
ORD-000004,CUST-01392,2024-10-01,Completed,Multan
ORD-000005,CUST-00591,2024-10-01,Completed,Quetta
ORD-000006,CUST-01131,2024-10-01,Completed,Lahore
ORD-000007,CUST-00060,2024-10-01,Completed,Lahore
ORD-000008,CUST-00765,2024-10-01,Returned,Peshawar
ORD-000009,CUST-01218,2024-10-01,Completed,Sargodha
ORD-000010,CUST-00097,2024-10-01,Pending,Lahore
ORD-000011,CUST-00971,2024-10-01,Completed,Lahore
ORD-000012,CUST-00863,2024-10-01,Completed,Peshawar
ORD-000013,CUST-00367,2024-10-01,Completed,Gwadar
ORD-000014,CUST-00560,2024-10-01,Completed,Faisalabad
ORD-000015,CUST-01140,2024-10-01,Completed,Karachi
ORD-000016,CUST-00955,2024-10-02,Completed,Karachi
ORD-000017,CUST-00434,2024-10-02,Completed,Faisalabad
ORD-000018,CUST-00966,2024-10-02,Completed,Karachi
ORD-000019,CUST-00531,2024-10-02,Completed,Hyderabad
ORD-000020,CUST-01078,2024-10-02,Completed,Bahawalpur
ORD-000021,CUST-00278,2024-10-02,Completed,Karachi
ORD-000022,CUST-00469,2024-10-02,Completed,Bahawalpur
ORD-000023,CUST-01465,2024-10-02,Returned,Quetta
ORD-000024,CUST-00786,2024-10-02,Completed,Islamabad
ORD-000025,CUST-00087,2024-10-02,Completed,Lahore
ORD-000026,CUST-00409,2024-10-02,Completed,Peshawar
ORD-000027,CUST-00833,2024-10-03,Completed,Islamabad
ORD-000028,CUST-00494,2024-10-03,Cancelled,Faisalabad
ORD-000029,CUST-00136,2024-10-03,Completed,Islamabad
ORD-000030,CUST-01246,2024-10-03,Completed,Multan
ORD-000031,CUST-00795,2024-10-03,Completed,Gujranwala
ORD-000032,CUST-01147,2024-10-03,Completed,Lahore
ORD-000033,CUST-01460,2024-10-03,Pending,Bahawalpur
ORD-000034,CUST-01095,2024-10-03,Completed,Lahore
ORD-000035,CUST-00465,2024-10-03,Completed,Faisalabad
ORD-000036,CUST-01000,2024-10-03,Completed,Karachi
ORD-000037,CUST-00859,2024-10-03,Completed,Bahawalpur
ORD-000038,CUST-01105,2024-10-03,Completed,Faisalabad
ORD-000039,CUST-00543,2024-10-03,Returned,Faisalabad
ORD-000040,CUST-00840,2024-10-03,Completed,Peshawar
ORD-000041,CUST-00501,2024-10-04,Completed,Karachi
ORD-000042,CUST-01432,2024-10-04,Pending,Sialkot
ORD-000043,CUST-00364,2024-10-04,Completed,Karachi
ORD-000044,CUST-00634,2024-10-04,Completed,Rawalpindi
ORD-000045,CUST-00047,2024-10-04,Completed,Rawalpindi
ORD-000046,CUST-00150,2024-10-04,Returned,Sahiwal
ORD-000047,CUST-01280,2024-10-04,Completed,Karachi
ORD-000048,CUST-00837,2024-10-04,Completed,Lahore
ORD-000049,CUST-00582,2024-10-04,Completed,Karachi
ORD-000050,CUST-00599,2024-10-05,Completed,Islamabad
ORD-000051,CUST-00706,2024-10-05,Returned,Lahore
ORD-000052,CUST-00665,2024-10-05,Completed,Lahore
ORD-000053,CUST-01355,2024-10-05,Completed,Karachi
ORD-000054,CUST-00045,2024-10-05,Completed,Karachi
ORD-000055,CUST-00758,2024-10-05,Returned,Karachi
ORD-000056,CUST-00774,2024-10-06,Pending,Peshawar
ORD-000057,CUST-00216,2024-10-06,Completed,Sargodha
ORD-000058,CUST-00359,2024-10-06,Completed,Rawalpindi
ORD-000059,CUST-00558,2024-10-06,Pending,Rawalpindi
ORD-000060,CUST-00005,2024-10-06,Completed,Faisalabad
ORD-000061,CUST-01256,2024-10-06,Completed,Karachi
ORD-000062,CUST-00792,2024-10-06,Completed,Peshawar
ORD-000063,CUST-01324,2024-10-06,Completed,Lahore
ORD-000064,CUST-00857,2024-10-06,Cancelled,Lahore
ORD-000065,CUST-00064,2024-10-07,Cancelled,Karachi
ORD-000066,CUST-00724,2024-10-07,Completed,Karachi
ORD-000067,CUST-01039,2024-10-07,Completed,Islamabad
ORD-000068,CUST-00240,2024-10-07,Completed,Peshawar
ORD-000069,CUST-00656,2024-10-07,Completed,Sialkot
ORD-000070,CUST-00162,2024-10-07,Completed,Lahore
ORD-000071,CUST-01078,2024-10-07,Completed,Bahawalpur
ORD-000072,CUST-00348,2024-10-07,Completed,Faisalabad
ORD-000073,CUST-00063,2024-10-07,Completed,Lahore
ORD-000074,CUST-00091,2024-10-07,Completed,Quetta
ORD-000075,CUST-00031,2024-10-07,Cancelled,Karachi
ORD-000076,CUST-00358,2024-10-07,Completed,Multan
ORD-000077,CUST-01126,2024-10-07,Completed,Lahore
ORD-000078,CUST-00110,2024-10-07,Completed,Karachi
ORD-000079,CUST-00568,2024-10-07,Completed,Lahore
ORD-000080,CUST-00844,2024-10-07,Completed,Karachi
ORD-000081,CUST-00274,2024-10-08,Returned,Faisalabad
ORD-000082,CUST-00489,2024-10-08,Completed,Karachi
ORD-000083,CUST-00531,2024-10-08,Completed,Hyderabad
ORD-000084,CUST-00759,2024-10-08,Completed,Quetta
ORD-000085,CUST-00083,2024-10-08,Pending,Quetta
ORD-000086,CUST-01170,2024-10-08,Completed,Mirpur Khas
ORD-000087,CUST-01149,2024-10-08,Completed,Islamabad
ORD-000088,CUST-01139,2024-10-08,Completed,Sukkur
ORD-000089,CUST-00635,2024-10-08,Completed,Abbottabad
ORD-000090,CUST-00003,2024-10-08,Completed,Sargodha
ORD-000091,CUST-00218,2024-10-08,Completed,Faisalabad
ORD-000092,CUST-00440,2024-10-08,Completed,Bahawalpur
ORD-000093,CUST-00553,2024-10-08,Completed,Rawalpindi
ORD-000094,CUST-00239,2024-10-08,Pending,Faisalabad
ORD-000095,CUST-00758,2024-10-08,Completed,Rawalpindi
ORD-000096,CUST-00163,2024-10-08,Returned,Multan
ORD-000097,CUST-00747,2024-10-09,Completed,Gujranwala
ORD-000098,CUST-00042,2024-10-09,Cancelled,Gujranwala
ORD-000099,CUST-00868,2024-10-09,Completed,Lahore
ORD-000100,CUST-00310,2024-10-09,Returned,Rahim Yar Khan
ORD-000101,CUST-00049,2024-10-09,Completed,Lahore
ORD-000102,CUST-00777,2024-10-09,Completed,Hyderabad
ORD-000103,CUST-00564,2024-10-09,Completed,Karachi
ORD-000104,CUST-01051,2024-10-09,Completed,Lahore
ORD-000105,CUST-00152,2024-10-09,Completed,Hyderabad
ORD-000106,CUST-00479,2024-10-09,Completed,Rahim Yar Khan
ORD-000107,CUST-01007,2024-10-09,Completed,Karachi
ORD-000108,CUST-00700,2024-10-09,Completed,Karachi
ORD-000109,CUST-00310,2024-10-09,Completed,Rawalpindi
ORD-000110,CUST-01289,2024-10-10,Completed,Karachi
ORD-000111,CUST-00927,2024-10-10,Completed,Multan
ORD-000112,CUST-01263,2024-10-10,Returned,Mardan
ORD-000113,CUST-00442,2024-10-10,Completed,Lahore
ORD-000114,CUST-00524,2024-10-10,Completed,Karachi
ORD-000115,CUST-00441,2024-10-10,Completed,Karachi
ORD-000116,CUST-01023,2024-10-10,Cancelled,Rawalpindi
ORD-000117,CUST-00432,2024-10-10,Completed,Sargodha
ORD-000118,CUST-00639,2024-10-10,Pending,Islamabad
ORD-000119,CUST-01458,2024-10-10,Completed,Islamabad
ORD-000120,CUST-00999,2024-10-10,Completed,Rahim Yar Khan
ORD-000121,CUST-00099,2024-10-11,Completed,Sukkur
ORD-000122,CUST-01027,2024-10-11,Completed,Rawalpindi
ORD-000123,CUST-00895,2024-10-11,Completed,Islamabad
ORD-000124,CUST-01483,2024-10-11,Completed,Lahore
ORD-000125,CUST-01267,2024-10-11,Completed,Islamabad
ORD-000126,CUST-00593,2024-10-11,Completed,Lahore
ORD-000127,CUST-00163,2024-10-11,Pending,Sukkur
ORD-000128,CUST-00048,2024-10-11,Completed,Hyderabad
ORD-000129,CUST-00143,2024-10-11,Completed,Hyderabad
ORD-000130,CUST-00922,2024-10-12,Completed,Gujranwala
ORD-000131,CUST-00923,2024-10-12,Completed,Lahore
ORD-000132,CUST-00793,2024-10-12,Completed,Peshawar
ORD-000133,CUST-00840,2024-10-12,Pending,Peshawar
ORD-000134,CUST-00480,2024-10-12,Completed,Sialkot
ORD-000135,CUST-00279,2024-10-12,Completed,Rawalpindi
ORD-000136,CUST-01000,2024-10-12,Completed,Peshawar
ORD-000137,CUST-00531,2024-10-12,Completed,Hyderabad
ORD-000138,CUST-01140,2024-10-12,Completed,Karachi
ORD-000139,CUST-00036,2024-10-12,Completed,Sahiwal
ORD-000140,CUST-00762,2024-10-12,Completed,Mardan
ORD-000141,CUST-01056,2024-10-12,Completed,Lahore
ORD-000142,CUST-01274,2024-10-12,Returned,Islamabad
ORD-000143,CUST-00232,2024-10-12,Completed,Rawalpindi
ORD-000144,CUST-00807,2024-10-13,Pending,Islamabad
ORD-000145,CUST-00501,2024-10-13,Completed,Karachi
ORD-000146,CUST-00254,2024-10-13,Completed,Karachi
ORD-000147,CUST-00994,2024-10-13,Completed,Peshawar
ORD-000148,CUST-00919,2024-10-13,Pending,Lahore
ORD-000149,CUST-00046,2024-10-13,Completed,Sialkot
ORD-000150,CUST-00601,2024-10-13,Completed,Islamabad
ORD-000151,CUST-01425,2024-10-13,Completed,Karachi
ORD-000152,CUST-01152,2024-10-13,Completed,Multan
ORD-000153,CUST-00634,2024-10-14,Cancelled,Mardan
ORD-000154,CUST-00635,2024-10-14,Completed,Abbottabad
ORD-000155,CUST-00874,2024-10-14,Returned,Islamabad
ORD-000156,CUST-01352,2024-10-14,Pending,Karachi
ORD-000157,CUST-00320,2024-10-14,Completed,Karachi
ORD-000158,CUST-01079,2024-10-14,Returned,Karachi
ORD-000159,CUST-00710,2024-10-14,Completed,Gwadar
ORD-000160,CUST-00740,2024-10-14,Completed,Hyderabad
ORD-000161,CUST-00760,2024-10-14,Pending,Rawalpindi
ORD-000162,CUST-00284,2024-10-14,Completed,Faisalabad
ORD-000163,CUST-00755,2024-10-14,Completed,Peshawar
ORD-000164,CUST-00452,2024-10-15,Completed,Peshawar
ORD-000165,CUST-00084,2024-10-15,Completed,Rawalpindi
ORD-000166,CUST-00216,2024-10-15,Completed,Sargodha
ORD-000167,CUST-01200,2024-10-15,Completed,Rawalpindi
ORD-000168,CUST-01380,2024-10-15,Completed,Multan
ORD-000169,CUST-00919,2024-10-15,Pending,Faisalabad
ORD-000170,CUST-00669,2024-10-15,Completed,Rawalpindi
ORD-000171,CUST-00642,2024-10-15,Completed,Abbottabad
ORD-000172,CUST-00798,2024-10-15,Cancelled,Rawalpindi
ORD-000173,CUST-00605,2024-10-15,Completed,Karachi
ORD-000174,CUST-00434,2024-10-15,Completed,Lahore
ORD-000175,CUST-00132,2024-10-15,Returned,Rawalpindi
ORD-000176,CUST-00074,2024-10-15,Completed,Sialkot
ORD-000177,CUST-00884,2024-10-15,Cancelled,Sahiwal
ORD-000178,CUST-00276,2024-10-15,Pending,Islamabad
ORD-000179,CUST-00330,2024-10-16,Completed,Rawalpindi
ORD-000180,CUST-00901,2024-10-16,Cancelled,Karachi
ORD-000181,CUST-01202,2024-10-16,Completed,Lahore
ORD-000182,CUST-01392,2024-10-16,Completed,Multan
ORD-000183,CUST-01107,2024-10-16,Completed,Sukkur
ORD-000184,CUST-00613,2024-10-16,Completed,Peshawar
ORD-000185,CUST-00432,2024-10-16,Completed,Sargodha
ORD-000186,CUST-01045,2024-10-16,Completed,Lahore
ORD-000187,CUST-01275,2024-10-16,Completed,Sargodha
ORD-000188,CUST-00368,2024-10-16,Pending,Islamabad
ORD-000189,CUST-00116,2024-10-16,Completed,Karachi
ORD-000190,CUST-00471,2024-10-16,Completed,Karachi
ORD-000191,CUST-00888,2024-10-17,Pending,Rawalpindi
ORD-000192,CUST-00086,2024-10-17,Completed,Lahore
ORD-000193,CUST-00774,2024-10-17,Completed,Peshawar
ORD-000194,CUST-01500,2024-10-17,Completed,Karachi
ORD-000195,CUST-01423,2024-10-17,Completed,Karachi
ORD-000196,CUST-00439,2024-10-17,Completed,Rawalpindi
ORD-000197,CUST-00595,2024-10-17,Completed,Sahiwal
ORD-000198,CUST-00871,2024-10-17,Completed,Islamabad
ORD-000199,CUST-00721,2024-10-17,Completed,Sukkur
ORD-000200,CUST-00150,2024-10-17,Completed,Sahiwal
ORD-000201,CUST-00008,2024-10-17,Completed,Lahore
ORD-000202,CUST-00702,2024-10-17,Completed,Peshawar
ORD-000203,CUST-00769,2024-10-17,Completed,Sahiwal
ORD-000204,CUST-01321,2024-10-17,Completed,Islamabad
ORD-000205,CUST-01230,2024-10-17,Completed,Abbottabad
ORD-000206,CUST-00923,2024-10-18,Completed,Karachi
ORD-000207,CUST-01465,2024-10-18,Completed,Rahim Yar Khan
ORD-000208,CUST-00822,2024-10-18,Completed,Lahore
ORD-000209,CUST-00028,2024-10-18,Completed,Rawalpindi
ORD-000210,CUST-00844,2024-10-18,Completed,Karachi
ORD-000211,CUST-00386,2024-10-18,Completed,Sargodha
ORD-000212,CUST-00610,2024-10-18,Completed,Hyderabad
ORD-000213,CUST-00635,2024-10-18,Returned,Abbottabad
ORD-000214,CUST-01326,2024-10-18,Returned,Multan
ORD-000215,CUST-00842,2024-10-18,Completed,Rawalpindi
ORD-000216,CUST-00262,2024-10-18,Pending,Lahore
ORD-000217,CUST-00247,2024-10-18,Completed,Karachi
ORD-000218,CUST-01430,2024-10-19,Completed,Karachi
ORD-000219,CUST-00634,2024-10-19,Completed,Rawalpindi
ORD-000220,CUST-00632,2024-10-19,Cancelled,Hyderabad
ORD-000221,CUST-00714,2024-10-19,Cancelled,Islamabad
ORD-000222,CUST-00459,2024-10-19,Completed,Lahore
ORD-000223,CUST-00673,2024-10-19,Completed,Karachi
ORD-000224,CUST-00933,2024-10-19,Completed,Islamabad
ORD-000225,CUST-01290,2024-10-19,Completed,Rawalpindi
ORD-000226,CUST-00884,2024-10-19,Completed,Sahiwal
ORD-000227,CUST-00816,2024-10-19,Pending,Lahore
ORD-000228,CUST-01093,2024-10-19,Completed,Lahore
ORD-000229,CUST-00498,2024-10-19,Completed,Karachi
ORD-000230,CUST-01308,2024-10-19,Completed,Gujranwala
ORD-000231,CUST-00274,2024-10-19,Completed,Faisalabad
ORD-000232,CUST-00152,2024-10-19,Completed,Hyderabad
ORD-000233,CUST-01275,2024-10-19,Completed,Sahiwal
ORD-000234,CUST-00542,2024-10-19,Completed,Bahawalpur
ORD-000235,CUST-01146,2024-10-19,Completed,Lahore
ORD-000236,CUST-00475,2024-10-19,Returned,Bahawalpur
ORD-000237,CUST-01250,2024-10-19,Cancelled,Lahore
ORD-000238,CUST-00258,2024-10-19,Returned,Mirpur Khas
ORD-000239,CUST-00621,2024-10-20,Completed,Karachi
ORD-000240,CUST-01083,2024-10-20,Completed,Rawalpindi
ORD-000241,CUST-00239,2024-10-20,Completed,Faisalabad
ORD-000242,CUST-00651,2024-10-20,Completed,Karachi
ORD-000243,CUST-00752,2024-10-20,Cancelled,Rawalpindi
ORD-000244,CUST-00226,2024-10-20,Pending,Islamabad
ORD-000245,CUST-00186,2024-10-20,Completed,Rawalpindi
ORD-000246,CUST-00729,2024-10-20,Completed,Mirpur Khas
ORD-000247,CUST-00226,2024-10-21,Completed,Islamabad
ORD-000248,CUST-01356,2024-10-21,Completed,Lahore
ORD-000249,CUST-01298,2024-10-21,Completed,Islamabad
ORD-000250,CUST-01099,2024-10-21,Completed,Rawalpindi
ORD-000251,CUST-01075,2024-10-21,Completed,Gujranwala
ORD-000252,CUST-00866,2024-10-21,Cancelled,Faisalabad
ORD-000253,CUST-01272,2024-10-21,Completed,Islamabad
ORD-000254,CUST-00243,2024-10-22,Cancelled,Sukkur
ORD-000255,CUST-00752,2024-10-22,Returned,Rawalpindi
ORD-000256,CUST-01048,2024-10-22,Returned,Faisalabad
ORD-000257,CUST-01393,2024-10-22,Completed,Peshawar
ORD-000258,CUST-01486,2024-10-22,Completed,Rawalpindi
ORD-000259,CUST-01215,2024-10-22,Completed,Faisalabad
ORD-000260,CUST-00749,2024-10-22,Completed,Karachi
ORD-000261,CUST-01070,2024-10-22,Completed,Gwadar
ORD-000262,CUST-01020,2024-10-22,Completed,Karachi
ORD-000263,CUST-00789,2024-10-22,Pending,Faisalabad
ORD-000264,CUST-00847,2024-10-22,Completed,Faisalabad
ORD-000265,CUST-00690,2024-10-22,Completed,Gujranwala
ORD-000266,CUST-00680,2024-10-22,Completed,Gwadar
ORD-000267,CUST-01200,2024-10-22,Completed,Sargodha
ORD-000268,CUST-00307,2024-10-22,Completed,Multan
ORD-000269,CUST-01299,2024-10-22,Completed,Quetta
ORD-000270,CUST-01308,2024-10-22,Completed,Gujranwala
ORD-000271,CUST-00878,2024-10-22,Returned,Rawalpindi
ORD-000272,CUST-01275,2024-10-22,Pending,Sargodha
ORD-000273,CUST-01406,2024-10-23,Completed,Quetta
ORD-000274,CUST-00101,2024-10-23,Pending,Sukkur
ORD-000275,CUST-01099,2024-10-23,Completed,Karachi
ORD-000276,CUST-01226,2024-10-23,Completed,Lahore
ORD-000277,CUST-00895,2024-10-23,Completed,Islamabad
ORD-000278,CUST-01369,2024-10-23,Completed,Faisalabad
ORD-000279,CUST-01371,2024-10-23,Returned,Peshawar
ORD-000280,CUST-00919,2024-10-23,Completed,Lahore
ORD-000281,CUST-01281,2024-10-23,Completed,Quetta
ORD-000282,CUST-00575,2024-10-23,Completed,Karachi
ORD-000283,CUST-00940,2024-10-23,Completed,Abbottabad
ORD-000284,CUST-01476,2024-10-23,Completed,Gujranwala
ORD-000285,CUST-01205,2024-10-24,Completed,Sahiwal
ORD-000286,CUST-01231,2024-10-24,Completed,Multan
ORD-000287,CUST-00216,2024-10-24,Completed,Sargodha
ORD-000288,CUST-00521,2024-10-24,Completed,Islamabad
ORD-000289,CUST-00628,2024-10-24,Pending,Gujranwala
ORD-000290,CUST-01329,2024-10-24,Completed,Multan
ORD-000291,CUST-00088,2024-10-24,Completed,Faisalabad
ORD-000292,CUST-00008,2024-10-24,Pending,Lahore
ORD-000293,CUST-00615,2024-10-24,Completed,Gwadar
ORD-000294,CUST-01479,2024-10-24,Completed,Karachi
ORD-000295,CUST-00783,2024-10-24,Completed,Islamabad
ORD-000296,CUST-00862,2024-10-24,Pending,Peshawar
ORD-000297,CUST-01385,2024-10-24,Cancelled,Abbottabad
ORD-000298,CUST-00584,2024-10-24,Completed,Rawalpindi
ORD-000299,CUST-00937,2024-10-24,Completed,Abbottabad
ORD-000300,CUST-01308,2024-10-25,Cancelled,Gujranwala
ORD-000301,CUST-00070,2024-10-25,Completed,Lahore
ORD-000302,CUST-00422,2024-10-25,Pending,Gujranwala
ORD-000303,CUST-00961,2024-10-25,Completed,Islamabad
ORD-000304,CUST-00578,2024-10-25,Returned,Rawalpindi
ORD-000305,CUST-00878,2024-10-25,Completed,Karachi
ORD-000306,CUST-00969,2024-10-25,Completed,Sukkur
ORD-000307,CUST-00979,2024-10-25,Pending,Bahawalpur
ORD-000308,CUST-01051,2024-10-25,Completed,Lahore
ORD-000309,CUST-00743,2024-10-25,Completed,Rawalpindi
ORD-000310,CUST-01004,2024-10-25,Pending,Gujranwala
ORD-000311,CUST-00579,2024-10-25,Completed,Quetta
ORD-000312,CUST-00464,2024-10-25,Completed,Islamabad
ORD-000313,CUST-00622,2024-10-25,Completed,Quetta
ORD-000314,CUST-01323,2024-10-26,Completed,Karachi
ORD-000315,CUST-00954,2024-10-26,Completed,Faisalabad
ORD-000316,CUST-00761,2024-10-26,Completed,Karachi
ORD-000317,CUST-00403,2024-10-26,Completed,Karachi
ORD-000318,CUST-00712,2024-10-26,Completed,Gujranwala
ORD-000319,CUST-00780,2024-10-26,Completed,Faisalabad
ORD-000320,CUST-01268,2024-10-26,Returned,Multan
ORD-000321,CUST-01168,2024-10-26,Completed,Gujranwala
ORD-000322,CUST-00591,2024-10-26,Completed,Quetta
ORD-000323,CUST-00477,2024-10-26,Completed,Rawalpindi
ORD-000324,CUST-00475,2024-10-26,Completed,Bahawalpur
ORD-000325,CUST-00854,2024-10-27,Returned,Lahore
ORD-000326,CUST-01245,2024-10-27,Returned,Karachi
ORD-000327,CUST-01452,2024-10-27,Completed,Rawalpindi
ORD-000328,CUST-00729,2024-10-27,Completed,Bahawalpur
ORD-000329,CUST-01248,2024-10-27,Completed,Lahore
ORD-000330,CUST-00129,2024-10-27,Completed,Sahiwal
ORD-000331,CUST-01371,2024-10-27,Completed,Faisalabad
ORD-000332,CUST-01349,2024-10-27,Completed,Multan
ORD-000333,CUST-00236,2024-10-28,Completed,Karachi
ORD-000334,CUST-00322,2024-10-28,Completed,Karachi
ORD-000335,CUST-00190,2024-10-28,Completed,Gujranwala
ORD-000336,CUST-00135,2024-10-28,Completed,Lahore
ORD-000337,CUST-01138,2024-10-28,Cancelled,Hyderabad
ORD-000338,CUST-00422,2024-10-28,Returned,Sialkot
ORD-000339,CUST-01239,2024-10-28,Completed,Lahore
ORD-000340,CUST-00628,2024-10-28,Completed,Gujranwala
ORD-000341,CUST-00623,2024-10-29,Completed,Mirpur Khas
ORD-000342,CUST-00740,2024-10-29,Completed,Gujranwala
ORD-000343,CUST-01485,2024-10-29,Cancelled,Bahawalpur
ORD-000344,CUST-00477,2024-10-29,Completed,Rawalpindi
ORD-000345,CUST-00484,2024-10-29,Completed,Sukkur
ORD-000346,CUST-00822,2024-10-29,Completed,Lahore
ORD-000347,CUST-00254,2024-10-29,Completed,Lahore
ORD-000348,CUST-00982,2024-10-29,Completed,Karachi
ORD-000349,CUST-00039,2024-10-29,Returned,Rawalpindi
ORD-000350,CUST-00409,2024-10-29,Completed,Peshawar
ORD-000351,CUST-00623,2024-10-29,Completed,Mirpur Khas
ORD-000352,CUST-00456,2024-10-29,Completed,Rawalpindi
ORD-000353,CUST-00048,2024-10-30,Completed,Hyderabad
ORD-000354,CUST-01458,2024-10-30,Pending,Islamabad
ORD-000355,CUST-00300,2024-10-30,Pending,Karachi
ORD-000356,CUST-00306,2024-10-30,Completed,Sukkur
ORD-000357,CUST-00879,2024-10-30,Completed,Sukkur
ORD-000358,CUST-00990,2024-10-30,Pending,Gujranwala
ORD-000359,CUST-00027,2024-10-30,Completed,Lahore
ORD-000360,CUST-01109,2024-10-30,Pending,Gwadar
ORD-000361,CUST-00097,2024-10-30,Pending,Sargodha
ORD-000362,CUST-00906,2024-10-30,Completed,Karachi
ORD-000363,CUST-00260,2024-10-30,Completed,Lahore
ORD-000364,CUST-01424,2024-10-30,Completed,Lahore
ORD-000365,CUST-00466,2024-10-31,Completed,Sialkot
ORD-000366,CUST-00941,2024-10-31,Pending,Bahawalpur
ORD-000367,CUST-01032,2024-10-31,Completed,Rawalpindi
ORD-000368,CUST-00518,2024-10-31,Completed,Lahore
ORD-000369,CUST-00419,2024-10-31,Completed,Lahore
ORD-000370,CUST-00628,2024-10-31,Pending,Gujranwala
ORD-000371,CUST-01472,2024-10-31,Returned,Faisalabad
ORD-000372,CUST-00388,2024-10-31,Completed,Lahore
ORD-000373,CUST-00876,2024-10-31,Returned,Lahore
ORD-000374,CUST-00435,2024-10-31,Completed,Lahore
ORD-000375,CUST-00980,2024-10-31,Completed,Lahore
ORD-000376,CUST-01402,2024-10-31,Completed,Rawalpindi
ORD-000377,CUST-01170,2024-10-31,Pending,Mirpur Khas
ORD-000378,CUST-01102,2024-10-31,Completed,Lahore
ORD-000379,CUST-01089,2024-11-01,Completed,Rawalpindi
ORD-000380,CUST-00316,2024-11-01,Completed,Karachi
ORD-000381,CUST-00398,2024-11-01,Completed,Karachi
ORD-000382,CUST-00325,2024-11-01,Completed,Lahore
ORD-000383,CUST-00714,2024-11-01,Completed,Islamabad
ORD-000384,CUST-00383,2024-11-01,Completed,Karachi
ORD-000385,CUST-00889,2024-11-01,Completed,Faisalabad
ORD-000386,CUST-00683,2024-11-01,Completed,Abbottabad
ORD-000387,CUST-00476,2024-11-01,Completed,Hyderabad
ORD-000388,CUST-00665,2024-11-01,Pending,Islamabad
ORD-000389,CUST-01064,2024-11-01,Pending,Lahore
ORD-000390,CUST-00657,2024-11-01,Pending,Faisalabad
ORD-000391,CUST-00243,2024-11-01,Completed,Hyderabad
ORD-000392,CUST-01245,2024-11-01,Completed,Rawalpindi
ORD-000393,CUST-01196,2024-11-01,Completed,Lahore
ORD-000394,CUST-01104,2024-11-01,Cancelled,Peshawar
ORD-000395,CUST-00977,2024-11-01,Completed,Karachi
ORD-000396,CUST-00618,2024-11-01,Completed,Faisalabad
ORD-000397,CUST-01497,2024-11-01,Completed,Mirpur Khas
ORD-000398,CUST-00059,2024-11-01,Completed,Karachi
ORD-000399,CUST-00368,2024-11-02,Completed,Islamabad
ORD-000400,CUST-01337,2024-11-02,Returned,Peshawar
ORD-000401,CUST-00433,2024-11-02,Completed,Lahore
ORD-000402,CUST-00845,2024-11-02,Completed,Karachi
ORD-000403,CUST-00648,2024-11-02,Completed,Gwadar
ORD-000404,CUST-00343,2024-11-02,Completed,Karachi
ORD-000405,CUST-01225,2024-11-02,Completed,Lahore
ORD-000406,CUST-00944,2024-11-02,Completed,Mardan
ORD-000407,CUST-00643,2024-11-02,Completed,Karachi
ORD-000408,CUST-00868,2024-11-02,Completed,Karachi
ORD-000409,CUST-00270,2024-11-02,Completed,Sukkur
ORD-000410,CUST-00357,2024-11-03,Returned,Multan
ORD-000411,CUST-01080,2024-11-03,Cancelled,Sahiwal
ORD-000412,CUST-00974,2024-11-03,Completed,Peshawar
ORD-000413,CUST-01080,2024-11-03,Completed,Islamabad
ORD-000414,CUST-00656,2024-11-03,Returned,Karachi
ORD-000415,CUST-00351,2024-11-03,Cancelled,Gwadar
ORD-000416,CUST-01432,2024-11-04,Completed,Peshawar
ORD-000417,CUST-01461,2024-11-04,Completed,Faisalabad
ORD-000418,CUST-01076,2024-11-04,Completed,Islamabad
ORD-000419,CUST-00107,2024-11-04,Completed,Faisalabad
ORD-000420,CUST-00684,2024-11-04,Completed,Sialkot
ORD-000421,CUST-00104,2024-11-04,Completed,Faisalabad
ORD-000422,CUST-00532,2024-11-04,Completed,Faisalabad
ORD-000423,CUST-00526,2024-11-04,Completed,Lahore
ORD-000424,CUST-00008,2024-11-04,Returned,Lahore
ORD-000425,CUST-01474,2024-11-04,Completed,Islamabad
ORD-000426,CUST-00774,2024-11-04,Returned,Peshawar
ORD-000427,CUST-00740,2024-11-04,Completed,Hyderabad
ORD-000428,CUST-00228,2024-11-04,Completed,Peshawar
ORD-000429,CUST-00895,2024-11-04,Completed,Multan
ORD-000430,CUST-00105,2024-11-04,Completed,Karachi
ORD-000431,CUST-00532,2024-11-05,Completed,Karachi
ORD-000432,CUST-01383,2024-11-05,Completed,Lahore
ORD-000433,CUST-00518,2024-11-05,Completed,Lahore
ORD-000434,CUST-01299,2024-11-05,Cancelled,Quetta
ORD-000435,CUST-00916,2024-11-05,Completed,Karachi
ORD-000436,CUST-01288,2024-11-05,Completed,Bahawalpur
ORD-000437,CUST-00459,2024-11-05,Completed,Lahore
ORD-000438,CUST-00777,2024-11-05,Completed,Hyderabad
ORD-000439,CUST-00501,2024-11-05,Completed,Karachi
ORD-000440,CUST-01322,2024-11-06,Returned,Gujranwala
ORD-000441,CUST-01207,2024-11-06,Pending,Karachi
ORD-000442,CUST-00801,2024-11-06,Completed,Peshawar
ORD-000443,CUST-00543,2024-11-06,Completed,Faisalabad
ORD-000444,CUST-00140,2024-11-06,Completed,Sahiwal
ORD-000445,CUST-00540,2024-11-06,Pending,Mardan
ORD-000446,CUST-01023,2024-11-06,Completed,Quetta
ORD-000447,CUST-00131,2024-11-06,Completed,Multan
ORD-000448,CUST-00882,2024-11-06,Returned,Lahore
ORD-000449,CUST-00764,2024-11-07,Completed,Multan
ORD-000450,CUST-00778,2024-11-07,Completed,Faisalabad
ORD-000451,CUST-00554,2024-11-07,Completed,Rawalpindi
ORD-000452,CUST-00995,2024-11-07,Pending,Karachi
ORD-000453,CUST-01450,2024-11-07,Completed,Karachi
ORD-000454,CUST-01334,2024-11-07,Completed,Sukkur
ORD-000455,CUST-00844,2024-11-07,Completed,Karachi
ORD-000456,CUST-01226,2024-11-07,Pending,Lahore
ORD-000457,CUST-01056,2024-11-07,Completed,Karachi
ORD-000458,CUST-00876,2024-11-07,Completed,Lahore
ORD-000459,CUST-00876,2024-11-07,Completed,Lahore
ORD-000460,CUST-01039,2024-11-07,Completed,Islamabad
ORD-000461,CUST-00571,2024-11-07,Pending,Sukkur
ORD-000462,CUST-01283,2024-11-07,Completed,Sialkot
ORD-000463,CUST-00289,2024-11-07,Completed,Karachi
ORD-000464,CUST-00578,2024-11-07,Completed,Rawalpindi
ORD-000465,CUST-00579,2024-11-07,Completed,Quetta
ORD-000466,CUST-00640,2024-11-07,Completed,Islamabad
ORD-000467,CUST-00331,2024-11-07,Completed,Lahore
ORD-000468,CUST-00355,2024-11-07,Completed,Karachi
ORD-000469,CUST-00037,2024-11-07,Completed,Gujranwala
ORD-000470,CUST-01401,2024-11-07,Completed,Lahore
ORD-000471,CUST-00483,2024-11-08,Completed,Lahore
ORD-000472,CUST-00226,2024-11-08,Completed,Islamabad
ORD-000473,CUST-01103,2024-11-08,Completed,Lahore
ORD-000474,CUST-00403,2024-11-08,Completed,Karachi
ORD-000475,CUST-00786,2024-11-08,Completed,Islamabad
ORD-000476,CUST-00597,2024-11-08,Pending,Lahore
ORD-000477,CUST-00217,2024-11-08,Completed,Multan
ORD-000478,CUST-01486,2024-11-08,Completed,Karachi
ORD-000479,CUST-00741,2024-11-08,Completed,Karachi
ORD-000480,CUST-00355,2024-11-08,Completed,Karachi
ORD-000481,CUST-00470,2024-11-08,Completed,Karachi
ORD-000482,CUST-01063,2024-11-08,Completed,Faisalabad
ORD-000483,CUST-00081,2024-11-08,Completed,Abbottabad
ORD-000484,CUST-00617,2024-11-08,Completed,Lahore
ORD-000485,CUST-00842,2024-11-08,Completed,Rawalpindi
ORD-000486,CUST-00889,2024-11-08,Completed,Faisalabad
ORD-000487,CUST-01255,2024-11-08,Pending,Lahore
ORD-000488,CUST-01184,2024-11-08,Completed,Sukkur
ORD-000489,CUST-00060,2024-11-08,Completed,Karachi
ORD-000490,CUST-00532,2024-11-08,Completed,Karachi
ORD-000491,CUST-01141,2024-11-08,Completed,Islamabad
ORD-000492,CUST-00933,2024-11-09,Returned,Islamabad
ORD-000493,CUST-00340,2024-11-09,Returned,Gwadar
ORD-000494,CUST-00618,2024-11-09,Completed,Gujranwala
ORD-000495,CUST-00151,2024-11-09,Completed,Faisalabad
ORD-000496,CUST-01443,2024-11-09,Cancelled,Faisalabad
ORD-000497,CUST-00579,2024-11-09,Cancelled,Quetta
ORD-000498,CUST-00409,2024-11-09,Completed,Mardan
ORD-000499,CUST-00272,2024-11-09,Completed,Quetta
ORD-000500,CUST-00567,2024-11-09,Completed,Bahawalpur
ORD-000501,CUST-00912,2024-11-09,Completed,Lahore
ORD-000502,CUST-00968,2024-11-10,Completed,Karachi
ORD-000503,CUST-00373,2024-11-10,Completed,Islamabad
ORD-000504,CUST-00625,2024-11-10,Completed,Lahore
ORD-000505,CUST-00941,2024-11-10,Completed,Karachi
ORD-000506,CUST-01409,2024-11-10,Completed,Islamabad
ORD-000507,CUST-00309,2024-11-10,Completed,Bahawalpur
ORD-000508,CUST-01357,2024-11-10,Completed,Gujranwala
ORD-000509,CUST-00690,2024-11-10,Completed,Gujranwala
ORD-000510,CUST-00008,2024-11-10,Completed,Lahore
ORD-000511,CUST-01243,2024-11-11,Completed,Quetta
ORD-000512,CUST-01111,2024-11-11,Completed,Karachi
ORD-000513,CUST-01461,2024-11-11,Completed,Faisalabad
ORD-000514,CUST-01033,2024-11-11,Pending,Faisalabad
ORD-000515,CUST-01483,2024-11-11,Completed,Hyderabad
ORD-000516,CUST-00080,2024-11-11,Completed,Sargodha
ORD-000517,CUST-01456,2024-11-11,Returned,Lahore
ORD-000518,CUST-00610,2024-11-11,Returned,Hyderabad
ORD-000519,CUST-00325,2024-11-11,Completed,Lahore
ORD-000520,CUST-00097,2024-11-11,Completed,Rahim Yar Khan
ORD-000521,CUST-01371,2024-11-11,Completed,Faisalabad
ORD-000522,CUST-00648,2024-11-11,Completed,Gwadar
ORD-000523,CUST-01341,2024-11-11,Completed,Karachi
ORD-000524,CUST-00503,2024-11-11,Cancelled,Rawalpindi
ORD-000525,CUST-00037,2024-11-11,Completed,Gujranwala
ORD-000526,CUST-00845,2024-11-11,Completed,Karachi
ORD-000527,CUST-00755,2024-11-12,Completed,Karachi
ORD-000528,CUST-01135,2024-11-12,Completed,Karachi
ORD-000529,CUST-00277,2024-11-12,Returned,Abbottabad
ORD-000530,CUST-00419,2024-11-12,Completed,Lahore
ORD-000531,CUST-00046,2024-11-12,Completed,Sialkot
ORD-000532,CUST-00351,2024-11-12,Completed,Karachi
ORD-000533,CUST-00456,2024-11-12,Completed,Lahore
ORD-000534,CUST-01220,2024-11-12,Cancelled,Gujranwala
ORD-000535,CUST-00281,2024-11-12,Completed,Lahore
ORD-000536,CUST-00708,2024-11-12,Returned,Lahore
ORD-000537,CUST-00396,2024-11-12,Completed,Faisalabad
ORD-000538,CUST-01055,2024-11-12,Completed,Islamabad
ORD-000539,CUST-00946,2024-11-12,Pending,Peshawar
ORD-000540,CUST-00705,2024-11-12,Completed,Rawalpindi
ORD-000541,CUST-00346,2024-11-12,Completed,Lahore
ORD-000542,CUST-00336,2024-11-12,Completed,Islamabad
ORD-000543,CUST-01402,2024-11-12,Completed,Rawalpindi
ORD-000544,CUST-00971,2024-11-12,Completed,Lahore
ORD-000545,CUST-01075,2024-11-13,Completed,Gujranwala
ORD-000546,CUST-00920,2024-11-13,Completed,Faisalabad
ORD-000547,CUST-00920,2024-11-13,Completed,Faisalabad
ORD-000548,CUST-00802,2024-11-13,Cancelled,Karachi
ORD-000549,CUST-00134,2024-11-13,Completed,Rawalpindi
ORD-000550,CUST-00930,2024-11-13,Cancelled,Karachi
ORD-000551,CUST-00522,2024-11-13,Completed,Quetta
ORD-000552,CUST-00993,2024-11-13,Completed,Gujranwala
ORD-000553,CUST-01195,2024-11-13,Completed,Karachi
ORD-000554,CUST-00654,2024-11-13,Completed,Karachi
ORD-000555,CUST-01428,2024-11-13,Completed,Rawalpindi
ORD-000556,CUST-01195,2024-11-13,Completed,Karachi
ORD-000557,CUST-00319,2024-11-13,Completed,Sukkur
ORD-000558,CUST-00957,2024-11-13,Pending,Faisalabad
ORD-000559,CUST-00055,2024-11-13,Completed,Lahore
ORD-000560,CUST-00316,2024-11-14,Pending,Karachi
ORD-000561,CUST-00042,2024-11-14,Completed,Gujranwala
ORD-000562,CUST-00022,2024-11-14,Completed,Lahore
ORD-000563,CUST-00455,2024-11-14,Completed,Mirpur Khas
ORD-000564,CUST-00685,2024-11-14,Completed,Karachi
ORD-000565,CUST-00063,2024-11-14,Completed,Gujranwala
ORD-000566,CUST-00461,2024-11-14,Pending,Multan
ORD-000567,CUST-00027,2024-11-14,Completed,Lahore
ORD-000568,CUST-01380,2024-11-14,Completed,Multan
ORD-000569,CUST-00584,2024-11-14,Completed,Rawalpindi
ORD-000570,CUST-01049,2024-11-14,Completed,Gujranwala
ORD-000571,CUST-01473,2024-11-14,Completed,Rawalpindi
ORD-000572,CUST-00888,2024-11-14,Cancelled,Rawalpindi
ORD-000573,CUST-00913,2024-11-14,Completed,Lahore
ORD-000574,CUST-00325,2024-11-15,Returned,Lahore
ORD-000575,CUST-01130,2024-11-15,Completed,Lahore
ORD-000576,CUST-01347,2024-11-15,Completed,Islamabad
ORD-000577,CUST-01056,2024-11-15,Completed,Karachi
ORD-000578,CUST-00622,2024-11-15,Returned,Quetta
ORD-000579,CUST-00035,2024-11-15,Completed,Gujranwala
ORD-000580,CUST-01388,2024-11-15,Cancelled,Karachi
ORD-000581,CUST-00459,2024-11-15,Completed,Lahore
ORD-000582,CUST-00225,2024-11-15,Cancelled,Lahore
ORD-000583,CUST-01003,2024-11-15,Completed,Karachi
ORD-000584,CUST-01196,2024-11-15,Returned,Lahore
ORD-000585,CUST-01448,2024-11-16,Cancelled,Karachi
ORD-000586,CUST-01425,2024-11-16,Returned,Karachi
ORD-000587,CUST-00562,2024-11-16,Completed,Faisalabad
ORD-000588,CUST-00941,2024-11-16,Completed,Karachi
ORD-000589,CUST-00115,2024-11-16,Pending,Quetta
ORD-000590,CUST-00959,2024-11-16,Completed,Rawalpindi
ORD-000591,CUST-00003,2024-11-16,Completed,Sargodha
ORD-000592,CUST-00651,2024-11-16,Completed,Karachi
ORD-000593,CUST-00400,2024-11-17,Completed,Rawalpindi
ORD-000594,CUST-00499,2024-11-17,Completed,Mardan
ORD-000595,CUST-00267,2024-11-17,Completed,Faisalabad
ORD-000596,CUST-01381,2024-11-17,Completed,Lahore
ORD-000597,CUST-00864,2024-11-17,Cancelled,Lahore
ORD-000598,CUST-00955,2024-11-17,Cancelled,Karachi
ORD-000599,CUST-00300,2024-11-17,Completed,Gujranwala
ORD-000600,CUST-01360,2024-11-17,Cancelled,Islamabad
ORD-000601,CUST-00501,2024-11-17,Completed,Karachi
ORD-000602,CUST-00813,2024-11-17,Completed,Karachi
ORD-000603,CUST-00961,2024-11-17,Completed,Islamabad
ORD-000604,CUST-00462,2024-11-17,Completed,Karachi
ORD-000605,CUST-01166,2024-11-17,Completed,Lahore
ORD-000606,CUST-00974,2024-11-18,Completed,Peshawar
ORD-000607,CUST-00747,2024-11-18,Cancelled,Gujranwala
ORD-000608,CUST-01372,2024-11-18,Completed,Karachi
ORD-000609,CUST-01420,2024-11-18,Completed,Karachi
ORD-000610,CUST-01003,2024-11-18,Completed,Karachi
ORD-000611,CUST-01261,2024-11-18,Completed,Lahore
ORD-000612,CUST-01315,2024-11-18,Completed,Rawalpindi
ORD-000613,CUST-00226,2024-11-18,Cancelled,Peshawar
ORD-000614,CUST-01070,2024-11-18,Completed,Gwadar
ORD-000615,CUST-00690,2024-11-18,Cancelled,Gujranwala
ORD-000616,CUST-00579,2024-11-18,Completed,Quetta
ORD-000617,CUST-00785,2024-11-18,Completed,Lahore
ORD-000618,CUST-01047,2024-11-18,Completed,Bahawalpur
ORD-000619,CUST-01365,2024-11-18,Completed,Rawalpindi
ORD-000620,CUST-00325,2024-11-18,Completed,Lahore
ORD-000621,CUST-00798,2024-11-18,Completed,Rawalpindi
ORD-000622,CUST-00833,2024-11-18,Completed,Islamabad
ORD-000623,CUST-00482,2024-11-18,Cancelled,Sialkot
ORD-000624,CUST-00380,2024-11-19,Completed,Sialkot
ORD-000625,CUST-00074,2024-11-19,Pending,Sialkot
ORD-000626,CUST-00224,2024-11-19,Completed,Karachi
ORD-000627,CUST-00710,2024-11-19,Completed,Gwadar
ORD-000628,CUST-01476,2024-11-19,Completed,Rawalpindi
ORD-000629,CUST-00063,2024-11-19,Completed,Lahore
ORD-000630,CUST-00146,2024-11-19,Completed,Multan
ORD-000631,CUST-00244,2024-11-19,Completed,Rawalpindi
ORD-000632,CUST-00030,2024-11-19,Completed,Rahim Yar Khan
ORD-000633,CUST-00788,2024-11-19,Completed,Hyderabad
ORD-000634,CUST-01023,2024-11-19,Completed,Quetta
ORD-000635,CUST-00159,2024-11-19,Cancelled,Faisalabad
ORD-000636,CUST-00248,2024-11-19,Completed,Lahore
ORD-000637,CUST-00420,2024-11-19,Cancelled,Karachi
ORD-000638,CUST-00563,2024-11-19,Completed,Hyderabad
ORD-000639,CUST-00210,2024-11-20,Completed,Islamabad
ORD-000640,CUST-00005,2024-11-20,Completed,Faisalabad
ORD-000641,CUST-01166,2024-11-20,Completed,Lahore
ORD-000642,CUST-01402,2024-11-20,Completed,Rawalpindi
ORD-000643,CUST-01195,2024-11-20,Completed,Karachi
ORD-000644,CUST-00253,2024-11-20,Completed,Lahore
ORD-000645,CUST-01013,2024-11-20,Completed,Islamabad
ORD-000646,CUST-01328,2024-11-20,Returned,Gujranwala
ORD-000647,CUST-01472,2024-11-20,Completed,Bahawalpur
ORD-000648,CUST-00605,2024-11-20,Completed,Islamabad
ORD-000649,CUST-01005,2024-11-20,Pending,Sargodha
ORD-000650,CUST-00099,2024-11-20,Returned,Sukkur
ORD-000651,CUST-00693,2024-11-21,Completed,Islamabad
ORD-000652,CUST-00617,2024-11-21,Pending,Lahore
ORD-000653,CUST-00618,2024-11-21,Completed,Faisalabad
ORD-000654,CUST-00659,2024-11-21,Completed,Karachi
ORD-000655,CUST-00092,2024-11-21,Completed,Multan
ORD-000656,CUST-00895,2024-11-21,Completed,Lahore
ORD-000657,CUST-01280,2024-11-21,Completed,Rawalpindi
ORD-000658,CUST-00435,2024-11-21,Cancelled,Lahore
ORD-000659,CUST-01122,2024-11-21,Completed,Faisalabad
ORD-000660,CUST-01340,2024-11-21,Completed,Sargodha
ORD-000661,CUST-00628,2024-11-21,Completed,Gujranwala
ORD-000662,CUST-00683,2024-11-21,Completed,Abbottabad
ORD-000663,CUST-01080,2024-11-21,Completed,Islamabad
ORD-000664,CUST-01082,2024-11-21,Completed,Multan
ORD-000665,CUST-00362,2024-11-21,Pending,Karachi
ORD-000666,CUST-01203,2024-11-21,Completed,Bahawalpur
ORD-000667,CUST-01439,2024-11-21,Completed,Rawalpindi
ORD-000668,CUST-01111,2024-11-22,Completed,Karachi
ORD-000669,CUST-00499,2024-11-22,Completed,Mardan
ORD-000670,CUST-01391,2024-11-22,Completed,Lahore
ORD-000671,CUST-00784,2024-11-22,Completed,Hyderabad
ORD-000672,CUST-00656,2024-11-22,Pending,Sialkot
ORD-000673,CUST-01486,2024-11-22,Completed,Karachi
ORD-000674,CUST-00997,2024-11-22,Pending,Sialkot
ORD-000675,CUST-01354,2024-11-22,Completed,Karachi
ORD-000676,CUST-00171,2024-11-22,Completed,Karachi
ORD-000677,CUST-01012,2024-11-22,Completed,Karachi
ORD-000678,CUST-00137,2024-11-22,Returned,Sukkur
ORD-000679,CUST-01384,2024-11-23,Completed,Islamabad
ORD-000680,CUST-00784,2024-11-23,Completed,Hyderabad
ORD-000681,CUST-00967,2024-11-23,Pending,Sargodha
ORD-000682,CUST-00359,2024-11-23,Completed,Lahore
ORD-000683,CUST-00250,2024-11-23,Completed,Rawalpindi
ORD-000684,CUST-00278,2024-11-23,Completed,Karachi
ORD-000685,CUST-00071,2024-11-24,Completed,Lahore
ORD-000686,CUST-00248,2024-11-24,Completed,Islamabad
ORD-000687,CUST-00974,2024-11-24,Completed,Peshawar
ORD-000688,CUST-01284,2024-11-24,Completed,Sukkur
ORD-000689,CUST-01308,2024-11-24,Completed,Gujranwala
ORD-000690,CUST-00634,2024-11-24,Pending,Rawalpindi
ORD-000691,CUST-01334,2024-11-24,Returned,Lahore
ORD-000692,CUST-00425,2024-11-24,Cancelled,Gujranwala
ORD-000693,CUST-00975,2024-11-25,Completed,Rahim Yar Khan
ORD-000694,CUST-00055,2024-11-25,Completed,Bahawalpur
ORD-000695,CUST-01217,2024-11-25,Completed,Abbottabad
ORD-000696,CUST-00927,2024-11-25,Completed,Multan
ORD-000697,CUST-01332,2024-11-25,Completed,Lahore
ORD-000698,CUST-00216,2024-11-25,Completed,Sargodha
ORD-000699,CUST-00133,2024-11-25,Cancelled,Lahore
ORD-000700,CUST-00944,2024-11-25,Completed,Karachi
ORD-000701,CUST-00274,2024-11-25,Completed,Faisalabad
ORD-000702,CUST-01035,2024-11-25,Completed,Lahore
ORD-000703,CUST-00531,2024-11-25,Completed,Hyderabad
ORD-000704,CUST-00014,2024-11-26,Completed,Mirpur Khas
ORD-000705,CUST-00284,2024-11-26,Completed,Karachi
ORD-000706,CUST-01098,2024-11-26,Completed,Mardan
ORD-000707,CUST-01071,2024-11-26,Completed,Sukkur
ORD-000708,CUST-00501,2024-11-26,Pending,Gujranwala
ORD-000709,CUST-00970,2024-11-26,Completed,Karachi
ORD-000710,CUST-00640,2024-11-26,Completed,Islamabad
ORD-000711,CUST-00049,2024-11-26,Completed,Lahore
ORD-000712,CUST-00007,2024-11-26,Returned,Lahore
ORD-000713,CUST-01423,2024-11-26,Completed,Karachi
ORD-000714,CUST-00855,2024-11-26,Completed,Karachi
ORD-000715,CUST-00944,2024-11-26,Completed,Lahore
ORD-000716,CUST-00387,2024-11-27,Completed,Gwadar
ORD-000717,CUST-00798,2024-11-27,Completed,Rawalpindi
ORD-000718,CUST-00816,2024-11-27,Completed,Lahore
ORD-000719,CUST-00863,2024-11-27,Pending,Lahore
ORD-000720,CUST-01450,2024-11-27,Completed,Sahiwal
ORD-000721,CUST-00963,2024-11-27,Completed,Lahore
ORD-000722,CUST-01298,2024-11-27,Completed,Islamabad
ORD-000723,CUST-01380,2024-11-27,Completed,Multan
ORD-000724,CUST-00739,2024-11-27,Completed,Faisalabad
ORD-000725,CUST-00060,2024-11-27,Completed,Karachi
ORD-000726,CUST-00966,2024-11-27,Completed,Karachi
ORD-000727,CUST-00440,2024-11-27,Completed,Bahawalpur
ORD-000728,CUST-00278,2024-11-27,Completed,Karachi
ORD-000729,CUST-01483,2024-11-27,Returned,Rahim Yar Khan
ORD-000730,CUST-00239,2024-11-27,Completed,Faisalabad
ORD-000731,CUST-00777,2024-11-28,Completed,Hyderabad
ORD-000732,CUST-00236,2024-11-28,Completed,Karachi
ORD-000733,CUST-00264,2024-11-28,Completed,Peshawar
ORD-000734,CUST-01083,2024-11-28,Completed,Rawalpindi
ORD-000735,CUST-01393,2024-11-28,Cancelled,Peshawar
ORD-000736,CUST-00702,2024-11-28,Pending,Bahawalpur
ORD-000737,CUST-01074,2024-11-28,Completed,Lahore
ORD-000738,CUST-01433,2024-11-28,Pending,Bahawalpur
ORD-000739,CUST-00205,2024-11-28,Completed,Sukkur
ORD-000740,CUST-01224,2024-11-28,Completed,Peshawar
ORD-000741,CUST-01144,2024-11-28,Completed,Faisalabad
ORD-000742,CUST-01413,2024-11-28,Completed,Hyderabad
ORD-000743,CUST-00380,2024-11-28,Returned,Sialkot
ORD-000744,CUST-00345,2024-11-28,Completed,Rahim Yar Khan
ORD-000745,CUST-00960,2024-11-28,Completed,Lahore
ORD-000746,CUST-01171,2024-11-29,Completed,Lahore
ORD-000747,CUST-00263,2024-11-29,Completed,Abbottabad
ORD-000748,CUST-01282,2024-11-29,Pending,Islamabad
ORD-000749,CUST-00571,2024-11-29,Returned,Sukkur
ORD-000750,CUST-01231,2024-11-29,Completed,Bahawalpur
ORD-000751,CUST-00810,2024-11-29,Completed,Peshawar
ORD-000752,CUST-00731,2024-11-29,Completed,Sukkur
ORD-000753,CUST-01390,2024-11-29,Completed,Islamabad
ORD-000754,CUST-01409,2024-11-29,Cancelled,Islamabad
ORD-000755,CUST-00246,2024-11-29,Cancelled,Islamabad
ORD-000756,CUST-00066,2024-11-29,Completed,Islamabad
ORD-000757,CUST-00959,2024-11-29,Completed,Rawalpindi
ORD-000758,CUST-01343,2024-11-29,Completed,Faisalabad
ORD-000759,CUST-00867,2024-11-29,Completed,Lahore
ORD-000760,CUST-00468,2024-11-29,Completed,Islamabad
ORD-000761,CUST-00687,2024-11-29,Completed,Karachi
ORD-000762,CUST-00254,2024-11-30,Cancelled,Quetta
ORD-000763,CUST-00862,2024-11-30,Completed,Peshawar
ORD-000764,CUST-00444,2024-11-30,Pending,Karachi
ORD-000765,CUST-00169,2024-11-30,Completed,Multan
ORD-000766,CUST-00392,2024-11-30,Pending,Rawalpindi
ORD-000767,CUST-00568,2024-11-30,Completed,Rawalpindi
ORD-000768,CUST-00032,2024-11-30,Completed,Faisalabad
ORD-000769,CUST-00684,2024-11-30,Completed,Sialkot
ORD-000770,CUST-00673,2024-11-30,Returned,Sialkot
ORD-000771,CUST-00355,2024-11-30,Completed,Karachi
ORD-000772,CUST-01292,2024-11-30,Cancelled,Lahore
ORD-000773,CUST-00289,2024-11-30,Completed,Karachi
ORD-000774,CUST-01428,2024-11-30,Pending,Islamabad
ORD-000775,CUST-00931,2024-11-30,Returned,Lahore
ORD-000776,CUST-00030,2024-11-30,Completed,Rahim Yar Khan
ORD-000777,CUST-00477,2024-11-30,Completed,Rawalpindi
ORD-000778,CUST-01374,2024-12-01,Completed,Faisalabad
ORD-000779,CUST-00499,2024-12-01,Completed,Sialkot
ORD-000780,CUST-01058,2024-12-01,Completed,Lahore
ORD-000781,CUST-00660,2024-12-01,Completed,Islamabad
ORD-000782,CUST-00784,2024-12-01,Completed,Hyderabad
ORD-000783,CUST-00028,2024-12-01,Completed,Rawalpindi
ORD-000784,CUST-00879,2024-12-01,Completed,Lahore
ORD-000785,CUST-01051,2024-12-01,Completed,Lahore
ORD-000786,CUST-00750,2024-12-02,Cancelled,Bahawalpur
ORD-000787,CUST-01136,2024-12-02,Completed,Karachi
ORD-000788,CUST-00062,2024-12-02,Pending,Multan
ORD-000789,CUST-00582,2024-12-02,Completed,Karachi
ORD-000790,CUST-01358,2024-12-02,Completed,Lahore
ORD-000791,CUST-01078,2024-12-02,Completed,Bahawalpur
ORD-000792,CUST-00872,2024-12-02,Completed,Karachi
ORD-000793,CUST-00147,2024-12-02,Completed,Karachi
ORD-000794,CUST-00476,2024-12-02,Completed,Hyderabad
ORD-000795,CUST-00052,2024-12-02,Completed,Faisalabad
ORD-000796,CUST-00586,2024-12-02,Cancelled,Lahore
ORD-000797,CUST-00734,2024-12-02,Completed,Lahore
ORD-000798,CUST-00944,2024-12-02,Completed,Islamabad
ORD-000799,CUST-00024,2024-12-02,Pending,Peshawar
ORD-000800,CUST-01089,2024-12-02,Completed,Rawalpindi
ORD-000801,CUST-00211,2024-12-02,Completed,Lahore
ORD-000802,CUST-00217,2024-12-02,Completed,Multan
ORD-000803,CUST-00501,2024-12-03,Completed,Karachi
ORD-000804,CUST-00308,2024-12-03,Pending,Karachi
ORD-000805,CUST-00217,2024-12-03,Completed,Multan
ORD-000806,CUST-00758,2024-12-03,Returned,Sargodha
ORD-000807,CUST-01296,2024-12-03,Cancelled,Islamabad
ORD-000808,CUST-00677,2024-12-03,Completed,Karachi
ORD-000809,CUST-00440,2024-12-03,Completed,Bahawalpur
ORD-000810,CUST-00353,2024-12-03,Returned,Karachi
ORD-000811,CUST-00270,2024-12-03,Completed,Sukkur
ORD-000812,CUST-00259,2024-12-03,Completed,Sialkot
ORD-000813,CUST-00915,2024-12-03,Completed,Lahore
ORD-000814,CUST-01427,2024-12-03,Completed,Gujranwala
ORD-000815,CUST-00712,2024-12-03,Completed,Gujranwala
ORD-000816,CUST-00021,2024-12-03,Completed,Karachi
ORD-000817,CUST-01323,2024-12-03,Completed,Karachi
ORD-000818,CUST-01249,2024-12-04,Pending,Faisalabad
ORD-000819,CUST-00866,2024-12-04,Completed,Rawalpindi
ORD-000820,CUST-00267,2024-12-04,Completed,Faisalabad
ORD-000821,CUST-00920,2024-12-04,Cancelled,Faisalabad
ORD-000822,CUST-00962,2024-12-04,Cancelled,Karachi
ORD-000823,CUST-01338,2024-12-04,Completed,Karachi
ORD-000824,CUST-00015,2024-12-04,Completed,Islamabad
ORD-000825,CUST-00416,2024-12-05,Completed,Karachi
ORD-000826,CUST-00187,2024-12-05,Returned,Karachi
ORD-000827,CUST-00760,2024-12-05,Completed,Rawalpindi
ORD-000828,CUST-00401,2024-12-05,Completed,Peshawar
ORD-000829,CUST-01286,2024-12-05,Completed,Karachi
ORD-000830,CUST-00812,2024-12-05,Completed,Abbottabad
ORD-000831,CUST-00983,2024-12-05,Completed,Gujranwala
ORD-000832,CUST-00061,2024-12-05,Completed,Islamabad
ORD-000833,CUST-00933,2024-12-05,Completed,Islamabad
ORD-000834,CUST-00289,2024-12-05,Cancelled,Karachi
ORD-000835,CUST-00088,2024-12-05,Completed,Lahore
ORD-000836,CUST-00240,2024-12-05,Completed,Peshawar
ORD-000837,CUST-01107,2024-12-05,Completed,Sukkur
ORD-000838,CUST-01281,2024-12-06,Completed,Quetta
ORD-000839,CUST-01416,2024-12-06,Completed,Gujranwala
ORD-000840,CUST-00254,2024-12-06,Completed,Karachi
ORD-000841,CUST-00860,2024-12-06,Completed,Islamabad
ORD-000842,CUST-00492,2024-12-06,Completed,Sukkur
ORD-000843,CUST-01149,2024-12-06,Completed,Islamabad
ORD-000844,CUST-00688,2024-12-06,Pending,Karachi
ORD-000845,CUST-00290,2024-12-06,Completed,Sukkur
ORD-000846,CUST-01473,2024-12-06,Pending,Rawalpindi
ORD-000847,CUST-00067,2024-12-06,Completed,Rawalpindi
ORD-000848,CUST-00938,2024-12-06,Completed,Karachi
ORD-000849,CUST-00293,2024-12-06,Completed,Islamabad
ORD-000850,CUST-00339,2024-12-06,Returned,Rawalpindi
ORD-000851,CUST-00979,2024-12-06,Pending,Bahawalpur
ORD-000852,CUST-01226,2024-12-06,Completed,Lahore
ORD-000853,CUST-00551,2024-12-06,Completed,Hyderabad
ORD-000854,CUST-00913,2024-12-06,Pending,Lahore
ORD-000855,CUST-01366,2024-12-06,Completed,Rahim Yar Khan
ORD-000856,CUST-00060,2024-12-06,Completed,Karachi
ORD-000857,CUST-00782,2024-12-06,Completed,Karachi
ORD-000858,CUST-00986,2024-12-06,Completed,Karachi
ORD-000859,CUST-01449,2024-12-06,Completed,Karachi
ORD-000860,CUST-01078,2024-12-06,Completed,Faisalabad
ORD-000861,CUST-01023,2024-12-06,Completed,Rawalpindi
ORD-000862,CUST-00822,2024-12-07,Completed,Abbottabad
ORD-000863,CUST-00598,2024-12-07,Cancelled,Sukkur
ORD-000864,CUST-00116,2024-12-07,Completed,Karachi
ORD-000865,CUST-00618,2024-12-08,Cancelled,Faisalabad
ORD-000866,CUST-00819,2024-12-08,Completed,Peshawar
ORD-000867,CUST-00896,2024-12-08,Completed,Sargodha
ORD-000868,CUST-01131,2024-12-08,Completed,Lahore
ORD-000869,CUST-00166,2024-12-08,Completed,Mardan
ORD-000870,CUST-01257,2024-12-08,Completed,Lahore
ORD-000871,CUST-00024,2024-12-08,Completed,Rawalpindi
ORD-000872,CUST-00812,2024-12-09,Completed,Abbottabad
ORD-000873,CUST-00853,2024-12-09,Completed,Quetta
ORD-000874,CUST-00316,2024-12-09,Completed,Karachi
ORD-000875,CUST-00856,2024-12-09,Completed,Karachi
ORD-000876,CUST-00880,2024-12-09,Completed,Lahore
ORD-000877,CUST-00556,2024-12-09,Completed,Islamabad
ORD-000878,CUST-01361,2024-12-09,Completed,Bahawalpur
ORD-000879,CUST-01049,2024-12-09,Completed,Gujranwala
ORD-000880,CUST-01282,2024-12-10,Completed,Islamabad
ORD-000881,CUST-00248,2024-12-10,Completed,Lahore
ORD-000882,CUST-00575,2024-12-10,Completed,Karachi
ORD-000883,CUST-01473,2024-12-10,Pending,Rawalpindi
ORD-000884,CUST-00332,2024-12-10,Completed,Lahore
ORD-000885,CUST-00248,2024-12-10,Completed,Lahore
ORD-000886,CUST-01083,2024-12-10,Returned,Rawalpindi
ORD-000887,CUST-00164,2024-12-10,Returned,Lahore
ORD-000888,CUST-00714,2024-12-10,Completed,Lahore
ORD-000889,CUST-00099,2024-12-10,Completed,Karachi
ORD-000890,CUST-00029,2024-12-10,Completed,Lahore
ORD-000891,CUST-01031,2024-12-10,Completed,Karachi
ORD-000892,CUST-00266,2024-12-10,Completed,Faisalabad
ORD-000893,CUST-00039,2024-12-10,Completed,Islamabad
ORD-000894,CUST-01355,2024-12-10,Completed,Islamabad
ORD-000895,CUST-01103,2024-12-10,Completed,Karachi
ORD-000896,CUST-01098,2024-12-10,Completed,Mardan
ORD-000897,CUST-01266,2024-12-10,Completed,Lahore
ORD-000898,CUST-01000,2024-12-10,Completed,Karachi
ORD-000899,CUST-00656,2024-12-11,Completed,Sialkot
ORD-000900,CUST-01457,2024-12-11,Completed,Mardan
ORD-000901,CUST-00658,2024-12-11,Returned,Lahore
ORD-000902,CUST-00248,2024-12-11,Completed,Lahore
ORD-000903,CUST-00238,2024-12-11,Returned,Bahawalpur
ORD-000904,CUST-01329,2024-12-11,Completed,Multan
ORD-000905,CUST-01052,2024-12-11,Completed,Faisalabad
ORD-000906,CUST-01303,2024-12-11,Completed,Lahore
ORD-000907,CUST-00695,2024-12-11,Cancelled,Rawalpindi
ORD-000908,CUST-00434,2024-12-11,Completed,Lahore
ORD-000909,CUST-01472,2024-12-11,Completed,Bahawalpur
ORD-000910,CUST-00164,2024-12-11,Completed,Lahore
ORD-000911,CUST-00519,2024-12-12,Completed,Faisalabad
ORD-000912,CUST-01058,2024-12-12,Completed,Lahore
ORD-000913,CUST-01491,2024-12-12,Completed,Karachi
ORD-000914,CUST-01343,2024-12-12,Completed,Faisalabad
ORD-000915,CUST-00061,2024-12-12,Completed,Lahore
ORD-000916,CUST-00218,2024-12-12,Cancelled,Faisalabad
ORD-000917,CUST-01125,2024-12-12,Completed,Quetta
ORD-000918,CUST-00097,2024-12-12,Completed,Lahore
ORD-000919,CUST-01104,2024-12-12,Completed,Rawalpindi
ORD-000920,CUST-00571,2024-12-12,Pending,Sukkur
ORD-000921,CUST-00264,2024-12-12,Completed,Peshawar
ORD-000922,CUST-00142,2024-12-12,Completed,Sialkot
ORD-000923,CUST-00927,2024-12-12,Completed,Multan
ORD-000924,CUST-00546,2024-12-12,Completed,Islamabad
ORD-000925,CUST-00159,2024-12-12,Completed,Faisalabad
ORD-000926,CUST-01214,2024-12-12,Completed,Karachi
ORD-000927,CUST-01369,2024-12-12,Returned,Faisalabad
ORD-000928,CUST-00042,2024-12-12,Pending,Gujranwala
ORD-000929,CUST-00708,2024-12-12,Completed,Karachi
ORD-000930,CUST-01107,2024-12-12,Completed,Sukkur
ORD-000931,CUST-00254,2024-12-12,Pending,Karachi
ORD-000932,CUST-00884,2024-12-13,Completed,Hyderabad
ORD-000933,CUST-00077,2024-12-13,Completed,Abbottabad
ORD-000934,CUST-00388,2024-12-13,Completed,Lahore
ORD-000935,CUST-00451,2024-12-13,Completed,Faisalabad
ORD-000936,CUST-01290,2024-12-13,Completed,Rawalpindi
ORD-000937,CUST-00442,2024-12-13,Completed,Bahawalpur
ORD-000938,CUST-00615,2024-12-13,Cancelled,Gujranwala
ORD-000939,CUST-00029,2024-12-13,Returned,Lahore
ORD-000940,CUST-00801,2024-12-13,Completed,Peshawar
ORD-000941,CUST-00804,2024-12-13,Completed,Rawalpindi
ORD-000942,CUST-00621,2024-12-13,Pending,Peshawar
ORD-000943,CUST-00574,2024-12-13,Completed,Hyderabad
ORD-000944,CUST-00009,2024-12-13,Completed,Peshawar
ORD-000945,CUST-01478,2024-12-13,Completed,Sahiwal
ORD-000946,CUST-00273,2024-12-13,Completed,Karachi
ORD-000947,CUST-00210,2024-12-13,Completed,Multan
ORD-000948,CUST-00931,2024-12-13,Completed,Multan
ORD-000949,CUST-01301,2024-12-13,Completed,Mirpur Khas
ORD-000950,CUST-00559,2024-12-13,Completed,Faisalabad
ORD-000951,CUST-00798,2024-12-13,Completed,Rawalpindi
ORD-000952,CUST-01299,2024-12-14,Completed,Quetta
ORD-000953,CUST-01399,2024-12-14,Completed,Karachi
ORD-000954,CUST-01370,2024-12-14,Completed,Karachi
ORD-000955,CUST-00562,2024-12-14,Completed,Rawalpindi
ORD-000956,CUST-00743,2024-12-14,Pending,Rawalpindi
ORD-000957,CUST-00902,2024-12-14,Returned,Lahore
ORD-000958,CUST-00302,2024-12-14,Completed,Faisalabad
ORD-000959,CUST-00135,2024-12-14,Cancelled,Lahore
ORD-000960,CUST-00892,2024-12-14,Completed,Karachi
ORD-000961,CUST-00230,2024-12-14,Completed,Lahore
ORD-000962,CUST-00924,2024-12-14,Completed,Peshawar
ORD-000963,CUST-00926,2024-12-14,Completed,Lahore
ORD-000964,CUST-01094,2024-12-14,Pending,Faisalabad
ORD-000965,CUST-00243,2024-12-15,Completed,Hyderabad
ORD-000966,CUST-00815,2024-12-15,Completed,Sialkot
ORD-000967,CUST-00694,2024-12-15,Completed,Gujranwala
ORD-000968,CUST-01181,2024-12-15,Completed,Rawalpindi
ORD-000969,CUST-00879,2024-12-15,Completed,Lahore
ORD-000970,CUST-00086,2024-12-15,Completed,Karachi
ORD-000971,CUST-01158,2024-12-15,Completed,Karachi
ORD-000972,CUST-00863,2024-12-15,Completed,Lahore
ORD-000973,CUST-00367,2024-12-15,Cancelled,Sahiwal
ORD-000974,CUST-00490,2024-12-16,Completed,Lahore
ORD-000975,CUST-01402,2024-12-16,Completed,Rawalpindi
ORD-000976,CUST-00661,2024-12-16,Completed,Lahore
ORD-000977,CUST-00790,2024-12-16,Completed,Faisalabad
ORD-000978,CUST-00944,2024-12-16,Completed,Karachi
ORD-000979,CUST-00266,2024-12-16,Pending,Faisalabad
ORD-000980,CUST-01498,2024-12-16,Pending,Karachi
ORD-000981,CUST-00018,2024-12-16,Completed,Gujranwala
ORD-000982,CUST-01075,2024-12-16,Completed,Gujranwala
ORD-000983,CUST-00212,2024-12-16,Completed,Mirpur Khas
ORD-000984,CUST-01083,2024-12-16,Completed,Rawalpindi
ORD-000985,CUST-00816,2024-12-16,Completed,Lahore
ORD-000986,CUST-01131,2024-12-16,Completed,Lahore
ORD-000987,CUST-00178,2024-12-16,Completed,Peshawar
ORD-000988,CUST-00868,2024-12-16,Completed,Lahore
ORD-000989,CUST-00578,2024-12-16,Completed,Rawalpindi
ORD-000990,CUST-01316,2024-12-16,Completed,Faisalabad
ORD-000991,CUST-00002,2024-12-16,Completed,Islamabad
ORD-000992,CUST-00963,2024-12-17,Completed,Islamabad
ORD-000993,CUST-00579,2024-12-17,Completed,Quetta
ORD-000994,CUST-01216,2024-12-17,Completed,Sukkur
ORD-000995,CUST-00632,2024-12-17,Completed,Hyderabad
ORD-000996,CUST-01224,2024-12-17,Completed,Peshawar
ORD-000997,CUST-01439,2024-12-17,Completed,Rawalpindi
ORD-000998,CUST-01207,2024-12-17,Returned,Lahore
ORD-000999,CUST-00558,2024-12-17,Completed,Rawalpindi
ORD-001000,CUST-00030,2024-12-17,Cancelled,Rahim Yar Khan
ORD-001001,CUST-01113,2024-12-17,Completed,Sialkot
ORD-001002,CUST-01484,2024-12-17,Completed,Lahore
ORD-001003,CUST-01197,2024-12-17,Completed,Multan
ORD-001004,CUST-01452,2024-12-17,Completed,Rawalpindi
ORD-001005,CUST-00342,2024-12-17,Completed,Rawalpindi
ORD-001006,CUST-00657,2024-12-17,Completed,Faisalabad
ORD-001007,CUST-00627,2024-12-17,Completed,Sialkot
ORD-001008,CUST-00266,2024-12-18,Pending,Faisalabad
ORD-001009,CUST-00228,2024-12-18,Completed,Peshawar
ORD-001010,CUST-00045,2024-12-18,Completed,Karachi
ORD-001011,CUST-00749,2024-12-18,Completed,Lahore
ORD-001012,CUST-00302,2024-12-18,Completed,Peshawar
ORD-001013,CUST-01299,2024-12-18,Completed,Rawalpindi
ORD-001014,CUST-01290,2024-12-18,Completed,Sialkot
ORD-001015,CUST-00345,2024-12-18,Cancelled,Rahim Yar Khan
ORD-001016,CUST-00867,2024-12-18,Completed,Lahore
ORD-001017,CUST-00497,2024-12-18,Completed,Karachi
ORD-001018,CUST-01448,2024-12-18,Completed,Karachi
ORD-001019,CUST-00493,2024-12-18,Returned,Islamabad
ORD-001020,CUST-00600,2024-12-18,Completed,Sahiwal
ORD-001021,CUST-01477,2024-12-18,Completed,Multan
ORD-001022,CUST-00553,2024-12-19,Completed,Faisalabad
ORD-001023,CUST-01220,2024-12-19,Completed,Lahore
ORD-001024,CUST-00951,2024-12-19,Completed,Islamabad
ORD-001025,CUST-00481,2024-12-19,Pending,Peshawar
ORD-001026,CUST-01342,2024-12-19,Completed,Lahore
ORD-001027,CUST-00729,2024-12-19,Completed,Bahawalpur
ORD-001028,CUST-00641,2024-12-19,Completed,Rawalpindi
ORD-001029,CUST-01489,2024-12-19,Completed,Karachi
ORD-001030,CUST-00787,2024-12-19,Completed,Karachi
ORD-001031,CUST-01146,2024-12-19,Completed,Lahore
ORD-001032,CUST-01364,2024-12-19,Completed,Karachi
ORD-001033,CUST-01270,2024-12-19,Completed,Multan
ORD-001034,CUST-00139,2024-12-19,Completed,Islamabad
ORD-001035,CUST-00232,2024-12-20,Returned,Rawalpindi
ORD-001036,CUST-00694,2024-12-20,Completed,Gujranwala
ORD-001037,CUST-01020,2024-12-20,Completed,Karachi
ORD-001038,CUST-00168,2024-12-20,Pending,Hyderabad
ORD-001039,CUST-01282,2024-12-20,Cancelled,Islamabad
ORD-001040,CUST-00708,2024-12-20,Completed,Lahore
ORD-001041,CUST-01032,2024-12-20,Completed,Karachi
ORD-001042,CUST-00122,2024-12-20,Completed,Lahore
ORD-001043,CUST-00989,2024-12-20,Completed,Lahore
ORD-001044,CUST-00901,2024-12-20,Cancelled,Karachi
ORD-001045,CUST-00793,2024-12-20,Completed,Peshawar
ORD-001046,CUST-00459,2024-12-20,Completed,Lahore
ORD-001047,CUST-00864,2024-12-20,Completed,Lahore
ORD-001048,CUST-00149,2024-12-21,Returned,Lahore
ORD-001049,CUST-01304,2024-12-21,Completed,Quetta
ORD-001050,CUST-01128,2024-12-21,Completed,Lahore
ORD-001051,CUST-01247,2024-12-21,Cancelled,Islamabad
ORD-001052,CUST-01147,2024-12-21,Pending,Lahore
ORD-001053,CUST-00258,2024-12-21,Cancelled,Mirpur Khas
ORD-001054,CUST-00105,2024-12-21,Returned,Gwadar
ORD-001055,CUST-00806,2024-12-21,Returned,Rawalpindi
ORD-001056,CUST-00887,2024-12-21,Completed,Karachi
ORD-001057,CUST-01083,2024-12-21,Completed,Rawalpindi
ORD-001058,CUST-01076,2024-12-21,Completed,Islamabad
ORD-001059,CUST-00977,2024-12-21,Completed,Peshawar
ORD-001060,CUST-01191,2024-12-22,Pending,Lahore
ORD-001061,CUST-00836,2024-12-22,Pending,Rawalpindi
ORD-001062,CUST-01071,2024-12-22,Completed,Karachi
ORD-001063,CUST-00624,2024-12-22,Completed,Karachi
ORD-001064,CUST-01460,2024-12-22,Returned,Bahawalpur
ORD-001065,CUST-00473,2024-12-22,Completed,Islamabad
ORD-001066,CUST-00334,2024-12-22,Pending,Karachi
ORD-001067,CUST-00325,2024-12-22,Completed,Lahore
ORD-001068,CUST-01364,2024-12-22,Completed,Karachi
ORD-001069,CUST-00535,2024-12-22,Cancelled,Multan
ORD-001070,CUST-01250,2024-12-22,Completed,Lahore
ORD-001071,CUST-01416,2024-12-22,Completed,Abbottabad
ORD-001072,CUST-00751,2024-12-23,Completed,Karachi
ORD-001073,CUST-00420,2024-12-23,Completed,Karachi
ORD-001074,CUST-00542,2024-12-23,Pending,Islamabad
ORD-001075,CUST-01033,2024-12-23,Completed,Faisalabad
ORD-001076,CUST-01230,2024-12-23,Completed,Islamabad
ORD-001077,CUST-01393,2024-12-23,Cancelled,Karachi
ORD-001078,CUST-00086,2024-12-23,Cancelled,Karachi
ORD-001079,CUST-00225,2024-12-23,Completed,Lahore
ORD-001080,CUST-00422,2024-12-23,Completed,Sialkot
ORD-001081,CUST-00648,2024-12-23,Completed,Lahore
ORD-001082,CUST-00850,2024-12-23,Completed,Quetta
ORD-001083,CUST-00752,2024-12-23,Completed,Rawalpindi
ORD-001084,CUST-01487,2024-12-23,Returned,Karachi
ORD-001085,CUST-00290,2024-12-23,Completed,Sukkur
ORD-001086,CUST-00319,2024-12-23,Completed,Sukkur
ORD-001087,CUST-01301,2024-12-24,Completed,Mirpur Khas
ORD-001088,CUST-01330,2024-12-24,Returned,Lahore
ORD-001089,CUST-01317,2024-12-24,Completed,Lahore
ORD-001090,CUST-01117,2024-12-24,Completed,Islamabad
ORD-001091,CUST-00064,2024-12-24,Pending,Bahawalpur
ORD-001092,CUST-01340,2024-12-24,Returned,Sukkur
ORD-001093,CUST-01129,2024-12-24,Cancelled,Rawalpindi
ORD-001094,CUST-01478,2024-12-24,Completed,Sahiwal
ORD-001095,CUST-01136,2024-12-24,Completed,Karachi
ORD-001096,CUST-01020,2024-12-24,Completed,Karachi
ORD-001097,CUST-01359,2024-12-24,Pending,Faisalabad
ORD-001098,CUST-00419,2024-12-24,Returned,Lahore
ORD-001099,CUST-01256,2024-12-25,Completed,Karachi
ORD-001100,CUST-00272,2024-12-25,Completed,Quetta
ORD-001101,CUST-00436,2024-12-25,Completed,Peshawar
ORD-001102,CUST-01307,2024-12-25,Completed,Karachi
ORD-001103,CUST-01270,2024-12-25,Completed,Peshawar
ORD-001104,CUST-00751,2024-12-25,Completed,Rawalpindi
ORD-001105,CUST-00819,2024-12-25,Completed,Karachi
ORD-001106,CUST-00705,2024-12-25,Completed,Rawalpindi
ORD-001107,CUST-00063,2024-12-25,Completed,Lahore
ORD-001108,CUST-00359,2024-12-25,Completed,Rawalpindi
ORD-001109,CUST-00767,2024-12-25,Completed,Hyderabad
ORD-001110,CUST-01224,2024-12-25,Cancelled,Peshawar
ORD-001111,CUST-00394,2024-12-25,Completed,Lahore
ORD-001112,CUST-00558,2024-12-26,Completed,Rawalpindi
ORD-001113,CUST-00026,2024-12-26,Completed,Karachi
ORD-001114,CUST-00551,2024-12-26,Completed,Hyderabad
ORD-001115,CUST-01100,2024-12-26,Completed,Rawalpindi
ORD-001116,CUST-01047,2024-12-26,Completed,Sukkur
ORD-001117,CUST-00481,2024-12-26,Cancelled,Peshawar
ORD-001118,CUST-00143,2024-12-26,Completed,Hyderabad
ORD-001119,CUST-01294,2024-12-26,Completed,Sargodha
ORD-001120,CUST-00196,2024-12-26,Completed,Sahiwal
ORD-001121,CUST-01475,2024-12-26,Completed,Rawalpindi
ORD-001122,CUST-01437,2024-12-26,Completed,Karachi
ORD-001123,CUST-01443,2024-12-26,Completed,Faisalabad
ORD-001124,CUST-00214,2024-12-26,Cancelled,Islamabad
ORD-001125,CUST-01294,2024-12-26,Completed,Sargodha
ORD-001126,CUST-01290,2024-12-26,Completed,Rawalpindi
ORD-001127,CUST-00395,2024-12-27,Cancelled,Islamabad
ORD-001128,CUST-01176,2024-12-27,Completed,Faisalabad
ORD-001129,CUST-00917,2024-12-27,Completed,Sukkur
ORD-001130,CUST-01294,2024-12-27,Completed,Sargodha
ORD-001131,CUST-00175,2024-12-27,Completed,Faisalabad
ORD-001132,CUST-00843,2024-12-27,Completed,Sialkot
ORD-001133,CUST-00747,2024-12-27,Completed,Gujranwala
ORD-001134,CUST-01282,2024-12-27,Cancelled,Islamabad
ORD-001135,CUST-00239,2024-12-27,Completed,Faisalabad
ORD-001136,CUST-00788,2024-12-27,Returned,Hyderabad
ORD-001137,CUST-00436,2024-12-27,Completed,Peshawar
ORD-001138,CUST-00135,2024-12-27,Completed,Lahore
ORD-001139,CUST-00408,2024-12-27,Completed,Karachi
ORD-001140,CUST-00011,2024-12-27,Completed,Rawalpindi
ORD-001141,CUST-00882,2024-12-27,Returned,Lahore
ORD-001142,CUST-00964,2024-12-27,Completed,Lahore
ORD-001143,CUST-00615,2024-12-27,Completed,Islamabad
ORD-001144,CUST-01448,2024-12-27,Completed,Karachi
ORD-001145,CUST-01270,2024-12-28,Completed,Peshawar
ORD-001146,CUST-01346,2024-12-28,Completed,Lahore
ORD-001147,CUST-01023,2024-12-28,Completed,Quetta
ORD-001148,CUST-00751,2024-12-28,Completed,Karachi
ORD-001149,CUST-01353,2024-12-28,Completed,Lahore
ORD-001150,CUST-00800,2024-12-28,Completed,Multan
ORD-001151,CUST-00601,2024-12-28,Completed,Islamabad
ORD-001152,CUST-00752,2024-12-28,Completed,Rawalpindi
ORD-001153,CUST-00114,2024-12-28,Completed,Rawalpindi
ORD-001154,CUST-00660,2024-12-28,Completed,Islamabad
ORD-001155,CUST-00221,2024-12-28,Returned,Karachi
ORD-001156,CUST-01235,2024-12-28,Completed,Rawalpindi
ORD-001157,CUST-01329,2024-12-28,Completed,Multan
ORD-001158,CUST-01364,2024-12-29,Completed,Karachi
ORD-001159,CUST-01361,2024-12-29,Completed,Faisalabad
ORD-001160,CUST-00450,2024-12-29,Pending,Bahawalpur
ORD-001161,CUST-00704,2024-12-29,Completed,Lahore
ORD-001162,CUST-00882,2024-12-29,Completed,Lahore
ORD-001163,CUST-01395,2024-12-29,Completed,Islamabad
ORD-001164,CUST-00175,2024-12-29,Completed,Hyderabad
ORD-001165,CUST-01384,2024-12-29,Pending,Islamabad
ORD-001166,CUST-00902,2024-12-29,Completed,Lahore
ORD-001167,CUST-01063,2024-12-29,Completed,Lahore
ORD-001168,CUST-00091,2024-12-29,Completed,Gujranwala
ORD-001169,CUST-00515,2024-12-29,Returned,Islamabad
ORD-001170,CUST-01321,2024-12-29,Completed,Islamabad
ORD-001171,CUST-01310,2024-12-29,Returned,Quetta
ORD-001172,CUST-00837,2024-12-29,Completed,Rawalpindi
ORD-001173,CUST-00062,2024-12-29,Completed,Gujranwala
ORD-001174,CUST-00721,2024-12-29,Completed,Islamabad
ORD-001175,CUST-00447,2024-12-29,Completed,Lahore
ORD-001176,CUST-00005,2024-12-30,Completed,Faisalabad
ORD-001177,CUST-01290,2024-12-30,Completed,Rawalpindi
ORD-001178,CUST-00074,2024-12-30,Completed,Sialkot
ORD-001179,CUST-00882,2024-12-30,Completed,Karachi
ORD-001180,CUST-01329,2024-12-30,Completed,Multan
ORD-001181,CUST-00374,2024-12-30,Completed,Karachi
ORD-001182,CUST-00929,2024-12-30,Completed,Karachi
ORD-001183,CUST-01064,2024-12-30,Pending,Lahore
ORD-001184,CUST-01224,2024-12-30,Pending,Faisalabad
ORD-001185,CUST-00131,2024-12-30,Completed,Hyderabad
ORD-001186,CUST-00209,2024-12-30,Completed,Rawalpindi
ORD-001187,CUST-00780,2024-12-31,Pending,Lahore
ORD-001188,CUST-00468,2024-12-31,Completed,Islamabad
ORD-001189,CUST-01256,2024-12-31,Completed,Karachi
ORD-001190,CUST-00074,2024-12-31,Completed,Sialkot
ORD-001191,CUST-00237,2024-12-31,Completed,Lahore
ORD-001192,CUST-00475,2024-12-31,Pending,Bahawalpur
ORD-001193,CUST-01111,2024-12-31,Completed,Karachi
ORD-001194,CUST-00006,2024-12-31,Completed,Sargodha
ORD-001195,CUST-01393,2024-12-31,Completed,Peshawar
ORD-001196,CUST-00262,2024-12-31,Cancelled,Sahiwal
ORD-001197,CUST-00860,2024-12-31,Completed,Lahore
ORD-001198,CUST-00101,2024-12-31,Completed,Sukkur
ORD-001199,CUST-00253,2024-12-31,Completed,Lahore
ORD-001200,CUST-00971,2025-01-01,Returned,Lahore
ORD-001201,CUST-00193,2025-01-01,Pending,Karachi
ORD-001202,CUST-00665,2025-01-01,Pending,Lahore
ORD-001203,CUST-00651,2025-01-01,Completed,Karachi
ORD-001204,CUST-01465,2025-01-01,Completed,Quetta
ORD-001205,CUST-01235,2025-01-01,Completed,Rawalpindi
ORD-001206,CUST-00223,2025-01-01,Cancelled,Peshawar
ORD-001207,CUST-00612,2025-01-01,Completed,Sargodha
ORD-001208,CUST-00878,2025-01-01,Completed,Rawalpindi
ORD-001209,CUST-00552,2025-01-01,Completed,Multan
ORD-001210,CUST-00210,2025-01-01,Completed,Peshawar
ORD-001211,CUST-00073,2025-01-02,Completed,Rahim Yar Khan
ORD-001212,CUST-00273,2025-01-02,Completed,Karachi
ORD-001213,CUST-00988,2025-01-02,Pending,Lahore
ORD-001214,CUST-01361,2025-01-02,Completed,Bahawalpur
ORD-001215,CUST-00801,2025-01-02,Returned,Peshawar
ORD-001216,CUST-00961,2025-01-02,Completed,Islamabad
ORD-001217,CUST-00088,2025-01-02,Completed,Faisalabad
ORD-001218,CUST-00931,2025-01-02,Completed,Multan
ORD-001219,CUST-00211,2025-01-02,Completed,Sargodha
ORD-001220,CUST-00723,2025-01-02,Completed,Mirpur Khas
ORD-001221,CUST-01113,2025-01-02,Completed,Sialkot
ORD-001222,CUST-00906,2025-01-02,Completed,Karachi
ORD-001223,CUST-00952,2025-01-02,Completed,Bahawalpur
ORD-001224,CUST-00605,2025-01-02,Completed,Karachi
ORD-001225,CUST-01425,2025-01-03,Pending,Lahore
ORD-001226,CUST-00607,2025-01-03,Completed,Peshawar
ORD-001227,CUST-00944,2025-01-03,Completed,Karachi
ORD-001228,CUST-00292,2025-01-03,Pending,Karachi
ORD-001229,CUST-00909,2025-01-03,Completed,Karachi
ORD-001230,CUST-00892,2025-01-03,Completed,Karachi
ORD-001231,CUST-00878,2025-01-03,Completed,Rawalpindi
ORD-001232,CUST-00868,2025-01-03,Completed,Lahore
ORD-001233,CUST-00623,2025-01-03,Completed,Mirpur Khas
ORD-001234,CUST-00848,2025-01-03,Completed,Quetta
ORD-001235,CUST-00825,2025-01-03,Pending,Lahore
ORD-001236,CUST-00772,2025-01-03,Cancelled,Rahim Yar Khan
ORD-001237,CUST-00747,2025-01-03,Completed,Gujranwala
ORD-001238,CUST-00627,2025-01-03,Cancelled,Sialkot
ORD-001239,CUST-00358,2025-01-04,Cancelled,Multan
ORD-001240,CUST-00994,2025-01-04,Completed,Peshawar
ORD-001241,CUST-00858,2025-01-04,Completed,Sukkur
ORD-001242,CUST-00659,2025-01-04,Completed,Karachi
ORD-001243,CUST-00307,2025-01-04,Completed,Lahore
ORD-001244,CUST-00425,2025-01-04,Returned,Karachi
ORD-001245,CUST-00685,2025-01-04,Completed,Karachi
ORD-001246,CUST-00671,2025-01-04,Completed,Lahore
ORD-001247,CUST-00263,2025-01-04,Pending,Abbottabad
ORD-001248,CUST-00867,2025-01-04,Returned,Lahore
ORD-001249,CUST-01483,2025-01-04,Returned,Lahore
ORD-001250,CUST-00511,2025-01-04,Completed,Rawalpindi
ORD-001251,CUST-00258,2025-01-04,Completed,Mirpur Khas
ORD-001252,CUST-00399,2025-01-05,Returned,Bahawalpur
ORD-001253,CUST-01480,2025-01-05,Completed,Karachi
ORD-001254,CUST-01032,2025-01-05,Completed,Peshawar
ORD-001255,CUST-01385,2025-01-05,Completed,Abbottabad
ORD-001256,CUST-00491,2025-01-05,Completed,Mardan
ORD-001257,CUST-01270,2025-01-05,Completed,Peshawar
ORD-001258,CUST-01473,2025-01-05,Returned,Rawalpindi
ORD-001259,CUST-00047,2025-01-05,Completed,Rawalpindi
ORD-001260,CUST-00529,2025-01-05,Returned,Peshawar
ORD-001261,CUST-00492,2025-01-05,Returned,Sukkur
ORD-001262,CUST-00625,2025-01-05,Completed,Islamabad
ORD-001263,CUST-01105,2025-01-06,Completed,Peshawar
ORD-001264,CUST-00565,2025-01-06,Pending,Gujranwala
ORD-001265,CUST-01000,2025-01-06,Completed,Karachi
ORD-001266,CUST-00740,2025-01-06,Completed,Hyderabad
ORD-001267,CUST-00529,2025-01-06,Completed,Peshawar
ORD-001268,CUST-00752,2025-01-06,Completed,Rawalpindi
ORD-001269,CUST-00798,2025-01-06,Completed,Rawalpindi
ORD-001270,CUST-00474,2025-01-06,Completed,Karachi
ORD-001271,CUST-00029,2025-01-06,Completed,Lahore
ORD-001272,CUST-01062,2025-01-06,Completed,Lahore
ORD-001273,CUST-01180,2025-01-06,Completed,Lahore
ORD-001274,CUST-00565,2025-01-06,Returned,Gujranwala
ORD-001275,CUST-00230,2025-01-06,Completed,Lahore
ORD-001276,CUST-00894,2025-01-06,Returned,Rawalpindi
ORD-001277,CUST-01194,2025-01-06,Completed,Lahore
ORD-001278,CUST-00568,2025-01-06,Pending,Lahore
ORD-001279,CUST-01154,2025-01-07,Completed,Lahore
ORD-001280,CUST-01220,2025-01-07,Completed,Lahore
ORD-001281,CUST-01058,2025-01-07,Returned,Lahore
ORD-001282,CUST-00159,2025-01-07,Completed,Faisalabad
ORD-001283,CUST-00923,2025-01-07,Completed,Karachi
ORD-001284,CUST-00175,2025-01-07,Returned,Hyderabad
ORD-001285,CUST-00439,2025-01-07,Pending,Karachi
ORD-001286,CUST-00362,2025-01-07,Completed,Sialkot
ORD-001287,CUST-00927,2025-01-07,Pending,Multan
ORD-001288,CUST-00742,2025-01-07,Returned,Rahim Yar Khan
ORD-001289,CUST-00635,2025-01-07,Completed,Abbottabad
ORD-001290,CUST-00986,2025-01-07,Returned,Karachi
ORD-001291,CUST-00459,2025-01-08,Completed,Lahore
ORD-001292,CUST-00043,2025-01-08,Cancelled,Lahore
ORD-001293,CUST-00675,2025-01-08,Completed,Islamabad
ORD-001294,CUST-00742,2025-01-08,Completed,Rahim Yar Khan
ORD-001295,CUST-00699,2025-01-08,Completed,Bahawalpur
ORD-001296,CUST-00159,2025-01-08,Completed,Faisalabad
ORD-001297,CUST-00461,2025-01-08,Completed,Multan
ORD-001298,CUST-00665,2025-01-08,Completed,Gujranwala
ORD-001299,CUST-00558,2025-01-08,Completed,Rawalpindi
ORD-001300,CUST-00758,2025-01-08,Completed,Karachi
ORD-001301,CUST-00164,2025-01-08,Completed,Lahore
ORD-001302,CUST-00774,2025-01-08,Completed,Peshawar
ORD-001303,CUST-01107,2025-01-08,Completed,Sukkur
ORD-001304,CUST-01268,2025-01-08,Pending,Multan
ORD-001305,CUST-00586,2025-01-08,Completed,Sargodha
ORD-001306,CUST-01268,2025-01-08,Completed,Multan
ORD-001307,CUST-01026,2025-01-08,Completed,Mardan
ORD-001308,CUST-01276,2025-01-08,Completed,Karachi
ORD-001309,CUST-00553,2025-01-08,Completed,Faisalabad
ORD-001310,CUST-00352,2025-01-08,Pending,Faisalabad
ORD-001311,CUST-00097,2025-01-08,Completed,Lahore
ORD-001312,CUST-01224,2025-01-08,Completed,Peshawar
ORD-001313,CUST-01235,2025-01-08,Completed,Rawalpindi
ORD-001314,CUST-00239,2025-01-08,Completed,Karachi
ORD-001315,CUST-00821,2025-01-08,Completed,Islamabad
ORD-001316,CUST-01352,2025-01-08,Cancelled,Karachi
ORD-001317,CUST-00029,2025-01-08,Completed,Lahore
ORD-001318,CUST-00851,2025-01-09,Returned,Gujranwala
ORD-001319,CUST-00239,2025-01-09,Completed,Rawalpindi
ORD-001320,CUST-00822,2025-01-09,Completed,Lahore
ORD-001321,CUST-00980,2025-01-09,Completed,Karachi
ORD-001322,CUST-00683,2025-01-09,Cancelled,Abbottabad
ORD-001323,CUST-00999,2025-01-09,Pending,Rahim Yar Khan
ORD-001324,CUST-00625,2025-01-09,Cancelled,Islamabad
ORD-001325,CUST-00363,2025-01-09,Completed,Lahore
ORD-001326,CUST-01004,2025-01-09,Completed,Gwadar
ORD-001327,CUST-01473,2025-01-09,Completed,Rawalpindi
ORD-001328,CUST-01317,2025-01-09,Completed,Lahore
ORD-001329,CUST-01461,2025-01-09,Completed,Faisalabad
ORD-001330,CUST-01458,2025-01-09,Completed,Islamabad
ORD-001331,CUST-01281,2025-01-09,Completed,Quetta
ORD-001332,CUST-01450,2025-01-09,Completed,Peshawar
ORD-001333,CUST-01280,2025-01-10,Completed,Lahore
ORD-001334,CUST-00319,2025-01-10,Completed,Peshawar
ORD-001335,CUST-00579,2025-01-10,Returned,Quetta
ORD-001336,CUST-01154,2025-01-10,Completed,Lahore
ORD-001337,CUST-00034,2025-01-10,Completed,Bahawalpur
ORD-001338,CUST-01032,2025-01-10,Completed,Rawalpindi
ORD-001339,CUST-00184,2025-01-10,Completed,Rawalpindi
ORD-001340,CUST-01383,2025-01-10,Completed,Lahore
ORD-001341,CUST-01046,2025-01-10,Completed,Quetta
ORD-001342,CUST-00133,2025-01-10,Returned,Lahore
ORD-001343,CUST-00584,2025-01-10,Completed,Islamabad
ORD-001344,CUST-00461,2025-01-11,Completed,Karachi
ORD-001345,CUST-01369,2025-01-11,Pending,Faisalabad
ORD-001346,CUST-00413,2025-01-11,Pending,Karachi
ORD-001347,CUST-01490,2025-01-11,Pending,Lahore
ORD-001348,CUST-01274,2025-01-11,Completed,Islamabad
ORD-001349,CUST-00334,2025-01-11,Completed,Karachi
ORD-001350,CUST-00273,2025-01-11,Pending,Karachi
ORD-001351,CUST-00273,2025-01-11,Returned,Karachi
ORD-001352,CUST-00136,2025-01-11,Completed,Lahore
ORD-001353,CUST-00448,2025-01-11,Pending,Rawalpindi
ORD-001354,CUST-00687,2025-01-11,Completed,Karachi
ORD-001355,CUST-00946,2025-01-11,Completed,Peshawar
ORD-001356,CUST-00255,2025-01-11,Completed,Quetta
ORD-001357,CUST-01410,2025-01-11,Pending,Gujranwala
ORD-001358,CUST-00355,2025-01-11,Completed,Karachi
ORD-001359,CUST-01224,2025-01-11,Completed,Peshawar
ORD-001360,CUST-00700,2025-01-11,Completed,Karachi
ORD-001361,CUST-00684,2025-01-12,Completed,Sialkot
ORD-001362,CUST-01416,2025-01-12,Completed,Karachi
ORD-001363,CUST-01006,2025-01-12,Completed,Faisalabad
ORD-001364,CUST-00889,2025-01-12,Completed,Faisalabad
ORD-001365,CUST-01148,2025-01-12,Cancelled,Karachi
ORD-001366,CUST-00267,2025-01-12,Completed,Faisalabad
ORD-001367,CUST-01416,2025-01-12,Completed,Gujranwala
ORD-001368,CUST-00786,2025-01-12,Cancelled,Islamabad
ORD-001369,CUST-00828,2025-01-12,Completed,Islamabad
ORD-001370,CUST-00131,2025-01-12,Completed,Quetta
ORD-001371,CUST-00194,2025-01-12,Completed,Islamabad
ORD-001372,CUST-00561,2025-01-13,Completed,Lahore
ORD-001373,CUST-00438,2025-01-13,Completed,Hyderabad
ORD-001374,CUST-00528,2025-01-13,Completed,Karachi
ORD-001375,CUST-00008,2025-01-13,Completed,Lahore
ORD-001376,CUST-01136,2025-01-13,Returned,Karachi
ORD-001377,CUST-00554,2025-01-13,Completed,Lahore
ORD-001378,CUST-01376,2025-01-13,Completed,Quetta
ORD-001379,CUST-00064,2025-01-13,Completed,Karachi
ORD-001380,CUST-00651,2025-01-13,Completed,Karachi
ORD-001381,CUST-00046,2025-01-13,Completed,Sialkot
ORD-001382,CUST-00789,2025-01-13,Cancelled,Faisalabad
ORD-001383,CUST-00812,2025-01-13,Completed,Abbottabad
ORD-001384,CUST-01225,2025-01-13,Completed,Multan
ORD-001385,CUST-00019,2025-01-13,Pending,Lahore
ORD-001386,CUST-01369,2025-01-13,Pending,Faisalabad
ORD-001387,CUST-01116,2025-01-13,Completed,Karachi
ORD-001388,CUST-00240,2025-01-13,Completed,Peshawar
ORD-001389,CUST-00485,2025-01-13,Completed,Peshawar
ORD-001390,CUST-00243,2025-01-13,Completed,Lahore
ORD-001391,CUST-00740,2025-01-13,Completed,Hyderabad
ORD-001392,CUST-00778,2025-01-14,Returned,Faisalabad
ORD-001393,CUST-01248,2025-01-14,Completed,Karachi
ORD-001394,CUST-01299,2025-01-14,Pending,Quetta
ORD-001395,CUST-01380,2025-01-14,Completed,Karachi
ORD-001396,CUST-01032,2025-01-14,Pending,Rawalpindi
ORD-001397,CUST-00881,2025-01-14,Completed,Sukkur
ORD-001398,CUST-00451,2025-01-14,Completed,Faisalabad
ORD-001399,CUST-00805,2025-01-14,Completed,Quetta
ORD-001400,CUST-00475,2025-01-14,Completed,Bahawalpur
ORD-001401,CUST-00501,2025-01-14,Completed,Karachi
ORD-001402,CUST-00950,2025-01-15,Completed,Islamabad
ORD-001403,CUST-01164,2025-01-15,Completed,Karachi
ORD-001404,CUST-01458,2025-01-15,Completed,Islamabad
ORD-001405,CUST-01113,2025-01-15,Completed,Sialkot
ORD-001406,CUST-00451,2025-01-15,Completed,Abbottabad
ORD-001407,CUST-00400,2025-01-15,Completed,Islamabad
ORD-001408,CUST-00870,2025-01-15,Completed,Lahore
ORD-001409,CUST-01449,2025-01-15,Completed,Karachi
ORD-001410,CUST-01340,2025-01-15,Completed,Sargodha
ORD-001411,CUST-01340,2025-01-16,Completed,Sargodha
ORD-001412,CUST-00499,2025-01-16,Pending,Mardan
ORD-001413,CUST-00926,2025-01-16,Returned,Karachi
ORD-001414,CUST-01370,2025-01-16,Pending,Karachi
ORD-001415,CUST-00688,2025-01-16,Completed,Karachi
ORD-001416,CUST-00663,2025-01-16,Cancelled,Peshawar
ORD-001417,CUST-00481,2025-01-16,Completed,Faisalabad
ORD-001418,CUST-00590,2025-01-16,Completed,Peshawar
ORD-001419,CUST-00939,2025-01-16,Cancelled,Lahore
ORD-001420,CUST-00982,2025-01-16,Completed,Karachi
ORD-001421,CUST-01292,2025-01-16,Completed,Lahore
ORD-001422,CUST-00059,2025-01-16,Completed,Karachi
ORD-001423,CUST-00769,2025-01-16,Cancelled,Sahiwal
ORD-001424,CUST-01497,2025-01-16,Completed,Sukkur
ORD-001425,CUST-00604,2025-01-16,Completed,Sukkur
ORD-001426,CUST-00600,2025-01-16,Completed,Sahiwal
ORD-001427,CUST-00481,2025-01-17,Completed,Peshawar
ORD-001428,CUST-00118,2025-01-17,Completed,Lahore
ORD-001429,CUST-00699,2025-01-17,Completed,Karachi
ORD-001430,CUST-01455,2025-01-17,Completed,Rawalpindi
ORD-001431,CUST-01364,2025-01-17,Completed,Karachi
ORD-001432,CUST-00030,2025-01-17,Completed,Rahim Yar Khan
ORD-001433,CUST-00906,2025-01-17,Completed,Karachi
ORD-001434,CUST-00688,2025-01-17,Completed,Karachi
ORD-001435,CUST-00214,2025-01-17,Completed,Islamabad
ORD-001436,CUST-00263,2025-01-17,Pending,Abbottabad
ORD-001437,CUST-00945,2025-01-17,Completed,Bahawalpur
ORD-001438,CUST-01076,2025-01-17,Completed,Islamabad
ORD-001439,CUST-01012,2025-01-17,Completed,Lahore
ORD-001440,CUST-01281,2025-01-18,Completed,Quetta
ORD-001441,CUST-00519,2025-01-18,Completed,Faisalabad
ORD-001442,CUST-00481,2025-01-18,Completed,Peshawar
ORD-001443,CUST-00773,2025-01-18,Completed,Lahore
ORD-001444,CUST-01344,2025-01-18,Returned,Karachi
ORD-001445,CUST-00900,2025-01-18,Completed,Gujranwala
ORD-001446,CUST-00375,2025-01-18,Completed,Hyderabad
ORD-001447,CUST-01465,2025-01-18,Pending,Quetta
ORD-001448,CUST-00394,2025-01-18,Completed,Lahore
ORD-001449,CUST-01316,2025-01-18,Completed,Mardan
ORD-001450,CUST-00430,2025-01-18,Completed,Faisalabad
ORD-001451,CUST-00683,2025-01-19,Completed,Abbottabad
ORD-001452,CUST-00865,2025-01-19,Completed,Peshawar
ORD-001453,CUST-00852,2025-01-19,Completed,Islamabad
ORD-001454,CUST-01268,2025-01-19,Completed,Multan
ORD-001455,CUST-00879,2025-01-19,Completed,Lahore
ORD-001456,CUST-00654,2025-01-19,Completed,Karachi
ORD-001457,CUST-00345,2025-01-19,Returned,Rahim Yar Khan
ORD-001458,CUST-00012,2025-01-19,Completed,Islamabad
ORD-001459,CUST-01155,2025-01-20,Completed,Sargodha
ORD-001460,CUST-00822,2025-01-20,Completed,Lahore
ORD-001461,CUST-01366,2025-01-20,Returned,Rahim Yar Khan
ORD-001462,CUST-00473,2025-01-20,Completed,Islamabad
ORD-001463,CUST-01062,2025-01-20,Completed,Lahore
ORD-001464,CUST-00263,2025-01-20,Completed,Abbottabad
ORD-001465,CUST-00793,2025-01-20,Completed,Peshawar
ORD-001466,CUST-00022,2025-01-20,Completed,Lahore
ORD-001467,CUST-00538,2025-01-20,Completed,Bahawalpur
ORD-001468,CUST-00772,2025-01-20,Cancelled,Rahim Yar Khan
ORD-001469,CUST-01316,2025-01-20,Completed,Mardan
ORD-001470,CUST-01423,2025-01-20,Completed,Karachi
ORD-001471,CUST-00549,2025-01-20,Completed,Sargodha
ORD-001472,CUST-01310,2025-01-20,Completed,Hyderabad
ORD-001473,CUST-00711,2025-01-21,Completed,Sahiwal
ORD-001474,CUST-00605,2025-01-21,Completed,Karachi
ORD-001475,CUST-01007,2025-01-21,Returned,Karachi
ORD-001476,CUST-00847,2025-01-21,Completed,Faisalabad
ORD-001477,CUST-01395,2025-01-21,Completed,Islamabad
ORD-001478,CUST-00788,2025-01-21,Cancelled,Hyderabad
ORD-001479,CUST-00562,2025-01-21,Returned,Rawalpindi
ORD-001480,CUST-00904,2025-01-21,Completed,Faisalabad
ORD-001481,CUST-00628,2025-01-21,Completed,Gujranwala
ORD-001482,CUST-01211,2025-01-21,Completed,Quetta
ORD-001483,CUST-00263,2025-01-22,Completed,Abbottabad
ORD-001484,CUST-00810,2025-01-22,Completed,Peshawar
ORD-001485,CUST-00499,2025-01-22,Completed,Mardan
ORD-001486,CUST-00183,2025-01-22,Pending,Karachi
ORD-001487,CUST-00841,2025-01-22,Completed,Lahore
ORD-001488,CUST-00395,2025-01-22,Completed,Lahore
ORD-001489,CUST-01371,2025-01-22,Completed,Mirpur Khas
ORD-001490,CUST-01078,2025-01-22,Completed,Bahawalpur
ORD-001491,CUST-00032,2025-01-22,Completed,Rawalpindi
ORD-001492,CUST-00639,2025-01-22,Completed,Islamabad
ORD-001493,CUST-00973,2025-01-22,Completed,Lahore
ORD-001494,CUST-01086,2025-01-22,Completed,Lahore
ORD-001495,CUST-00999,2025-01-22,Returned,Lahore
ORD-001496,CUST-00139,2025-01-22,Completed,Islamabad
ORD-001497,CUST-00687,2025-01-23,Completed,Karachi
ORD-001498,CUST-00431,2025-01-23,Returned,Karachi
ORD-001499,CUST-01486,2025-01-23,Completed,Karachi
ORD-001500,CUST-01447,2025-01-23,Completed,Karachi
ORD-001501,CUST-01423,2025-01-23,Completed,Karachi
ORD-001502,CUST-00032,2025-01-23,Pending,Rawalpindi
ORD-001503,CUST-00159,2025-01-23,Completed,Faisalabad
ORD-001504,CUST-00211,2025-01-23,Completed,Karachi
ORD-001505,CUST-00743,2025-01-23,Completed,Faisalabad
ORD-001506,CUST-00224,2025-01-23,Cancelled,Mirpur Khas
ORD-001507,CUST-00568,2025-01-23,Completed,Lahore
ORD-001508,CUST-00585,2025-01-23,Completed,Rawalpindi
ORD-001509,CUST-01452,2025-01-23,Completed,Rawalpindi
ORD-001510,CUST-00835,2025-01-24,Completed,Islamabad
ORD-001511,CUST-01224,2025-01-24,Pending,Peshawar
ORD-001512,CUST-00735,2025-01-24,Completed,Islamabad
ORD-001513,CUST-01226,2025-01-24,Pending,Lahore
ORD-001514,CUST-01248,2025-01-24,Completed,Karachi
ORD-001515,CUST-00440,2025-01-24,Completed,Bahawalpur
ORD-001516,CUST-01056,2025-01-24,Completed,Karachi
ORD-001517,CUST-00712,2025-01-24,Completed,Gujranwala
ORD-001518,CUST-01473,2025-01-24,Completed,Rawalpindi
ORD-001519,CUST-01268,2025-01-24,Returned,Gujranwala
ORD-001520,CUST-01125,2025-01-24,Completed,Karachi
ORD-001521,CUST-01372,2025-01-24,Completed,Karachi
ORD-001522,CUST-01049,2025-01-24,Pending,Gujranwala
ORD-001523,CUST-01202,2025-01-25,Completed,Lahore
ORD-001524,CUST-00743,2025-01-25,Completed,Rawalpindi
ORD-001525,CUST-00175,2025-01-25,Pending,Hyderabad
ORD-001526,CUST-00233,2025-01-25,Completed,Islamabad
ORD-001527,CUST-00675,2025-01-25,Completed,Islamabad
ORD-001528,CUST-01483,2025-01-25,Completed,Lahore
ORD-001529,CUST-01232,2025-01-25,Completed,Rahim Yar Khan
ORD-001530,CUST-00272,2025-01-25,Completed,Quetta
ORD-001531,CUST-00700,2025-01-25,Completed,Karachi
ORD-001532,CUST-00657,2025-01-25,Completed,Faisalabad
ORD-001533,CUST-01318,2025-01-25,Completed,Peshawar
ORD-001534,CUST-00055,2025-01-25,Completed,Lahore
ORD-001535,CUST-00798,2025-01-25,Completed,Rawalpindi
ORD-001536,CUST-00192,2025-01-26,Completed,Mirpur Khas
ORD-001537,CUST-01339,2025-01-26,Completed,Multan
ORD-001538,CUST-00246,2025-01-26,Returned,Islamabad
ORD-001539,CUST-01007,2025-01-26,Completed,Karachi
ORD-001540,CUST-00096,2025-01-27,Completed,Karachi
ORD-001541,CUST-01406,2025-01-27,Completed,Quetta
ORD-001542,CUST-01217,2025-01-27,Completed,Karachi
ORD-001543,CUST-00236,2025-01-27,Completed,Karachi
ORD-001544,CUST-01450,2025-01-27,Completed,Sahiwal
ORD-001545,CUST-00095,2025-01-27,Completed,Peshawar
ORD-001546,CUST-00073,2025-01-27,Completed,Rahim Yar Khan
ORD-001547,CUST-01425,2025-01-27,Completed,Karachi
ORD-001548,CUST-01178,2025-01-27,Cancelled,Karachi
ORD-001549,CUST-01462,2025-01-27,Completed,Lahore
ORD-001550,CUST-00995,2025-01-27,Completed,Lahore
ORD-001551,CUST-00845,2025-01-27,Completed,Karachi
ORD-001552,CUST-01389,2025-01-28,Returned,Lahore
ORD-001553,CUST-01020,2025-01-28,Completed,Karachi
ORD-001554,CUST-00767,2025-01-28,Completed,Hyderabad
ORD-001555,CUST-00977,2025-01-28,Completed,Karachi
ORD-001556,CUST-01009,2025-01-28,Pending,Rawalpindi
ORD-001557,CUST-00981,2025-01-28,Completed,Faisalabad
ORD-001558,CUST-01142,2025-01-28,Completed,Karachi
ORD-001559,CUST-01144,2025-01-28,Completed,Hyderabad
ORD-001560,CUST-01352,2025-01-28,Completed,Islamabad
ORD-001561,CUST-00789,2025-01-28,Cancelled,Faisalabad
ORD-001562,CUST-00077,2025-01-28,Completed,Multan
ORD-001563,CUST-00380,2025-01-28,Returned,Sialkot
ORD-001564,CUST-01490,2025-01-28,Completed,Lahore
ORD-001565,CUST-00306,2025-01-28,Completed,Sukkur
ORD-001566,CUST-00920,2025-01-28,Cancelled,Faisalabad
ORD-001567,CUST-00419,2025-01-28,Completed,Lahore
ORD-001568,CUST-01156,2025-01-29,Completed,Lahore
ORD-001569,CUST-01342,2025-01-29,Completed,Rawalpindi
ORD-001570,CUST-00131,2025-01-29,Completed,Karachi
ORD-001571,CUST-00126,2025-01-29,Completed,Faisalabad
ORD-001572,CUST-00132,2025-01-29,Completed,Rawalpindi
ORD-001573,CUST-00870,2025-01-29,Cancelled,Lahore
ORD-001574,CUST-01273,2025-01-29,Completed,Karachi
ORD-001575,CUST-01152,2025-01-29,Completed,Multan
ORD-001576,CUST-00995,2025-01-29,Cancelled,Karachi
ORD-001577,CUST-01245,2025-01-29,Completed,Faisalabad
ORD-001578,CUST-01227,2025-01-29,Completed,Gwadar
ORD-001579,CUST-00459,2025-01-29,Completed,Hyderabad
ORD-001580,CUST-01430,2025-01-29,Completed,Karachi
ORD-001581,CUST-00941,2025-01-29,Completed,Lahore
ORD-001582,CUST-00922,2025-01-29,Pending,Gujranwala
ORD-001583,CUST-00169,2025-01-30,Completed,Multan
ORD-001584,CUST-00876,2025-01-30,Completed,Lahore
ORD-001585,CUST-00329,2025-01-30,Completed,Multan
ORD-001586,CUST-01210,2025-01-30,Completed,Multan
ORD-001587,CUST-00770,2025-01-30,Completed,Islamabad
ORD-001588,CUST-00895,2025-01-30,Pending,Islamabad
ORD-001589,CUST-00446,2025-01-30,Completed,Abbottabad
ORD-001590,CUST-00008,2025-01-30,Completed,Lahore
ORD-001591,CUST-00786,2025-01-30,Completed,Islamabad
ORD-001592,CUST-00893,2025-01-30,Completed,Peshawar
ORD-001593,CUST-00126,2025-01-30,Completed,Faisalabad
ORD-001594,CUST-00397,2025-01-30,Returned,Peshawar
ORD-001595,CUST-01409,2025-01-30,Completed,Peshawar
ORD-001596,CUST-00227,2025-01-30,Pending,Multan
ORD-001597,CUST-00830,2025-01-30,Pending,Rawalpindi
ORD-001598,CUST-01318,2025-01-30,Completed,Gujranwala
ORD-001599,CUST-01202,2025-01-30,Completed,Lahore
ORD-001600,CUST-00984,2025-01-31,Completed,Sukkur
ORD-001601,CUST-00615,2025-01-31,Completed,Multan
ORD-001602,CUST-00367,2025-01-31,Completed,Gwadar
ORD-001603,CUST-00242,2025-01-31,Cancelled,Sialkot
ORD-001604,CUST-00840,2025-01-31,Completed,Rawalpindi
ORD-001605,CUST-00656,2025-01-31,Pending,Sialkot
ORD-001606,CUST-00763,2025-01-31,Cancelled,Mirpur Khas
ORD-001607,CUST-00208,2025-01-31,Completed,Rawalpindi
ORD-001608,CUST-01462,2025-01-31,Completed,Faisalabad
ORD-001609,CUST-01129,2025-01-31,Completed,Karachi
ORD-001610,CUST-01000,2025-02-01,Completed,Karachi
ORD-001611,CUST-01023,2025-02-01,Cancelled,Lahore
ORD-001612,CUST-01092,2025-02-01,Completed,Quetta
ORD-001613,CUST-00152,2025-02-01,Completed,Lahore
ORD-001614,CUST-00895,2025-02-01,Returned,Islamabad
ORD-001615,CUST-00135,2025-02-01,Completed,Lahore
ORD-001616,CUST-01460,2025-02-01,Completed,Bahawalpur
ORD-001617,CUST-00299,2025-02-01,Completed,Bahawalpur
ORD-001618,CUST-00846,2025-02-01,Completed,Sahiwal
ORD-001619,CUST-00009,2025-02-01,Pending,Karachi
ORD-001620,CUST-00754,2025-02-01,Completed,Rahim Yar Khan
ORD-001621,CUST-00805,2025-02-01,Completed,Lahore
ORD-001622,CUST-01402,2025-02-01,Completed,Rawalpindi
ORD-001623,CUST-00150,2025-02-01,Completed,Sahiwal
ORD-001624,CUST-00562,2025-02-01,Completed,Sialkot
ORD-001625,CUST-00154,2025-02-01,Completed,Hyderabad
ORD-001626,CUST-00889,2025-02-01,Completed,Faisalabad
ORD-001627,CUST-01204,2025-02-01,Completed,Faisalabad
ORD-001628,CUST-00450,2025-02-01,Completed,Sukkur
ORD-001629,CUST-00683,2025-02-01,Completed,Abbottabad
ORD-001630,CUST-00605,2025-02-02,Completed,Karachi
ORD-001631,CUST-00034,2025-02-02,Completed,Bahawalpur
ORD-001632,CUST-01358,2025-02-02,Completed,Lahore
ORD-001633,CUST-00163,2025-02-02,Completed,Karachi
ORD-001634,CUST-01461,2025-02-02,Completed,Faisalabad
ORD-001635,CUST-01232,2025-02-02,Completed,Karachi
ORD-001636,CUST-01272,2025-02-02,Completed,Islamabad
ORD-001637,CUST-01294,2025-02-02,Completed,Sargodha
ORD-001638,CUST-00439,2025-02-02,Completed,Karachi
ORD-001639,CUST-00568,2025-02-02,Completed,Lahore
ORD-001640,CUST-00204,2025-02-02,Completed,Mirpur Khas
ORD-001641,CUST-00399,2025-02-02,Completed,Bahawalpur
ORD-001642,CUST-01205,2025-02-02,Completed,Sahiwal
ORD-001643,CUST-01406,2025-02-02,Completed,Quetta
ORD-001644,CUST-01385,2025-02-02,Completed,Abbottabad
ORD-001645,CUST-01035,2025-02-03,Completed,Lahore
ORD-001646,CUST-00746,2025-02-03,Completed,Mirpur Khas
ORD-001647,CUST-00674,2025-02-03,Completed,Multan
ORD-001648,CUST-00524,2025-02-03,Completed,Karachi
ORD-001649,CUST-00542,2025-02-03,Completed,Rawalpindi
ORD-001650,CUST-00651,2025-02-03,Completed,Rahim Yar Khan
ORD-001651,CUST-01458,2025-02-03,Pending,Multan
ORD-001652,CUST-00707,2025-02-03,Completed,Islamabad
ORD-001653,CUST-00152,2025-02-03,Completed,Hyderabad
ORD-001654,CUST-01439,2025-02-03,Completed,Rawalpindi
ORD-001655,CUST-00928,2025-02-03,Completed,Karachi
ORD-001656,CUST-01129,2025-02-03,Completed,Karachi
ORD-001657,CUST-01196,2025-02-03,Returned,Lahore
ORD-001658,CUST-01259,2025-02-03,Completed,Karachi
ORD-001659,CUST-00609,2025-02-03,Pending,Karachi
ORD-001660,CUST-00008,2025-02-03,Completed,Bahawalpur
ORD-001661,CUST-00010,2025-02-03,Cancelled,Sialkot
ORD-001662,CUST-00981,2025-02-03,Completed,Faisalabad
ORD-001663,CUST-01257,2025-02-04,Completed,Lahore
ORD-001664,CUST-01223,2025-02-04,Completed,Faisalabad
ORD-001665,CUST-01353,2025-02-04,Completed,Lahore
ORD-001666,CUST-00418,2025-02-04,Completed,Sialkot
ORD-001667,CUST-01480,2025-02-04,Completed,Lahore
ORD-001668,CUST-00798,2025-02-04,Completed,Lahore
ORD-001669,CUST-00060,2025-02-04,Pending,Karachi
ORD-001670,CUST-01425,2025-02-04,Completed,Karachi
ORD-001671,CUST-01364,2025-02-04,Completed,Karachi
ORD-001672,CUST-00862,2025-02-04,Completed,Peshawar
ORD-001673,CUST-00575,2025-02-04,Pending,Karachi
ORD-001674,CUST-01004,2025-02-04,Pending,Lahore
ORD-001675,CUST-00801,2025-02-04,Completed,Peshawar
ORD-001676,CUST-00861,2025-02-04,Completed,Lahore
ORD-001677,CUST-01268,2025-02-04,Pending,Multan
ORD-001678,CUST-01461,2025-02-04,Returned,Faisalabad
ORD-001679,CUST-01229,2025-02-04,Completed,Karachi
ORD-001680,CUST-00361,2025-02-04,Completed,Quetta
ORD-001681,CUST-00858,2025-02-04,Pending,Peshawar
ORD-001682,CUST-00224,2025-02-04,Completed,Karachi
ORD-001683,CUST-00450,2025-02-04,Completed,Bahawalpur
ORD-001684,CUST-01120,2025-02-04,Completed,Lahore
ORD-001685,CUST-01154,2025-02-04,Completed,Lahore
ORD-001686,CUST-00441,2025-02-04,Completed,Multan
ORD-001687,CUST-00420,2025-02-04,Completed,Karachi
ORD-001688,CUST-00944,2025-02-05,Completed,Karachi
ORD-001689,CUST-01083,2025-02-05,Completed,Rawalpindi
ORD-001690,CUST-00892,2025-02-05,Completed,Karachi
ORD-001691,CUST-00260,2025-02-05,Completed,Lahore
ORD-001692,CUST-00941,2025-02-05,Completed,Karachi
ORD-001693,CUST-00721,2025-02-05,Pending,Islamabad
ORD-001694,CUST-01225,2025-02-05,Pending,Lahore
ORD-001695,CUST-00842,2025-02-05,Completed,Rawalpindi
ORD-001696,CUST-01184,2025-02-05,Cancelled,Lahore
ORD-001697,CUST-00855,2025-02-05,Completed,Gujranwala
ORD-001698,CUST-00665,2025-02-05,Completed,Lahore
ORD-001699,CUST-01125,2025-02-05,Completed,Quetta
ORD-001700,CUST-00116,2025-02-05,Completed,Karachi
ORD-001701,CUST-01389,2025-02-06,Completed,Multan
ORD-001702,CUST-00618,2025-02-06,Completed,Faisalabad
ORD-001703,CUST-01033,2025-02-06,Completed,Faisalabad
ORD-001704,CUST-00573,2025-02-06,Completed,Karachi
ORD-001705,CUST-00659,2025-02-06,Cancelled,Karachi
ORD-001706,CUST-00462,2025-02-06,Returned,Karachi
ORD-001707,CUST-00578,2025-02-06,Cancelled,Rawalpindi
ORD-001708,CUST-00469,2025-02-06,Completed,Bahawalpur
ORD-001709,CUST-00147,2025-02-06,Completed,Karachi
ORD-001710,CUST-01261,2025-02-06,Completed,Lahore
ORD-001711,CUST-00470,2025-02-06,Completed,Gujranwala
ORD-001712,CUST-01338,2025-02-06,Completed,Karachi
ORD-001713,CUST-00126,2025-02-06,Cancelled,Faisalabad
ORD-001714,CUST-00266,2025-02-06,Returned,Faisalabad
ORD-001715,CUST-00284,2025-02-06,Completed,Karachi
ORD-001716,CUST-00639,2025-02-06,Completed,Islamabad
ORD-001717,CUST-00404,2025-02-06,Cancelled,Faisalabad
ORD-001718,CUST-00689,2025-02-06,Completed,Sialkot
ORD-001719,CUST-00971,2025-02-07,Completed,Lahore
ORD-001720,CUST-00388,2025-02-07,Completed,Lahore
ORD-001721,CUST-00825,2025-02-07,Returned,Rawalpindi
ORD-001722,CUST-00499,2025-02-07,Returned,Mardan
ORD-001723,CUST-00834,2025-02-07,Completed,Lahore
ORD-001724,CUST-00412,2025-02-07,Returned,Sialkot
ORD-001725,CUST-00116,2025-02-07,Completed,Karachi
ORD-001726,CUST-00432,2025-02-07,Completed,Sargodha
ORD-001727,CUST-00837,2025-02-07,Cancelled,Lahore
ORD-001728,CUST-00233,2025-02-07,Completed,Islamabad
ORD-001729,CUST-00373,2025-02-07,Completed,Sargodha
ORD-001730,CUST-00956,2025-02-08,Completed,Karachi
ORD-001731,CUST-00364,2025-02-08,Returned,Karachi
ORD-001732,CUST-00036,2025-02-08,Completed,Sahiwal
ORD-001733,CUST-00688,2025-02-08,Completed,Karachi
ORD-001734,CUST-01353,2025-02-08,Completed,Lahore
ORD-001735,CUST-00471,2025-02-08,Completed,Karachi
ORD-001736,CUST-00096,2025-02-08,Completed,Lahore
ORD-001737,CUST-00536,2025-02-08,Completed,Rawalpindi
ORD-001738,CUST-00760,2025-02-08,Completed,Rawalpindi
ORD-001739,CUST-01169,2025-02-08,Completed,Lahore
ORD-001740,CUST-00329,2025-02-08,Completed,Multan
ORD-001741,CUST-01255,2025-02-08,Completed,Islamabad
ORD-001742,CUST-00697,2025-02-08,Completed,Islamabad
ORD-001743,CUST-00607,2025-02-08,Completed,Peshawar
ORD-001744,CUST-01299,2025-02-08,Completed,Quetta
ORD-001745,CUST-01201,2025-02-08,Completed,Bahawalpur
ORD-001746,CUST-00164,2025-02-08,Completed,Lahore
ORD-001747,CUST-00511,2025-02-08,Pending,Rawalpindi
ORD-001748,CUST-00743,2025-02-08,Completed,Rawalpindi
ORD-001749,CUST-00895,2025-02-08,Pending,Islamabad
ORD-001750,CUST-00936,2025-02-09,Completed,Gujranwala
ORD-001751,CUST-00409,2025-02-09,Completed,Peshawar
ORD-001752,CUST-00607,2025-02-09,Completed,Peshawar
ORD-001753,CUST-00239,2025-02-09,Completed,Multan
ORD-001754,CUST-00828,2025-02-09,Completed,Islamabad
ORD-001755,CUST-00261,2025-02-09,Completed,Rawalpindi
ORD-001756,CUST-00870,2025-02-09,Completed,Lahore
ORD-001757,CUST-00045,2025-02-09,Completed,Karachi
ORD-001758,CUST-00352,2025-02-09,Pending,Multan
ORD-001759,CUST-01256,2025-02-09,Completed,Karachi
ORD-001760,CUST-00114,2025-02-09,Pending,Rawalpindi
ORD-001761,CUST-00995,2025-02-10,Returned,Karachi
ORD-001762,CUST-00296,2025-02-10,Completed,Islamabad
ORD-001763,CUST-00433,2025-02-10,Completed,Karachi
ORD-001764,CUST-00242,2025-02-10,Completed,Sialkot
ORD-001765,CUST-01331,2025-02-10,Completed,Quetta
ORD-001766,CUST-00378,2025-02-10,Pending,Peshawar
ORD-001767,CUST-00257,2025-02-10,Pending,Bahawalpur
ORD-001768,CUST-00812,2025-02-10,Completed,Abbottabad
ORD-001769,CUST-01057,2025-02-10,Completed,Lahore
ORD-001770,CUST-00955,2025-02-10,Pending,Karachi
ORD-001771,CUST-01305,2025-02-10,Completed,Quetta
ORD-001772,CUST-01147,2025-02-10,Completed,Lahore
ORD-001773,CUST-00046,2025-02-10,Cancelled,Karachi
ORD-001774,CUST-00895,2025-02-10,Completed,Islamabad
ORD-001775,CUST-01147,2025-02-10,Completed,Lahore
ORD-001776,CUST-01154,2025-02-10,Completed,Lahore
ORD-001777,CUST-00690,2025-02-10,Completed,Gujranwala
ORD-001778,CUST-00199,2025-02-10,Completed,Karachi
ORD-001779,CUST-00248,2025-02-11,Pending,Lahore
ORD-001780,CUST-01089,2025-02-11,Completed,Rawalpindi
ORD-001781,CUST-01476,2025-02-11,Returned,Rawalpindi
ORD-001782,CUST-01205,2025-02-11,Completed,Sahiwal
ORD-001783,CUST-00967,2025-02-11,Completed,Sargodha
ORD-001784,CUST-00690,2025-02-11,Completed,Gujranwala
ORD-001785,CUST-00089,2025-02-11,Returned,Hyderabad
ORD-001786,CUST-00857,2025-02-11,Completed,Lahore
ORD-001787,CUST-00099,2025-02-11,Completed,Sukkur
ORD-001788,CUST-00618,2025-02-11,Cancelled,Faisalabad
ORD-001789,CUST-00940,2025-02-11,Pending,Faisalabad
ORD-001790,CUST-01026,2025-02-11,Completed,Multan
ORD-001791,CUST-00064,2025-02-11,Completed,Karachi
ORD-001792,CUST-01204,2025-02-11,Completed,Faisalabad
ORD-001793,CUST-00936,2025-02-11,Cancelled,Gujranwala
ORD-001794,CUST-00125,2025-02-11,Cancelled,Islamabad
ORD-001795,CUST-01307,2025-02-11,Completed,Karachi
ORD-001796,CUST-01118,2025-02-12,Completed,Mardan
ORD-001797,CUST-01243,2025-02-12,Completed,Faisalabad
ORD-001798,CUST-00553,2025-02-12,Completed,Faisalabad
ORD-001799,CUST-00293,2025-02-12,Returned,Islamabad
ORD-001800,CUST-00624,2025-02-12,Completed,Sialkot
ORD-001801,CUST-00809,2025-02-12,Completed,Sukkur
ORD-001802,CUST-00680,2025-02-12,Completed,Gwadar
ORD-001803,CUST-00845,2025-02-12,Completed,Lahore
ORD-001804,CUST-00582,2025-02-12,Completed,Karachi
ORD-001805,CUST-01401,2025-02-12,Pending,Lahore
ORD-001806,CUST-00690,2025-02-12,Completed,Gujranwala
ORD-001807,CUST-00319,2025-02-12,Completed,Sukkur
ORD-001808,CUST-01220,2025-02-12,Returned,Lahore
ORD-001809,CUST-00973,2025-02-12,Completed,Lahore
ORD-001810,CUST-00512,2025-02-12,Completed,Rawalpindi
ORD-001811,CUST-00084,2025-02-13,Cancelled,Rawalpindi
ORD-001812,CUST-00241,2025-02-13,Completed,Islamabad
ORD-001813,CUST-00181,2025-02-13,Completed,Islamabad
ORD-001814,CUST-00513,2025-02-13,Pending,Karachi
ORD-001815,CUST-00870,2025-02-13,Completed,Lahore
ORD-001816,CUST-01421,2025-02-13,Completed,Sargodha
ORD-001817,CUST-00884,2025-02-13,Completed,Sahiwal
ORD-001818,CUST-01196,2025-02-13,Completed,Lahore
ORD-001819,CUST-01020,2025-02-13,Completed,Karachi
ORD-001820,CUST-00434,2025-02-13,Completed,Lahore
ORD-001821,CUST-01268,2025-02-13,Completed,Multan
ORD-001822,CUST-00083,2025-02-13,Completed,Quetta
ORD-001823,CUST-00548,2025-02-13,Completed,Lahore
ORD-001824,CUST-01239,2025-02-14,Completed,Lahore
ORD-001825,CUST-01361,2025-02-14,Completed,Bahawalpur
ORD-001826,CUST-01203,2025-02-14,Completed,Quetta
ORD-001827,CUST-00668,2025-02-14,Completed,Karachi
ORD-001828,CUST-00351,2025-02-14,Completed,Multan
ORD-001829,CUST-01430,2025-02-14,Pending,Peshawar
ORD-001830,CUST-00498,2025-02-14,Completed,Karachi
ORD-001831,CUST-01489,2025-02-14,Completed,Karachi
ORD-001832,CUST-00109,2025-02-14,Completed,Quetta
ORD-001833,CUST-00166,2025-02-14,Returned,Lahore
ORD-001834,CUST-01003,2025-02-14,Completed,Karachi
ORD-001835,CUST-01064,2025-02-14,Completed,Lahore
ORD-001836,CUST-01155,2025-02-14,Completed,Sargodha
ORD-001837,CUST-01317,2025-02-14,Completed,Lahore
ORD-001838,CUST-00139,2025-02-14,Cancelled,Sialkot
ORD-001839,CUST-01166,2025-02-15,Completed,Lahore
ORD-001840,CUST-01473,2025-02-15,Returned,Rawalpindi
ORD-001841,CUST-01107,2025-02-15,Cancelled,Sukkur
ORD-001842,CUST-00202,2025-02-15,Completed,Islamabad
ORD-001843,CUST-00169,2025-02-15,Returned,Multan
ORD-001844,CUST-01000,2025-02-15,Completed,Karachi
ORD-001845,CUST-00669,2025-02-15,Completed,Abbottabad
ORD-001846,CUST-01171,2025-02-15,Completed,Lahore
ORD-001847,CUST-01392,2025-02-15,Completed,Multan
ORD-001848,CUST-00440,2025-02-15,Returned,Bahawalpur
ORD-001849,CUST-00622,2025-02-15,Pending,Quetta
ORD-001850,CUST-00077,2025-02-15,Completed,Multan
ORD-001851,CUST-01139,2025-02-15,Completed,Sukkur
ORD-001852,CUST-01459,2025-02-15,Completed,Faisalabad
ORD-001853,CUST-00878,2025-02-15,Completed,Rawalpindi
ORD-001854,CUST-01043,2025-02-15,Completed,Islamabad
ORD-001855,CUST-01307,2025-02-15,Completed,Karachi
ORD-001856,CUST-00785,2025-02-15,Returned,Faisalabad
ORD-001857,CUST-00632,2025-02-16,Completed,Hyderabad
ORD-001858,CUST-01136,2025-02-16,Completed,Karachi
ORD-001859,CUST-01355,2025-02-16,Completed,Islamabad
ORD-001860,CUST-01113,2025-02-16,Completed,Sialkot
ORD-001861,CUST-00005,2025-02-16,Completed,Faisalabad
ORD-001862,CUST-01136,2025-02-16,Completed,Karachi
ORD-001863,CUST-00254,2025-02-16,Completed,Karachi
ORD-001864,CUST-00929,2025-02-16,Completed,Faisalabad
ORD-001865,CUST-01037,2025-02-16,Completed,Karachi
ORD-001866,CUST-00789,2025-02-16,Completed,Faisalabad
ORD-001867,CUST-00903,2025-02-16,Completed,Lahore
ORD-001868,CUST-01089,2025-02-16,Pending,Islamabad
ORD-001869,CUST-01228,2025-02-17,Completed,Karachi
ORD-001870,CUST-00564,2025-02-17,Completed,Karachi
ORD-001871,CUST-00792,2025-02-17,Completed,Faisalabad
ORD-001872,CUST-01023,2025-02-17,Completed,Quetta
ORD-001873,CUST-00845,2025-02-17,Completed,Karachi
ORD-001874,CUST-00758,2025-02-17,Completed,Mirpur Khas
ORD-001875,CUST-00653,2025-02-17,Returned,Quetta
ORD-001876,CUST-00995,2025-02-17,Completed,Lahore
ORD-001877,CUST-00760,2025-02-17,Returned,Rawalpindi
ORD-001878,CUST-00653,2025-02-17,Completed,Quetta
ORD-001879,CUST-00881,2025-02-17,Returned,Sukkur
ORD-001880,CUST-01497,2025-02-17,Completed,Mirpur Khas
ORD-001881,CUST-00354,2025-02-18,Cancelled,Rawalpindi
ORD-001882,CUST-01061,2025-02-18,Completed,Islamabad
ORD-001883,CUST-00088,2025-02-18,Completed,Lahore
ORD-001884,CUST-01156,2025-02-18,Completed,Lahore
ORD-001885,CUST-01320,2025-02-18,Completed,Karachi
ORD-001886,CUST-01255,2025-02-18,Completed,Lahore
ORD-001887,CUST-01487,2025-02-18,Completed,Karachi
ORD-001888,CUST-00414,2025-02-18,Completed,Faisalabad
ORD-001889,CUST-00816,2025-02-18,Pending,Lahore
ORD-001890,CUST-00684,2025-02-18,Completed,Sialkot
ORD-001891,CUST-01074,2025-02-18,Pending,Lahore
ORD-001892,CUST-00346,2025-02-18,Cancelled,Peshawar
ORD-001893,CUST-00722,2025-02-18,Completed,Lahore
ORD-001894,CUST-00041,2025-02-18,Completed,Rawalpindi
ORD-001895,CUST-00610,2025-02-18,Returned,Hyderabad
ORD-001896,CUST-01137,2025-02-19,Completed,Abbottabad
ORD-001897,CUST-00749,2025-02-19,Completed,Karachi
ORD-001898,CUST-00464,2025-02-19,Completed,Islamabad
ORD-001899,CUST-01138,2025-02-19,Completed,Hyderabad
ORD-001900,CUST-00563,2025-02-19,Returned,Hyderabad
ORD-001901,CUST-00355,2025-02-19,Completed,Karachi
ORD-001902,CUST-00919,2025-02-19,Cancelled,Lahore
ORD-001903,CUST-00139,2025-02-19,Cancelled,Lahore
ORD-001904,CUST-01272,2025-02-19,Pending,Islamabad
ORD-001905,CUST-00363,2025-02-19,Completed,Karachi
ORD-001906,CUST-00349,2025-02-19,Pending,Quetta
ORD-001907,CUST-01220,2025-02-19,Pending,Lahore
ORD-001908,CUST-00904,2025-02-19,Completed,Faisalabad
ORD-001909,CUST-00612,2025-02-19,Returned,Sargodha
ORD-001910,CUST-00878,2025-02-19,Completed,Rawalpindi
ORD-001911,CUST-00845,2025-02-19,Completed,Karachi
ORD-001912,CUST-01431,2025-02-19,Completed,Rawalpindi
ORD-001913,CUST-01036,2025-02-19,Completed,Karachi
ORD-001914,CUST-00966,2025-02-19,Completed,Karachi
ORD-001915,CUST-00916,2025-02-20,Returned,Sahiwal
ORD-001916,CUST-00959,2025-02-20,Completed,Rawalpindi
ORD-001917,CUST-00156,2025-02-20,Completed,Lahore
ORD-001918,CUST-00644,2025-02-20,Pending,Rawalpindi
ORD-001919,CUST-00605,2025-02-20,Completed,Karachi
ORD-001920,CUST-01138,2025-02-20,Completed,Hyderabad
ORD-001921,CUST-00689,2025-02-20,Completed,Sialkot
ORD-001922,CUST-01078,2025-02-20,Completed,Lahore
ORD-001923,CUST-00702,2025-02-20,Completed,Bahawalpur
ORD-001924,CUST-00175,2025-02-20,Completed,Hyderabad
ORD-001925,CUST-01380,2025-02-20,Completed,Multan
ORD-001926,CUST-00941,2025-02-20,Cancelled,Karachi
ORD-001927,CUST-01271,2025-02-20,Cancelled,Lahore
ORD-001928,CUST-00961,2025-02-20,Completed,Islamabad
ORD-001929,CUST-01053,2025-02-20,Completed,Gujranwala
ORD-001930,CUST-00763,2025-02-20,Completed,Peshawar
ORD-001931,CUST-00749,2025-02-20,Cancelled,Karachi
ORD-001932,CUST-00844,2025-02-20,Completed,Karachi
ORD-001933,CUST-00526,2025-02-20,Returned,Lahore
ORD-001934,CUST-00102,2025-02-21,Completed,Mirpur Khas
ORD-001935,CUST-00143,2025-02-21,Completed,Karachi
ORD-001936,CUST-01480,2025-02-21,Pending,Karachi
ORD-001937,CUST-00218,2025-02-21,Completed,Faisalabad
ORD-001938,CUST-00348,2025-02-21,Completed,Faisalabad
ORD-001939,CUST-01303,2025-02-21,Pending,Rawalpindi
ORD-001940,CUST-00822,2025-02-21,Completed,Lahore
ORD-001941,CUST-00115,2025-02-21,Completed,Islamabad
ORD-001942,CUST-00704,2025-02-21,Pending,Lahore
ORD-001943,CUST-00950,2025-02-21,Completed,Lahore
ORD-001944,CUST-00057,2025-02-21,Completed,Lahore
ORD-001945,CUST-00839,2025-02-21,Completed,Faisalabad
ORD-001946,CUST-00068,2025-02-21,Completed,Islamabad
ORD-001947,CUST-00206,2025-02-21,Completed,Peshawar
ORD-001948,CUST-00062,2025-02-21,Completed,Sukkur
ORD-001949,CUST-01149,2025-02-21,Completed,Islamabad
ORD-001950,CUST-00099,2025-02-21,Completed,Sukkur
ORD-001951,CUST-01390,2025-02-21,Completed,Lahore
ORD-001952,CUST-00297,2025-02-22,Completed,Peshawar
ORD-001953,CUST-00788,2025-02-22,Completed,Hyderabad
ORD-001954,CUST-01272,2025-02-22,Returned,Lahore
ORD-001955,CUST-01272,2025-02-22,Cancelled,Islamabad
ORD-001956,CUST-00089,2025-02-22,Pending,Lahore
ORD-001957,CUST-00830,2025-02-22,Completed,Karachi
ORD-001958,CUST-01159,2025-02-22,Completed,Multan
ORD-001959,CUST-01270,2025-02-22,Completed,Peshawar
ORD-001960,CUST-00640,2025-02-22,Completed,Karachi
ORD-001961,CUST-01478,2025-02-22,Completed,Sahiwal
ORD-001962,CUST-00819,2025-02-22,Completed,Karachi
ORD-001963,CUST-00221,2025-02-22,Completed,Karachi
ORD-001964,CUST-01067,2025-02-22,Completed,Rawalpindi
ORD-001965,CUST-00386,2025-02-22,Completed,Sargodha
ORD-001966,CUST-01032,2025-02-22,Completed,Hyderabad
ORD-001967,CUST-00716,2025-02-22,Completed,Gujranwala
ORD-001968,CUST-00564,2025-02-22,Completed,Karachi
ORD-001969,CUST-01315,2025-02-22,Completed,Rawalpindi
ORD-001970,CUST-01432,2025-02-22,Completed,Peshawar
ORD-001971,CUST-01465,2025-02-22,Completed,Quetta
ORD-001972,CUST-00701,2025-02-22,Cancelled,Sargodha
ORD-001973,CUST-01225,2025-02-23,Completed,Lahore
ORD-001974,CUST-01224,2025-02-23,Cancelled,Peshawar
ORD-001975,CUST-00282,2025-02-23,Returned,Karachi
ORD-001976,CUST-01321,2025-02-23,Returned,Islamabad
ORD-001977,CUST-00110,2025-02-23,Completed,Karachi
ORD-001978,CUST-01290,2025-02-23,Completed,Rawalpindi
ORD-001979,CUST-00532,2025-02-23,Returned,Karachi
ORD-001980,CUST-00794,2025-02-23,Cancelled,Karachi
ORD-001981,CUST-01132,2025-02-23,Cancelled,Sialkot
ORD-001982,CUST-01395,2025-02-23,Completed,Islamabad
ORD-001983,CUST-00175,2025-02-23,Returned,Hyderabad
ORD-001984,CUST-01413,2025-02-24,Cancelled,Hyderabad
ORD-001985,CUST-00696,2025-02-24,Cancelled,Rawalpindi
ORD-001986,CUST-00843,2025-02-24,Completed,Sialkot
ORD-001987,CUST-00790,2025-02-24,Pending,Karachi
ORD-001988,CUST-00641,2025-02-24,Completed,Lahore
ORD-001989,CUST-01410,2025-02-24,Completed,Karachi
ORD-001990,CUST-00678,2025-02-24,Completed,Sialkot
ORD-001991,CUST-00876,2025-02-24,Completed,Lahore
ORD-001992,CUST-00435,2025-02-24,Completed,Lahore
ORD-001993,CUST-00377,2025-02-24,Completed,Gujranwala
ORD-001994,CUST-01306,2025-02-24,Completed,Bahawalpur
ORD-001995,CUST-00080,2025-02-24,Cancelled,Lahore
ORD-001996,CUST-01002,2025-02-24,Cancelled,Lahore
ORD-001997,CUST-00190,2025-02-24,Completed,Lahore
ORD-001998,CUST-00116,2025-02-24,Cancelled,Karachi
ORD-001999,CUST-00306,2025-02-24,Pending,Sukkur
ORD-002000,CUST-00189,2025-02-24,Completed,Lahore
ORD-002001,CUST-01012,2025-02-24,Completed,Karachi
ORD-002002,CUST-00278,2025-02-24,Completed,Karachi
ORD-002003,CUST-00028,2025-02-25,Completed,Rawalpindi
ORD-002004,CUST-00149,2025-02-25,Completed,Lahore
ORD-002005,CUST-00236,2025-02-25,Completed,Karachi
ORD-002006,CUST-00209,2025-02-25,Completed,Faisalabad
ORD-002007,CUST-00615,2025-02-25,Completed,Mirpur Khas
ORD-002008,CUST-01150,2025-02-25,Completed,Gujranwala
ORD-002009,CUST-00635,2025-02-25,Completed,Abbottabad
ORD-002010,CUST-00337,2025-02-25,Returned,Quetta
ORD-002011,CUST-01410,2025-02-25,Completed,Karachi
ORD-002012,CUST-01410,2025-02-25,Completed,Karachi
ORD-002013,CUST-01007,2025-02-25,Completed,Karachi
ORD-002014,CUST-00267,2025-02-25,Completed,Faisalabad
ORD-002015,CUST-01103,2025-02-25,Completed,Karachi
ORD-002016,CUST-00959,2025-02-25,Cancelled,Sukkur
ORD-002017,CUST-01248,2025-02-25,Returned,Karachi
ORD-002018,CUST-01010,2025-02-25,Completed,Sukkur
ORD-002019,CUST-01478,2025-02-25,Cancelled,Sahiwal
ORD-002020,CUST-00950,2025-02-25,Completed,Lahore
ORD-002021,CUST-01458,2025-02-25,Completed,Islamabad
ORD-002022,CUST-00524,2025-02-25,Completed,Karachi
ORD-002023,CUST-00155,2025-02-26,Completed,Karachi
ORD-002024,CUST-01111,2025-02-26,Completed,Karachi
ORD-002025,CUST-00469,2025-02-26,Completed,Bahawalpur
ORD-002026,CUST-00399,2025-02-26,Completed,Bahawalpur
ORD-002027,CUST-01161,2025-02-26,Completed,Sialkot
ORD-002028,CUST-01363,2025-02-26,Returned,Islamabad
ORD-002029,CUST-01453,2025-02-26,Completed,Quetta
ORD-002030,CUST-00442,2025-02-26,Completed,Lahore
ORD-002031,CUST-00683,2025-02-26,Completed,Abbottabad
ORD-002032,CUST-00575,2025-02-26,Pending,Karachi
ORD-002033,CUST-00565,2025-02-26,Cancelled,Gujranwala
ORD-002034,CUST-01256,2025-02-26,Completed,Karachi
ORD-002035,CUST-01243,2025-02-26,Completed,Quetta
ORD-002036,CUST-01154,2025-02-26,Completed,Bahawalpur
ORD-002037,CUST-01231,2025-02-26,Completed,Lahore
ORD-002038,CUST-00406,2025-02-26,Completed,Gujranwala
ORD-002039,CUST-00729,2025-02-26,Completed,Bahawalpur
ORD-002040,CUST-00063,2025-02-26,Completed,Lahore
ORD-002041,CUST-00152,2025-02-26,Cancelled,Hyderabad
ORD-002042,CUST-01137,2025-02-26,Completed,Islamabad
ORD-002043,CUST-00651,2025-02-26,Completed,Karachi
ORD-002044,CUST-00264,2025-02-27,Completed,Peshawar
ORD-002045,CUST-00899,2025-02-27,Completed,Gujranwala
ORD-002046,CUST-01195,2025-02-27,Completed,Karachi
ORD-002047,CUST-00716,2025-02-27,Completed,Karachi
ORD-002048,CUST-00608,2025-02-27,Completed,Quetta
ORD-002049,CUST-01376,2025-02-27,Completed,Quetta
ORD-002050,CUST-00708,2025-02-27,Completed,Lahore
ORD-002051,CUST-01316,2025-02-27,Completed,Mardan
ORD-002052,CUST-01413,2025-02-27,Completed,Hyderabad
ORD-002053,CUST-00874,2025-02-27,Completed,Islamabad
ORD-002054,CUST-00214,2025-02-27,Pending,Islamabad
ORD-002055,CUST-01220,2025-02-27,Completed,Peshawar
ORD-002056,CUST-01075,2025-02-27,Pending,Gujranwala
ORD-002057,CUST-01129,2025-02-27,Returned,Rawalpindi
ORD-002058,CUST-00159,2025-02-27,Completed,Faisalabad
ORD-002059,CUST-00683,2025-02-27,Completed,Abbottabad
ORD-002060,CUST-00149,2025-02-27,Completed,Lahore
ORD-002061,CUST-01328,2025-02-27,Completed,Islamabad
ORD-002062,CUST-00465,2025-02-27,Returned,Faisalabad
ORD-002063,CUST-00809,2025-02-27,Completed,Sukkur
ORD-002064,CUST-00579,2025-02-27,Completed,Quetta
ORD-002065,CUST-00090,2025-02-27,Returned,Karachi
ORD-002066,CUST-01272,2025-02-27,Completed,Islamabad
ORD-002067,CUST-01074,2025-02-27,Completed,Lahore
ORD-002068,CUST-00490,2025-02-27,Completed,Lahore
ORD-002069,CUST-00794,2025-02-28,Completed,Lahore
ORD-002070,CUST-00788,2025-02-28,Completed,Hyderabad
ORD-002071,CUST-00613,2025-02-28,Pending,Peshawar
ORD-002072,CUST-00459,2025-02-28,Completed,Lahore
ORD-002073,CUST-01098,2025-02-28,Completed,Mardan
ORD-002074,CUST-00108,2025-02-28,Completed,Karachi
ORD-002075,CUST-01472,2025-02-28,Completed,Lahore
ORD-002076,CUST-00355,2025-02-28,Completed,Quetta
ORD-002077,CUST-00974,2025-02-28,Completed,Peshawar
ORD-002078,CUST-01206,2025-02-28,Completed,Faisalabad
ORD-002079,CUST-00522,2025-02-28,Completed,Quetta
ORD-002080,CUST-00290,2025-02-28,Completed,Sukkur
ORD-002081,CUST-01235,2025-02-28,Completed,Rawalpindi
ORD-002082,CUST-01305,2025-02-28,Returned,Lahore
ORD-002083,CUST-01163,2025-02-28,Completed,Karachi
ORD-002084,CUST-01378,2025-02-28,Completed,Faisalabad
ORD-002085,CUST-01418,2025-02-28,Completed,Karachi
ORD-002086,CUST-00520,2025-02-28,Completed,Karachi
ORD-002087,CUST-00225,2025-02-28,Pending,Lahore
ORD-002088,CUST-01099,2025-02-28,Completed,Karachi
ORD-002089,CUST-00116,2025-03-01,Completed,Lahore
ORD-002090,CUST-00837,2025-03-01,Completed,Lahore
ORD-002091,CUST-00888,2025-03-01,Completed,Karachi
ORD-002092,CUST-00947,2025-03-01,Completed,Karachi
ORD-002093,CUST-00852,2025-03-01,Completed,Lahore
ORD-002094,CUST-00971,2025-03-01,Completed,Lahore
ORD-002095,CUST-01296,2025-03-01,Completed,Islamabad
ORD-002096,CUST-00091,2025-03-01,Completed,Gujranwala
ORD-002097,CUST-00663,2025-03-01,Completed,Faisalabad
ORD-002098,CUST-00299,2025-03-01,Completed,Multan
ORD-002099,CUST-00916,2025-03-01,Completed,Sahiwal
ORD-002100,CUST-00419,2025-03-01,Completed,Lahore
ORD-002101,CUST-00145,2025-03-01,Completed,Rawalpindi
ORD-002102,CUST-00027,2025-03-01,Completed,Multan
ORD-002103,CUST-00007,2025-03-01,Completed,Karachi
ORD-002104,CUST-00565,2025-03-01,Completed,Gujranwala
ORD-002105,CUST-01458,2025-03-01,Completed,Islamabad
ORD-002106,CUST-01147,2025-03-01,Completed,Lahore
ORD-002107,CUST-00192,2025-03-01,Completed,Multan
ORD-002108,CUST-00778,2025-03-02,Completed,Faisalabad
ORD-002109,CUST-01015,2025-03-02,Cancelled,Sargodha
ORD-002110,CUST-00959,2025-03-02,Completed,Rawalpindi
ORD-002111,CUST-00748,2025-03-02,Completed,Peshawar
ORD-002112,CUST-01393,2025-03-02,Completed,Peshawar
ORD-002113,CUST-00008,2025-03-02,Completed,Islamabad
ORD-002114,CUST-00051,2025-03-02,Completed,Islamabad
ORD-002115,CUST-00281,2025-03-02,Completed,Sukkur
ORD-002116,CUST-01364,2025-03-02,Completed,Karachi
ORD-002117,CUST-01425,2025-03-02,Returned,Karachi
ORD-002118,CUST-01130,2025-03-03,Completed,Lahore
ORD-002119,CUST-00329,2025-03-03,Pending,Multan
ORD-002120,CUST-00329,2025-03-03,Completed,Multan
ORD-002121,CUST-01371,2025-03-03,Completed,Faisalabad
ORD-002122,CUST-01233,2025-03-03,Returned,Hyderabad
ORD-002123,CUST-00684,2025-03-03,Completed,Sialkot
ORD-002124,CUST-01337,2025-03-03,Pending,Rawalpindi
ORD-002125,CUST-00357,2025-03-03,Completed,Multan
ORD-002126,CUST-01049,2025-03-03,Completed,Gwadar
ORD-002127,CUST-00462,2025-03-03,Completed,Karachi
ORD-002128,CUST-00274,2025-03-03,Completed,Rawalpindi
ORD-002129,CUST-00648,2025-03-03,Completed,Gwadar
ORD-002130,CUST-01361,2025-03-03,Completed,Bahawalpur
ORD-002131,CUST-00224,2025-03-03,Completed,Karachi
ORD-002132,CUST-01402,2025-03-03,Completed,Rawalpindi
ORD-002133,CUST-00064,2025-03-03,Completed,Karachi
ORD-002134,CUST-00302,2025-03-03,Completed,Rahim Yar Khan
ORD-002135,CUST-00837,2025-03-03,Pending,Lahore
ORD-002136,CUST-01213,2025-03-03,Completed,Faisalabad
ORD-002137,CUST-00643,2025-03-03,Returned,Faisalabad
ORD-002138,CUST-00734,2025-03-04,Completed,Lahore
ORD-002139,CUST-00421,2025-03-04,Completed,Islamabad
ORD-002140,CUST-00607,2025-03-04,Completed,Peshawar
ORD-002141,CUST-00077,2025-03-04,Pending,Rahim Yar Khan
ORD-002142,CUST-00331,2025-03-04,Completed,Lahore
ORD-002143,CUST-01160,2025-03-04,Completed,Lahore
ORD-002144,CUST-01274,2025-03-04,Completed,Islamabad
ORD-002145,CUST-00010,2025-03-04,Completed,Faisalabad
ORD-002146,CUST-00895,2025-03-05,Completed,Islamabad
ORD-002147,CUST-00946,2025-03-05,Returned,Peshawar
ORD-002148,CUST-00830,2025-03-05,Completed,Islamabad
ORD-002149,CUST-00380,2025-03-05,Pending,Sialkot
ORD-002150,CUST-00778,2025-03-05,Completed,Faisalabad
ORD-002151,CUST-01188,2025-03-05,Completed,Karachi
ORD-002152,CUST-01120,2025-03-05,Completed,Lahore
ORD-002153,CUST-01365,2025-03-05,Completed,Rawalpindi
ORD-002154,CUST-00340,2025-03-05,Completed,Gujranwala
ORD-002155,CUST-01302,2025-03-05,Completed,Karachi
ORD-002156,CUST-00367,2025-03-05,Completed,Lahore
ORD-002157,CUST-00790,2025-03-05,Completed,Multan
ORD-002158,CUST-01275,2025-03-05,Completed,Sargodha
ORD-002159,CUST-01090,2025-03-05,Completed,Karachi
ORD-002160,CUST-00615,2025-03-05,Cancelled,Mirpur Khas
ORD-002161,CUST-01098,2025-03-05,Completed,Mardan
ORD-002162,CUST-00095,2025-03-06,Completed,Peshawar
ORD-002163,CUST-00232,2025-03-06,Completed,Rawalpindi
ORD-002164,CUST-01074,2025-03-06,Completed,Lahore
ORD-002165,CUST-00286,2025-03-06,Completed,Karachi
ORD-002166,CUST-01367,2025-03-06,Returned,Lahore
ORD-002167,CUST-00290,2025-03-06,Pending,Islamabad
ORD-002168,CUST-01225,2025-03-06,Cancelled,Islamabad
ORD-002169,CUST-01487,2025-03-06,Completed,Lahore
ORD-002170,CUST-00777,2025-03-06,Completed,Hyderabad
ORD-002171,CUST-00631,2025-03-06,Completed,Karachi
ORD-002172,CUST-00556,2025-03-06,Returned,Faisalabad
ORD-002173,CUST-00234,2025-03-06,Completed,Islamabad
ORD-002174,CUST-00105,2025-03-06,Pending,Karachi
ORD-002175,CUST-00476,2025-03-06,Completed,Hyderabad
ORD-002176,CUST-01339,2025-03-06,Completed,Multan
ORD-002177,CUST-00273,2025-03-06,Completed,Karachi
ORD-002178,CUST-01355,2025-03-07,Completed,Islamabad
ORD-002179,CUST-00422,2025-03-07,Completed,Sialkot
ORD-002180,CUST-01499,2025-03-07,Returned,Peshawar
ORD-002181,CUST-01119,2025-03-07,Completed,Rahim Yar Khan
ORD-002182,CUST-00325,2025-03-07,Completed,Lahore
ORD-002183,CUST-01423,2025-03-07,Completed,Karachi
ORD-002184,CUST-00106,2025-03-07,Pending,Karachi
ORD-002185,CUST-01348,2025-03-07,Cancelled,Islamabad
ORD-002186,CUST-00607,2025-03-07,Completed,Peshawar
ORD-002187,CUST-00702,2025-03-07,Completed,Bahawalpur
ORD-002188,CUST-00607,2025-03-07,Completed,Peshawar
ORD-002189,CUST-00561,2025-03-07,Completed,Lahore
ORD-002190,CUST-01374,2025-03-07,Completed,Islamabad
ORD-002191,CUST-00029,2025-03-07,Completed,Lahore
ORD-002192,CUST-01465,2025-03-07,Completed,Sukkur
ORD-002193,CUST-01353,2025-03-07,Completed,Peshawar
ORD-002194,CUST-01205,2025-03-07,Pending,Quetta
ORD-002195,CUST-01057,2025-03-08,Completed,Lahore
ORD-002196,CUST-00300,2025-03-08,Completed,Karachi
ORD-002197,CUST-00226,2025-03-08,Cancelled,Islamabad
ORD-002198,CUST-01163,2025-03-08,Pending,Lahore
ORD-002199,CUST-00040,2025-03-08,Cancelled,Quetta
ORD-002200,CUST-00882,2025-03-08,Completed,Lahore
ORD-002201,CUST-00819,2025-03-08,Completed,Gujranwala
ORD-002202,CUST-00571,2025-03-08,Completed,Mirpur Khas
ORD-002203,CUST-00307,2025-03-08,Returned,Multan
ORD-002204,CUST-00096,2025-03-08,Completed,Lahore
ORD-002205,CUST-00388,2025-03-09,Completed,Lahore
ORD-002206,CUST-01224,2025-03-09,Completed,Peshawar
ORD-002207,CUST-00602,2025-03-09,Completed,Faisalabad
ORD-002208,CUST-00290,2025-03-09,Pending,Sukkur
ORD-002209,CUST-00737,2025-03-09,Completed,Karachi
ORD-002210,CUST-00064,2025-03-09,Completed,Karachi
ORD-002211,CUST-00876,2025-03-09,Returned,Lahore
ORD-002212,CUST-00825,2025-03-09,Completed,Lahore
ORD-002213,CUST-01319,2025-03-09,Cancelled,Rawalpindi
ORD-002214,CUST-00526,2025-03-09,Cancelled,Islamabad
ORD-002215,CUST-00845,2025-03-10,Completed,Lahore
ORD-002216,CUST-00271,2025-03-10,Completed,Rawalpindi
ORD-002217,CUST-01444,2025-03-10,Completed,Karachi
ORD-002218,CUST-01235,2025-03-10,Completed,Rawalpindi
ORD-002219,CUST-00098,2025-03-10,Completed,Karachi
ORD-002220,CUST-00321,2025-03-10,Completed,Sialkot
ORD-002221,CUST-00339,2025-03-10,Completed,Rawalpindi
ORD-002222,CUST-00392,2025-03-10,Completed,Lahore
ORD-002223,CUST-00490,2025-03-10,Completed,Lahore
ORD-002224,CUST-00629,2025-03-10,Completed,Bahawalpur
ORD-002225,CUST-00041,2025-03-11,Completed,Rawalpindi
ORD-002226,CUST-01036,2025-03-11,Completed,Faisalabad
ORD-002227,CUST-01381,2025-03-11,Completed,Lahore
ORD-002228,CUST-01184,2025-03-11,Completed,Quetta
ORD-002229,CUST-00242,2025-03-11,Completed,Sialkot
ORD-002230,CUST-01461,2025-03-11,Completed,Faisalabad
ORD-002231,CUST-00615,2025-03-11,Completed,Mirpur Khas
ORD-002232,CUST-01011,2025-03-11,Completed,Sukkur
ORD-002233,CUST-00159,2025-03-11,Completed,Faisalabad
ORD-002234,CUST-00866,2025-03-11,Completed,Faisalabad
ORD-002235,CUST-00812,2025-03-11,Completed,Abbottabad
ORD-002236,CUST-00135,2025-03-11,Completed,Lahore
ORD-002237,CUST-01349,2025-03-11,Completed,Multan
ORD-002238,CUST-00946,2025-03-12,Completed,Peshawar
ORD-002239,CUST-00881,2025-03-12,Pending,Lahore
ORD-002240,CUST-00073,2025-03-12,Completed,Rahim Yar Khan
ORD-002241,CUST-01100,2025-03-12,Completed,Gujranwala
ORD-002242,CUST-00612,2025-03-12,Completed,Sargodha
ORD-002243,CUST-00789,2025-03-12,Completed,Faisalabad
ORD-002244,CUST-01105,2025-03-12,Completed,Faisalabad
ORD-002245,CUST-01235,2025-03-12,Cancelled,Rawalpindi
ORD-002246,CUST-01090,2025-03-12,Completed,Karachi
ORD-002247,CUST-00355,2025-03-12,Completed,Karachi
ORD-002248,CUST-01483,2025-03-12,Completed,Lahore
ORD-002249,CUST-00081,2025-03-12,Completed,Abbottabad
ORD-002250,CUST-00152,2025-03-12,Completed,Hyderabad
ORD-002251,CUST-00474,2025-03-12,Completed,Karachi
ORD-002252,CUST-00312,2025-03-12,Completed,Abbottabad
ORD-002253,CUST-00196,2025-03-12,Completed,Sahiwal
ORD-002254,CUST-00358,2025-03-12,Returned,Multan
ORD-002255,CUST-00369,2025-03-12,Returned,Karachi
ORD-002256,CUST-01323,2025-03-12,Returned,Karachi
ORD-002257,CUST-01449,2025-03-13,Completed,Karachi
ORD-002258,CUST-00648,2025-03-13,Completed,Faisalabad
ORD-002259,CUST-01335,2025-03-13,Pending,Lahore
ORD-002260,CUST-00710,2025-03-13,Completed,Gwadar
ORD-002261,CUST-00055,2025-03-13,Completed,Karachi
ORD-002262,CUST-00982,2025-03-13,Completed,Karachi
ORD-002263,CUST-01466,2025-03-13,Completed,Multan
ORD-002264,CUST-01316,2025-03-13,Completed,Mardan
ORD-002265,CUST-00966,2025-03-13,Pending,Karachi
ORD-002266,CUST-00605,2025-03-13,Returned,Karachi
ORD-002267,CUST-00319,2025-03-13,Completed,Sukkur
ORD-002268,CUST-00149,2025-03-13,Completed,Lahore
ORD-002269,CUST-00716,2025-03-13,Completed,Gujranwala
ORD-002270,CUST-00571,2025-03-13,Completed,Sukkur
ORD-002271,CUST-00674,2025-03-14,Completed,Multan
ORD-002272,CUST-01246,2025-03-14,Completed,Multan
ORD-002273,CUST-00322,2025-03-14,Completed,Karachi
ORD-002274,CUST-00511,2025-03-14,Completed,Rawalpindi
ORD-002275,CUST-00380,2025-03-14,Completed,Islamabad
ORD-002276,CUST-01481,2025-03-14,Completed,Islamabad
ORD-002277,CUST-01448,2025-03-14,Completed,Karachi
ORD-002278,CUST-00116,2025-03-14,Completed,Karachi
ORD-002279,CUST-01385,2025-03-14,Pending,Abbottabad
ORD-002280,CUST-00651,2025-03-14,Completed,Karachi
ORD-002281,CUST-00635,2025-03-14,Returned,Abbottabad
ORD-002282,CUST-00289,2025-03-14,Completed,Faisalabad
ORD-002283,CUST-00831,2025-03-14,Completed,Lahore
ORD-002284,CUST-00495,2025-03-15,Completed,Peshawar
ORD-002285,CUST-00068,2025-03-15,Completed,Lahore
ORD-002286,CUST-01356,2025-03-15,Completed,Lahore
ORD-002287,CUST-00923,2025-03-15,Completed,Karachi
ORD-002288,CUST-00310,2025-03-15,Completed,Rawalpindi
ORD-002289,CUST-00263,2025-03-15,Completed,Abbottabad
ORD-002290,CUST-00409,2025-03-15,Completed,Peshawar
ORD-002291,CUST-00690,2025-03-15,Completed,Gujranwala
ORD-002292,CUST-01068,2025-03-15,Completed,Karachi
ORD-002293,CUST-00592,2025-03-15,Completed,Lahore
ORD-002294,CUST-01288,2025-03-15,Pending,Bahawalpur
ORD-002295,CUST-01153,2025-03-15,Completed,Multan
ORD-002296,CUST-00737,2025-03-15,Completed,Karachi
ORD-002297,CUST-00617,2025-03-15,Completed,Lahore
ORD-002298,CUST-00029,2025-03-15,Completed,Lahore
ORD-002299,CUST-00181,2025-03-15,Completed,Islamabad
ORD-002300,CUST-00889,2025-03-15,Completed,Lahore
ORD-002301,CUST-00005,2025-03-15,Completed,Faisalabad
ORD-002302,CUST-00587,2025-03-15,Completed,Karachi
ORD-002303,CUST-01268,2025-03-16,Returned,Multan
ORD-002304,CUST-00329,2025-03-16,Completed,Multan
ORD-002305,CUST-01393,2025-03-16,Completed,Bahawalpur
ORD-002306,CUST-00501,2025-03-16,Completed,Karachi
ORD-002307,CUST-00129,2025-03-16,Completed,Mardan
ORD-002308,CUST-00037,2025-03-16,Completed,Gujranwala
ORD-002309,CUST-01357,2025-03-16,Completed,Faisalabad
ORD-002310,CUST-01207,2025-03-17,Pending,Lahore
ORD-002311,CUST-01178,2025-03-17,Completed,Karachi
ORD-002312,CUST-00944,2025-03-17,Completed,Karachi
ORD-002313,CUST-01385,2025-03-17,Pending,Abbottabad
ORD-002314,CUST-00064,2025-03-17,Completed,Lahore
ORD-002315,CUST-00581,2025-03-17,Completed,Karachi
ORD-002316,CUST-00763,2025-03-17,Completed,Karachi
ORD-002317,CUST-00669,2025-03-17,Cancelled,Abbottabad
ORD-002318,CUST-00748,2025-03-17,Completed,Peshawar
ORD-002319,CUST-01196,2025-03-17,Completed,Multan
ORD-002320,CUST-01167,2025-03-17,Completed,Bahawalpur
ORD-002321,CUST-00684,2025-03-17,Pending,Sialkot
ORD-002322,CUST-00641,2025-03-17,Returned,Lahore
ORD-002323,CUST-00719,2025-03-17,Returned,Islamabad
ORD-002324,CUST-01298,2025-03-17,Completed,Islamabad
ORD-002325,CUST-00982,2025-03-17,Pending,Karachi
ORD-002326,CUST-01423,2025-03-17,Completed,Sialkot
ORD-002327,CUST-00215,2025-03-18,Completed,Gwadar
ORD-002328,CUST-00342,2025-03-18,Completed,Rawalpindi
ORD-002329,CUST-00437,2025-03-18,Completed,Mirpur Khas
ORD-002330,CUST-01301,2025-03-18,Completed,Mirpur Khas
ORD-002331,CUST-00571,2025-03-18,Completed,Sukkur
ORD-002332,CUST-00433,2025-03-18,Completed,Faisalabad
ORD-002333,CUST-01328,2025-03-18,Completed,Islamabad
ORD-002334,CUST-00216,2025-03-18,Completed,Sargodha
ORD-002335,CUST-00445,2025-03-18,Completed,Quetta
ORD-002336,CUST-00071,2025-03-18,Returned,Multan
ORD-002337,CUST-00385,2025-03-18,Completed,Lahore
ORD-002338,CUST-01037,2025-03-18,Completed,Karachi
ORD-002339,CUST-00028,2025-03-18,Pending,Rawalpindi
ORD-002340,CUST-00029,2025-03-18,Completed,Lahore
ORD-002341,CUST-00695,2025-03-18,Completed,Multan
ORD-002342,CUST-00954,2025-03-18,Completed,Faisalabad
ORD-002343,CUST-00944,2025-03-18,Completed,Karachi
ORD-002344,CUST-00812,2025-03-18,Completed,Islamabad
ORD-002345,CUST-01357,2025-03-18,Completed,Gujranwala
ORD-002346,CUST-00416,2025-03-18,Completed,Karachi
ORD-002347,CUST-00278,2025-03-18,Completed,Karachi
ORD-002348,CUST-00656,2025-03-19,Completed,Sialkot
ORD-002349,CUST-00665,2025-03-19,Completed,Lahore
ORD-002350,CUST-01385,2025-03-19,Completed,Abbottabad
ORD-002351,CUST-00450,2025-03-19,Completed,Bahawalpur
ORD-002352,CUST-00923,2025-03-19,Completed,Karachi
ORD-002353,CUST-00582,2025-03-19,Completed,Karachi
ORD-002354,CUST-01286,2025-03-19,Completed,Karachi
ORD-002355,CUST-01213,2025-03-19,Completed,Faisalabad
ORD-002356,CUST-01247,2025-03-19,Completed,Islamabad
ORD-002357,CUST-01030,2025-03-19,Returned,Lahore
ORD-002358,CUST-00873,2025-03-19,Cancelled,Lahore
ORD-002359,CUST-00278,2025-03-19,Completed,Karachi
ORD-002360,CUST-01246,2025-03-19,Completed,Multan
ORD-002361,CUST-00760,2025-03-19,Completed,Rawalpindi
ORD-002362,CUST-00694,2025-03-19,Pending,Gujranwala
ORD-002363,CUST-00695,2025-03-19,Completed,Hyderabad
ORD-002364,CUST-00610,2025-03-20,Completed,Hyderabad
ORD-002365,CUST-01317,2025-03-20,Completed,Lahore
ORD-002366,CUST-00433,2025-03-20,Cancelled,Lahore
ORD-002367,CUST-00610,2025-03-20,Completed,Hyderabad
ORD-002368,CUST-00711,2025-03-20,Completed,Sahiwal
ORD-002369,CUST-00247,2025-03-20,Returned,Karachi
ORD-002370,CUST-01082,2025-03-20,Completed,Multan
ORD-002371,CUST-00199,2025-03-20,Completed,Karachi
ORD-002372,CUST-00529,2025-03-20,Pending,Peshawar
ORD-002373,CUST-01378,2025-03-20,Cancelled,Karachi
ORD-002374,CUST-01486,2025-03-20,Completed,Karachi
ORD-002375,CUST-01216,2025-03-20,Completed,Sialkot
ORD-002376,CUST-01250,2025-03-20,Completed,Lahore
ORD-002377,CUST-01385,2025-03-21,Completed,Abbottabad
ORD-002378,CUST-00477,2025-03-21,Completed,Rawalpindi
ORD-002379,CUST-00397,2025-03-21,Completed,Peshawar
ORD-002380,CUST-01250,2025-03-21,Completed,Lahore
ORD-002381,CUST-00737,2025-03-21,Completed,Karachi
ORD-002382,CUST-01256,2025-03-21,Completed,Karachi
ORD-002383,CUST-00818,2025-03-21,Cancelled,Karachi
ORD-002384,CUST-00211,2025-03-21,Completed,Gujranwala
ORD-002385,CUST-00133,2025-03-21,Pending,Lahore
ORD-002386,CUST-01250,2025-03-21,Completed,Lahore
ORD-002387,CUST-01423,2025-03-21,Completed,Faisalabad
ORD-002388,CUST-00846,2025-03-22,Completed,Lahore
ORD-002389,CUST-01307,2025-03-22,Completed,Karachi
ORD-002390,CUST-00414,2025-03-22,Completed,Lahore
ORD-002391,CUST-00933,2025-03-22,Completed,Islamabad
ORD-002392,CUST-00257,2025-03-22,Completed,Multan
ORD-002393,CUST-00532,2025-03-22,Completed,Lahore
ORD-002394,CUST-01022,2025-03-22,Completed,Quetta
ORD-002395,CUST-00266,2025-03-22,Pending,Islamabad
ORD-002396,CUST-00554,2025-03-22,Completed,Rawalpindi
ORD-002397,CUST-01429,2025-03-22,Returned,Lahore
ORD-002398,CUST-01372,2025-03-22,Pending,Karachi
ORD-002399,CUST-01461,2025-03-22,Pending,Faisalabad
ORD-002400,CUST-00367,2025-03-22,Completed,Gwadar
ORD-002401,CUST-00494,2025-03-22,Pending,Peshawar
ORD-002402,CUST-01036,2025-03-22,Completed,Karachi
ORD-002403,CUST-00377,2025-03-22,Pending,Karachi
ORD-002404,CUST-01197,2025-03-23,Completed,Multan
ORD-002405,CUST-01226,2025-03-23,Completed,Lahore
ORD-002406,CUST-00626,2025-03-23,Completed,Islamabad
ORD-002407,CUST-00364,2025-03-23,Completed,Karachi
ORD-002408,CUST-00725,2025-03-23,Completed,Peshawar
ORD-002409,CUST-01489,2025-03-23,Completed,Karachi
ORD-002410,CUST-00652,2025-03-24,Completed,Multan
ORD-002411,CUST-01393,2025-03-24,Completed,Rawalpindi
ORD-002412,CUST-00274,2025-03-24,Completed,Faisalabad
ORD-002413,CUST-00618,2025-03-24,Completed,Islamabad
ORD-002414,CUST-00999,2025-03-24,Completed,Rahim Yar Khan
ORD-002415,CUST-00428,2025-03-24,Completed,Lahore
ORD-002416,CUST-00906,2025-03-24,Completed,Karachi
ORD-002417,CUST-00605,2025-03-24,Completed,Hyderabad
ORD-002418,CUST-01058,2025-03-24,Cancelled,Sialkot
ORD-002419,CUST-00843,2025-03-24,Completed,Sialkot
ORD-002420,CUST-01402,2025-03-25,Pending,Karachi
ORD-002421,CUST-00436,2025-03-25,Completed,Lahore
ORD-002422,CUST-00961,2025-03-25,Completed,Islamabad
ORD-002423,CUST-01327,2025-03-25,Completed,Abbottabad
ORD-002424,CUST-01479,2025-03-25,Completed,Multan
ORD-002425,CUST-00491,2025-03-25,Returned,Mardan
ORD-002426,CUST-00904,2025-03-25,Completed,Faisalabad
ORD-002427,CUST-00335,2025-03-25,Completed,Islamabad
ORD-002428,CUST-01389,2025-03-25,Completed,Rawalpindi
ORD-002429,CUST-01072,2025-03-25,Completed,Karachi
ORD-002430,CUST-00721,2025-03-25,Completed,Islamabad
ORD-002431,CUST-00605,2025-03-25,Completed,Karachi
ORD-002432,CUST-01231,2025-03-25,Returned,Bahawalpur
ORD-002433,CUST-00074,2025-03-25,Completed,Sialkot
ORD-002434,CUST-01136,2025-03-25,Completed,Karachi
ORD-002435,CUST-00653,2025-03-25,Returned,Quetta
ORD-002436,CUST-01303,2025-03-25,Completed,Rawalpindi
ORD-002437,CUST-00892,2025-03-25,Completed,Karachi
ORD-002438,CUST-00568,2025-03-25,Completed,Lahore
ORD-002439,CUST-00769,2025-03-26,Returned,Sialkot
ORD-002440,CUST-00868,2025-03-26,Completed,Lahore
ORD-002441,CUST-00047,2025-03-26,Completed,Rawalpindi
ORD-002442,CUST-01057,2025-03-26,Completed,Lahore
ORD-002443,CUST-00483,2025-03-26,Completed,Karachi
ORD-002444,CUST-00831,2025-03-26,Returned,Lahore
ORD-002445,CUST-00654,2025-03-26,Completed,Karachi
ORD-002446,CUST-01259,2025-03-26,Completed,Rawalpindi
ORD-002447,CUST-00334,2025-03-26,Completed,Karachi
ORD-002448,CUST-01364,2025-03-26,Completed,Karachi
ORD-002449,CUST-00425,2025-03-26,Completed,Gujranwala
ORD-002450,CUST-00091,2025-03-26,Completed,Gujranwala
ORD-002451,CUST-01026,2025-03-26,Completed,Mardan
ORD-002452,CUST-01450,2025-03-26,Completed,Sahiwal
ORD-002453,CUST-00270,2025-03-26,Cancelled,Sukkur
ORD-002454,CUST-01140,2025-03-27,Completed,Karachi
ORD-002455,CUST-01453,2025-03-27,Cancelled,Quetta
ORD-002456,CUST-01031,2025-03-27,Completed,Lahore
ORD-002457,CUST-00760,2025-03-27,Completed,Rawalpindi
ORD-002458,CUST-01079,2025-03-27,Completed,Karachi
ORD-002459,CUST-01474,2025-03-27,Completed,Lahore
ORD-002460,CUST-01366,2025-03-27,Completed,Rahim Yar Khan
ORD-002461,CUST-00758,2025-03-27,Completed,Karachi
ORD-002462,CUST-01479,2025-03-27,Completed,Multan
ORD-002463,CUST-01498,2025-03-27,Completed,Karachi
ORD-002464,CUST-01036,2025-03-27,Pending,Karachi
ORD-002465,CUST-01265,2025-03-27,Completed,Abbottabad
ORD-002466,CUST-00392,2025-03-27,Returned,Lahore
ORD-002467,CUST-00029,2025-03-27,Completed,Lahore
ORD-002468,CUST-00329,2025-03-28,Completed,Multan
ORD-002469,CUST-01128,2025-03-28,Completed,Lahore
ORD-002470,CUST-00922,2025-03-28,Completed,Gujranwala
ORD-002471,CUST-00886,2025-03-28,Completed,Islamabad
ORD-002472,CUST-01093,2025-03-28,Returned,Lahore
ORD-002473,CUST-01039,2025-03-28,Completed,Islamabad
ORD-002474,CUST-00857,2025-03-28,Completed,Lahore
ORD-002475,CUST-01166,2025-03-28,Completed,Lahore
ORD-002476,CUST-00643,2025-03-28,Completed,Karachi
ORD-002477,CUST-00966,2025-03-28,Completed,Karachi
ORD-002478,CUST-00618,2025-03-28,Completed,Faisalabad
ORD-002479,CUST-01051,2025-03-28,Completed,Lahore
ORD-002480,CUST-01335,2025-03-28,Completed,Lahore
ORD-002481,CUST-00862,2025-03-29,Completed,Karachi
ORD-002482,CUST-00310,2025-03-29,Completed,Rawalpindi
ORD-002483,CUST-00994,2025-03-29,Completed,Peshawar
ORD-002484,CUST-00909,2025-03-29,Completed,Lahore
ORD-002485,CUST-00636,2025-03-29,Completed,Bahawalpur
ORD-002486,CUST-01290,2025-03-29,Returned,Rawalpindi
ORD-002487,CUST-01472,2025-03-29,Completed,Bahawalpur
ORD-002488,CUST-00058,2025-03-29,Completed,Multan
ORD-002489,CUST-01178,2025-03-29,Returned,Karachi
ORD-002490,CUST-00916,2025-03-29,Pending,Sahiwal
ORD-002491,CUST-00153,2025-03-29,Completed,Bahawalpur
ORD-002492,CUST-00571,2025-03-29,Completed,Sukkur
ORD-002493,CUST-00730,2025-03-29,Completed,Peshawar
ORD-002494,CUST-00943,2025-03-29,Completed,Hyderabad
ORD-002495,CUST-00250,2025-03-29,Pending,Rawalpindi
ORD-002496,CUST-00929,2025-03-29,Completed,Karachi
ORD-002497,CUST-00618,2025-03-29,Completed,Bahawalpur
ORD-002498,CUST-00246,2025-03-29,Completed,Islamabad
ORD-002499,CUST-00106,2025-03-29,Returned,Karachi
ORD-002500,CUST-00400,2025-03-30,Completed,Rawalpindi
ORD-002501,CUST-00847,2025-03-30,Pending,Faisalabad
ORD-002502,CUST-01451,2025-03-30,Completed,Lahore
ORD-002503,CUST-00900,2025-03-30,Returned,Gujranwala
ORD-002504,CUST-00839,2025-03-30,Completed,Lahore
ORD-002505,CUST-00903,2025-03-30,Returned,Lahore
ORD-002506,CUST-00226,2025-03-31,Completed,Islamabad
ORD-002507,CUST-00538,2025-03-31,Completed,Mirpur Khas
ORD-002508,CUST-01094,2025-03-31,Completed,Lahore
ORD-002509,CUST-00867,2025-03-31,Completed,Lahore
ORD-002510,CUST-00479,2025-03-31,Completed,Rahim Yar Khan
ORD-002511,CUST-00169,2025-03-31,Completed,Multan
ORD-002512,CUST-00481,2025-03-31,Completed,Peshawar
ORD-002513,CUST-00980,2025-03-31,Returned,Karachi
ORD-002514,CUST-01030,2025-03-31,Completed,Lahore
ORD-002515,CUST-01448,2025-03-31,Returned,Karachi
ORD-002516,CUST-00843,2025-03-31,Completed,Sialkot
ORD-002517,CUST-00974,2025-03-31,Completed,Peshawar
ORD-002518,CUST-00527,2025-03-31,Completed,Lahore
ORD-002519,CUST-00371,2025-03-31,Pending,Sukkur
ORD-002520,CUST-01400,2025-03-31,Completed,Lahore
ORD-002521,CUST-00902,2025-03-31,Completed,Lahore
ORD-002522,CUST-01288,2025-03-31,Completed,Bahawalpur
ORD-002523,CUST-00665,2025-03-31,Completed,Lahore
ORD-002524,CUST-00211,2025-03-31,Completed,Lahore
ORD-002525,CUST-00536,2025-04-01,Cancelled,Sialkot
ORD-002526,CUST-00321,2025-04-01,Completed,Sialkot
ORD-002527,CUST-00840,2025-04-01,Completed,Peshawar
ORD-002528,CUST-00462,2025-04-01,Completed,Karachi
ORD-002529,CUST-01197,2025-04-01,Cancelled,Multan
ORD-002530,CUST-00640,2025-04-01,Completed,Karachi
ORD-002531,CUST-00014,2025-04-01,Completed,Lahore
ORD-002532,CUST-00358,2025-04-01,Completed,Multan
ORD-002533,CUST-00933,2025-04-01,Completed,Islamabad
ORD-002534,CUST-00747,2025-04-01,Completed,Mardan
ORD-002535,CUST-01202,2025-04-01,Completed,Lahore
ORD-002536,CUST-01076,2025-04-01,Completed,Islamabad
ORD-002537,CUST-01406,2025-04-01,Completed,Quetta
ORD-002538,CUST-00797,2025-04-01,Completed,Karachi
ORD-002539,CUST-01194,2025-04-01,Cancelled,Karachi
ORD-002540,CUST-00523,2025-04-01,Returned,Mirpur Khas
ORD-002541,CUST-00565,2025-04-01,Completed,Gujranwala
ORD-002542,CUST-01320,2025-04-01,Completed,Karachi
ORD-002543,CUST-00635,2025-04-01,Pending,Abbottabad
ORD-002544,CUST-01257,2025-04-01,Completed,Lahore
ORD-002545,CUST-00824,2025-04-02,Completed,Karachi
ORD-002546,CUST-00149,2025-04-02,Completed,Lahore
ORD-002547,CUST-00934,2025-04-02,Completed,Karachi
ORD-002548,CUST-01281,2025-04-02,Completed,Quetta
ORD-002549,CUST-01038,2025-04-02,Completed,Faisalabad
ORD-002550,CUST-00099,2025-04-02,Completed,Sukkur
ORD-002551,CUST-00866,2025-04-02,Completed,Faisalabad
ORD-002552,CUST-00106,2025-04-02,Completed,Karachi
ORD-002553,CUST-01100,2025-04-02,Completed,Rawalpindi
ORD-002554,CUST-00699,2025-04-02,Completed,Karachi
ORD-002555,CUST-01315,2025-04-02,Cancelled,Rawalpindi
ORD-002556,CUST-01057,2025-04-02,Completed,Lahore
ORD-002557,CUST-00612,2025-04-02,Completed,Sargodha
ORD-002558,CUST-00145,2025-04-02,Completed,Rawalpindi
ORD-002559,CUST-01370,2025-04-02,Completed,Karachi
ORD-002560,CUST-00110,2025-04-02,Returned,Karachi
ORD-002561,CUST-01267,2025-04-03,Completed,Islamabad
ORD-002562,CUST-01410,2025-04-03,Completed,Karachi
ORD-002563,CUST-00784,2025-04-03,Completed,Hyderabad
ORD-002564,CUST-00219,2025-04-03,Returned,Karachi
ORD-002565,CUST-00004,2025-04-03,Completed,Sargodha
ORD-002566,CUST-00322,2025-04-03,Completed,Karachi
ORD-002567,CUST-01027,2025-04-03,Completed,Lahore
ORD-002568,CUST-00898,2025-04-03,Completed,Karachi
ORD-002569,CUST-00274,2025-04-03,Completed,Faisalabad
ORD-002570,CUST-01285,2025-04-03,Completed,Rawalpindi
ORD-002571,CUST-01300,2025-04-03,Completed,Rawalpindi
ORD-002572,CUST-00024,2025-04-03,Completed,Sahiwal
ORD-002573,CUST-00919,2025-04-04,Completed,Lahore
ORD-002574,CUST-01166,2025-04-04,Completed,Karachi
ORD-002575,CUST-00063,2025-04-04,Completed,Lahore
ORD-002576,CUST-01483,2025-04-04,Completed,Lahore
ORD-002577,CUST-00789,2025-04-04,Cancelled,Faisalabad
ORD-002578,CUST-00228,2025-04-04,Completed,Peshawar
ORD-002579,CUST-01365,2025-04-04,Completed,Rawalpindi
ORD-002580,CUST-01327,2025-04-04,Pending,Abbottabad
ORD-002581,CUST-01168,2025-04-05,Pending,Faisalabad
ORD-002582,CUST-00995,2025-04-05,Returned,Karachi
ORD-002583,CUST-00688,2025-04-05,Completed,Karachi
ORD-002584,CUST-00546,2025-04-05,Completed,Islamabad
ORD-002585,CUST-00182,2025-04-05,Completed,Islamabad
ORD-002586,CUST-01048,2025-04-05,Completed,Faisalabad
ORD-002587,CUST-00651,2025-04-05,Completed,Karachi
ORD-002588,CUST-00945,2025-04-05,Completed,Karachi
ORD-002589,CUST-01105,2025-04-05,Completed,Faisalabad
ORD-002590,CUST-00985,2025-04-05,Completed,Islamabad
ORD-002591,CUST-00879,2025-04-05,Pending,Lahore
ORD-002592,CUST-00989,2025-04-05,Completed,Karachi
ORD-002593,CUST-00669,2025-04-05,Completed,Abbottabad
ORD-002594,CUST-00895,2025-04-05,Completed,Lahore
ORD-002595,CUST-01266,2025-04-06,Completed,Bahawalpur
ORD-002596,CUST-00063,2025-04-06,Completed,Lahore
ORD-002597,CUST-01453,2025-04-06,Completed,Quetta
ORD-002598,CUST-01019,2025-04-06,Completed,Lahore
ORD-002599,CUST-01371,2025-04-06,Pending,Faisalabad
ORD-002600,CUST-01142,2025-04-06,Completed,Karachi
ORD-002601,CUST-01223,2025-04-06,Cancelled,Abbottabad
ORD-002602,CUST-00820,2025-04-06,Cancelled,Rahim Yar Khan
ORD-002603,CUST-00888,2025-04-06,Completed,Sahiwal
ORD-002604,CUST-01224,2025-04-06,Returned,Peshawar
ORD-002605,CUST-01167,2025-04-06,Completed,Karachi
ORD-002606,CUST-00712,2025-04-06,Completed,Gujranwala
ORD-002607,CUST-01432,2025-04-06,Completed,Peshawar
ORD-002608,CUST-00004,2025-04-06,Completed,Sargodha
ORD-002609,CUST-01315,2025-04-06,Completed,Rawalpindi
ORD-002610,CUST-00040,2025-04-07,Completed,Lahore
ORD-002611,CUST-00441,2025-04-07,Completed,Multan
ORD-002612,CUST-00067,2025-04-07,Completed,Rawalpindi
ORD-002613,CUST-01429,2025-04-07,Completed,Faisalabad
ORD-002614,CUST-01007,2025-04-07,Completed,Karachi
ORD-002615,CUST-01179,2025-04-07,Completed,Rawalpindi
ORD-002616,CUST-00214,2025-04-07,Completed,Quetta
ORD-002617,CUST-00512,2025-04-07,Returned,Faisalabad
ORD-002618,CUST-00137,2025-04-07,Completed,Multan
ORD-002619,CUST-00875,2025-04-07,Completed,Karachi
ORD-002620,CUST-01117,2025-04-07,Cancelled,Karachi
ORD-002621,CUST-01055,2025-04-07,Pending,Sialkot
ORD-002622,CUST-00355,2025-04-07,Completed,Karachi
ORD-002623,CUST-00699,2025-04-07,Completed,Karachi
ORD-002624,CUST-00694,2025-04-07,Completed,Gujranwala
ORD-002625,CUST-00839,2025-04-07,Completed,Faisalabad
ORD-002626,CUST-00330,2025-04-07,Completed,Rawalpindi
ORD-002627,CUST-00209,2025-04-07,Completed,Rawalpindi
ORD-002628,CUST-01235,2025-04-07,Completed,Rawalpindi
ORD-002629,CUST-01280,2025-04-07,Returned,Rawalpindi
ORD-002630,CUST-00137,2025-04-08,Completed,Multan
ORD-002631,CUST-01048,2025-04-08,Completed,Faisalabad
ORD-002632,CUST-00929,2025-04-08,Completed,Karachi
ORD-002633,CUST-00622,2025-04-08,Completed,Quetta
ORD-002634,CUST-00478,2025-04-08,Completed,Hyderabad
ORD-002635,CUST-00843,2025-04-08,Pending,Sialkot
ORD-002636,CUST-01451,2025-04-08,Completed,Karachi
ORD-002637,CUST-00434,2025-04-08,Completed,Lahore
ORD-002638,CUST-00289,2025-04-08,Returned,Karachi
ORD-002639,CUST-01272,2025-04-08,Completed,Islamabad
ORD-002640,CUST-01441,2025-04-09,Completed,Bahawalpur
ORD-002641,CUST-00963,2025-04-09,Completed,Lahore
ORD-002642,CUST-01383,2025-04-09,Completed,Karachi
ORD-002643,CUST-00281,2025-04-09,Completed,Faisalabad
ORD-002644,CUST-01447,2025-04-09,Completed,Karachi
ORD-002645,CUST-00671,2025-04-09,Completed,Lahore
ORD-002646,CUST-00909,2025-04-09,Completed,Lahore
ORD-002647,CUST-00825,2025-04-09,Completed,Lahore
ORD-002648,CUST-00032,2025-04-09,Completed,Rawalpindi
ORD-002649,CUST-01274,2025-04-09,Completed,Islamabad
ORD-002650,CUST-00117,2025-04-09,Completed,Faisalabad
ORD-002651,CUST-00382,2025-04-09,Completed,Peshawar
ORD-002652,CUST-00337,2025-04-09,Completed,Quetta
ORD-002653,CUST-01496,2025-04-09,Pending,Karachi
ORD-002654,CUST-00929,2025-04-09,Completed,Karachi
ORD-002655,CUST-01484,2025-04-09,Completed,Lahore
ORD-002656,CUST-01233,2025-04-09,Completed,Hyderabad
ORD-002657,CUST-01217,2025-04-09,Completed,Karachi
ORD-002658,CUST-00313,2025-04-09,Completed,Islamabad
ORD-002659,CUST-00870,2025-04-09,Completed,Lahore
ORD-002660,CUST-00715,2025-04-09,Completed,Gujranwala
ORD-002661,CUST-00687,2025-04-09,Completed,Karachi
ORD-002662,CUST-01329,2025-04-09,Completed,Islamabad
ORD-002663,CUST-01480,2025-04-09,Cancelled,Karachi
ORD-002664,CUST-01449,2025-04-09,Completed,Karachi
ORD-002665,CUST-01125,2025-04-09,Completed,Quetta
ORD-002666,CUST-01105,2025-04-09,Completed,Faisalabad
ORD-002667,CUST-00319,2025-04-09,Completed,Mirpur Khas
ORD-002668,CUST-01473,2025-04-09,Completed,Rawalpindi
ORD-002669,CUST-00373,2025-04-09,Completed,Sargodha
ORD-002670,CUST-01434,2025-04-10,Cancelled,Quetta
ORD-002671,CUST-00837,2025-04-10,Completed,Lahore
ORD-002672,CUST-00994,2025-04-10,Completed,Peshawar
ORD-002673,CUST-00307,2025-04-10,Completed,Multan
ORD-002674,CUST-00860,2025-04-10,Completed,Peshawar
ORD-002675,CUST-00020,2025-04-10,Cancelled,Bahawalpur
ORD-002676,CUST-01053,2025-04-10,Completed,Gujranwala
ORD-002677,CUST-01071,2025-04-10,Completed,Bahawalpur
ORD-002678,CUST-01223,2025-04-10,Completed,Abbottabad
ORD-002679,CUST-01316,2025-04-10,Completed,Mardan
ORD-002680,CUST-00143,2025-04-10,Completed,Hyderabad
ORD-002681,CUST-00876,2025-04-10,Completed,Bahawalpur
ORD-002682,CUST-01085,2025-04-10,Completed,Lahore
ORD-002683,CUST-00329,2025-04-10,Completed,Multan
ORD-002684,CUST-00329,2025-04-10,Completed,Multan
ORD-002685,CUST-00779,2025-04-10,Completed,Sargodha
ORD-002686,CUST-01378,2025-04-10,Completed,Lahore
ORD-002687,CUST-00048,2025-04-10,Returned,Rawalpindi
ORD-002688,CUST-00264,2025-04-10,Completed,Peshawar
ORD-002689,CUST-00399,2025-04-10,Completed,Bahawalpur
ORD-002690,CUST-01143,2025-04-10,Cancelled,Karachi
ORD-002691,CUST-00218,2025-04-10,Completed,Karachi
ORD-002692,CUST-00219,2025-04-11,Pending,Karachi
ORD-002693,CUST-00573,2025-04-11,Completed,Karachi
ORD-002694,CUST-01449,2025-04-11,Completed,Faisalabad
ORD-002695,CUST-00152,2025-04-11,Pending,Hyderabad
ORD-002696,CUST-00989,2025-04-11,Completed,Lahore
ORD-002697,CUST-01124,2025-04-11,Completed,Rawalpindi
ORD-002698,CUST-00571,2025-04-11,Completed,Sukkur
ORD-002699,CUST-00462,2025-04-11,Completed,Multan
ORD-002700,CUST-00562,2025-04-11,Returned,Rawalpindi
ORD-002701,CUST-01062,2025-04-11,Completed,Lahore
ORD-002702,CUST-00770,2025-04-11,Completed,Lahore
ORD-002703,CUST-00881,2025-04-11,Completed,Sukkur
ORD-002704,CUST-00543,2025-04-11,Pending,Peshawar
ORD-002705,CUST-00092,2025-04-11,Completed,Multan
ORD-002706,CUST-01299,2025-04-11,Completed,Quetta
ORD-002707,CUST-00870,2025-04-11,Completed,Lahore
ORD-002708,CUST-00690,2025-04-12,Completed,Gujranwala
ORD-002709,CUST-01201,2025-04-12,Completed,Sialkot
ORD-002710,CUST-00550,2025-04-12,Completed,Karachi
ORD-002711,CUST-00214,2025-04-12,Cancelled,Islamabad
ORD-002712,CUST-01450,2025-04-12,Completed,Sahiwal
ORD-002713,CUST-01450,2025-04-12,Completed,Sahiwal
ORD-002714,CUST-00441,2025-04-12,Returned,Multan
ORD-002715,CUST-00819,2025-04-12,Completed,Lahore
ORD-002716,CUST-00030,2025-04-12,Completed,Karachi
ORD-002717,CUST-00702,2025-04-12,Completed,Bahawalpur
ORD-002718,CUST-00774,2025-04-12,Completed,Peshawar
ORD-002719,CUST-00450,2025-04-12,Completed,Bahawalpur
ORD-002720,CUST-01072,2025-04-12,Completed,Karachi
ORD-002721,CUST-00192,2025-04-12,Pending,Mirpur Khas
ORD-002722,CUST-00800,2025-04-12,Completed,Lahore
ORD-002723,CUST-00289,2025-04-12,Pending,Karachi
ORD-002724,CUST-00036,2025-04-13,Completed,Sahiwal
ORD-002725,CUST-00361,2025-04-13,Pending,Quetta
ORD-002726,CUST-00716,2025-04-13,Completed,Gujranwala
ORD-002727,CUST-00511,2025-04-13,Completed,Gujranwala
ORD-002728,CUST-00519,2025-04-13,Completed,Gwadar
ORD-002729,CUST-00068,2025-04-13,Cancelled,Faisalabad
ORD-002730,CUST-01105,2025-04-13,Completed,Faisalabad
ORD-002731,CUST-00024,2025-04-13,Completed,Rawalpindi
ORD-002732,CUST-00531,2025-04-14,Completed,Karachi
ORD-002733,CUST-00227,2025-04-14,Completed,Multan
ORD-002734,CUST-00660,2025-04-14,Completed,Lahore
ORD-002735,CUST-01226,2025-04-14,Returned,Lahore
ORD-002736,CUST-00634,2025-04-14,Completed,Gujranwala
ORD-002737,CUST-01010,2025-04-14,Returned,Faisalabad
ORD-002738,CUST-01197,2025-04-14,Completed,Multan
ORD-002739,CUST-00882,2025-04-14,Pending,Lahore
ORD-002740,CUST-00784,2025-04-14,Completed,Hyderabad
ORD-002741,CUST-00087,2025-04-14,Completed,Lahore
ORD-002742,CUST-00573,2025-04-14,Completed,Karachi
ORD-002743,CUST-00119,2025-04-14,Completed,Gujranwala
ORD-002744,CUST-00604,2025-04-14,Pending,Karachi
ORD-002745,CUST-01235,2025-04-14,Completed,Rawalpindi
ORD-002746,CUST-00926,2025-04-14,Cancelled,Karachi
ORD-002747,CUST-01037,2025-04-14,Returned,Karachi
ORD-002748,CUST-01145,2025-04-14,Completed,Karachi
ORD-002749,CUST-00685,2025-04-14,Completed,Karachi
ORD-002750,CUST-00059,2025-04-14,Completed,Karachi
ORD-002751,CUST-00027,2025-04-15,Completed,Lahore
ORD-002752,CUST-01387,2025-04-15,Cancelled,Rahim Yar Khan
ORD-002753,CUST-00411,2025-04-15,Completed,Karachi
ORD-002754,CUST-00428,2025-04-15,Returned,Lahore
ORD-002755,CUST-00844,2025-04-15,Completed,Karachi
ORD-002756,CUST-00467,2025-04-15,Completed,Faisalabad
ORD-002757,CUST-01480,2025-04-15,Completed,Lahore
ORD-002758,CUST-00584,2025-04-15,Returned,Rawalpindi
ORD-002759,CUST-00477,2025-04-15,Pending,Rawalpindi
ORD-002760,CUST-00673,2025-04-15,Completed,Karachi
ORD-002761,CUST-00792,2025-04-15,Pending,Lahore
ORD-002762,CUST-01280,2025-04-16,Completed,Lahore
ORD-002763,CUST-00051,2025-04-16,Completed,Karachi
ORD-002764,CUST-00702,2025-04-16,Cancelled,Bahawalpur
ORD-002765,CUST-00724,2025-04-16,Completed,Karachi
ORD-002766,CUST-00385,2025-04-16,Completed,Karachi
ORD-002767,CUST-00944,2025-04-16,Completed,Karachi
ORD-002768,CUST-00254,2025-04-16,Cancelled,Karachi
ORD-002769,CUST-01287,2025-04-16,Completed,Islamabad
ORD-002770,CUST-00412,2025-04-16,Completed,Rawalpindi
ORD-002771,CUST-00224,2025-04-16,Completed,Karachi
ORD-002772,CUST-01178,2025-04-16,Completed,Karachi
ORD-002773,CUST-00046,2025-04-16,Completed,Sialkot
ORD-002774,CUST-00829,2025-04-16,Completed,Lahore
ORD-002775,CUST-00828,2025-04-16,Completed,Islamabad
ORD-002776,CUST-00390,2025-04-16,Completed,Lahore
ORD-002777,CUST-01155,2025-04-17,Completed,Sargodha
ORD-002778,CUST-01029,2025-04-17,Completed,Lahore
ORD-002779,CUST-01233,2025-04-17,Completed,Hyderabad
ORD-002780,CUST-00625,2025-04-17,Completed,Islamabad
ORD-002781,CUST-00391,2025-04-17,Completed,Faisalabad
ORD-002782,CUST-00747,2025-04-17,Returned,Lahore
ORD-002783,CUST-00166,2025-04-17,Completed,Lahore
ORD-002784,CUST-01357,2025-04-17,Completed,Gujranwala
ORD-002785,CUST-00332,2025-04-17,Completed,Lahore
ORD-002786,CUST-01316,2025-04-17,Completed,Peshawar
ORD-002787,CUST-00499,2025-04-17,Completed,Mardan
ORD-002788,CUST-01103,2025-04-17,Completed,Karachi
ORD-002789,CUST-00554,2025-04-17,Completed,Rawalpindi
ORD-002790,CUST-00635,2025-04-17,Completed,Abbottabad
ORD-002791,CUST-00210,2025-04-17,Completed,Multan
ORD-002792,CUST-00052,2025-04-17,Completed,Faisalabad
ORD-002793,CUST-01139,2025-04-17,Completed,Sukkur
ORD-002794,CUST-00796,2025-04-18,Pending,Mardan
ORD-002795,CUST-00339,2025-04-18,Returned,Rawalpindi
ORD-002796,CUST-01226,2025-04-18,Completed,Lahore
ORD-002797,CUST-00532,2025-04-18,Completed,Karachi
ORD-002798,CUST-01338,2025-04-18,Completed,Karachi
ORD-002799,CUST-01045,2025-04-18,Completed,Faisalabad
ORD-002800,CUST-00949,2025-04-18,Completed,Faisalabad
ORD-002801,CUST-01402,2025-04-18,Cancelled,Rawalpindi
ORD-002802,CUST-00565,2025-04-18,Pending,Gujranwala
ORD-002803,CUST-00625,2025-04-18,Completed,Islamabad
ORD-002804,CUST-00270,2025-04-18,Completed,Sukkur
ORD-002805,CUST-01480,2025-04-18,Completed,Karachi
ORD-002806,CUST-00284,2025-04-19,Completed,Karachi
ORD-002807,CUST-01435,2025-04-19,Completed,Quetta
ORD-002808,CUST-01265,2025-04-19,Pending,Faisalabad
ORD-002809,CUST-00419,2025-04-19,Completed,Lahore
ORD-002810,CUST-00310,2025-04-19,Completed,Rawalpindi
ORD-002811,CUST-00274,2025-04-19,Completed,Faisalabad
ORD-002812,CUST-01301,2025-04-19,Returned,Mirpur Khas
ORD-002813,CUST-00338,2025-04-19,Completed,Islamabad
ORD-002814,CUST-00738,2025-04-19,Pending,Sargodha
ORD-002815,CUST-00409,2025-04-19,Completed,Peshawar
ORD-002816,CUST-00641,2025-04-19,Returned,Peshawar
ORD-002817,CUST-01195,2025-04-19,Completed,Karachi
ORD-002818,CUST-01303,2025-04-19,Returned,Hyderabad
ORD-002819,CUST-00930,2025-04-19,Cancelled,Karachi
ORD-002820,CUST-00490,2025-04-19,Completed,Lahore
ORD-002821,CUST-00209,2025-04-20,Completed,Mardan
ORD-002822,CUST-00456,2025-04-20,Completed,Lahore
ORD-002823,CUST-01495,2025-04-20,Completed,Karachi
ORD-002824,CUST-00111,2025-04-20,Pending,Mardan
ORD-002825,CUST-00111,2025-04-20,Completed,Mardan
ORD-002826,CUST-01226,2025-04-21,Completed,Peshawar
ORD-002827,CUST-01042,2025-04-21,Completed,Mardan
ORD-002828,CUST-00460,2025-04-21,Completed,Lahore
ORD-002829,CUST-00868,2025-04-21,Cancelled,Lahore
ORD-002830,CUST-00342,2025-04-21,Completed,Rawalpindi
ORD-002831,CUST-01171,2025-04-21,Completed,Lahore
ORD-002832,CUST-00641,2025-04-21,Completed,Lahore
ORD-002833,CUST-01416,2025-04-21,Completed,Gujranwala
ORD-002834,CUST-00597,2025-04-21,Completed,Multan
ORD-002835,CUST-00752,2025-04-21,Completed,Rawalpindi
ORD-002836,CUST-01288,2025-04-21,Returned,Lahore
ORD-002837,CUST-00827,2025-04-21,Completed,Rawalpindi
ORD-002838,CUST-01156,2025-04-21,Completed,Lahore
ORD-002839,CUST-01495,2025-04-21,Pending,Faisalabad
ORD-002840,CUST-00007,2025-04-21,Completed,Lahore
ORD-002841,CUST-00809,2025-04-21,Pending,Sukkur
ORD-002842,CUST-00816,2025-04-21,Cancelled,Faisalabad
ORD-002843,CUST-00840,2025-04-21,Completed,Peshawar
ORD-002844,CUST-00337,2025-04-21,Returned,Quetta
ORD-002845,CUST-00841,2025-04-21,Completed,Sahiwal
ORD-002846,CUST-00281,2025-04-21,Completed,Sukkur
ORD-002847,CUST-00596,2025-04-21,Pending,Sialkot
ORD-002848,CUST-00031,2025-04-21,Completed,Karachi
ORD-002849,CUST-00214,2025-04-21,Completed,Gujranwala
ORD-002850,CUST-01057,2025-04-22,Completed,Lahore
ORD-002851,CUST-01188,2025-04-22,Completed,Karachi
ORD-002852,CUST-01008,2025-04-22,Completed,Multan
ORD-002853,CUST-00143,2025-04-22,Pending,Hyderabad
ORD-002854,CUST-00081,2025-04-22,Completed,Abbottabad
ORD-002855,CUST-00046,2025-04-22,Completed,Sialkot
ORD-002856,CUST-00278,2025-04-22,Completed,Quetta
ORD-002857,CUST-01080,2025-04-22,Cancelled,Islamabad
ORD-002858,CUST-01015,2025-04-22,Completed,Rawalpindi
ORD-002859,CUST-00410,2025-04-22,Completed,Peshawar
ORD-002860,CUST-01114,2025-04-22,Completed,Karachi
ORD-002861,CUST-00624,2025-04-22,Pending,Sialkot
ORD-002862,CUST-00434,2025-04-22,Completed,Lahore
ORD-002863,CUST-00284,2025-04-22,Completed,Karachi
ORD-002864,CUST-00856,2025-04-22,Completed,Peshawar
ORD-002865,CUST-00690,2025-04-22,Completed,Gujranwala
ORD-002866,CUST-00675,2025-04-22,Returned,Islamabad
ORD-002867,CUST-01036,2025-04-22,Completed,Karachi
ORD-002868,CUST-00710,2025-04-22,Returned,Gwadar
ORD-002869,CUST-01348,2025-04-22,Returned,Mirpur Khas
ORD-002870,CUST-00832,2025-04-22,Completed,Abbottabad
ORD-002871,CUST-00221,2025-04-23,Completed,Karachi
ORD-002872,CUST-01155,2025-04-23,Completed,Sargodha
ORD-002873,CUST-00385,2025-04-23,Completed,Lahore
ORD-002874,CUST-00237,2025-04-23,Completed,Lahore
ORD-002875,CUST-01113,2025-04-23,Completed,Sialkot
ORD-002876,CUST-00156,2025-04-23,Completed,Abbottabad
ORD-002877,CUST-01385,2025-04-23,Completed,Abbottabad
ORD-002878,CUST-00339,2025-04-23,Completed,Rawalpindi
ORD-002879,CUST-00451,2025-04-23,Completed,Faisalabad
ORD-002880,CUST-00724,2025-04-23,Completed,Karachi
ORD-002881,CUST-00963,2025-04-23,Pending,Lahore
ORD-002882,CUST-00880,2025-04-23,Completed,Lahore
ORD-002883,CUST-01329,2025-04-23,Completed,Multan
ORD-002884,CUST-00055,2025-04-23,Returned,Lahore
ORD-002885,CUST-01243,2025-04-23,Completed,Karachi
ORD-002886,CUST-00251,2025-04-23,Completed,Bahawalpur
ORD-002887,CUST-00274,2025-04-23,Completed,Karachi
ORD-002888,CUST-00301,2025-04-23,Completed,Faisalabad
ORD-002889,CUST-00993,2025-04-23,Completed,Gujranwala
ORD-002890,CUST-00420,2025-04-23,Completed,Karachi
ORD-002891,CUST-00265,2025-04-23,Returned,Multan
ORD-002892,CUST-00641,2025-04-23,Completed,Lahore
ORD-002893,CUST-00458,2025-04-24,Completed,Karachi
ORD-002894,CUST-00522,2025-04-24,Completed,Karachi
ORD-002895,CUST-00675,2025-04-24,Completed,Islamabad
ORD-002896,CUST-00978,2025-04-24,Completed,Karachi
ORD-002897,CUST-01349,2025-04-24,Completed,Multan
ORD-002898,CUST-01239,2025-04-24,Completed,Lahore
ORD-002899,CUST-01393,2025-04-24,Completed,Karachi
ORD-002900,CUST-01267,2025-04-24,Completed,Islamabad
ORD-002901,CUST-01069,2025-04-24,Returned,Sialkot
ORD-002902,CUST-01183,2025-04-24,Completed,Karachi
ORD-002903,CUST-00863,2025-04-24,Completed,Lahore
ORD-002904,CUST-01218,2025-04-24,Completed,Sargodha
ORD-002905,CUST-00435,2025-04-24,Completed,Gujranwala
ORD-002906,CUST-01163,2025-04-24,Cancelled,Lahore
ORD-002907,CUST-00375,2025-04-24,Completed,Lahore
ORD-002908,CUST-00927,2025-04-25,Completed,Islamabad
ORD-002909,CUST-00284,2025-04-25,Completed,Karachi
ORD-002910,CUST-01318,2025-04-25,Completed,Karachi
ORD-002911,CUST-01229,2025-04-25,Completed,Lahore
ORD-002912,CUST-00045,2025-04-25,Pending,Karachi
ORD-002913,CUST-00251,2025-04-25,Completed,Lahore
ORD-002914,CUST-00735,2025-04-25,Completed,Islamabad
ORD-002915,CUST-00253,2025-04-25,Completed,Lahore
ORD-002916,CUST-00081,2025-04-25,Pending,Lahore
ORD-002917,CUST-00805,2025-04-25,Completed,Karachi
ORD-002918,CUST-00501,2025-04-25,Completed,Karachi
ORD-002919,CUST-00589,2025-04-25,Cancelled,Islamabad
ORD-002920,CUST-01223,2025-04-25,Pending,Abbottabad
ORD-002921,CUST-00631,2025-04-25,Completed,Lahore
ORD-002922,CUST-00567,2025-04-26,Returned,Bahawalpur
ORD-002923,CUST-00961,2025-04-26,Completed,Islamabad
ORD-002924,CUST-00057,2025-04-26,Completed,Lahore
ORD-002925,CUST-00460,2025-04-26,Pending,Lahore
ORD-002926,CUST-00263,2025-04-26,Completed,Abbottabad
ORD-002927,CUST-01437,2025-04-26,Completed,Lahore
ORD-002928,CUST-00330,2025-04-26,Completed,Sargodha
ORD-002929,CUST-00884,2025-04-26,Completed,Sahiwal
ORD-002930,CUST-00146,2025-04-26,Returned,Multan
ORD-002931,CUST-00896,2025-04-26,Completed,Sargodha
ORD-002932,CUST-00375,2025-04-26,Completed,Quetta
ORD-002933,CUST-00414,2025-04-26,Completed,Lahore
ORD-002934,CUST-01042,2025-04-26,Completed,Lahore
ORD-002935,CUST-00787,2025-04-26,Cancelled,Karachi
ORD-002936,CUST-00565,2025-04-26,Returned,Gujranwala
ORD-002937,CUST-00631,2025-04-26,Completed,Karachi
ORD-002938,CUST-01225,2025-04-26,Completed,Lahore
ORD-002939,CUST-00999,2025-04-26,Completed,Rahim Yar Khan
ORD-002940,CUST-00954,2025-04-27,Completed,Faisalabad
ORD-002941,CUST-00528,2025-04-27,Completed,Karachi
ORD-002942,CUST-00163,2025-04-27,Pending,Multan
ORD-002943,CUST-01274,2025-04-27,Completed,Islamabad
ORD-002944,CUST-00174,2025-04-27,Completed,Lahore
ORD-002945,CUST-01286,2025-04-27,Completed,Karachi
ORD-002946,CUST-00307,2025-04-27,Completed,Multan
ORD-002947,CUST-01285,2025-04-27,Completed,Rawalpindi
ORD-002948,CUST-00330,2025-04-28,Pending,Rawalpindi
ORD-002949,CUST-01280,2025-04-28,Returned,Rawalpindi
ORD-002950,CUST-00097,2025-04-28,Completed,Lahore
ORD-002951,CUST-00283,2025-04-28,Pending,Gujranwala
ORD-002952,CUST-01005,2025-04-28,Completed,Hyderabad
ORD-002953,CUST-01197,2025-04-28,Completed,Multan
ORD-002954,CUST-00697,2025-04-28,Completed,Islamabad
ORD-002955,CUST-01182,2025-04-28,Completed,Gujranwala
ORD-002956,CUST-01304,2025-04-28,Completed,Quetta
ORD-002957,CUST-00521,2025-04-28,Completed,Islamabad
ORD-002958,CUST-00353,2025-04-28,Completed,Karachi
ORD-002959,CUST-00556,2025-04-28,Completed,Islamabad
ORD-002960,CUST-01200,2025-04-28,Completed,Sargodha
ORD-002961,CUST-01400,2025-04-28,Cancelled,Lahore
ORD-002962,CUST-01178,2025-04-29,Completed,Karachi
ORD-002963,CUST-00448,2025-04-29,Completed,Lahore
ORD-002964,CUST-00039,2025-04-29,Completed,Rawalpindi
ORD-002965,CUST-00554,2025-04-29,Pending,Rawalpindi
ORD-002966,CUST-00641,2025-04-29,Completed,Lahore
ORD-002967,CUST-00365,2025-04-29,Completed,Islamabad
ORD-002968,CUST-01098,2025-04-29,Returned,Mardan
ORD-002969,CUST-00083,2025-04-29,Completed,Quetta
ORD-002970,CUST-01103,2025-04-29,Completed,Karachi
ORD-002971,CUST-00998,2025-04-29,Completed,Peshawar
ORD-002972,CUST-00475,2025-04-29,Completed,Bahawalpur
ORD-002973,CUST-00387,2025-04-29,Completed,Karachi
ORD-002974,CUST-00263,2025-04-29,Cancelled,Abbottabad
ORD-002975,CUST-00747,2025-04-29,Completed,Karachi
ORD-002976,CUST-00277,2025-04-29,Completed,Lahore
ORD-002977,CUST-01345,2025-04-29,Completed,Faisalabad
ORD-002978,CUST-00503,2025-04-29,Completed,Lahore
ORD-002979,CUST-01195,2025-04-29,Completed,Karachi
ORD-002980,CUST-00023,2025-04-29,Completed,Lahore
ORD-002981,CUST-00643,2025-04-29,Completed,Karachi
ORD-002982,CUST-00968,2025-04-29,Completed,Karachi
ORD-002983,CUST-00723,2025-04-29,Completed,Rawalpindi
ORD-002984,CUST-00961,2025-04-29,Completed,Islamabad
ORD-002985,CUST-00380,2025-04-30,Completed,Sialkot
ORD-002986,CUST-00380,2025-04-30,Completed,Sialkot
ORD-002987,CUST-01458,2025-04-30,Completed,Islamabad
ORD-002988,CUST-00324,2025-04-30,Pending,Peshawar
ORD-002989,CUST-00475,2025-04-30,Pending,Bahawalpur
ORD-002990,CUST-00105,2025-04-30,Completed,Karachi
ORD-002991,CUST-00876,2025-04-30,Completed,Gwadar
ORD-002992,CUST-00538,2025-04-30,Completed,Lahore
ORD-002993,CUST-01013,2025-04-30,Completed,Islamabad
ORD-002994,CUST-01163,2025-04-30,Completed,Lahore
ORD-002995,CUST-01094,2025-04-30,Completed,Karachi
ORD-002996,CUST-01483,2025-04-30,Returned,Rahim Yar Khan
ORD-002997,CUST-01449,2025-04-30,Completed,Karachi
ORD-002998,CUST-00655,2025-04-30,Returned,Islamabad
ORD-002999,CUST-00574,2025-04-30,Completed,Mardan
ORD-003000,CUST-01138,2025-04-30,Completed,Islamabad
ORD-003001,CUST-00747,2025-04-30,Completed,Gujranwala
ORD-003002,CUST-00955,2025-04-30,Completed,Karachi
ORD-003003,CUST-01291,2025-04-30,Completed,Peshawar
ORD-003004,CUST-00916,2025-04-30,Cancelled,Sahiwal
ORD-003005,CUST-00303,2025-04-30,Completed,Hyderabad
ORD-003006,CUST-00567,2025-04-30,Pending,Bahawalpur
ORD-003007,CUST-00783,2025-04-30,Completed,Islamabad
ORD-003008,CUST-00503,2025-05-01,Completed,Rawalpindi
ORD-003009,CUST-00798,2025-05-01,Completed,Rawalpindi
ORD-003010,CUST-01166,2025-05-01,Completed,Lahore
ORD-003011,CUST-00097,2025-05-01,Returned,Lahore
ORD-003012,CUST-00332,2025-05-01,Completed,Lahore
ORD-003013,CUST-01060,2025-05-01,Pending,Sialkot
ORD-003014,CUST-01376,2025-05-01,Completed,Quetta
ORD-003015,CUST-00401,2025-05-01,Returned,Peshawar
ORD-003016,CUST-00914,2025-05-01,Pending,Quetta
ORD-003017,CUST-00584,2025-05-01,Completed,Rawalpindi
ORD-003018,CUST-00843,2025-05-01,Pending,Sialkot
ORD-003019,CUST-01458,2025-05-02,Pending,Islamabad
ORD-003020,CUST-01433,2025-05-02,Completed,Bahawalpur
ORD-003021,CUST-01442,2025-05-02,Completed,Karachi
ORD-003022,CUST-00572,2025-05-02,Returned,Multan
ORD-003023,CUST-00845,2025-05-02,Cancelled,Karachi
ORD-003024,CUST-00968,2025-05-02,Pending,Karachi
ORD-003025,CUST-01114,2025-05-02,Completed,Multan
ORD-003026,CUST-00183,2025-05-02,Completed,Karachi
ORD-003027,CUST-00181,2025-05-02,Completed,Sialkot
ORD-003028,CUST-00846,2025-05-02,Completed,Lahore
ORD-003029,CUST-01134,2025-05-02,Completed,Faisalabad
ORD-003030,CUST-01049,2025-05-03,Completed,Gujranwala
ORD-003031,CUST-00392,2025-05-03,Completed,Lahore
ORD-003032,CUST-00792,2025-05-03,Completed,Hyderabad
ORD-003033,CUST-01280,2025-05-03,Completed,Rawalpindi
ORD-003034,CUST-00425,2025-05-03,Completed,Gujranwala
ORD-003035,CUST-00333,2025-05-03,Completed,Abbottabad
ORD-003036,CUST-00289,2025-05-03,Pending,Karachi
ORD-003037,CUST-00575,2025-05-03,Completed,Karachi
ORD-003038,CUST-00348,2025-05-03,Completed,Faisalabad
ORD-003039,CUST-01379,2025-05-03,Completed,Karachi
ORD-003040,CUST-01313,2025-05-03,Completed,Lahore
ORD-003041,CUST-00465,2025-05-03,Returned,Faisalabad
ORD-003042,CUST-01048,2025-05-03,Pending,Faisalabad
ORD-003043,CUST-01383,2025-05-03,Cancelled,Karachi
ORD-003044,CUST-00588,2025-05-03,Completed,Karachi
ORD-003045,CUST-00363,2025-05-03,Completed,Faisalabad
ORD-003046,CUST-01230,2025-05-03,Returned,Lahore
ORD-003047,CUST-00735,2025-05-03,Returned,Islamabad
ORD-003048,CUST-00078,2025-05-03,Pending,Lahore
ORD-003049,CUST-00417,2025-05-04,Completed,Mirpur Khas
ORD-003050,CUST-01449,2025-05-04,Completed,Karachi
ORD-003051,CUST-01102,2025-05-04,Completed,Lahore
ORD-003052,CUST-00573,2025-05-04,Pending,Karachi
ORD-003053,CUST-00597,2025-05-04,Cancelled,Lahore
ORD-003054,CUST-01395,2025-05-04,Completed,Islamabad
ORD-003055,CUST-01128,2025-05-04,Completed,Lahore
ORD-003056,CUST-01051,2025-05-04,Completed,Lahore
ORD-003057,CUST-00889,2025-05-04,Completed,Faisalabad
ORD-003058,CUST-00993,2025-05-05,Returned,Islamabad
ORD-003059,CUST-00100,2025-05-05,Completed,Sargodha
ORD-003060,CUST-00408,2025-05-05,Completed,Karachi
ORD-003061,CUST-00060,2025-05-05,Completed,Quetta
ORD-003062,CUST-00068,2025-05-05,Cancelled,Islamabad
ORD-003063,CUST-00024,2025-05-05,Completed,Rawalpindi
ORD-003064,CUST-00258,2025-05-05,Completed,Mirpur Khas
ORD-003065,CUST-01399,2025-05-05,Returned,Karachi
ORD-003066,CUST-01173,2025-05-05,Completed,Lahore
ORD-003067,CUST-01330,2025-05-05,Completed,Lahore
ORD-003068,CUST-01390,2025-05-05,Completed,Islamabad
ORD-003069,CUST-01296,2025-05-05,Completed,Islamabad
ORD-003070,CUST-00926,2025-05-05,Completed,Sargodha
ORD-003071,CUST-01033,2025-05-06,Completed,Faisalabad
ORD-003072,CUST-00628,2025-05-06,Completed,Gujranwala
ORD-003073,CUST-00104,2025-05-06,Completed,Faisalabad
ORD-003074,CUST-00860,2025-05-06,Completed,Islamabad
ORD-003075,CUST-00214,2025-05-06,Completed,Islamabad
ORD-003076,CUST-00936,2025-05-06,Completed,Gujranwala
ORD-003077,CUST-00258,2025-05-06,Completed,Mirpur Khas
ORD-003078,CUST-00226,2025-05-06,Completed,Islamabad
ORD-003079,CUST-00712,2025-05-06,Returned,Gujranwala
ORD-003080,CUST-00565,2025-05-06,Completed,Gujranwala
ORD-003081,CUST-00211,2025-05-06,Completed,Lahore
ORD-003082,CUST-01128,2025-05-06,Completed,Lahore
ORD-003083,CUST-01225,2025-05-06,Completed,Lahore
ORD-003084,CUST-01331,2025-05-06,Completed,Quetta
ORD-003085,CUST-00740,2025-05-07,Completed,Hyderabad
ORD-003086,CUST-00607,2025-05-07,Returned,Peshawar
ORD-003087,CUST-01294,2025-05-07,Completed,Sargodha
ORD-003088,CUST-01105,2025-05-07,Completed,Faisalabad
ORD-003089,CUST-01466,2025-05-07,Completed,Multan
ORD-003090,CUST-01178,2025-05-07,Completed,Karachi
ORD-003091,CUST-01207,2025-05-07,Completed,Lahore
ORD-003092,CUST-00039,2025-05-07,Completed,Rawalpindi
ORD-003093,CUST-00177,2025-05-07,Cancelled,Lahore
ORD-003094,CUST-00873,2025-05-07,Completed,Faisalabad
ORD-003095,CUST-00552,2025-05-07,Completed,Karachi
ORD-003096,CUST-00819,2025-05-07,Completed,Karachi
ORD-003097,CUST-00689,2025-05-07,Completed,Sialkot
ORD-003098,CUST-00786,2025-05-07,Completed,Islamabad
ORD-003099,CUST-01080,2025-05-07,Completed,Islamabad
ORD-003100,CUST-00039,2025-05-07,Completed,Rawalpindi
ORD-003101,CUST-00938,2025-05-07,Returned,Karachi
ORD-003102,CUST-00840,2025-05-07,Returned,Peshawar
ORD-003103,CUST-00870,2025-05-07,Cancelled,Lahore
ORD-003104,CUST-00878,2025-05-07,Completed,Rawalpindi
ORD-003105,CUST-00099,2025-05-07,Completed,Peshawar
ORD-003106,CUST-01451,2025-05-08,Completed,Lahore
ORD-003107,CUST-00827,2025-05-08,Completed,Gujranwala
ORD-003108,CUST-01473,2025-05-08,Completed,Rawalpindi
ORD-003109,CUST-00999,2025-05-08,Cancelled,Rahim Yar Khan
ORD-003110,CUST-00475,2025-05-08,Pending,Bahawalpur
ORD-003111,CUST-00228,2025-05-08,Completed,Peshawar
ORD-003112,CUST-00584,2025-05-08,Completed,Rawalpindi
ORD-003113,CUST-01026,2025-05-08,Completed,Mardan
ORD-003114,CUST-00536,2025-05-08,Completed,Rawalpindi
ORD-003115,CUST-00243,2025-05-08,Completed,Hyderabad
ORD-003116,CUST-01083,2025-05-08,Pending,Rawalpindi
ORD-003117,CUST-01406,2025-05-08,Completed,Quetta
ORD-003118,CUST-00618,2025-05-08,Completed,Lahore
ORD-003119,CUST-00668,2025-05-08,Returned,Karachi
ORD-003120,CUST-00839,2025-05-08,Completed,Faisalabad
ORD-003121,CUST-00069,2025-05-08,Completed,Faisalabad
ORD-003122,CUST-01335,2025-05-08,Completed,Lahore
ORD-003123,CUST-00468,2025-05-08,Completed,Islamabad
ORD-003124,CUST-00959,2025-05-08,Completed,Rawalpindi
ORD-003125,CUST-00949,2025-05-08,Completed,Faisalabad
ORD-003126,CUST-00801,2025-05-08,Completed,Peshawar
ORD-003127,CUST-01322,2025-05-08,Completed,Gujranwala
ORD-003128,CUST-00422,2025-05-08,Cancelled,Quetta
ORD-003129,CUST-00128,2025-05-08,Completed,Sargodha
ORD-003130,CUST-01168,2025-05-09,Completed,Gujranwala
ORD-003131,CUST-00728,2025-05-09,Completed,Bahawalpur
ORD-003132,CUST-00091,2025-05-09,Completed,Gujranwala
ORD-003133,CUST-00216,2025-05-09,Completed,Sargodha
ORD-003134,CUST-00153,2025-05-09,Returned,Rahim Yar Khan
ORD-003135,CUST-00014,2025-05-09,Completed,Lahore
ORD-003136,CUST-01083,2025-05-09,Completed,Rawalpindi
ORD-003137,CUST-01074,2025-05-09,Pending,Lahore
ORD-003138,CUST-00011,2025-05-09,Completed,Faisalabad
ORD-003139,CUST-01197,2025-05-09,Completed,Multan
ORD-003140,CUST-00866,2025-05-09,Cancelled,Faisalabad
ORD-003141,CUST-01224,2025-05-09,Pending,Peshawar
ORD-003142,CUST-00343,2025-05-09,Pending,Karachi
ORD-003143,CUST-01132,2025-05-09,Completed,Sialkot
ORD-003144,CUST-00184,2025-05-09,Completed,Rawalpindi
ORD-003145,CUST-00243,2025-05-10,Completed,Hyderabad
ORD-003146,CUST-00612,2025-05-10,Returned,Sargodha
ORD-003147,CUST-00184,2025-05-10,Completed,Rawalpindi
ORD-003148,CUST-00842,2025-05-10,Completed,Rahim Yar Khan
ORD-003149,CUST-00532,2025-05-10,Pending,Karachi
ORD-003150,CUST-01458,2025-05-10,Completed,Islamabad
ORD-003151,CUST-00219,2025-05-10,Completed,Karachi
ORD-003152,CUST-00731,2025-05-10,Completed,Rawalpindi
ORD-003153,CUST-00007,2025-05-10,Completed,Islamabad
ORD-003154,CUST-00166,2025-05-10,Completed,Mardan
ORD-003155,CUST-01256,2025-05-10,Completed,Karachi
ORD-003156,CUST-00769,2025-05-10,Pending,Sahiwal
ORD-003157,CUST-01128,2025-05-10,Completed,Lahore
ORD-003158,CUST-00061,2025-05-10,Returned,Lahore
ORD-003159,CUST-00163,2025-05-10,Pending,Multan
ORD-003160,CUST-01138,2025-05-10,Completed,Hyderabad
ORD-003161,CUST-01417,2025-05-10,Completed,Lahore
ORD-003162,CUST-00160,2025-05-10,Completed,Sargodha
ORD-003163,CUST-00380,2025-05-10,Completed,Sialkot
ORD-003164,CUST-01314,2025-05-11,Completed,Karachi
ORD-003165,CUST-01129,2025-05-11,Completed,Rawalpindi
ORD-003166,CUST-00895,2025-05-11,Completed,Islamabad
ORD-003167,CUST-00682,2025-05-11,Completed,Karachi
ORD-003168,CUST-01106,2025-05-11,Completed,Lahore
ORD-003169,CUST-01364,2025-05-11,Completed,Karachi
ORD-003170,CUST-00481,2025-05-11,Completed,Peshawar
ORD-003171,CUST-00311,2025-05-11,Completed,Karachi
ORD-003172,CUST-00586,2025-05-11,Completed,Sargodha
ORD-003173,CUST-00593,2025-05-11,Completed,Lahore
ORD-003174,CUST-01300,2025-05-11,Completed,Rawalpindi
ORD-003175,CUST-00091,2025-05-11,Completed,Gujranwala
ORD-003176,CUST-01042,2025-05-12,Pending,Lahore
ORD-003177,CUST-00022,2025-05-12,Completed,Lahore
ORD-003178,CUST-00618,2025-05-12,Completed,Faisalabad
ORD-003179,CUST-00557,2025-05-12,Completed,Gwadar
ORD-003180,CUST-01383,2025-05-12,Completed,Lahore
ORD-003181,CUST-01487,2025-05-12,Completed,Karachi
ORD-003182,CUST-00681,2025-05-12,Completed,Karachi
ORD-003183,CUST-01207,2025-05-12,Completed,Lahore
ORD-003184,CUST-00155,2025-05-12,Completed,Karachi
ORD-003185,CUST-00845,2025-05-12,Completed,Sahiwal
ORD-003186,CUST-01116,2025-05-12,Completed,Mardan
ORD-003187,CUST-00748,2025-05-12,Completed,Peshawar
ORD-003188,CUST-00154,2025-05-12,Completed,Faisalabad
ORD-003189,CUST-00543,2025-05-12,Completed,Faisalabad
ORD-003190,CUST-01280,2025-05-12,Completed,Rawalpindi
ORD-003191,CUST-00137,2025-05-13,Completed,Multan
ORD-003192,CUST-01234,2025-05-13,Completed,Karachi
ORD-003193,CUST-01437,2025-05-13,Completed,Karachi
ORD-003194,CUST-01453,2025-05-13,Completed,Quetta
ORD-003195,CUST-00845,2025-05-13,Completed,Lahore
ORD-003196,CUST-01245,2025-05-13,Completed,Rawalpindi
ORD-003197,CUST-01322,2025-05-13,Completed,Gujranwala
ORD-003198,CUST-00685,2025-05-13,Completed,Karachi
ORD-003199,CUST-00001,2025-05-13,Completed,Lahore
ORD-003200,CUST-00075,2025-05-13,Pending,Islamabad
ORD-003201,CUST-00755,2025-05-13,Pending,Peshawar
ORD-003202,CUST-01166,2025-05-13,Returned,Lahore
ORD-003203,CUST-01487,2025-05-13,Returned,Rawalpindi
ORD-003204,CUST-01100,2025-05-13,Completed,Rawalpindi
ORD-003205,CUST-00730,2025-05-13,Completed,Peshawar
ORD-003206,CUST-00830,2025-05-13,Completed,Peshawar
ORD-003207,CUST-00358,2025-05-13,Completed,Multan
ORD-003208,CUST-00837,2025-05-13,Completed,Lahore
ORD-003209,CUST-01055,2025-05-13,Completed,Islamabad
ORD-003210,CUST-00425,2025-05-13,Returned,Gujranwala
ORD-003211,CUST-01290,2025-05-14,Completed,Peshawar
ORD-003212,CUST-00866,2025-05-14,Returned,Faisalabad
ORD-003213,CUST-00675,2025-05-14,Completed,Islamabad
ORD-003214,CUST-00653,2025-05-14,Completed,Quetta
ORD-003215,CUST-01410,2025-05-14,Completed,Karachi
ORD-003216,CUST-01447,2025-05-14,Completed,Karachi
ORD-003217,CUST-00213,2025-05-14,Completed,Lahore
ORD-003218,CUST-01409,2025-05-14,Completed,Islamabad
ORD-003219,CUST-00584,2025-05-14,Completed,Rawalpindi
ORD-003220,CUST-00821,2025-05-14,Completed,Islamabad
ORD-003221,CUST-00626,2025-05-14,Completed,Islamabad
ORD-003222,CUST-01074,2025-05-14,Completed,Hyderabad
ORD-003223,CUST-00870,2025-05-14,Completed,Lahore
ORD-003224,CUST-00147,2025-05-14,Completed,Karachi
ORD-003225,CUST-00355,2025-05-14,Completed,Gujranwala
ORD-003226,CUST-00531,2025-05-14,Returned,Hyderabad
ORD-003227,CUST-00807,2025-05-15,Cancelled,Islamabad
ORD-003228,CUST-00009,2025-05-15,Completed,Peshawar
ORD-003229,CUST-01125,2025-05-15,Pending,Quetta
ORD-003230,CUST-00700,2025-05-15,Completed,Karachi
ORD-003231,CUST-00535,2025-05-15,Returned,Multan
ORD-003232,CUST-01036,2025-05-15,Cancelled,Karachi
ORD-003233,CUST-01233,2025-05-15,Completed,Hyderabad
ORD-003234,CUST-00192,2025-05-15,Cancelled,Lahore
ORD-003235,CUST-00110,2025-05-15,Completed,Karachi
ORD-003236,CUST-01146,2025-05-15,Completed,Lahore
ORD-003237,CUST-00955,2025-05-15,Completed,Karachi
ORD-003238,CUST-00908,2025-05-15,Completed,Gujranwala
ORD-003239,CUST-00319,2025-05-15,Completed,Rawalpindi
ORD-003240,CUST-00009,2025-05-15,Completed,Faisalabad
ORD-003241,CUST-00640,2025-05-15,Cancelled,Islamabad
ORD-003242,CUST-01363,2025-05-16,Completed,Islamabad
ORD-003243,CUST-01202,2025-05-16,Completed,Lahore
ORD-003244,CUST-00615,2025-05-16,Completed,Bahawalpur
ORD-003245,CUST-00697,2025-05-16,Completed,Islamabad
ORD-003246,CUST-00363,2025-05-16,Completed,Faisalabad
ORD-003247,CUST-00542,2025-05-16,Completed,Rawalpindi
ORD-003248,CUST-00496,2025-05-16,Completed,Karachi
ORD-003249,CUST-00023,2025-05-16,Completed,Lahore
ORD-003250,CUST-00595,2025-05-16,Completed,Karachi
ORD-003251,CUST-00844,2025-05-16,Completed,Karachi
ORD-003252,CUST-01033,2025-05-16,Completed,Faisalabad
ORD-003253,CUST-01207,2025-05-16,Completed,Lahore
ORD-003254,CUST-00873,2025-05-16,Completed,Faisalabad
ORD-003255,CUST-00681,2025-05-16,Completed,Karachi
ORD-003256,CUST-00741,2025-05-16,Completed,Karachi
ORD-003257,CUST-00179,2025-05-17,Completed,Abbottabad
ORD-003258,CUST-00853,2025-05-17,Returned,Quetta
ORD-003259,CUST-00329,2025-05-17,Completed,Lahore
ORD-003260,CUST-00399,2025-05-17,Completed,Bahawalpur
ORD-003261,CUST-00648,2025-05-17,Pending,Gwadar
ORD-003262,CUST-00567,2025-05-17,Cancelled,Bahawalpur
ORD-003263,CUST-00183,2025-05-17,Completed,Karachi
ORD-003264,CUST-00396,2025-05-17,Completed,Faisalabad
ORD-003265,CUST-01361,2025-05-17,Completed,Bahawalpur
ORD-003266,CUST-00824,2025-05-17,Completed,Karachi
ORD-003267,CUST-01071,2025-05-17,Pending,Karachi
ORD-003268,CUST-00047,2025-05-18,Completed,Rawalpindi
ORD-003269,CUST-00805,2025-05-18,Completed,Karachi
ORD-003270,CUST-01054,2025-05-18,Pending,Karachi
ORD-003271,CUST-01479,2025-05-18,Pending,Multan
ORD-003272,CUST-01204,2025-05-18,Completed,Faisalabad
ORD-003273,CUST-01071,2025-05-18,Completed,Rawalpindi
ORD-003274,CUST-00299,2025-05-18,Completed,Lahore
ORD-003275,CUST-01178,2025-05-18,Completed,Karachi
ORD-003276,CUST-01129,2025-05-18,Completed,Rawalpindi
ORD-003277,CUST-00288,2025-05-18,Pending,Rawalpindi
ORD-003278,CUST-00293,2025-05-19,Completed,Islamabad
ORD-003279,CUST-00707,2025-05-19,Completed,Islamabad
ORD-003280,CUST-00573,2025-05-19,Completed,Karachi
ORD-003281,CUST-00339,2025-05-19,Completed,Islamabad
ORD-003282,CUST-00640,2025-05-19,Completed,Islamabad
ORD-003283,CUST-00377,2025-05-19,Completed,Karachi
ORD-003284,CUST-00730,2025-05-19,Completed,Peshawar
ORD-003285,CUST-00263,2025-05-19,Completed,Abbottabad
ORD-003286,CUST-00625,2025-05-19,Completed,Mirpur Khas
ORD-003287,CUST-01023,2025-05-19,Completed,Quetta
ORD-003288,CUST-00710,2025-05-19,Pending,Gwadar
ORD-003289,CUST-01026,2025-05-19,Completed,Karachi
ORD-003290,CUST-00795,2025-05-19,Cancelled,Sargodha
ORD-003291,CUST-00968,2025-05-19,Completed,Karachi
ORD-003292,CUST-00902,2025-05-20,Completed,Lahore
ORD-003293,CUST-01037,2025-05-20,Returned,Karachi
ORD-003294,CUST-00305,2025-05-20,Completed,Rawalpindi
ORD-003295,CUST-00351,2025-05-20,Completed,Gwadar
ORD-003296,CUST-00927,2025-05-20,Completed,Multan
ORD-003297,CUST-01125,2025-05-20,Completed,Quetta
ORD-003298,CUST-00721,2025-05-20,Completed,Islamabad
ORD-003299,CUST-00331,2025-05-20,Returned,Lahore
ORD-003300,CUST-01108,2025-05-20,Completed,Lahore
ORD-003301,CUST-01106,2025-05-20,Completed,Lahore
ORD-003302,CUST-00074,2025-05-20,Completed,Sialkot
ORD-003303,CUST-01390,2025-05-20,Completed,Islamabad
ORD-003304,CUST-00847,2025-05-20,Completed,Peshawar
ORD-003305,CUST-00651,2025-05-20,Completed,Karachi
ORD-003306,CUST-01458,2025-05-20,Completed,Islamabad
ORD-003307,CUST-00997,2025-05-20,Completed,Rawalpindi
ORD-003308,CUST-00274,2025-05-20,Cancelled,Lahore
ORD-003309,CUST-00993,2025-05-20,Pending,Quetta
ORD-003310,CUST-01465,2025-05-21,Completed,Quetta
ORD-003311,CUST-01298,2025-05-21,Completed,Islamabad
ORD-003312,CUST-00528,2025-05-21,Returned,Karachi
ORD-003313,CUST-00300,2025-05-21,Completed,Karachi
ORD-003314,CUST-01103,2025-05-21,Completed,Karachi
ORD-003315,CUST-00653,2025-05-21,Returned,Quetta
ORD-003316,CUST-00213,2025-05-21,Cancelled,Lahore
ORD-003317,CUST-00645,2025-05-21,Completed,Hyderabad
ORD-003318,CUST-00285,2025-05-21,Returned,Multan
ORD-003319,CUST-00760,2025-05-21,Completed,Rawalpindi
ORD-003320,CUST-00710,2025-05-21,Cancelled,Gwadar
ORD-003321,CUST-01353,2025-05-21,Completed,Lahore
ORD-003322,CUST-00821,2025-05-21,Completed,Islamabad
ORD-003323,CUST-00322,2025-05-21,Completed,Karachi
ORD-003324,CUST-00106,2025-05-21,Completed,Karachi
ORD-003325,CUST-00106,2025-05-21,Pending,Karachi
ORD-003326,CUST-00329,2025-05-21,Completed,Multan
ORD-003327,CUST-00716,2025-05-21,Completed,Gujranwala
ORD-003328,CUST-01460,2025-05-22,Completed,Bahawalpur
ORD-003329,CUST-00846,2025-05-22,Completed,Lahore
ORD-003330,CUST-01448,2025-05-22,Completed,Karachi
ORD-003331,CUST-00569,2025-05-22,Completed,Lahore
ORD-003332,CUST-00858,2025-05-22,Completed,Peshawar
ORD-003333,CUST-01221,2025-05-22,Completed,Peshawar
ORD-003334,CUST-00005,2025-05-22,Returned,Faisalabad
ORD-003335,CUST-01230,2025-05-22,Completed,Abbottabad
ORD-003336,CUST-01055,2025-05-22,Completed,Rawalpindi
ORD-003337,CUST-00420,2025-05-22,Completed,Karachi
ORD-003338,CUST-00677,2025-05-22,Completed,Faisalabad
ORD-003339,CUST-00889,2025-05-22,Completed,Faisalabad
ORD-003340,CUST-00688,2025-05-23,Cancelled,Karachi
ORD-003341,CUST-01390,2025-05-23,Completed,Islamabad
ORD-003342,CUST-00171,2025-05-23,Completed,Lahore
ORD-003343,CUST-01441,2025-05-23,Completed,Bahawalpur
ORD-003344,CUST-00503,2025-05-23,Completed,Rawalpindi
ORD-003345,CUST-01239,2025-05-23,Completed,Lahore
ORD-003346,CUST-00336,2025-05-23,Completed,Karachi
ORD-003347,CUST-00962,2025-05-23,Completed,Karachi
ORD-003348,CUST-00567,2025-05-23,Completed,Bahawalpur
ORD-003349,CUST-01365,2025-05-23,Completed,Rawalpindi
ORD-003350,CUST-00843,2025-05-23,Completed,Karachi
ORD-003351,CUST-01082,2025-05-23,Pending,Faisalabad
ORD-003352,CUST-00352,2025-05-23,Completed,Multan
ORD-003353,CUST-00061,2025-05-23,Completed,Lahore
ORD-003354,CUST-01216,2025-05-23,Completed,Sialkot
ORD-003355,CUST-01139,2025-05-23,Completed,Sukkur
ORD-003356,CUST-00724,2025-05-23,Returned,Karachi
ORD-003357,CUST-00491,2025-05-23,Completed,Mardan
ORD-003358,CUST-01383,2025-05-23,Completed,Islamabad
ORD-003359,CUST-01225,2025-05-23,Returned,Lahore
ORD-003360,CUST-01330,2025-05-23,Completed,Lahore
ORD-003361,CUST-00864,2025-05-24,Completed,Lahore
ORD-003362,CUST-00386,2025-05-24,Completed,Sargodha
ORD-003363,CUST-00958,2025-05-24,Completed,Rahim Yar Khan
ORD-003364,CUST-00939,2025-05-24,Completed,Peshawar
ORD-003365,CUST-01083,2025-05-24,Completed,Rawalpindi
ORD-003366,CUST-00741,2025-05-24,Completed,Karachi
ORD-003367,CUST-01261,2025-05-24,Completed,Lahore
ORD-003368,CUST-00419,2025-05-24,Completed,Gujranwala
ORD-003369,CUST-00704,2025-05-24,Completed,Lahore
ORD-003370,CUST-01031,2025-05-24,Completed,Lahore
ORD-003371,CUST-00257,2025-05-24,Pending,Multan
ORD-003372,CUST-00091,2025-05-24,Completed,Gujranwala
ORD-003373,CUST-00592,2025-05-24,Pending,Lahore
ORD-003374,CUST-00234,2025-05-24,Completed,Karachi
ORD-003375,CUST-00793,2025-05-24,Completed,Peshawar
ORD-003376,CUST-00300,2025-05-24,Completed,Karachi
ORD-003377,CUST-00975,2025-05-24,Returned,Rahim Yar Khan
ORD-003378,CUST-01384,2025-05-24,Completed,Islamabad
ORD-003379,CUST-00200,2025-05-24,Returned,Faisalabad
ORD-003380,CUST-00099,2025-05-25,Completed,Sukkur
ORD-003381,CUST-01341,2025-05-25,Completed,Gujranwala
ORD-003382,CUST-01290,2025-05-25,Cancelled,Rawalpindi
ORD-003383,CUST-01011,2025-05-25,Completed,Sukkur
ORD-003384,CUST-00442,2025-05-25,Completed,Lahore
ORD-003385,CUST-01026,2025-05-25,Pending,Mardan
ORD-003386,CUST-01148,2025-05-25,Completed,Islamabad
ORD-003387,CUST-00354,2025-05-25,Completed,Rawalpindi
ORD-003388,CUST-00706,2025-05-26,Completed,Lahore
ORD-003389,CUST-00045,2025-05-26,Completed,Karachi
ORD-003390,CUST-00176,2025-05-26,Pending,Lahore
ORD-003391,CUST-01163,2025-05-26,Completed,Faisalabad
ORD-003392,CUST-00902,2025-05-26,Cancelled,Lahore
ORD-003393,CUST-01285,2025-05-26,Pending,Rawalpindi
ORD-003394,CUST-00404,2025-05-26,Completed,Sialkot
ORD-003395,CUST-00787,2025-05-26,Completed,Karachi
ORD-003396,CUST-00642,2025-05-26,Completed,Abbottabad
ORD-003397,CUST-00973,2025-05-26,Completed,Lahore
ORD-003398,CUST-00902,2025-05-26,Returned,Lahore
ORD-003399,CUST-00474,2025-05-26,Completed,Karachi
ORD-003400,CUST-01481,2025-05-26,Completed,Gujranwala
ORD-003401,CUST-00320,2025-05-26,Completed,Karachi
ORD-003402,CUST-00216,2025-05-26,Completed,Gujranwala
ORD-003403,CUST-00562,2025-05-26,Completed,Rawalpindi
ORD-003404,CUST-00412,2025-05-27,Completed,Rawalpindi
ORD-003405,CUST-01285,2025-05-27,Cancelled,Rawalpindi
ORD-003406,CUST-00591,2025-05-27,Completed,Quetta
ORD-003407,CUST-01282,2025-05-27,Completed,Islamabad
ORD-003408,CUST-01231,2025-05-27,Completed,Bahawalpur
ORD-003409,CUST-00754,2025-05-27,Completed,Rahim Yar Khan
ORD-003410,CUST-01301,2025-05-27,Completed,Mirpur Khas
ORD-003411,CUST-00152,2025-05-27,Completed,Hyderabad
ORD-003412,CUST-00236,2025-05-27,Completed,Karachi
ORD-003413,CUST-00131,2025-05-27,Completed,Karachi
ORD-003414,CUST-01296,2025-05-27,Returned,Karachi
ORD-003415,CUST-00266,2025-05-27,Completed,Faisalabad
ORD-003416,CUST-00974,2025-05-28,Completed,Peshawar
ORD-003417,CUST-01104,2025-05-28,Returned,Peshawar
ORD-003418,CUST-00992,2025-05-28,Completed,Rawalpindi
ORD-003419,CUST-01100,2025-05-28,Completed,Rawalpindi
ORD-003420,CUST-00995,2025-05-28,Completed,Karachi
ORD-003421,CUST-00519,2025-05-28,Completed,Rawalpindi
ORD-003422,CUST-00671,2025-05-28,Completed,Rawalpindi
ORD-003423,CUST-01455,2025-05-28,Completed,Rawalpindi
ORD-003424,CUST-00827,2025-05-28,Completed,Karachi
ORD-003425,CUST-01075,2025-05-28,Completed,Gujranwala
ORD-003426,CUST-01470,2025-05-28,Pending,Rahim Yar Khan
ORD-003427,CUST-01080,2025-05-28,Completed,Islamabad
ORD-003428,CUST-00192,2025-05-28,Completed,Mirpur Khas
ORD-003429,CUST-00227,2025-05-28,Completed,Multan
ORD-003430,CUST-00565,2025-05-28,Completed,Gujranwala
ORD-003431,CUST-00729,2025-05-28,Completed,Bahawalpur
ORD-003432,CUST-01453,2025-05-29,Completed,Quetta
ORD-003433,CUST-01082,2025-05-29,Completed,Multan
ORD-003434,CUST-01445,2025-05-29,Completed,Rawalpindi
ORD-003435,CUST-00738,2025-05-29,Completed,Sargodha
ORD-003436,CUST-01029,2025-05-29,Completed,Lahore
ORD-003437,CUST-00278,2025-05-29,Completed,Karachi
ORD-003438,CUST-00845,2025-05-29,Completed,Karachi
ORD-003439,CUST-01217,2025-05-29,Completed,Karachi
ORD-003440,CUST-00487,2025-05-29,Completed,Sialkot
ORD-003441,CUST-00815,2025-05-29,Completed,Sialkot
ORD-003442,CUST-00531,2025-05-29,Completed,Karachi
ORD-003443,CUST-01012,2025-05-29,Completed,Karachi
ORD-003444,CUST-00961,2025-05-29,Completed,Multan
ORD-003445,CUST-00729,2025-05-29,Pending,Karachi
ORD-003446,CUST-01098,2025-05-29,Returned,Bahawalpur
ORD-003447,CUST-01065,2025-05-29,Returned,Gujranwala
ORD-003448,CUST-00689,2025-05-29,Returned,Sialkot
ORD-003449,CUST-01384,2025-05-29,Completed,Islamabad
ORD-003450,CUST-00043,2025-05-29,Completed,Lahore
ORD-003451,CUST-00669,2025-05-29,Completed,Abbottabad
ORD-003452,CUST-00302,2025-05-29,Completed,Rahim Yar Khan
ORD-003453,CUST-01403,2025-05-30,Completed,Peshawar
ORD-003454,CUST-00208,2025-05-30,Completed,Rawalpindi
ORD-003455,CUST-00898,2025-05-30,Completed,Karachi
ORD-003456,CUST-00966,2025-05-30,Pending,Karachi
ORD-003457,CUST-00066,2025-05-30,Returned,Islamabad
ORD-003458,CUST-00082,2025-05-30,Completed,Lahore
ORD-003459,CUST-01286,2025-05-30,Completed,Karachi
ORD-003460,CUST-00681,2025-05-30,Pending,Karachi
ORD-003461,CUST-00346,2025-05-30,Completed,Peshawar
ORD-003462,CUST-00997,2025-05-30,Completed,Lahore
ORD-003463,CUST-01126,2025-05-30,Completed,Lahore
ORD-003464,CUST-00044,2025-05-30,Completed,Quetta
ORD-003465,CUST-00354,2025-05-30,Completed,Rawalpindi
ORD-003466,CUST-00005,2025-05-30,Completed,Faisalabad
ORD-003467,CUST-00773,2025-05-30,Completed,Lahore
ORD-003468,CUST-01220,2025-05-30,Completed,Lahore
ORD-003469,CUST-01372,2025-05-30,Completed,Peshawar
ORD-003470,CUST-01100,2025-05-31,Completed,Rawalpindi
ORD-003471,CUST-00805,2025-05-31,Completed,Karachi
ORD-003472,CUST-01132,2025-05-31,Completed,Sahiwal
ORD-003473,CUST-01204,2025-05-31,Completed,Faisalabad
ORD-003474,CUST-01240,2025-05-31,Pending,Rawalpindi
ORD-003475,CUST-01280,2025-05-31,Completed,Rawalpindi
ORD-003476,CUST-00096,2025-05-31,Completed,Lahore
ORD-003477,CUST-00197,2025-05-31,Completed,Peshawar
ORD-003478,CUST-00625,2025-05-31,Pending,Islamabad
ORD-003479,CUST-00680,2025-05-31,Returned,Lahore
ORD-003480,CUST-01098,2025-05-31,Completed,Mardan
ORD-003481,CUST-01282,2025-05-31,Cancelled,Gujranwala
ORD-003482,CUST-01480,2025-05-31,Completed,Karachi
ORD-003483,CUST-00767,2025-05-31,Completed,Hyderabad
ORD-003484,CUST-00843,2025-05-31,Cancelled,Peshawar
ORD-003485,CUST-00007,2025-05-31,Completed,Lahore
ORD-003486,CUST-01169,2025-06-01,Completed,Karachi
ORD-003487,CUST-01020,2025-06-01,Cancelled,Karachi
ORD-003488,CUST-01140,2025-06-01,Completed,Karachi
ORD-003489,CUST-00501,2025-06-01,Completed,Karachi
ORD-003490,CUST-00241,2025-06-01,Completed,Islamabad
ORD-003491,CUST-01437,2025-06-01,Pending,Karachi
ORD-003492,CUST-00741,2025-06-01,Completed,Lahore
ORD-003493,CUST-00512,2025-06-01,Completed,Rawalpindi
ORD-003494,CUST-00903,2025-06-01,Completed,Rawalpindi
ORD-003495,CUST-00423,2025-06-02,Completed,Karachi
ORD-003496,CUST-00142,2025-06-02,Pending,Sialkot
ORD-003497,CUST-01094,2025-06-02,Completed,Lahore
ORD-003498,CUST-00004,2025-06-02,Completed,Sargodha
ORD-003499,CUST-00380,2025-06-02,Completed,Sialkot
ORD-003500,CUST-01202,2025-06-02,Cancelled,Lahore
ORD-003501,CUST-01149,2025-06-02,Completed,Islamabad
ORD-003502,CUST-00240,2025-06-02,Pending,Peshawar
ORD-003503,CUST-00903,2025-06-02,Completed,Lahore
ORD-003504,CUST-00724,2025-06-02,Completed,Multan
ORD-003505,CUST-00557,2025-06-02,Completed,Gwadar
ORD-003506,CUST-00623,2025-06-02,Completed,Mirpur Khas
ORD-003507,CUST-00499,2025-06-02,Completed,Mardan
ORD-003508,CUST-01036,2025-06-02,Completed,Gwadar
ORD-003509,CUST-01280,2025-06-02,Completed,Rawalpindi
ORD-003510,CUST-01149,2025-06-02,Completed,Islamabad
ORD-003511,CUST-01083,2025-06-02,Completed,Karachi
ORD-003512,CUST-00046,2025-06-02,Completed,Hyderabad
ORD-003513,CUST-00348,2025-06-02,Completed,Faisalabad
ORD-003514,CUST-01230,2025-06-03,Completed,Abbottabad
ORD-003515,CUST-01255,2025-06-03,Completed,Lahore
ORD-003516,CUST-00181,2025-06-03,Completed,Karachi
ORD-003517,CUST-01302,2025-06-03,Cancelled,Karachi
ORD-003518,CUST-01234,2025-06-03,Returned,Lahore
ORD-003519,CUST-00092,2025-06-03,Cancelled,Multan
ORD-003520,CUST-00116,2025-06-03,Completed,Karachi
ORD-003521,CUST-00399,2025-06-03,Pending,Bahawalpur
ORD-003522,CUST-00497,2025-06-03,Completed,Karachi
ORD-003523,CUST-00595,2025-06-03,Completed,Karachi
ORD-003524,CUST-00539,2025-06-03,Returned,Rawalpindi
ORD-003525,CUST-00192,2025-06-03,Cancelled,Mirpur Khas
ORD-003526,CUST-00266,2025-06-03,Completed,Faisalabad
ORD-003527,CUST-01048,2025-06-03,Returned,Faisalabad
ORD-003528,CUST-01129,2025-06-03,Completed,Rawalpindi
ORD-003529,CUST-01296,2025-06-03,Completed,Islamabad
ORD-003530,CUST-00196,2025-06-03,Cancelled,Sahiwal
ORD-003531,CUST-00031,2025-06-03,Completed,Karachi
ORD-003532,CUST-00635,2025-06-03,Completed,Abbottabad
ORD-003533,CUST-01113,2025-06-03,Completed,Sialkot
ORD-003534,CUST-00546,2025-06-03,Completed,Hyderabad
ORD-003535,CUST-01113,2025-06-03,Pending,Sialkot
ORD-003536,CUST-00435,2025-06-03,Pending,Gwadar
ORD-003537,CUST-00904,2025-06-03,Completed,Faisalabad
ORD-003538,CUST-00444,2025-06-04,Completed,Karachi
ORD-003539,CUST-01130,2025-06-04,Completed,Lahore
ORD-003540,CUST-01380,2025-06-04,Completed,Mardan
ORD-003541,CUST-00487,2025-06-04,Completed,Sialkot
ORD-003542,CUST-01037,2025-06-04,Completed,Karachi
ORD-003543,CUST-01288,2025-06-04,Returned,Bahawalpur
ORD-003544,CUST-01315,2025-06-04,Completed,Karachi
ORD-003545,CUST-01395,2025-06-04,Completed,Islamabad
ORD-003546,CUST-01483,2025-06-04,Completed,Lahore
ORD-003547,CUST-00310,2025-06-04,Completed,Rawalpindi
ORD-003548,CUST-00710,2025-06-04,Completed,Gwadar
ORD-003549,CUST-01294,2025-06-04,Completed,Sargodha
ORD-003550,CUST-01270,2025-06-04,Returned,Peshawar
ORD-003551,CUST-00994,2025-06-04,Completed,Peshawar
ORD-003552,CUST-00260,2025-06-05,Completed,Lahore
ORD-003553,CUST-00495,2025-06-05,Completed,Peshawar
ORD-003554,CUST-00704,2025-06-05,Completed,Lahore
ORD-003555,CUST-00005,2025-06-05,Completed,Faisalabad
ORD-003556,CUST-01032,2025-06-05,Completed,Rawalpindi
ORD-003557,CUST-00564,2025-06-05,Completed,Sargodha
ORD-003558,CUST-00286,2025-06-05,Completed,Karachi
ORD-003559,CUST-00931,2025-06-05,Completed,Karachi
ORD-003560,CUST-00418,2025-06-05,Completed,Sialkot
ORD-003561,CUST-01402,2025-06-05,Completed,Rawalpindi
ORD-003562,CUST-00578,2025-06-05,Completed,Rawalpindi
ORD-003563,CUST-01439,2025-06-05,Completed,Rawalpindi
ORD-003564,CUST-00425,2025-06-05,Completed,Gujranwala
ORD-003565,CUST-01448,2025-06-05,Completed,Karachi
ORD-003566,CUST-00873,2025-06-05,Completed,Faisalabad
ORD-003567,CUST-00483,2025-06-05,Completed,Bahawalpur
ORD-003568,CUST-00263,2025-06-05,Returned,Abbottabad
ORD-003569,CUST-00518,2025-06-06,Completed,Lahore
ORD-003570,CUST-00860,2025-06-06,Pending,Islamabad
ORD-003571,CUST-00879,2025-06-06,Completed,Lahore
ORD-003572,CUST-00842,2025-06-06,Completed,Abbottabad
ORD-003573,CUST-00623,2025-06-06,Completed,Lahore
ORD-003574,CUST-01115,2025-06-06,Pending,Karachi
ORD-003575,CUST-00352,2025-06-06,Pending,Multan
ORD-003576,CUST-00784,2025-06-06,Cancelled,Hyderabad
ORD-003577,CUST-00210,2025-06-06,Completed,Multan
ORD-003578,CUST-00964,2025-06-06,Completed,Lahore
ORD-003579,CUST-00345,2025-06-06,Completed,Rahim Yar Khan
ORD-003580,CUST-01117,2025-06-06,Returned,Islamabad
ORD-003581,CUST-01197,2025-06-06,Completed,Sargodha
ORD-003582,CUST-00565,2025-06-06,Completed,Gujranwala
ORD-003583,CUST-01450,2025-06-06,Completed,Sahiwal
ORD-003584,CUST-00167,2025-06-06,Returned,Peshawar
ORD-003585,CUST-01093,2025-06-06,Completed,Quetta
ORD-003586,CUST-01055,2025-06-07,Completed,Islamabad
ORD-003587,CUST-01432,2025-06-07,Completed,Peshawar
ORD-003588,CUST-00708,2025-06-07,Completed,Lahore
ORD-003589,CUST-01483,2025-06-07,Completed,Lahore
ORD-003590,CUST-00089,2025-06-07,Completed,Hyderabad
ORD-003591,CUST-00692,2025-06-07,Completed,Karachi
ORD-003592,CUST-01331,2025-06-07,Completed,Peshawar
ORD-003593,CUST-00008,2025-06-07,Completed,Lahore
ORD-003594,CUST-00005,2025-06-07,Completed,Lahore
ORD-003595,CUST-00474,2025-06-07,Completed,Karachi
ORD-003596,CUST-00751,2025-06-07,Completed,Karachi
ORD-003597,CUST-00464,2025-06-07,Completed,Islamabad
ORD-003598,CUST-00133,2025-06-07,Completed,Peshawar
ORD-003599,CUST-00434,2025-06-07,Completed,Lahore
ORD-003600,CUST-00589,2025-06-07,Completed,Islamabad
ORD-003601,CUST-00643,2025-06-08,Cancelled,Karachi
ORD-003602,CUST-00994,2025-06-08,Pending,Quetta
ORD-003603,CUST-00618,2025-06-08,Completed,Faisalabad
ORD-003604,CUST-00995,2025-06-08,Completed,Karachi
ORD-003605,CUST-00973,2025-06-08,Completed,Lahore
ORD-003606,CUST-00904,2025-06-08,Completed,Faisalabad
ORD-003607,CUST-00260,2025-06-08,Completed,Lahore
ORD-003608,CUST-01261,2025-06-08,Completed,Lahore
ORD-003609,CUST-00567,2025-06-08,Pending,Bahawalpur
ORD-003610,CUST-00582,2025-06-08,Completed,Karachi
ORD-003611,CUST-00046,2025-06-09,Completed,Sialkot
ORD-003612,CUST-01216,2025-06-09,Completed,Sialkot
ORD-003613,CUST-00110,2025-06-09,Cancelled,Karachi
ORD-003614,CUST-01386,2025-06-09,Completed,Faisalabad
ORD-003615,CUST-00615,2025-06-09,Completed,Mirpur Khas
ORD-003616,CUST-00915,2025-06-09,Completed,Lahore
ORD-003617,CUST-00977,2025-06-09,Completed,Karachi
ORD-003618,CUST-00414,2025-06-09,Pending,Lahore
ORD-003619,CUST-00605,2025-06-09,Cancelled,Karachi
ORD-003620,CUST-01000,2025-06-09,Completed,Islamabad
ORD-003621,CUST-01098,2025-06-09,Pending,Mardan
ORD-003622,CUST-01256,2025-06-09,Completed,Karachi
ORD-003623,CUST-00802,2025-06-09,Completed,Lahore
ORD-003624,CUST-00440,2025-06-09,Completed,Faisalabad
ORD-003625,CUST-01140,2025-06-10,Completed,Karachi
ORD-003626,CUST-00600,2025-06-10,Completed,Sahiwal
ORD-003627,CUST-01057,2025-06-10,Completed,Lahore
ORD-003628,CUST-00605,2025-06-10,Completed,Karachi
ORD-003629,CUST-00213,2025-06-10,Completed,Lahore
ORD-003630,CUST-00091,2025-06-10,Cancelled,Gujranwala
ORD-003631,CUST-00063,2025-06-10,Completed,Lahore
ORD-003632,CUST-00414,2025-06-10,Completed,Lahore
ORD-003633,CUST-01168,2025-06-10,Completed,Gujranwala
ORD-003634,CUST-00797,2025-06-10,Completed,Karachi
ORD-003635,CUST-00331,2025-06-11,Pending,Lahore
ORD-003636,CUST-00345,2025-06-11,Completed,Rahim Yar Khan
ORD-003637,CUST-00041,2025-06-11,Returned,Rawalpindi
ORD-003638,CUST-01104,2025-06-11,Pending,Peshawar
ORD-003639,CUST-00698,2025-06-11,Returned,Sialkot
ORD-003640,CUST-00635,2025-06-11,Completed,Abbottabad
ORD-003641,CUST-00358,2025-06-11,Completed,Multan
ORD-003642,CUST-01156,2025-06-11,Completed,Lahore
ORD-003643,CUST-01057,2025-06-11,Completed,Lahore
ORD-003644,CUST-00548,2025-06-11,Completed,Lahore
ORD-003645,CUST-00995,2025-06-11,Completed,Lahore
ORD-003646,CUST-00836,2025-06-11,Completed,Sahiwal
ORD-003647,CUST-01141,2025-06-11,Completed,Islamabad
ORD-003648,CUST-00685,2025-06-11,Completed,Gwadar
ORD-003649,CUST-01128,2025-06-11,Completed,Lahore
ORD-003650,CUST-01448,2025-06-12,Completed,Karachi
ORD-003651,CUST-00734,2025-06-12,Completed,Islamabad
ORD-003652,CUST-00286,2025-06-12,Completed,Karachi
ORD-003653,CUST-00123,2025-06-12,Completed,Karachi
ORD-003654,CUST-01406,2025-06-12,Pending,Quetta
ORD-003655,CUST-00263,2025-06-12,Completed,Abbottabad
ORD-003656,CUST-01321,2025-06-12,Cancelled,Islamabad
ORD-003657,CUST-00394,2025-06-12,Completed,Lahore
ORD-003658,CUST-00784,2025-06-12,Completed,Hyderabad
ORD-003659,CUST-01027,2025-06-12,Completed,Lahore
ORD-003660,CUST-01143,2025-06-12,Pending,Karachi
ORD-003661,CUST-00287,2025-06-12,Completed,Rawalpindi
ORD-003662,CUST-00004,2025-06-13,Completed,Sargodha
ORD-003663,CUST-00605,2025-06-13,Cancelled,Islamabad
ORD-003664,CUST-01170,2025-06-13,Completed,Mirpur Khas
ORD-003665,CUST-00784,2025-06-13,Completed,Hyderabad
ORD-003666,CUST-00767,2025-06-13,Completed,Hyderabad
ORD-003667,CUST-00182,2025-06-13,Completed,Islamabad
ORD-003668,CUST-01178,2025-06-13,Completed,Karachi
ORD-003669,CUST-00221,2025-06-13,Completed,Karachi
ORD-003670,CUST-00076,2025-06-13,Completed,Gujranwala
ORD-003671,CUST-00248,2025-06-13,Completed,Lahore
ORD-003672,CUST-01051,2025-06-13,Completed,Lahore
ORD-003673,CUST-00616,2025-06-13,Returned,Lahore
ORD-003674,CUST-00272,2025-06-13,Completed,Quetta
ORD-003675,CUST-00884,2025-06-13,Returned,Sahiwal
ORD-003676,CUST-00668,2025-06-13,Completed,Sukkur
ORD-003677,CUST-00433,2025-06-13,Completed,Lahore
ORD-003678,CUST-01275,2025-06-13,Completed,Sargodha
ORD-003679,CUST-00358,2025-06-14,Completed,Multan
ORD-003680,CUST-00665,2025-06-14,Completed,Lahore
ORD-003681,CUST-01100,2025-06-14,Cancelled,Rawalpindi
ORD-003682,CUST-00873,2025-06-14,Pending,Faisalabad
ORD-003683,CUST-01471,2025-06-14,Completed,Sialkot
ORD-003684,CUST-00950,2025-06-14,Completed,Lahore
ORD-003685,CUST-00514,2025-06-14,Completed,Peshawar
ORD-003686,CUST-00136,2025-06-14,Completed,Peshawar
ORD-003687,CUST-00858,2025-06-14,Completed,Peshawar
ORD-003688,CUST-01282,2025-06-14,Completed,Islamabad
ORD-003689,CUST-00920,2025-06-14,Completed,Faisalabad
ORD-003690,CUST-00236,2025-06-14,Completed,Faisalabad
ORD-003691,CUST-00798,2025-06-14,Completed,Rawalpindi
ORD-003692,CUST-00319,2025-06-14,Completed,Sukkur
ORD-003693,CUST-01418,2025-06-14,Completed,Peshawar
ORD-003694,CUST-01075,2025-06-14,Completed,Karachi
ORD-003695,CUST-01075,2025-06-14,Completed,Gujranwala
ORD-003696,CUST-01393,2025-06-14,Pending,Peshawar
ORD-003697,CUST-01305,2025-06-14,Completed,Rawalpindi
ORD-003698,CUST-01492,2025-06-14,Completed,Karachi
ORD-003699,CUST-01226,2025-06-14,Pending,Lahore
ORD-003700,CUST-00346,2025-06-15,Returned,Peshawar
ORD-003701,CUST-00401,2025-06-15,Completed,Peshawar
ORD-003702,CUST-00462,2025-06-15,Completed,Karachi
ORD-003703,CUST-00787,2025-06-15,Returned,Karachi
ORD-003704,CUST-00357,2025-06-15,Completed,Multan
ORD-003705,CUST-00847,2025-06-15,Completed,Faisalabad
ORD-003706,CUST-00271,2025-06-15,Completed,Faisalabad
ORD-003707,CUST-00608,2025-06-15,Completed,Lahore
ORD-003708,CUST-01473,2025-06-15,Returned,Rawalpindi
ORD-003709,CUST-00441,2025-06-15,Completed,Multan
ORD-003710,CUST-00501,2025-06-16,Completed,Karachi
ORD-003711,CUST-01355,2025-06-16,Completed,Islamabad
ORD-003712,CUST-00471,2025-06-16,Completed,Karachi
ORD-003713,CUST-00710,2025-06-16,Completed,Gwadar
ORD-003714,CUST-01209,2025-06-16,Completed,Multan
ORD-003715,CUST-00383,2025-06-16,Completed,Lahore
ORD-003716,CUST-01317,2025-06-16,Completed,Lahore
ORD-003717,CUST-01181,2025-06-16,Completed,Islamabad
ORD-003718,CUST-01074,2025-06-16,Completed,Lahore
ORD-003719,CUST-00532,2025-06-16,Completed,Karachi
ORD-003720,CUST-01498,2025-06-16,Completed,Lahore
ORD-003721,CUST-00322,2025-06-16,Completed,Karachi
ORD-003722,CUST-01108,2025-06-17,Completed,Lahore
ORD-003723,CUST-01125,2025-06-17,Completed,Quetta
ORD-003724,CUST-00927,2025-06-17,Cancelled,Multan
ORD-003725,CUST-01416,2025-06-17,Completed,Gujranwala
ORD-003726,CUST-01428,2025-06-17,Completed,Rawalpindi
ORD-003727,CUST-00441,2025-06-17,Completed,Multan
ORD-003728,CUST-00434,2025-06-17,Completed,Karachi
ORD-003729,CUST-00292,2025-06-17,Completed,Karachi
ORD-003730,CUST-00278,2025-06-17,Completed,Karachi
ORD-003731,CUST-00607,2025-06-17,Cancelled,Peshawar
ORD-003732,CUST-00228,2025-06-18,Completed,Peshawar
ORD-003733,CUST-00999,2025-06-18,Pending,Islamabad
ORD-003734,CUST-01042,2025-06-18,Completed,Lahore
ORD-003735,CUST-00815,2025-06-18,Completed,Sialkot
ORD-003736,CUST-00755,2025-06-18,Completed,Lahore
ORD-003737,CUST-00117,2025-06-18,Pending,Faisalabad
ORD-003738,CUST-00863,2025-06-18,Pending,Lahore
ORD-003739,CUST-00863,2025-06-18,Completed,Lahore
ORD-003740,CUST-01114,2025-06-18,Completed,Karachi
ORD-003741,CUST-01483,2025-06-18,Completed,Lahore
ORD-003742,CUST-00243,2025-06-18,Returned,Hyderabad
ORD-003743,CUST-01190,2025-06-18,Completed,Quetta
ORD-003744,CUST-00363,2025-06-18,Completed,Faisalabad
ORD-003745,CUST-00832,2025-06-18,Completed,Abbottabad
ORD-003746,CUST-00575,2025-06-18,Completed,Karachi
ORD-003747,CUST-00902,2025-06-18,Completed,Lahore
ORD-003748,CUST-00281,2025-06-19,Completed,Abbottabad
ORD-003749,CUST-00600,2025-06-19,Completed,Sahiwal
ORD-003750,CUST-00383,2025-06-19,Completed,Gujranwala
ORD-003751,CUST-01484,2025-06-19,Completed,Lahore
ORD-003752,CUST-00325,2025-06-19,Completed,Islamabad
ORD-003753,CUST-01169,2025-06-19,Completed,Lahore
ORD-003754,CUST-00526,2025-06-19,Completed,Sialkot
ORD-003755,CUST-00217,2025-06-19,Completed,Multan
ORD-003756,CUST-00672,2025-06-19,Completed,Mirpur Khas
ORD-003757,CUST-00321,2025-06-19,Completed,Sialkot
ORD-003758,CUST-01257,2025-06-19,Pending,Lahore
ORD-003759,CUST-00837,2025-06-19,Completed,Lahore
ORD-003760,CUST-00863,2025-06-19,Completed,Karachi
ORD-003761,CUST-00738,2025-06-19,Returned,Sargodha
ORD-003762,CUST-00813,2025-06-19,Completed,Karachi
ORD-003763,CUST-01032,2025-06-19,Completed,Rawalpindi
ORD-003764,CUST-00164,2025-06-19,Returned,Lahore
ORD-003765,CUST-00927,2025-06-19,Completed,Multan
ORD-003766,CUST-01318,2025-06-19,Completed,Peshawar
ORD-003767,CUST-01239,2025-06-19,Completed,Lahore
ORD-003768,CUST-00401,2025-06-19,Completed,Peshawar
ORD-003769,CUST-01369,2025-06-19,Completed,Faisalabad
ORD-003770,CUST-00749,2025-06-19,Completed,Karachi
ORD-003771,CUST-01437,2025-06-19,Completed,Karachi
ORD-003772,CUST-00061,2025-06-19,Completed,Quetta
ORD-003773,CUST-01451,2025-06-19,Completed,Lahore
ORD-003774,CUST-00531,2025-06-20,Pending,Hyderabad
ORD-003775,CUST-00892,2025-06-20,Completed,Karachi
ORD-003776,CUST-00459,2025-06-20,Completed,Lahore
ORD-003777,CUST-00084,2025-06-20,Completed,Rawalpindi
ORD-003778,CUST-00931,2025-06-20,Returned,Multan
ORD-003779,CUST-01217,2025-06-20,Completed,Karachi
ORD-003780,CUST-01118,2025-06-20,Completed,Mardan
ORD-003781,CUST-00342,2025-06-20,Returned,Gujranwala
ORD-003782,CUST-00047,2025-06-20,Completed,Rawalpindi
ORD-003783,CUST-01429,2025-06-20,Completed,Lahore
ORD-003784,CUST-00278,2025-06-20,Completed,Karachi
ORD-003785,CUST-00974,2025-06-20,Completed,Peshawar
ORD-003786,CUST-01035,2025-06-20,Pending,Karachi
ORD-003787,CUST-01430,2025-06-20,Completed,Gujranwala
ORD-003788,CUST-01116,2025-06-20,Completed,Mardan
ORD-003789,CUST-00284,2025-06-20,Completed,Multan
ORD-003790,CUST-00665,2025-06-21,Completed,Lahore
ORD-003791,CUST-00522,2025-06-21,Completed,Quetta
ORD-003792,CUST-01079,2025-06-21,Completed,Karachi
ORD-003793,CUST-01056,2025-06-21,Completed,Karachi
ORD-003794,CUST-00986,2025-06-21,Returned,Karachi
ORD-003795,CUST-01098,2025-06-21,Completed,Mardan
ORD-003796,CUST-00244,2025-06-21,Completed,Rawalpindi
ORD-003797,CUST-01023,2025-06-21,Completed,Quetta
ORD-003798,CUST-00533,2025-06-21,Completed,Gujranwala
ORD-003799,CUST-00040,2025-06-21,Completed,Quetta
ORD-003800,CUST-01479,2025-06-21,Completed,Karachi
ORD-003801,CUST-00310,2025-06-21,Pending,Rawalpindi
ORD-003802,CUST-00496,2025-06-21,Completed,Rahim Yar Khan
ORD-003803,CUST-00439,2025-06-21,Pending,Karachi
ORD-003804,CUST-01093,2025-06-21,Completed,Lahore
ORD-003805,CUST-01231,2025-06-21,Completed,Bahawalpur
ORD-003806,CUST-00189,2025-06-21,Completed,Lahore
ORD-003807,CUST-00210,2025-06-21,Returned,Karachi
ORD-003808,CUST-00255,2025-06-22,Returned,Quetta
ORD-003809,CUST-00281,2025-06-22,Completed,Sukkur
ORD-003810,CUST-00631,2025-06-22,Completed,Karachi
ORD-003811,CUST-00116,2025-06-22,Cancelled,Karachi
ORD-003812,CUST-00410,2025-06-22,Completed,Hyderabad
ORD-003813,CUST-01204,2025-06-22,Completed,Faisalabad
ORD-003814,CUST-01089,2025-06-22,Completed,Rawalpindi
ORD-003815,CUST-01326,2025-06-22,Completed,Multan
ORD-003816,CUST-01102,2025-06-22,Returned,Lahore
ORD-003817,CUST-00816,2025-06-22,Returned,Lahore
ORD-003818,CUST-00740,2025-06-22,Completed,Hyderabad
ORD-003819,CUST-00239,2025-06-22,Completed,Karachi
ORD-003820,CUST-00868,2025-06-22,Pending,Lahore
ORD-003821,CUST-01280,2025-06-23,Completed,Rawalpindi
ORD-003822,CUST-01181,2025-06-23,Completed,Rawalpindi
ORD-003823,CUST-00004,2025-06-23,Completed,Faisalabad
ORD-003824,CUST-01266,2025-06-23,Completed,Lahore
ORD-003825,CUST-00746,2025-06-23,Completed,Mirpur Khas
ORD-003826,CUST-00909,2025-06-23,Completed,Lahore
ORD-003827,CUST-00912,2025-06-23,Completed,Lahore
ORD-003828,CUST-01350,2025-06-23,Cancelled,Quetta
ORD-003829,CUST-00571,2025-06-24,Pending,Sukkur
ORD-003830,CUST-01236,2025-06-24,Completed,Lahore
ORD-003831,CUST-01352,2025-06-24,Cancelled,Karachi
ORD-003832,CUST-01410,2025-06-24,Completed,Karachi
ORD-003833,CUST-00597,2025-06-24,Completed,Lahore
ORD-003834,CUST-00801,2025-06-24,Completed,Peshawar
ORD-003835,CUST-01110,2025-06-24,Completed,Faisalabad
ORD-003836,CUST-00927,2025-06-24,Completed,Lahore
ORD-003837,CUST-00856,2025-06-24,Completed,Karachi
ORD-003838,CUST-00446,2025-06-24,Completed,Abbottabad
ORD-003839,CUST-00289,2025-06-24,Completed,Karachi
ORD-003840,CUST-01361,2025-06-24,Completed,Bahawalpur
ORD-003841,CUST-01104,2025-06-24,Completed,Peshawar
ORD-003842,CUST-00712,2025-06-25,Completed,Gujranwala
ORD-003843,CUST-00005,2025-06-25,Completed,Karachi
ORD-003844,CUST-00152,2025-06-25,Pending,Sargodha
ORD-003845,CUST-01164,2025-06-25,Completed,Karachi
ORD-003846,CUST-00139,2025-06-25,Completed,Islamabad
ORD-003847,CUST-00852,2025-06-25,Completed,Lahore
ORD-003848,CUST-00528,2025-06-25,Pending,Karachi
ORD-003849,CUST-00073,2025-06-25,Completed,Rahim Yar Khan
ORD-003850,CUST-00537,2025-06-25,Completed,Abbottabad
ORD-003851,CUST-01325,2025-06-25,Cancelled,Karachi
ORD-003852,CUST-00192,2025-06-25,Completed,Mirpur Khas
ORD-003853,CUST-00674,2025-06-25,Completed,Faisalabad
ORD-003854,CUST-00782,2025-06-25,Completed,Karachi
ORD-003855,CUST-00253,2025-06-25,Completed,Lahore
ORD-003856,CUST-01033,2025-06-25,Completed,Faisalabad
ORD-003857,CUST-00130,2025-06-25,Completed,Lahore
ORD-003858,CUST-01272,2025-06-25,Completed,Islamabad
ORD-003859,CUST-00260,2025-06-25,Pending,Karachi
ORD-003860,CUST-00652,2025-06-25,Completed,Multan
ORD-003861,CUST-01396,2025-06-25,Pending,Faisalabad
ORD-003862,CUST-00851,2025-06-25,Completed,Lahore
ORD-003863,CUST-00681,2025-06-26,Completed,Karachi
ORD-003864,CUST-00088,2025-06-26,Completed,Lahore
ORD-003865,CUST-00664,2025-06-26,Completed,Gujranwala
ORD-003866,CUST-00924,2025-06-26,Cancelled,Peshawar
ORD-003867,CUST-00244,2025-06-26,Completed,Sukkur
ORD-003868,CUST-00042,2025-06-26,Returned,Gujranwala
ORD-003869,CUST-00788,2025-06-26,Completed,Hyderabad
ORD-003870,CUST-00221,2025-06-26,Completed,Karachi
ORD-003871,CUST-01247,2025-06-26,Completed,Islamabad
ORD-003872,CUST-00024,2025-06-26,Returned,Rawalpindi
ORD-003873,CUST-01041,2025-06-26,Completed,Lahore
ORD-003874,CUST-01270,2025-06-26,Completed,Peshawar
ORD-003875,CUST-00211,2025-06-26,Completed,Lahore
ORD-003876,CUST-00567,2025-06-26,Completed,Bahawalpur
ORD-003877,CUST-00487,2025-06-26,Completed,Sialkot
ORD-003878,CUST-00922,2025-06-27,Completed,Gujranwala
ORD-003879,CUST-01002,2025-06-27,Completed,Lahore
ORD-003880,CUST-00909,2025-06-27,Cancelled,Lahore
ORD-003881,CUST-00683,2025-06-27,Completed,Abbottabad
ORD-003882,CUST-00579,2025-06-27,Completed,Quetta
ORD-003883,CUST-00778,2025-06-27,Cancelled,Faisalabad
ORD-003884,CUST-00486,2025-06-27,Cancelled,Gujranwala
ORD-003885,CUST-00510,2025-06-27,Pending,Quetta
ORD-003886,CUST-00724,2025-06-27,Completed,Karachi
ORD-003887,CUST-01452,2025-06-27,Returned,Multan
ORD-003888,CUST-00195,2025-06-27,Completed,Lahore
ORD-003889,CUST-01126,2025-06-27,Completed,Lahore
ORD-003890,CUST-00243,2025-06-27,Completed,Hyderabad
ORD-003891,CUST-00674,2025-06-28,Returned,Sialkot
ORD-003892,CUST-01298,2025-06-28,Completed,Islamabad
ORD-003893,CUST-00410,2025-06-28,Completed,Peshawar
ORD-003894,CUST-00002,2025-06-28,Completed,Islamabad
ORD-003895,CUST-00562,2025-06-28,Completed,Rawalpindi
ORD-003896,CUST-01000,2025-06-28,Returned,Karachi
ORD-003897,CUST-00790,2025-06-28,Completed,Multan
ORD-003898,CUST-00871,2025-06-28,Completed,Multan
ORD-003899,CUST-00965,2025-06-28,Completed,Karachi
ORD-003900,CUST-01153,2025-06-28,Pending,Multan
ORD-003901,CUST-00819,2025-06-28,Completed,Karachi
ORD-003902,CUST-01209,2025-06-28,Completed,Multan
ORD-003903,CUST-00187,2025-06-28,Completed,Karachi
ORD-003904,CUST-00262,2025-06-28,Returned,Lahore
ORD-003905,CUST-00592,2025-06-29,Completed,Karachi
ORD-003906,CUST-01260,2025-06-29,Completed,Karachi
ORD-003907,CUST-01049,2025-06-29,Completed,Gujranwala
ORD-003908,CUST-00529,2025-06-29,Completed,Peshawar
ORD-003909,CUST-00879,2025-06-29,Completed,Lahore
ORD-003910,CUST-00474,2025-06-29,Completed,Lahore
ORD-003911,CUST-00861,2025-06-29,Completed,Lahore
ORD-003912,CUST-00531,2025-06-29,Completed,Hyderabad
ORD-003913,CUST-00610,2025-06-29,Completed,Hyderabad
ORD-003914,CUST-00099,2025-06-29,Cancelled,Sukkur
ORD-003915,CUST-00247,2025-06-29,Completed,Karachi
ORD-003916,CUST-00230,2025-06-29,Completed,Lahore
ORD-003917,CUST-00139,2025-06-30,Cancelled,Lahore
ORD-003918,CUST-01031,2025-06-30,Completed,Lahore
ORD-003919,CUST-01167,2025-06-30,Completed,Bahawalpur
ORD-003920,CUST-00734,2025-06-30,Pending,Lahore
ORD-003921,CUST-00582,2025-06-30,Completed,Karachi
ORD-003922,CUST-00895,2025-06-30,Completed,Rawalpindi
ORD-003923,CUST-00753,2025-06-30,Completed,Karachi
ORD-003924,CUST-00108,2025-06-30,Pending,Karachi
ORD-003925,CUST-00809,2025-06-30,Completed,Islamabad
ORD-003926,CUST-00347,2025-06-30,Returned,Lahore
ORD-003927,CUST-00929,2025-06-30,Completed,Faisalabad
ORD-003928,CUST-00588,2025-06-30,Completed,Peshawar
ORD-003929,CUST-00854,2025-06-30,Completed,Islamabad
ORD-003930,CUST-01139,2025-06-30,Completed,Faisalabad
ORD-003931,CUST-00073,2025-06-30,Completed,Lahore
ORD-003932,CUST-00203,2025-06-30,Completed,Rawalpindi
ORD-003933,CUST-00821,2025-06-30,Completed,Islamabad
ORD-003934,CUST-01287,2025-06-30,Completed,Gujranwala
ORD-003935,CUST-00784,2025-06-30,Completed,Hyderabad
ORD-003936,CUST-00211,2025-06-30,Completed,Lahore
ORD-003937,CUST-01220,2025-06-30,Completed,Lahore
ORD-003938,CUST-00977,2025-06-30,Completed,Karachi
ORD-003939,CUST-01216,2025-06-30,Completed,Sialkot
ORD-003940,CUST-00492,2025-06-30,Cancelled,Sukkur
ORD-003941,CUST-00122,2025-06-30,Completed,Karachi
ORD-003942,CUST-00273,2025-06-30,Completed,Karachi
ORD-003943,CUST-00342,2025-06-30,Completed,Rawalpindi
ORD-003944,CUST-00277,2025-06-30,Returned,Abbottabad
ORD-003945,CUST-01275,2025-06-30,Completed,Sargodha
ORD-003946,CUST-01436,2025-07-01,Completed,Quetta
ORD-003947,CUST-00657,2025-07-01,Completed,Karachi
ORD-003948,CUST-00923,2025-07-01,Completed,Karachi
ORD-003949,CUST-01007,2025-07-01,Cancelled,Karachi
ORD-003950,CUST-01176,2025-07-01,Completed,Faisalabad
ORD-003951,CUST-00984,2025-07-01,Pending,Lahore
ORD-003952,CUST-00575,2025-07-01,Completed,Lahore
ORD-003953,CUST-01401,2025-07-01,Pending,Karachi
ORD-003954,CUST-00981,2025-07-01,Completed,Rawalpindi
ORD-003955,CUST-01500,2025-07-01,Completed,Peshawar
ORD-003956,CUST-00478,2025-07-01,Completed,Hyderabad
ORD-003957,CUST-00257,2025-07-01,Completed,Multan
ORD-003958,CUST-00175,2025-07-01,Completed,Hyderabad
ORD-003959,CUST-00512,2025-07-01,Completed,Rawalpindi
ORD-003960,CUST-00477,2025-07-01,Returned,Rawalpindi
ORD-003961,CUST-00612,2025-07-02,Completed,Sargodha
ORD-003962,CUST-00641,2025-07-02,Completed,Lahore
ORD-003963,CUST-01285,2025-07-02,Completed,Abbottabad
ORD-003964,CUST-00347,2025-07-02,Completed,Sahiwal
ORD-003965,CUST-01452,2025-07-02,Completed,Rawalpindi
ORD-003966,CUST-00290,2025-07-02,Cancelled,Sukkur
ORD-003967,CUST-00536,2025-07-02,Completed,Rawalpindi
ORD-003968,CUST-00537,2025-07-02,Completed,Abbottabad
ORD-003969,CUST-00258,2025-07-02,Completed,Mirpur Khas
ORD-003970,CUST-00635,2025-07-02,Returned,Abbottabad
ORD-003971,CUST-00292,2025-07-02,Completed,Karachi
ORD-003972,CUST-01013,2025-07-02,Completed,Islamabad
ORD-003973,CUST-00228,2025-07-02,Completed,Peshawar
ORD-003974,CUST-00944,2025-07-02,Completed,Karachi
ORD-003975,CUST-00062,2025-07-02,Completed,Sukkur
ORD-003976,CUST-00143,2025-07-02,Cancelled,Hyderabad
ORD-003977,CUST-01369,2025-07-02,Returned,Faisalabad
ORD-003978,CUST-00498,2025-07-03,Completed,Karachi
ORD-003979,CUST-00956,2025-07-03,Returned,Karachi
ORD-003980,CUST-01270,2025-07-03,Completed,Peshawar
ORD-003981,CUST-00469,2025-07-03,Completed,Bahawalpur
ORD-003982,CUST-01314,2025-07-03,Completed,Rawalpindi
ORD-003983,CUST-01340,2025-07-03,Completed,Sargodha
ORD-003984,CUST-01176,2025-07-03,Completed,Faisalabad
ORD-003985,CUST-00777,2025-07-03,Completed,Hyderabad
ORD-003986,CUST-00994,2025-07-03,Completed,Peshawar
ORD-003987,CUST-01027,2025-07-03,Completed,Lahore
ORD-003988,CUST-01156,2025-07-03,Pending,Lahore
ORD-003989,CUST-01476,2025-07-03,Completed,Rawalpindi
ORD-003990,CUST-00252,2025-07-03,Returned,Sahiwal
ORD-003991,CUST-01123,2025-07-03,Cancelled,Lahore
ORD-003992,CUST-00057,2025-07-03,Returned,Lahore
ORD-003993,CUST-00474,2025-07-03,Completed,Karachi
ORD-003994,CUST-01185,2025-07-04,Cancelled,Islamabad
ORD-003995,CUST-00746,2025-07-04,Pending,Mirpur Khas
ORD-003996,CUST-00225,2025-07-04,Pending,Lahore
ORD-003997,CUST-00857,2025-07-04,Completed,Lahore
ORD-003998,CUST-00635,2025-07-04,Completed,Lahore
ORD-003999,CUST-00074,2025-07-04,Completed,Sialkot
ORD-004000,CUST-00961,2025-07-04,Completed,Rahim Yar Khan
ORD-004001,CUST-00331,2025-07-04,Completed,Gujranwala
ORD-004002,CUST-00940,2025-07-04,Cancelled,Abbottabad
ORD-004003,CUST-01369,2025-07-04,Completed,Faisalabad
ORD-004004,CUST-00324,2025-07-04,Completed,Peshawar
ORD-004005,CUST-00530,2025-07-04,Completed,Lahore
ORD-004006,CUST-00562,2025-07-04,Completed,Rawalpindi
ORD-004007,CUST-01367,2025-07-04,Completed,Lahore
ORD-004008,CUST-00688,2025-07-05,Returned,Multan
ORD-004009,CUST-00094,2025-07-05,Pending,Islamabad
ORD-004010,CUST-00319,2025-07-05,Completed,Sukkur
ORD-004011,CUST-00575,2025-07-05,Completed,Karachi
ORD-004012,CUST-00909,2025-07-05,Completed,Lahore
ORD-004013,CUST-00530,2025-07-05,Completed,Lahore
ORD-004014,CUST-00346,2025-07-05,Completed,Karachi
ORD-004015,CUST-00680,2025-07-05,Completed,Gwadar
ORD-004016,CUST-00963,2025-07-05,Returned,Lahore
ORD-004017,CUST-00183,2025-07-05,Completed,Karachi
ORD-004018,CUST-00474,2025-07-05,Completed,Karachi
ORD-004019,CUST-01355,2025-07-05,Completed,Abbottabad
ORD-004020,CUST-01032,2025-07-06,Completed,Rawalpindi
ORD-004021,CUST-00227,2025-07-06,Returned,Abbottabad
ORD-004022,CUST-00679,2025-07-06,Completed,Mirpur Khas
ORD-004023,CUST-00409,2025-07-06,Completed,Peshawar
ORD-004024,CUST-00643,2025-07-06,Completed,Karachi
ORD-004025,CUST-01395,2025-07-06,Completed,Peshawar
ORD-004026,CUST-00623,2025-07-06,Completed,Mirpur Khas
ORD-004027,CUST-00264,2025-07-06,Completed,Peshawar
ORD-004028,CUST-00297,2025-07-07,Completed,Peshawar
ORD-004029,CUST-01448,2025-07-07,Completed,Karachi
ORD-004030,CUST-01299,2025-07-07,Completed,Quetta
ORD-004031,CUST-00007,2025-07-07,Completed,Gujranwala
ORD-004032,CUST-01280,2025-07-07,Completed,Rawalpindi
ORD-004033,CUST-01423,2025-07-07,Returned,Karachi
ORD-004034,CUST-00512,2025-07-07,Completed,Rawalpindi
ORD-004035,CUST-00922,2025-07-07,Completed,Lahore
ORD-004036,CUST-00014,2025-07-07,Completed,Mirpur Khas
ORD-004037,CUST-00327,2025-07-07,Completed,Faisalabad
ORD-004038,CUST-00641,2025-07-07,Completed,Lahore
ORD-004039,CUST-01012,2025-07-07,Completed,Karachi
ORD-004040,CUST-01298,2025-07-07,Pending,Islamabad
ORD-004041,CUST-00214,2025-07-07,Completed,Islamabad
ORD-004042,CUST-01385,2025-07-07,Completed,Abbottabad
ORD-004043,CUST-00810,2025-07-07,Completed,Peshawar
ORD-004044,CUST-00152,2025-07-07,Completed,Sahiwal
ORD-004045,CUST-00435,2025-07-08,Completed,Lahore
ORD-004046,CUST-00898,2025-07-08,Returned,Multan
ORD-004047,CUST-00382,2025-07-08,Completed,Peshawar
ORD-004048,CUST-01068,2025-07-08,Completed,Karachi
ORD-004049,CUST-01480,2025-07-08,Completed,Karachi
ORD-004050,CUST-00843,2025-07-08,Completed,Sialkot
ORD-004051,CUST-00786,2025-07-08,Completed,Islamabad
ORD-004052,CUST-00533,2025-07-08,Returned,Gujranwala
ORD-004053,CUST-00869,2025-07-08,Completed,Karachi
ORD-004054,CUST-01085,2025-07-08,Pending,Lahore
ORD-004055,CUST-00712,2025-07-08,Completed,Gujranwala
ORD-004056,CUST-00812,2025-07-08,Cancelled,Abbottabad
ORD-004057,CUST-00005,2025-07-08,Cancelled,Faisalabad
ORD-004058,CUST-00116,2025-07-08,Pending,Karachi
ORD-004059,CUST-00626,2025-07-08,Completed,Islamabad
ORD-004060,CUST-01489,2025-07-09,Completed,Sahiwal
ORD-004061,CUST-00330,2025-07-09,Completed,Rawalpindi
ORD-004062,CUST-00482,2025-07-09,Completed,Sialkot
ORD-004063,CUST-01117,2025-07-09,Pending,Islamabad
ORD-004064,CUST-00022,2025-07-09,Completed,Lahore
ORD-004065,CUST-01303,2025-07-09,Pending,Rawalpindi
ORD-004066,CUST-00444,2025-07-09,Completed,Karachi
ORD-004067,CUST-01114,2025-07-09,Completed,Karachi
ORD-004068,CUST-00812,2025-07-09,Returned,Abbottabad
ORD-004069,CUST-00111,2025-07-09,Completed,Mardan
ORD-004070,CUST-01051,2025-07-09,Completed,Islamabad
ORD-004071,CUST-00274,2025-07-09,Completed,Faisalabad
ORD-004072,CUST-00801,2025-07-09,Completed,Peshawar
ORD-004073,CUST-00330,2025-07-09,Completed,Rawalpindi
ORD-004074,CUST-00694,2025-07-09,Completed,Gujranwala
ORD-004075,CUST-00310,2025-07-09,Completed,Rawalpindi
ORD-004076,CUST-01197,2025-07-09,Completed,Faisalabad
ORD-004077,CUST-00512,2025-07-09,Completed,Karachi
ORD-004078,CUST-01490,2025-07-10,Completed,Lahore
ORD-004079,CUST-00729,2025-07-10,Completed,Bahawalpur
ORD-004080,CUST-01331,2025-07-10,Completed,Quetta
ORD-004081,CUST-01315,2025-07-10,Completed,Rawalpindi
ORD-004082,CUST-01233,2025-07-10,Pending,Hyderabad
ORD-004083,CUST-01447,2025-07-10,Completed,Karachi
ORD-004084,CUST-00369,2025-07-10,Completed,Karachi
ORD-004085,CUST-01342,2025-07-10,Pending,Rawalpindi
ORD-004086,CUST-00599,2025-07-10,Completed,Abbottabad
ORD-004087,CUST-01492,2025-07-10,Completed,Karachi
ORD-004088,CUST-01031,2025-07-10,Completed,Lahore
ORD-004089,CUST-01201,2025-07-10,Completed,Bahawalpur
ORD-004090,CUST-00316,2025-07-10,Completed,Karachi
ORD-004091,CUST-00618,2025-07-10,Completed,Faisalabad
ORD-004092,CUST-00213,2025-07-10,Completed,Lahore
ORD-004093,CUST-00686,2025-07-10,Completed,Islamabad
ORD-004094,CUST-00383,2025-07-10,Completed,Lahore
ORD-004095,CUST-00110,2025-07-11,Completed,Karachi
ORD-004096,CUST-00889,2025-07-11,Pending,Faisalabad
ORD-004097,CUST-00520,2025-07-11,Cancelled,Karachi
ORD-004098,CUST-00321,2025-07-11,Completed,Sialkot
ORD-004099,CUST-00322,2025-07-11,Completed,Karachi
ORD-004100,CUST-00276,2025-07-11,Completed,Lahore
ORD-004101,CUST-00897,2025-07-11,Completed,Lahore
ORD-004102,CUST-00784,2025-07-11,Completed,Hyderabad
ORD-004103,CUST-00765,2025-07-11,Completed,Peshawar
ORD-004104,CUST-01107,2025-07-11,Pending,Sukkur
ORD-004105,CUST-00867,2025-07-11,Completed,Lahore
ORD-004106,CUST-00964,2025-07-11,Completed,Lahore
ORD-004107,CUST-01022,2025-07-11,Completed,Quetta
ORD-004108,CUST-00899,2025-07-11,Completed,Faisalabad
ORD-004109,CUST-00661,2025-07-11,Completed,Lahore
ORD-004110,CUST-00679,2025-07-11,Pending,Quetta
ORD-004111,CUST-00110,2025-07-11,Completed,Karachi
ORD-004112,CUST-00003,2025-07-11,Pending,Rawalpindi
ORD-004113,CUST-01024,2025-07-12,Completed,Faisalabad
ORD-004114,CUST-00015,2025-07-12,Completed,Islamabad
ORD-004115,CUST-00073,2025-07-12,Returned,Rahim Yar Khan
ORD-004116,CUST-00379,2025-07-12,Cancelled,Rawalpindi
ORD-004117,CUST-00401,2025-07-12,Completed,Lahore
ORD-004118,CUST-00675,2025-07-12,Completed,Islamabad
ORD-004119,CUST-00699,2025-07-12,Cancelled,Karachi
ORD-004120,CUST-00499,2025-07-12,Completed,Mardan
ORD-004121,CUST-00498,2025-07-12,Completed,Karachi
ORD-004122,CUST-00904,2025-07-12,Pending,Faisalabad
ORD-004123,CUST-00045,2025-07-12,Pending,Karachi
ORD-004124,CUST-00565,2025-07-12,Completed,Gujranwala
ORD-004125,CUST-00748,2025-07-12,Completed,Peshawar
ORD-004126,CUST-01298,2025-07-12,Completed,Islamabad
ORD-004127,CUST-00239,2025-07-12,Completed,Faisalabad
ORD-004128,CUST-00643,2025-07-12,Completed,Karachi
ORD-004129,CUST-00700,2025-07-12,Completed,Karachi
ORD-004130,CUST-00091,2025-07-12,Completed,Gujranwala
ORD-004131,CUST-01051,2025-07-12,Completed,Lahore
ORD-004132,CUST-00959,2025-07-12,Cancelled,Islamabad
ORD-004133,CUST-01450,2025-07-12,Completed,Sahiwal
ORD-004134,CUST-00522,2025-07-13,Completed,Quetta
ORD-004135,CUST-00690,2025-07-13,Completed,Gujranwala
ORD-004136,CUST-01290,2025-07-13,Completed,Rawalpindi
ORD-004137,CUST-01410,2025-07-13,Completed,Karachi
ORD-004138,CUST-01425,2025-07-13,Completed,Karachi
ORD-004139,CUST-00434,2025-07-13,Completed,Lahore
ORD-004140,CUST-00787,2025-07-13,Completed,Karachi
ORD-004141,CUST-00871,2025-07-13,Pending,Multan
ORD-004142,CUST-00864,2025-07-14,Completed,Lahore
ORD-004143,CUST-00651,2025-07-14,Completed,Karachi
ORD-004144,CUST-00763,2025-07-14,Completed,Karachi
ORD-004145,CUST-01111,2025-07-14,Completed,Karachi
ORD-004146,CUST-00758,2025-07-14,Completed,Karachi
ORD-004147,CUST-00166,2025-07-14,Completed,Lahore
ORD-004148,CUST-00487,2025-07-14,Completed,Karachi
ORD-004149,CUST-00954,2025-07-14,Completed,Faisalabad
ORD-004150,CUST-01454,2025-07-14,Cancelled,Faisalabad
ORD-004151,CUST-01100,2025-07-14,Completed,Rawalpindi
ORD-004152,CUST-00921,2025-07-14,Pending,Rawalpindi
ORD-004153,CUST-01314,2025-07-14,Completed,Hyderabad
ORD-004154,CUST-00091,2025-07-15,Completed,Gujranwala
ORD-004155,CUST-00218,2025-07-15,Completed,Faisalabad
ORD-004156,CUST-01113,2025-07-15,Returned,Lahore
ORD-004157,CUST-00844,2025-07-15,Pending,Karachi
ORD-004158,CUST-01352,2025-07-15,Completed,Karachi
ORD-004159,CUST-00202,2025-07-15,Completed,Islamabad
ORD-004160,CUST-01478,2025-07-15,Pending,Sahiwal
ORD-004161,CUST-00512,2025-07-15,Completed,Rawalpindi
ORD-004162,CUST-01057,2025-07-15,Completed,Mirpur Khas
ORD-004163,CUST-01462,2025-07-15,Completed,Karachi
ORD-004164,CUST-01062,2025-07-15,Completed,Lahore
ORD-004165,CUST-00947,2025-07-15,Cancelled,Karachi
ORD-004166,CUST-00169,2025-07-15,Pending,Multan
ORD-004167,CUST-01056,2025-07-15,Completed,Hyderabad
ORD-004168,CUST-00222,2025-07-15,Completed,Lahore
ORD-004169,CUST-00869,2025-07-16,Completed,Karachi
ORD-004170,CUST-00177,2025-07-16,Completed,Lahore
ORD-004171,CUST-00057,2025-07-16,Completed,Lahore
ORD-004172,CUST-00778,2025-07-16,Completed,Faisalabad
ORD-004173,CUST-00518,2025-07-16,Completed,Multan
ORD-004174,CUST-00867,2025-07-16,Completed,Lahore
ORD-004175,CUST-01383,2025-07-16,Completed,Lahore
ORD-004176,CUST-00114,2025-07-16,Completed,Rawalpindi
ORD-004177,CUST-00671,2025-07-16,Completed,Karachi
ORD-004178,CUST-01467,2025-07-16,Cancelled,Lahore
ORD-004179,CUST-01361,2025-07-16,Completed,Bahawalpur
ORD-004180,CUST-01040,2025-07-16,Completed,Lahore
ORD-004181,CUST-00633,2025-07-16,Completed,Rawalpindi
ORD-004182,CUST-01440,2025-07-16,Completed,Lahore
ORD-004183,CUST-01353,2025-07-16,Completed,Islamabad
ORD-004184,CUST-00901,2025-07-16,Cancelled,Karachi
ORD-004185,CUST-00030,2025-07-16,Cancelled,Rahim Yar Khan
ORD-004186,CUST-00529,2025-07-16,Completed,Peshawar
ORD-004187,CUST-01245,2025-07-16,Completed,Rawalpindi
ORD-004188,CUST-00518,2025-07-16,Completed,Lahore
ORD-004189,CUST-01486,2025-07-16,Completed,Karachi
ORD-004190,CUST-00929,2025-07-16,Cancelled,Karachi
ORD-004191,CUST-00532,2025-07-16,Completed,Karachi
ORD-004192,CUST-01370,2025-07-17,Completed,Karachi
ORD-004193,CUST-00749,2025-07-17,Completed,Karachi
ORD-004194,CUST-01423,2025-07-17,Completed,Karachi
ORD-004195,CUST-01474,2025-07-17,Pending,Lahore
ORD-004196,CUST-00775,2025-07-17,Completed,Rawalpindi
ORD-004197,CUST-01176,2025-07-17,Returned,Faisalabad
ORD-004198,CUST-00524,2025-07-17,Completed,Karachi
ORD-004199,CUST-00631,2025-07-17,Completed,Karachi
ORD-004200,CUST-00379,2025-07-17,Pending,Rawalpindi
ORD-004201,CUST-00764,2025-07-17,Completed,Multan
ORD-004202,CUST-01055,2025-07-17,Completed,Islamabad
ORD-004203,CUST-00402,2025-07-17,Completed,Hyderabad
ORD-004204,CUST-00526,2025-07-17,Completed,Lahore
ORD-004205,CUST-01074,2025-07-17,Completed,Lahore
ORD-004206,CUST-00735,2025-07-18,Completed,Islamabad
ORD-004207,CUST-01409,2025-07-18,Completed,Islamabad
ORD-004208,CUST-00657,2025-07-18,Completed,Faisalabad
ORD-004209,CUST-01350,2025-07-18,Completed,Quetta
ORD-004210,CUST-01193,2025-07-18,Pending,Karachi
ORD-004211,CUST-01378,2025-07-18,Completed,Karachi
ORD-004212,CUST-01080,2025-07-18,Completed,Lahore
ORD-004213,CUST-00192,2025-07-18,Completed,Mirpur Khas
ORD-004214,CUST-00410,2025-07-18,Completed,Peshawar
ORD-004215,CUST-00511,2025-07-18,Completed,Rawalpindi
ORD-004216,CUST-00573,2025-07-18,Completed,Karachi
ORD-004217,CUST-00535,2025-07-18,Completed,Multan
ORD-004218,CUST-01366,2025-07-19,Completed,Rahim Yar Khan
ORD-004219,CUST-01000,2025-07-19,Completed,Karachi
ORD-004220,CUST-01393,2025-07-19,Pending,Peshawar
ORD-004221,CUST-00618,2025-07-19,Completed,Karachi
ORD-004222,CUST-01055,2025-07-19,Completed,Islamabad
ORD-004223,CUST-01481,2025-07-19,Completed,Islamabad
ORD-004224,CUST-01305,2025-07-19,Completed,Rawalpindi
ORD-004225,CUST-01118,2025-07-19,Completed,Mardan
ORD-004226,CUST-01451,2025-07-19,Completed,Quetta
ORD-004227,CUST-00819,2025-07-19,Completed,Karachi
ORD-004228,CUST-01032,2025-07-19,Completed,Rawalpindi
ORD-004229,CUST-00820,2025-07-19,Pending,Sukkur
ORD-004230,CUST-00153,2025-07-19,Completed,Lahore
ORD-004231,CUST-01230,2025-07-20,Returned,Abbottabad
ORD-004232,CUST-00450,2025-07-20,Completed,Faisalabad
ORD-004233,CUST-00791,2025-07-20,Completed,Lahore
ORD-004234,CUST-00546,2025-07-20,Cancelled,Islamabad
ORD-004235,CUST-00239,2025-07-20,Completed,Faisalabad
ORD-004236,CUST-01082,2025-07-20,Completed,Lahore
ORD-004237,CUST-01288,2025-07-20,Completed,Bahawalpur
ORD-004238,CUST-01386,2025-07-20,Pending,Faisalabad
ORD-004239,CUST-01132,2025-07-20,Completed,Sialkot
ORD-004240,CUST-00183,2025-07-20,Returned,Karachi
ORD-004241,CUST-00334,2025-07-20,Completed,Abbottabad
ORD-004242,CUST-00263,2025-07-20,Completed,Abbottabad
ORD-004243,CUST-00747,2025-07-21,Pending,Gujranwala
ORD-004244,CUST-01328,2025-07-21,Returned,Islamabad
ORD-004245,CUST-00354,2025-07-21,Completed,Rawalpindi
ORD-004246,CUST-00115,2025-07-21,Completed,Islamabad
ORD-004247,CUST-00604,2025-07-21,Completed,Karachi
ORD-004248,CUST-01448,2025-07-21,Completed,Karachi
ORD-004249,CUST-00150,2025-07-21,Pending,Sahiwal
ORD-004250,CUST-00199,2025-07-21,Completed,Karachi
ORD-004251,CUST-00918,2025-07-21,Pending,Islamabad
ORD-004252,CUST-01492,2025-07-21,Returned,Karachi
ORD-004253,CUST-00221,2025-07-21,Completed,Karachi
ORD-004254,CUST-00996,2025-07-21,Pending,Bahawalpur
ORD-004255,CUST-00795,2025-07-21,Completed,Sargodha
ORD-004256,CUST-00182,2025-07-21,Completed,Islamabad
ORD-004257,CUST-00207,2025-07-21,Cancelled,Sahiwal
ORD-004258,CUST-00973,2025-07-21,Pending,Lahore
ORD-004259,CUST-00423,2025-07-21,Completed,Islamabad
ORD-004260,CUST-01416,2025-07-22,Pending,Gujranwala
ORD-004261,CUST-00635,2025-07-22,Completed,Islamabad
ORD-004262,CUST-00743,2025-07-22,Completed,Rawalpindi
ORD-004263,CUST-01076,2025-07-22,Completed,Islamabad
ORD-004264,CUST-01103,2025-07-22,Completed,Karachi
ORD-004265,CUST-01245,2025-07-22,Completed,Rawalpindi
ORD-004266,CUST-00545,2025-07-22,Completed,Karachi
ORD-004267,CUST-01282,2025-07-22,Returned,Islamabad
ORD-004268,CUST-00238,2025-07-22,Completed,Sialkot
ORD-004269,CUST-00680,2025-07-22,Cancelled,Gwadar
ORD-004270,CUST-01028,2025-07-22,Completed,Lahore
ORD-004271,CUST-01349,2025-07-22,Completed,Multan
ORD-004272,CUST-01389,2025-07-22,Completed,Lahore
ORD-004273,CUST-01306,2025-07-22,Completed,Multan
ORD-004274,CUST-00636,2025-07-22,Completed,Mirpur Khas
ORD-004275,CUST-01412,2025-07-22,Returned,Islamabad
ORD-004276,CUST-01481,2025-07-23,Completed,Islamabad
ORD-004277,CUST-00959,2025-07-23,Completed,Lahore
ORD-004278,CUST-00875,2025-07-23,Completed,Rahim Yar Khan
ORD-004279,CUST-00284,2025-07-23,Completed,Rawalpindi
ORD-004280,CUST-00749,2025-07-23,Completed,Karachi
ORD-004281,CUST-00339,2025-07-23,Completed,Abbottabad
ORD-004282,CUST-01424,2025-07-23,Completed,Karachi
ORD-004283,CUST-00253,2025-07-23,Cancelled,Lahore
ORD-004284,CUST-00684,2025-07-23,Completed,Sialkot
ORD-004285,CUST-01086,2025-07-23,Completed,Lahore
ORD-004286,CUST-00435,2025-07-23,Cancelled,Lahore
ORD-004287,CUST-00464,2025-07-23,Completed,Islamabad
ORD-004288,CUST-00701,2025-07-23,Completed,Sargodha
ORD-004289,CUST-01486,2025-07-23,Completed,Karachi
ORD-004290,CUST-00927,2025-07-24,Pending,Multan
ORD-004291,CUST-01241,2025-07-24,Completed,Lahore
ORD-004292,CUST-00924,2025-07-24,Completed,Peshawar
ORD-004293,CUST-00974,2025-07-24,Pending,Peshawar
ORD-004294,CUST-01205,2025-07-24,Completed,Sahiwal
ORD-004295,CUST-00967,2025-07-24,Completed,Sargodha
ORD-004296,CUST-01169,2025-07-24,Completed,Karachi
ORD-004297,CUST-00121,2025-07-24,Completed,Karachi
ORD-004298,CUST-01046,2025-07-24,Pending,Quetta
ORD-004299,CUST-00789,2025-07-24,Completed,Faisalabad
ORD-004300,CUST-01178,2025-07-24,Completed,Lahore
ORD-004301,CUST-01142,2025-07-24,Completed,Karachi
ORD-004302,CUST-01449,2025-07-25,Completed,Karachi
ORD-004303,CUST-00607,2025-07-25,Pending,Peshawar
ORD-004304,CUST-00450,2025-07-25,Completed,Bahawalpur
ORD-004305,CUST-01155,2025-07-25,Completed,Sargodha
ORD-004306,CUST-01079,2025-07-25,Returned,Karachi
ORD-004307,CUST-01353,2025-07-25,Completed,Lahore
ORD-004308,CUST-00096,2025-07-25,Completed,Lahore
ORD-004309,CUST-01156,2025-07-25,Completed,Karachi
ORD-004310,CUST-01138,2025-07-25,Pending,Hyderabad
ORD-004311,CUST-00837,2025-07-25,Completed,Lahore
ORD-004312,CUST-01379,2025-07-25,Pending,Karachi
ORD-004313,CUST-01062,2025-07-25,Completed,Faisalabad
ORD-004314,CUST-00386,2025-07-25,Returned,Sargodha
ORD-004315,CUST-00228,2025-07-25,Completed,Karachi
ORD-004316,CUST-00784,2025-07-25,Completed,Peshawar
ORD-004317,CUST-00957,2025-07-25,Pending,Faisalabad
ORD-004318,CUST-00848,2025-07-25,Completed,Quetta
ORD-004319,CUST-01329,2025-07-25,Completed,Multan
ORD-004320,CUST-01042,2025-07-25,Completed,Lahore
ORD-004321,CUST-00333,2025-07-25,Completed,Abbottabad
ORD-004322,CUST-00284,2025-07-26,Completed,Karachi
ORD-004323,CUST-01111,2025-07-26,Completed,Karachi
ORD-004324,CUST-00964,2025-07-26,Completed,Lahore
ORD-004325,CUST-01409,2025-07-26,Completed,Islamabad
ORD-004326,CUST-00391,2025-07-26,Completed,Hyderabad
ORD-004327,CUST-01308,2025-07-26,Completed,Gujranwala
ORD-004328,CUST-01377,2025-07-26,Completed,Islamabad
ORD-004329,CUST-00704,2025-07-26,Completed,Lahore
ORD-004330,CUST-00074,2025-07-26,Completed,Abbottabad
ORD-004331,CUST-00128,2025-07-27,Completed,Sargodha
ORD-004332,CUST-00784,2025-07-27,Returned,Islamabad
ORD-004333,CUST-00276,2025-07-27,Returned,Abbottabad
ORD-004334,CUST-01450,2025-07-27,Completed,Sahiwal
ORD-004335,CUST-00575,2025-07-27,Returned,Karachi
ORD-004336,CUST-01448,2025-07-27,Completed,Karachi
ORD-004337,CUST-00681,2025-07-27,Completed,Karachi
ORD-004338,CUST-01226,2025-07-27,Completed,Lahore
ORD-004339,CUST-00847,2025-07-27,Pending,Faisalabad
ORD-004340,CUST-01444,2025-07-27,Returned,Karachi
ORD-004341,CUST-00007,2025-07-28,Completed,Lahore
ORD-004342,CUST-00758,2025-07-28,Completed,Karachi
ORD-004343,CUST-01449,2025-07-28,Returned,Karachi
ORD-004344,CUST-01131,2025-07-28,Completed,Lahore
ORD-004345,CUST-00192,2025-07-28,Completed,Mirpur Khas
ORD-004346,CUST-01239,2025-07-28,Cancelled,Lahore
ORD-004347,CUST-00518,2025-07-28,Completed,Lahore
ORD-004348,CUST-00786,2025-07-28,Returned,Islamabad
ORD-004349,CUST-00833,2025-07-28,Completed,Islamabad
ORD-004350,CUST-01075,2025-07-28,Completed,Gujranwala
ORD-004351,CUST-01314,2025-07-28,Completed,Rawalpindi
ORD-004352,CUST-01491,2025-07-28,Completed,Karachi
ORD-004353,CUST-00015,2025-07-28,Completed,Islamabad
ORD-004354,CUST-00290,2025-07-28,Pending,Sukkur
ORD-004355,CUST-01151,2025-07-28,Completed,Sargodha
ORD-004356,CUST-01181,2025-07-28,Completed,Rawalpindi
ORD-004357,CUST-01229,2025-07-28,Completed,Mirpur Khas
ORD-004358,CUST-00378,2025-07-28,Completed,Peshawar
ORD-004359,CUST-01314,2025-07-28,Completed,Rawalpindi
ORD-004360,CUST-00651,2025-07-28,Completed,Karachi
ORD-004361,CUST-00710,2025-07-28,Completed,Gwadar
ORD-004362,CUST-00543,2025-07-28,Returned,Faisalabad
ORD-004363,CUST-00989,2025-07-28,Completed,Lahore
ORD-004364,CUST-00317,2025-07-29,Completed,Gujranwala
ORD-004365,CUST-01478,2025-07-29,Completed,Sahiwal
ORD-004366,CUST-01313,2025-07-29,Completed,Lahore
ORD-004367,CUST-00607,2025-07-29,Completed,Peshawar
ORD-004368,CUST-01036,2025-07-29,Completed,Islamabad
ORD-004369,CUST-00210,2025-07-29,Completed,Multan
ORD-004370,CUST-00721,2025-07-29,Completed,Islamabad
ORD-004371,CUST-00434,2025-07-29,Completed,Lahore
ORD-004372,CUST-01030,2025-07-29,Completed,Lahore
ORD-004373,CUST-00600,2025-07-29,Completed,Sahiwal
ORD-004374,CUST-00166,2025-07-29,Completed,Lahore
ORD-004375,CUST-00775,2025-07-29,Completed,Rawalpindi
ORD-004376,CUST-00139,2025-07-29,Completed,Islamabad
ORD-004377,CUST-01486,2025-07-29,Completed,Karachi
ORD-004378,CUST-00673,2025-07-29,Completed,Karachi
ORD-004379,CUST-00840,2025-07-29,Completed,Peshawar
ORD-004380,CUST-00462,2025-07-29,Completed,Karachi
ORD-004381,CUST-00237,2025-07-29,Completed,Lahore
ORD-004382,CUST-00073,2025-07-29,Returned,Rahim Yar Khan
ORD-004383,CUST-00175,2025-07-29,Completed,Hyderabad
ORD-004384,CUST-01156,2025-07-29,Completed,Karachi
ORD-004385,CUST-01356,2025-07-29,Completed,Lahore
ORD-004386,CUST-00503,2025-07-29,Pending,Rawalpindi
ORD-004387,CUST-01379,2025-07-30,Completed,Peshawar
ORD-004388,CUST-01032,2025-07-30,Completed,Rawalpindi
ORD-004389,CUST-00512,2025-07-30,Returned,Rawalpindi
ORD-004390,CUST-01220,2025-07-30,Completed,Lahore
ORD-004391,CUST-00894,2025-07-30,Completed,Karachi
ORD-004392,CUST-00887,2025-07-30,Completed,Lahore
ORD-004393,CUST-00997,2025-07-30,Pending,Sialkot
ORD-004394,CUST-00344,2025-07-30,Completed,Islamabad
ORD-004395,CUST-00960,2025-07-30,Cancelled,Lahore
ORD-004396,CUST-00711,2025-07-30,Completed,Lahore
ORD-004397,CUST-00607,2025-07-30,Completed,Peshawar
ORD-004398,CUST-00239,2025-07-31,Completed,Lahore
ORD-004399,CUST-01235,2025-07-31,Pending,Rawalpindi
ORD-004400,CUST-01425,2025-07-31,Completed,Karachi
ORD-004401,CUST-00329,2025-07-31,Completed,Islamabad
ORD-004402,CUST-00286,2025-07-31,Completed,Karachi
ORD-004403,CUST-01490,2025-07-31,Completed,Lahore
ORD-004404,CUST-01099,2025-07-31,Completed,Karachi
ORD-004405,CUST-01020,2025-07-31,Completed,Karachi
ORD-004406,CUST-00778,2025-07-31,Pending,Rahim Yar Khan
ORD-004407,CUST-01471,2025-07-31,Completed,Sialkot
ORD-004408,CUST-00166,2025-07-31,Returned,Lahore
ORD-004409,CUST-00451,2025-07-31,Completed,Faisalabad
ORD-004410,CUST-01241,2025-07-31,Completed,Lahore
ORD-004411,CUST-00755,2025-07-31,Completed,Peshawar
ORD-004412,CUST-01265,2025-08-01,Returned,Lahore
ORD-004413,CUST-00156,2025-08-01,Completed,Abbottabad
ORD-004414,CUST-01352,2025-08-01,Returned,Karachi
ORD-004415,CUST-00784,2025-08-01,Completed,Hyderabad
ORD-004416,CUST-00005,2025-08-01,Completed,Faisalabad
ORD-004417,CUST-01330,2025-08-01,Completed,Lahore
ORD-004418,CUST-00520,2025-08-01,Returned,Quetta
ORD-004419,CUST-01051,2025-08-01,Returned,Lahore
ORD-004420,CUST-00826,2025-08-01,Completed,Islamabad
ORD-004421,CUST-01020,2025-08-01,Completed,Karachi
ORD-004422,CUST-01216,2025-08-01,Completed,Sialkot
ORD-004423,CUST-00009,2025-08-01,Returned,Peshawar
ORD-004424,CUST-00928,2025-08-01,Completed,Karachi
ORD-004425,CUST-00361,2025-08-01,Pending,Quetta
ORD-004426,CUST-00651,2025-08-02,Completed,Karachi
ORD-004427,CUST-00593,2025-08-02,Completed,Lahore
ORD-004428,CUST-00846,2025-08-02,Completed,Lahore
ORD-004429,CUST-01238,2025-08-02,Returned,Multan
ORD-004430,CUST-00896,2025-08-02,Completed,Sargodha
ORD-004431,CUST-01366,2025-08-02,Completed,Rahim Yar Khan
ORD-004432,CUST-01016,2025-08-02,Completed,Lahore
ORD-004433,CUST-01098,2025-08-02,Completed,Mardan
ORD-004434,CUST-00634,2025-08-02,Completed,Rawalpindi
ORD-004435,CUST-00094,2025-08-02,Completed,Karachi
ORD-004436,CUST-00005,2025-08-02,Completed,Faisalabad
ORD-004437,CUST-01423,2025-08-02,Returned,Karachi
ORD-004438,CUST-01136,2025-08-03,Completed,Karachi
ORD-004439,CUST-00790,2025-08-03,Completed,Multan
ORD-004440,CUST-00108,2025-08-03,Completed,Karachi
ORD-004441,CUST-01037,2025-08-03,Completed,Sialkot
ORD-004442,CUST-01346,2025-08-03,Completed,Lahore
ORD-004443,CUST-00898,2025-08-03,Completed,Rawalpindi
ORD-004444,CUST-00721,2025-08-03,Completed,Islamabad
ORD-004445,CUST-00638,2025-08-03,Pending,Lahore
ORD-004446,CUST-00917,2025-08-03,Cancelled,Lahore
ORD-004447,CUST-00995,2025-08-03,Pending,Karachi
ORD-004448,CUST-00414,2025-08-03,Pending,Lahore
ORD-004449,CUST-00743,2025-08-03,Returned,Rawalpindi
ORD-004450,CUST-01057,2025-08-03,Pending,Lahore
ORD-004451,CUST-00137,2025-08-03,Cancelled,Multan
ORD-004452,CUST-00864,2025-08-03,Completed,Lahore
ORD-004453,CUST-00181,2025-08-03,Cancelled,Islamabad
ORD-004454,CUST-00140,2025-08-03,Completed,Sahiwal
ORD-004455,CUST-01071,2025-08-04,Completed,Karachi
ORD-004456,CUST-00857,2025-08-04,Returned,Lahore
ORD-004457,CUST-01220,2025-08-04,Completed,Lahore
ORD-004458,CUST-00855,2025-08-04,Completed,Karachi
ORD-004459,CUST-01205,2025-08-04,Cancelled,Sahiwal
ORD-004460,CUST-00740,2025-08-04,Completed,Karachi
ORD-004461,CUST-00819,2025-08-04,Completed,Karachi
ORD-004462,CUST-00735,2025-08-04,Completed,Islamabad
ORD-004463,CUST-01142,2025-08-04,Completed,Karachi
ORD-004464,CUST-00695,2025-08-04,Completed,Hyderabad
ORD-004465,CUST-01342,2025-08-04,Completed,Rawalpindi
ORD-004466,CUST-00300,2025-08-04,Completed,Karachi
ORD-004467,CUST-00710,2025-08-04,Completed,Gwadar
ORD-004468,CUST-00307,2025-08-04,Completed,Multan
ORD-004469,CUST-01048,2025-08-04,Cancelled,Faisalabad
ORD-004470,CUST-00685,2025-08-04,Completed,Karachi
ORD-004471,CUST-00545,2025-08-05,Completed,Karachi
ORD-004472,CUST-00955,2025-08-05,Completed,Karachi
ORD-004473,CUST-00601,2025-08-05,Completed,Islamabad
ORD-004474,CUST-00422,2025-08-05,Completed,Sialkot
ORD-004475,CUST-01261,2025-08-05,Completed,Lahore
ORD-004476,CUST-01291,2025-08-05,Completed,Gujranwala
ORD-004477,CUST-01235,2025-08-05,Pending,Rawalpindi
ORD-004478,CUST-01094,2025-08-05,Completed,Rahim Yar Khan
ORD-004479,CUST-00253,2025-08-05,Completed,Lahore
ORD-004480,CUST-00277,2025-08-05,Completed,Lahore
ORD-004481,CUST-00407,2025-08-05,Completed,Multan
ORD-004482,CUST-01390,2025-08-05,Completed,Islamabad
ORD-004483,CUST-01286,2025-08-05,Completed,Karachi
ORD-004484,CUST-00651,2025-08-05,Completed,Karachi
ORD-004485,CUST-00778,2025-08-05,Pending,Faisalabad
ORD-004486,CUST-01063,2025-08-05,Completed,Lahore
ORD-004487,CUST-01390,2025-08-05,Completed,Islamabad
ORD-004488,CUST-01080,2025-08-05,Completed,Multan
ORD-004489,CUST-01389,2025-08-05,Completed,Lahore
ORD-004490,CUST-01413,2025-08-05,Returned,Hyderabad
ORD-004491,CUST-00612,2025-08-05,Completed,Sargodha
ORD-004492,CUST-00270,2025-08-06,Pending,Sukkur
ORD-004493,CUST-00694,2025-08-06,Pending,Mardan
ORD-004494,CUST-00759,2025-08-06,Completed,Quetta
ORD-004495,CUST-01388,2025-08-06,Completed,Bahawalpur
ORD-004496,CUST-01267,2025-08-06,Completed,Islamabad
ORD-004497,CUST-01077,2025-08-06,Completed,Hyderabad
ORD-004498,CUST-00096,2025-08-06,Completed,Islamabad
ORD-004499,CUST-00195,2025-08-06,Completed,Rawalpindi
ORD-004500,CUST-00096,2025-08-06,Completed,Faisalabad
ORD-004501,CUST-00749,2025-08-06,Completed,Karachi
ORD-004502,CUST-00582,2025-08-06,Completed,Karachi
ORD-004503,CUST-00800,2025-08-06,Pending,Lahore
ORD-004504,CUST-00958,2025-08-06,Completed,Rahim Yar Khan
ORD-004505,CUST-01274,2025-08-06,Completed,Islamabad
ORD-004506,CUST-00625,2025-08-06,Completed,Multan
ORD-004507,CUST-01128,2025-08-06,Completed,Lahore
ORD-004508,CUST-00243,2025-08-07,Cancelled,Hyderabad
ORD-004509,CUST-01046,2025-08-07,Completed,Quetta
ORD-004510,CUST-00571,2025-08-07,Completed,Sukkur
ORD-004511,CUST-00307,2025-08-07,Pending,Multan
ORD-004512,CUST-01329,2025-08-07,Completed,Multan
ORD-004513,CUST-01084,2025-08-07,Completed,Multan
ORD-004514,CUST-01267,2025-08-07,Completed,Lahore
ORD-004515,CUST-01298,2025-08-07,Completed,Multan
ORD-004516,CUST-01050,2025-08-07,Completed,Gujranwala
ORD-004517,CUST-00648,2025-08-07,Completed,Gwadar
ORD-004518,CUST-00618,2025-08-07,Completed,Faisalabad
ORD-004519,CUST-00266,2025-08-07,Completed,Faisalabad
ORD-004520,CUST-00651,2025-08-07,Completed,Karachi
ORD-004521,CUST-00955,2025-08-07,Cancelled,Karachi
ORD-004522,CUST-01037,2025-08-08,Completed,Karachi
ORD-004523,CUST-00529,2025-08-08,Completed,Peshawar
ORD-004524,CUST-00456,2025-08-08,Pending,Lahore
ORD-004525,CUST-00645,2025-08-08,Completed,Hyderabad
ORD-004526,CUST-00789,2025-08-08,Completed,Faisalabad
ORD-004527,CUST-00084,2025-08-08,Completed,Rawalpindi
ORD-004528,CUST-00423,2025-08-08,Returned,Islamabad
ORD-004529,CUST-01484,2025-08-08,Cancelled,Lahore
ORD-004530,CUST-00601,2025-08-08,Completed,Islamabad
ORD-004531,CUST-01156,2025-08-08,Completed,Lahore
ORD-004532,CUST-00480,2025-08-08,Completed,Karachi
ORD-004533,CUST-01442,2025-08-08,Pending,Gujranwala
ORD-004534,CUST-00501,2025-08-09,Completed,Karachi
ORD-004535,CUST-01098,2025-08-09,Completed,Mardan
ORD-004536,CUST-01120,2025-08-09,Completed,Lahore
ORD-004537,CUST-00331,2025-08-09,Completed,Lahore
ORD-004538,CUST-00965,2025-08-09,Pending,Multan
ORD-004539,CUST-00373,2025-08-09,Completed,Karachi
ORD-004540,CUST-00643,2025-08-09,Completed,Karachi
ORD-004541,CUST-00464,2025-08-09,Completed,Islamabad
ORD-004542,CUST-01451,2025-08-09,Completed,Lahore
ORD-004543,CUST-00724,2025-08-09,Pending,Karachi
ORD-004544,CUST-00320,2025-08-09,Completed,Karachi
ORD-004545,CUST-00879,2025-08-09,Returned,Lahore
ORD-004546,CUST-00140,2025-08-09,Completed,Sahiwal
ORD-004547,CUST-00294,2025-08-09,Completed,Peshawar
ORD-004548,CUST-00273,2025-08-09,Completed,Sialkot
ORD-004549,CUST-01318,2025-08-10,Completed,Lahore
ORD-004550,CUST-00641,2025-08-10,Completed,Karachi
ORD-004551,CUST-01084,2025-08-10,Completed,Multan
ORD-004552,CUST-01497,2025-08-10,Completed,Mirpur Khas
ORD-004553,CUST-01366,2025-08-10,Pending,Rahim Yar Khan
ORD-004554,CUST-01469,2025-08-10,Completed,Faisalabad
ORD-004555,CUST-00577,2025-08-10,Cancelled,Quetta
ORD-004556,CUST-00922,2025-08-10,Cancelled,Gujranwala
ORD-004557,CUST-00419,2025-08-10,Completed,Lahore
ORD-004558,CUST-00277,2025-08-10,Completed,Abbottabad
ORD-004559,CUST-00111,2025-08-10,Completed,Mardan
ORD-004560,CUST-00896,2025-08-11,Completed,Sargodha
ORD-004561,CUST-01416,2025-08-11,Completed,Gujranwala
ORD-004562,CUST-01046,2025-08-11,Completed,Quetta
ORD-004563,CUST-01285,2025-08-11,Completed,Rawalpindi
ORD-004564,CUST-00027,2025-08-11,Completed,Lahore
ORD-004565,CUST-00292,2025-08-11,Completed,Karachi
ORD-004566,CUST-00625,2025-08-11,Completed,Islamabad
ORD-004567,CUST-00946,2025-08-11,Completed,Peshawar
ORD-004568,CUST-00783,2025-08-11,Completed,Islamabad
ORD-004569,CUST-01316,2025-08-11,Completed,Mardan
ORD-004570,CUST-01342,2025-08-11,Completed,Rawalpindi
ORD-004571,CUST-01183,2025-08-11,Completed,Gujranwala
ORD-004572,CUST-01191,2025-08-11,Completed,Lahore
ORD-004573,CUST-00441,2025-08-11,Completed,Multan
ORD-004574,CUST-00917,2025-08-11,Completed,Lahore
ORD-004575,CUST-01474,2025-08-11,Completed,Lahore
ORD-004576,CUST-00828,2025-08-11,Pending,Lahore
ORD-004577,CUST-00288,2025-08-11,Pending,Rawalpindi
ORD-004578,CUST-00339,2025-08-11,Returned,Peshawar
ORD-004579,CUST-01194,2025-08-11,Completed,Karachi
ORD-004580,CUST-00536,2025-08-11,Returned,Rawalpindi
ORD-004581,CUST-01380,2025-08-11,Completed,Multan
ORD-004582,CUST-01237,2025-08-12,Completed,Hyderabad
ORD-004583,CUST-00641,2025-08-12,Completed,Lahore
ORD-004584,CUST-00205,2025-08-12,Completed,Sukkur
ORD-004585,CUST-00931,2025-08-12,Completed,Multan
ORD-004586,CUST-00757,2025-08-12,Completed,Islamabad
ORD-004587,CUST-00907,2025-08-12,Completed,Lahore
ORD-004588,CUST-00400,2025-08-12,Completed,Rawalpindi
ORD-004589,CUST-00681,2025-08-12,Completed,Karachi
ORD-004590,CUST-00120,2025-08-12,Completed,Sargodha
ORD-004591,CUST-01400,2025-08-12,Completed,Lahore
ORD-004592,CUST-00825,2025-08-12,Completed,Lahore
ORD-004593,CUST-00738,2025-08-12,Returned,Sargodha
ORD-004594,CUST-00599,2025-08-12,Completed,Abbottabad
ORD-004595,CUST-00192,2025-08-12,Completed,Lahore
ORD-004596,CUST-00331,2025-08-12,Completed,Lahore
ORD-004597,CUST-00218,2025-08-12,Completed,Faisalabad
ORD-004598,CUST-01136,2025-08-13,Completed,Karachi
ORD-004599,CUST-00075,2025-08-13,Completed,Islamabad
ORD-004600,CUST-01385,2025-08-13,Completed,Gwadar
ORD-004601,CUST-00920,2025-08-13,Cancelled,Faisalabad
ORD-004602,CUST-00345,2025-08-13,Completed,Rahim Yar Khan
ORD-004603,CUST-01479,2025-08-13,Completed,Multan
ORD-004604,CUST-00409,2025-08-13,Completed,Peshawar
ORD-004605,CUST-00568,2025-08-13,Completed,Lahore
ORD-004606,CUST-00828,2025-08-13,Completed,Islamabad
ORD-004607,CUST-01071,2025-08-13,Completed,Karachi
ORD-004608,CUST-01283,2025-08-13,Completed,Multan
ORD-004609,CUST-00525,2025-08-13,Completed,Sialkot
ORD-004610,CUST-00837,2025-08-13,Completed,Lahore
ORD-004611,CUST-01057,2025-08-13,Completed,Lahore
ORD-004612,CUST-00884,2025-08-13,Completed,Sahiwal
ORD-004613,CUST-00697,2025-08-13,Completed,Faisalabad
ORD-004614,CUST-01004,2025-08-13,Completed,Mirpur Khas
ORD-004615,CUST-01226,2025-08-13,Completed,Lahore
ORD-004616,CUST-00032,2025-08-13,Completed,Rawalpindi
ORD-004617,CUST-00712,2025-08-13,Completed,Gujranwala
ORD-004618,CUST-00840,2025-08-13,Completed,Peshawar
ORD-004619,CUST-00969,2025-08-13,Completed,Karachi
ORD-004620,CUST-00020,2025-08-13,Pending,Bahawalpur
ORD-004621,CUST-00611,2025-08-13,Completed,Hyderabad
ORD-004622,CUST-01165,2025-08-13,Cancelled,Rawalpindi
ORD-004623,CUST-00413,2025-08-13,Completed,Bahawalpur
ORD-004624,CUST-00977,2025-08-13,Completed,Lahore
ORD-004625,CUST-01246,2025-08-13,Completed,Karachi
ORD-004626,CUST-00133,2025-08-13,Completed,Lahore
ORD-004627,CUST-01082,2025-08-13,Completed,Multan
ORD-004628,CUST-00618,2025-08-14,Completed,Faisalabad
ORD-004629,CUST-01219,2025-08-14,Completed,Multan
ORD-004630,CUST-00474,2025-08-14,Completed,Karachi
ORD-004631,CUST-00895,2025-08-14,Cancelled,Islamabad
ORD-004632,CUST-00512,2025-08-14,Returned,Islamabad
ORD-004633,CUST-01148,2025-08-14,Completed,Islamabad
ORD-004634,CUST-00995,2025-08-15,Completed,Karachi
ORD-004635,CUST-01125,2025-08-15,Completed,Quetta
ORD-004636,CUST-00870,2025-08-15,Completed,Lahore
ORD-004637,CUST-01465,2025-08-15,Completed,Quetta
ORD-004638,CUST-00179,2025-08-15,Completed,Abbottabad
ORD-004639,CUST-00648,2025-08-15,Completed,Gwadar
ORD-004640,CUST-00028,2025-08-15,Completed,Rawalpindi
ORD-004641,CUST-00375,2025-08-15,Completed,Hyderabad
ORD-004642,CUST-00730,2025-08-15,Completed,Peshawar
ORD-004643,CUST-00495,2025-08-15,Completed,Peshawar
ORD-004644,CUST-01267,2025-08-15,Completed,Gujranwala
ORD-004645,CUST-01480,2025-08-15,Completed,Karachi
ORD-004646,CUST-00543,2025-08-15,Completed,Faisalabad
ORD-004647,CUST-00355,2025-08-15,Pending,Karachi
ORD-004648,CUST-01147,2025-08-15,Completed,Lahore
ORD-004649,CUST-01195,2025-08-15,Returned,Karachi
ORD-004650,CUST-00946,2025-08-15,Completed,Peshawar
ORD-004651,CUST-00927,2025-08-15,Completed,Rawalpindi
ORD-004652,CUST-00480,2025-08-15,Completed,Karachi
ORD-004653,CUST-00613,2025-08-15,Completed,Peshawar
ORD-004654,CUST-01328,2025-08-16,Completed,Rawalpindi
ORD-004655,CUST-00273,2025-08-16,Pending,Karachi
ORD-004656,CUST-01480,2025-08-16,Completed,Karachi
ORD-004657,CUST-00499,2025-08-16,Completed,Mardan
ORD-004658,CUST-00879,2025-08-16,Completed,Lahore
ORD-004659,CUST-01128,2025-08-16,Pending,Lahore
ORD-004660,CUST-00857,2025-08-16,Completed,Lahore
ORD-004661,CUST-00466,2025-08-16,Completed,Sialkot
ORD-004662,CUST-01150,2025-08-16,Completed,Bahawalpur
ORD-004663,CUST-00862,2025-08-16,Returned,Peshawar
ORD-004664,CUST-00073,2025-08-16,Completed,Rahim Yar Khan
ORD-004665,CUST-00114,2025-08-16,Completed,Rawalpindi
ORD-004666,CUST-00161,2025-08-16,Completed,Islamabad
ORD-004667,CUST-01256,2025-08-16,Pending,Karachi
ORD-004668,CUST-00977,2025-08-16,Completed,Karachi
ORD-004669,CUST-01155,2025-08-16,Completed,Sargodha
ORD-004670,CUST-01290,2025-08-16,Pending,Rawalpindi
ORD-004671,CUST-00142,2025-08-16,Completed,Karachi
ORD-004672,CUST-00765,2025-08-16,Completed,Rawalpindi
ORD-004673,CUST-00135,2025-08-17,Completed,Lahore
ORD-004674,CUST-00164,2025-08-17,Completed,Lahore
ORD-004675,CUST-01042,2025-08-17,Completed,Lahore
ORD-004676,CUST-00217,2025-08-17,Pending,Multan
ORD-004677,CUST-00060,2025-08-17,Completed,Karachi
ORD-004678,CUST-01427,2025-08-17,Completed,Gujranwala
ORD-004679,CUST-00976,2025-08-17,Completed,Faisalabad
ORD-004680,CUST-00501,2025-08-17,Completed,Karachi
ORD-004681,CUST-01261,2025-08-17,Completed,Lahore
ORD-004682,CUST-01243,2025-08-17,Cancelled,Quetta
ORD-004683,CUST-01128,2025-08-17,Completed,Lahore
ORD-004684,CUST-00964,2025-08-17,Returned,Abbottabad
ORD-004685,CUST-00258,2025-08-17,Completed,Karachi
ORD-004686,CUST-00575,2025-08-17,Pending,Gujranwala
ORD-004687,CUST-00728,2025-08-17,Completed,Bahawalpur
ORD-004688,CUST-01418,2025-08-18,Pending,Faisalabad
ORD-004689,CUST-01307,2025-08-18,Completed,Karachi
ORD-004690,CUST-01473,2025-08-18,Completed,Rawalpindi
ORD-004691,CUST-00477,2025-08-18,Pending,Karachi
ORD-004692,CUST-00955,2025-08-18,Completed,Karachi
ORD-004693,CUST-00563,2025-08-18,Completed,Hyderabad
ORD-004694,CUST-00706,2025-08-18,Completed,Lahore
ORD-004695,CUST-00003,2025-08-18,Returned,Sargodha
ORD-004696,CUST-00046,2025-08-18,Completed,Quetta
ORD-004697,CUST-00977,2025-08-18,Completed,Karachi
ORD-004698,CUST-00290,2025-08-18,Completed,Sukkur
ORD-004699,CUST-00944,2025-08-18,Completed,Karachi
ORD-004700,CUST-00584,2025-08-18,Completed,Sargodha
ORD-004701,CUST-00140,2025-08-18,Pending,Sahiwal
ORD-004702,CUST-00805,2025-08-18,Completed,Karachi
ORD-004703,CUST-00007,2025-08-18,Pending,Lahore
ORD-004704,CUST-00063,2025-08-18,Completed,Lahore
ORD-004705,CUST-01386,2025-08-18,Completed,Faisalabad
ORD-004706,CUST-01023,2025-08-18,Completed,Quetta
ORD-004707,CUST-00153,2025-08-18,Completed,Lahore
ORD-004708,CUST-01130,2025-08-19,Pending,Lahore
ORD-004709,CUST-01106,2025-08-19,Completed,Lahore
ORD-004710,CUST-01100,2025-08-19,Completed,Gujranwala
ORD-004711,CUST-00689,2025-08-19,Completed,Sialkot
ORD-004712,CUST-00591,2025-08-19,Completed,Quetta
ORD-004713,CUST-00071,2025-08-19,Pending,Lahore
ORD-004714,CUST-01036,2025-08-19,Completed,Karachi
ORD-004715,CUST-00151,2025-08-19,Pending,Gujranwala
ORD-004716,CUST-00329,2025-08-19,Completed,Multan
ORD-004717,CUST-00522,2025-08-19,Completed,Quetta
ORD-004718,CUST-00849,2025-08-19,Completed,Islamabad
ORD-004719,CUST-01469,2025-08-19,Completed,Faisalabad
ORD-004720,CUST-01181,2025-08-19,Completed,Rawalpindi
ORD-004721,CUST-00449,2025-08-19,Completed,Lahore
ORD-004722,CUST-00694,2025-08-19,Completed,Faisalabad
ORD-004723,CUST-00141,2025-08-19,Completed,Islamabad
ORD-004724,CUST-01290,2025-08-19,Cancelled,Rawalpindi
ORD-004725,CUST-00464,2025-08-19,Completed,Islamabad
ORD-004726,CUST-00944,2025-08-19,Completed,Lahore
ORD-004727,CUST-00654,2025-08-19,Completed,Gwadar
ORD-004728,CUST-00929,2025-08-19,Completed,Karachi
ORD-004729,CUST-00989,2025-08-20,Completed,Lahore
ORD-004730,CUST-00788,2025-08-20,Pending,Hyderabad
ORD-004731,CUST-01116,2025-08-20,Completed,Mardan
ORD-004732,CUST-00266,2025-08-20,Pending,Faisalabad
ORD-004733,CUST-01409,2025-08-20,Completed,Islamabad
ORD-004734,CUST-01385,2025-08-20,Completed,Gwadar
ORD-004735,CUST-00677,2025-08-20,Completed,Karachi
ORD-004736,CUST-00747,2025-08-20,Cancelled,Gujranwala
ORD-004737,CUST-00156,2025-08-20,Completed,Abbottabad
ORD-004738,CUST-00600,2025-08-20,Completed,Sahiwal
ORD-004739,CUST-00584,2025-08-20,Completed,Rawalpindi
ORD-004740,CUST-00022,2025-08-20,Completed,Lahore
ORD-004741,CUST-00780,2025-08-20,Cancelled,Karachi
ORD-004742,CUST-00567,2025-08-20,Completed,Lahore
ORD-004743,CUST-00635,2025-08-20,Completed,Abbottabad
ORD-004744,CUST-00782,2025-08-20,Completed,Karachi
ORD-004745,CUST-01484,2025-08-20,Completed,Rawalpindi
ORD-004746,CUST-01125,2025-08-20,Completed,Quetta
ORD-004747,CUST-00894,2025-08-20,Completed,Rawalpindi
ORD-004748,CUST-00573,2025-08-20,Completed,Karachi
ORD-004749,CUST-00734,2025-08-20,Returned,Rawalpindi
ORD-004750,CUST-00737,2025-08-20,Completed,Gwadar
ORD-004751,CUST-00117,2025-08-20,Completed,Faisalabad
ORD-004752,CUST-01375,2025-08-20,Completed,Mirpur Khas
ORD-004753,CUST-00700,2025-08-21,Completed,Lahore
ORD-004754,CUST-00961,2025-08-21,Pending,Islamabad
ORD-004755,CUST-00710,2025-08-21,Completed,Gwadar
ORD-004756,CUST-00932,2025-08-21,Completed,Karachi
ORD-004757,CUST-00458,2025-08-21,Completed,Rawalpindi
ORD-004758,CUST-00758,2025-08-21,Completed,Karachi
ORD-004759,CUST-00166,2025-08-21,Completed,Lahore
ORD-004760,CUST-01100,2025-08-21,Completed,Lahore
ORD-004761,CUST-01232,2025-08-21,Completed,Rahim Yar Khan
ORD-004762,CUST-00871,2025-08-21,Completed,Multan
ORD-004763,CUST-00524,2025-08-21,Completed,Karachi
ORD-004764,CUST-01455,2025-08-21,Completed,Islamabad
ORD-004765,CUST-00759,2025-08-21,Completed,Quetta
ORD-004766,CUST-00073,2025-08-21,Cancelled,Rahim Yar Khan
ORD-004767,CUST-00769,2025-08-21,Completed,Sargodha
ORD-004768,CUST-01108,2025-08-21,Completed,Lahore
ORD-004769,CUST-01380,2025-08-21,Pending,Multan
ORD-004770,CUST-00882,2025-08-22,Completed,Lahore
ORD-004771,CUST-01217,2025-08-22,Pending,Karachi
ORD-004772,CUST-00788,2025-08-22,Completed,Hyderabad
ORD-004773,CUST-00641,2025-08-22,Completed,Sahiwal
ORD-004774,CUST-00868,2025-08-22,Completed,Lahore
ORD-004775,CUST-00618,2025-08-22,Pending,Faisalabad
ORD-004776,CUST-00888,2025-08-22,Completed,Rawalpindi
ORD-004777,CUST-00984,2025-08-22,Returned,Karachi
ORD-004778,CUST-00303,2025-08-22,Completed,Sargodha
ORD-004779,CUST-01267,2025-08-22,Completed,Islamabad
ORD-004780,CUST-00524,2025-08-22,Completed,Karachi
ORD-004781,CUST-01239,2025-08-22,Completed,Faisalabad
ORD-004782,CUST-00819,2025-08-22,Completed,Karachi
ORD-004783,CUST-00904,2025-08-22,Completed,Faisalabad
ORD-004784,CUST-00024,2025-08-22,Returned,Rawalpindi
ORD-004785,CUST-01477,2025-08-22,Cancelled,Sialkot
ORD-004786,CUST-01478,2025-08-22,Returned,Sahiwal
ORD-004787,CUST-00915,2025-08-23,Completed,Lahore
ORD-004788,CUST-00966,2025-08-23,Completed,Karachi
ORD-004789,CUST-00228,2025-08-23,Returned,Peshawar
ORD-004790,CUST-00976,2025-08-23,Completed,Faisalabad
ORD-004791,CUST-00827,2025-08-23,Completed,Rawalpindi
ORD-004792,CUST-01499,2025-08-23,Cancelled,Peshawar
ORD-004793,CUST-01299,2025-08-23,Pending,Peshawar
ORD-004794,CUST-01222,2025-08-23,Returned,Lahore
ORD-004795,CUST-01058,2025-08-23,Completed,Lahore
ORD-004796,CUST-00927,2025-08-23,Returned,Multan
ORD-004797,CUST-01015,2025-08-23,Cancelled,Rawalpindi
ORD-004798,CUST-00027,2025-08-23,Completed,Lahore
ORD-004799,CUST-00143,2025-08-23,Completed,Faisalabad
ORD-004800,CUST-00278,2025-08-23,Completed,Karachi
ORD-004801,CUST-01225,2025-08-23,Completed,Lahore
ORD-004802,CUST-00351,2025-08-24,Completed,Gwadar
ORD-004803,CUST-00474,2025-08-24,Pending,Karachi
ORD-004804,CUST-00939,2025-08-24,Completed,Lahore
ORD-004805,CUST-00358,2025-08-24,Completed,Multan
ORD-004806,CUST-00314,2025-08-24,Completed,Hyderabad
ORD-004807,CUST-00439,2025-08-24,Completed,Karachi
ORD-004808,CUST-00741,2025-08-24,Pending,Multan
ORD-004809,CUST-00037,2025-08-24,Completed,Hyderabad
ORD-004810,CUST-00669,2025-08-24,Completed,Abbottabad
ORD-004811,CUST-01004,2025-08-24,Completed,Lahore
ORD-004812,CUST-00388,2025-08-24,Completed,Lahore
ORD-004813,CUST-00380,2025-08-24,Completed,Sialkot
ORD-004814,CUST-01102,2025-08-24,Completed,Lahore
ORD-004815,CUST-01447,2025-08-24,Completed,Karachi
ORD-004816,CUST-01184,2025-08-24,Completed,Multan
ORD-004817,CUST-00767,2025-08-24,Completed,Hyderabad
ORD-004818,CUST-01398,2025-08-25,Pending,Rawalpindi
ORD-004819,CUST-00990,2025-08-25,Completed,Gujranwala
ORD-004820,CUST-01425,2025-08-25,Completed,Karachi
ORD-004821,CUST-00995,2025-08-25,Completed,Karachi
ORD-004822,CUST-00278,2025-08-25,Completed,Karachi
ORD-004823,CUST-00876,2025-08-25,Returned,Rawalpindi
ORD-004824,CUST-00847,2025-08-25,Completed,Faisalabad
ORD-004825,CUST-00095,2025-08-25,Completed,Peshawar
ORD-004826,CUST-00842,2025-08-25,Cancelled,Rawalpindi
ORD-004827,CUST-00980,2025-08-25,Completed,Karachi
ORD-004828,CUST-00435,2025-08-25,Completed,Sahiwal
ORD-004829,CUST-00142,2025-08-25,Pending,Sialkot
ORD-004830,CUST-01099,2025-08-25,Completed,Karachi
ORD-004831,CUST-01239,2025-08-25,Completed,Islamabad
ORD-004832,CUST-00641,2025-08-25,Completed,Lahore
ORD-004833,CUST-00955,2025-08-25,Completed,Karachi
ORD-004834,CUST-00477,2025-08-25,Completed,Rawalpindi
ORD-004835,CUST-00780,2025-08-25,Completed,Faisalabad
ORD-004836,CUST-00906,2025-08-26,Completed,Gujranwala
ORD-004837,CUST-00263,2025-08-26,Completed,Abbottabad
ORD-004838,CUST-01495,2025-08-26,Completed,Faisalabad
ORD-004839,CUST-01195,2025-08-26,Returned,Karachi
ORD-004840,CUST-01296,2025-08-26,Completed,Karachi
ORD-004841,CUST-00714,2025-08-26,Completed,Islamabad
ORD-004842,CUST-01125,2025-08-26,Completed,Sargodha
ORD-004843,CUST-00219,2025-08-26,Cancelled,Karachi
ORD-004844,CUST-00219,2025-08-26,Pending,Karachi
ORD-004845,CUST-00557,2025-08-26,Pending,Gwadar
ORD-004846,CUST-00260,2025-08-26,Completed,Lahore
ORD-004847,CUST-00618,2025-08-26,Completed,Faisalabad
ORD-004848,CUST-01461,2025-08-26,Completed,Faisalabad
ORD-004849,CUST-00396,2025-08-26,Completed,Faisalabad
ORD-004850,CUST-00455,2025-08-26,Completed,Sargodha
ORD-004851,CUST-00866,2025-08-26,Completed,Faisalabad
ORD-004852,CUST-00830,2025-08-26,Completed,Karachi
ORD-004853,CUST-00239,2025-08-26,Completed,Faisalabad
ORD-004854,CUST-01300,2025-08-26,Completed,Rawalpindi
ORD-004855,CUST-00610,2025-08-26,Completed,Hyderabad
ORD-004856,CUST-00605,2025-08-27,Pending,Karachi
ORD-004857,CUST-00402,2025-08-27,Completed,Karachi
ORD-004858,CUST-01482,2025-08-27,Completed,Mardan
ORD-004859,CUST-00409,2025-08-27,Returned,Peshawar
ORD-004860,CUST-00417,2025-08-27,Completed,Mirpur Khas
ORD-004861,CUST-01202,2025-08-27,Completed,Lahore
ORD-004862,CUST-00913,2025-08-27,Completed,Lahore
ORD-004863,CUST-00131,2025-08-27,Completed,Karachi
ORD-004864,CUST-01298,2025-08-27,Completed,Islamabad
ORD-004865,CUST-00977,2025-08-27,Completed,Karachi
ORD-004866,CUST-01403,2025-08-27,Completed,Peshawar
ORD-004867,CUST-01379,2025-08-27,Completed,Karachi
ORD-004868,CUST-00843,2025-08-27,Completed,Karachi
ORD-004869,CUST-00461,2025-08-27,Cancelled,Multan
ORD-004870,CUST-00340,2025-08-27,Completed,Gwadar
ORD-004871,CUST-00994,2025-08-28,Completed,Peshawar
ORD-004872,CUST-01449,2025-08-28,Pending,Sahiwal
ORD-004873,CUST-01314,2025-08-28,Cancelled,Quetta
ORD-004874,CUST-00003,2025-08-28,Completed,Sargodha
ORD-004875,CUST-01195,2025-08-28,Pending,Karachi
ORD-004876,CUST-00159,2025-08-28,Completed,Faisalabad
ORD-004877,CUST-01099,2025-08-28,Completed,Multan
ORD-004878,CUST-00784,2025-08-28,Completed,Lahore
ORD-004879,CUST-01294,2025-08-28,Completed,Sargodha
ORD-004880,CUST-00634,2025-08-28,Completed,Rawalpindi
ORD-004881,CUST-00546,2025-08-28,Returned,Karachi
ORD-004882,CUST-00640,2025-08-28,Cancelled,Islamabad
ORD-004883,CUST-00344,2025-08-28,Completed,Faisalabad
ORD-004884,CUST-00596,2025-08-28,Cancelled,Sialkot
ORD-004885,CUST-01093,2025-08-28,Completed,Lahore
ORD-004886,CUST-00794,2025-08-28,Completed,Lahore
ORD-004887,CUST-00615,2025-08-28,Completed,Mirpur Khas
ORD-004888,CUST-01132,2025-08-28,Pending,Sialkot
ORD-004889,CUST-01275,2025-08-28,Completed,Quetta
ORD-004890,CUST-01217,2025-08-29,Completed,Karachi
ORD-004891,CUST-00684,2025-08-29,Completed,Sialkot
ORD-004892,CUST-00965,2025-08-29,Pending,Karachi
ORD-004893,CUST-00656,2025-08-29,Completed,Sialkot
ORD-004894,CUST-00159,2025-08-29,Cancelled,Faisalabad
ORD-004895,CUST-00176,2025-08-29,Completed,Lahore
ORD-004896,CUST-00439,2025-08-29,Completed,Karachi
ORD-004897,CUST-01231,2025-08-29,Completed,Bahawalpur
ORD-004898,CUST-00863,2025-08-29,Completed,Lahore
ORD-004899,CUST-01360,2025-08-29,Completed,Islamabad
ORD-004900,CUST-00508,2025-08-29,Completed,Karachi
ORD-004901,CUST-00827,2025-08-29,Completed,Rawalpindi
ORD-004902,CUST-00523,2025-08-29,Completed,Mirpur Khas
ORD-004903,CUST-01480,2025-08-29,Returned,Karachi
ORD-004904,CUST-00582,2025-08-29,Completed,Karachi
ORD-004905,CUST-00471,2025-08-29,Completed,Hyderabad
ORD-004906,CUST-00837,2025-08-29,Cancelled,Lahore
ORD-004907,CUST-00689,2025-08-30,Returned,Sialkot
ORD-004908,CUST-01065,2025-08-30,Completed,Karachi
ORD-004909,CUST-00760,2025-08-30,Completed,Rawalpindi
ORD-004910,CUST-00974,2025-08-30,Pending,Mardan
ORD-004911,CUST-00607,2025-08-30,Completed,Lahore
ORD-004912,CUST-00933,2025-08-30,Completed,Islamabad
ORD-004913,CUST-00190,2025-08-30,Completed,Lahore
ORD-004914,CUST-00142,2025-08-30,Completed,Sialkot
ORD-004915,CUST-00798,2025-08-30,Cancelled,Rawalpindi
ORD-004916,CUST-01406,2025-08-30,Completed,Peshawar
ORD-004917,CUST-00055,2025-08-30,Pending,Islamabad
ORD-004918,CUST-01473,2025-08-30,Completed,Sahiwal
ORD-004919,CUST-00879,2025-08-30,Completed,Islamabad
ORD-004920,CUST-00601,2025-08-30,Cancelled,Islamabad
ORD-004921,CUST-00743,2025-08-30,Returned,Rawalpindi
ORD-004922,CUST-00687,2025-08-30,Completed,Karachi
ORD-004923,CUST-01410,2025-08-30,Cancelled,Islamabad
ORD-004924,CUST-00069,2025-08-30,Completed,Faisalabad
ORD-004925,CUST-00027,2025-08-30,Completed,Lahore
ORD-004926,CUST-01226,2025-08-30,Completed,Multan
ORD-004927,CUST-01312,2025-08-30,Completed,Karachi
ORD-004928,CUST-00228,2025-08-30,Pending,Peshawar
ORD-004929,CUST-00870,2025-08-31,Completed,Lahore
ORD-004930,CUST-01490,2025-08-31,Completed,Lahore
ORD-004931,CUST-01291,2025-08-31,Completed,Faisalabad
ORD-004932,CUST-01062,2025-08-31,Completed,Lahore
ORD-004933,CUST-00648,2025-08-31,Returned,Lahore
ORD-004934,CUST-00055,2025-08-31,Completed,Lahore
ORD-004935,CUST-01299,2025-08-31,Pending,Quetta
ORD-004936,CUST-01300,2025-08-31,Completed,Rawalpindi
ORD-004937,CUST-00392,2025-08-31,Completed,Lahore
ORD-004938,CUST-01368,2025-08-31,Pending,Lahore
ORD-004939,CUST-00672,2025-08-31,Completed,Islamabad
ORD-004940,CUST-00216,2025-08-31,Pending,Karachi
ORD-004941,CUST-01145,2025-09-01,Returned,Karachi
ORD-004942,CUST-00002,2025-09-01,Completed,Islamabad
ORD-004943,CUST-00242,2025-09-01,Completed,Sialkot
ORD-004944,CUST-00139,2025-09-01,Completed,Islamabad
ORD-004945,CUST-00947,2025-09-01,Cancelled,Karachi
ORD-004946,CUST-00064,2025-09-01,Completed,Karachi
ORD-004947,CUST-00278,2025-09-01,Completed,Karachi
ORD-004948,CUST-01349,2025-09-01,Completed,Multan
ORD-004949,CUST-00578,2025-09-01,Completed,Rawalpindi
ORD-004950,CUST-01200,2025-09-01,Completed,Lahore
ORD-004951,CUST-00454,2025-09-01,Returned,Abbottabad
ORD-004952,CUST-00690,2025-09-01,Completed,Rawalpindi
ORD-004953,CUST-01314,2025-09-01,Pending,Rawalpindi
ORD-004954,CUST-01280,2025-09-01,Returned,Rawalpindi
ORD-004955,CUST-00737,2025-09-01,Completed,Karachi
ORD-004956,CUST-01461,2025-09-01,Completed,Faisalabad
ORD-004957,CUST-00999,2025-09-01,Completed,Lahore
ORD-004958,CUST-01058,2025-09-02,Completed,Lahore
ORD-004959,CUST-01125,2025-09-02,Completed,Quetta
ORD-004960,CUST-00499,2025-09-02,Completed,Mardan
ORD-004961,CUST-00498,2025-09-02,Cancelled,Karachi
ORD-004962,CUST-00869,2025-09-02,Completed,Karachi
ORD-004963,CUST-01356,2025-09-02,Completed,Lahore
ORD-004964,CUST-00976,2025-09-02,Completed,Faisalabad
ORD-004965,CUST-00386,2025-09-02,Cancelled,Sargodha
ORD-004966,CUST-00403,2025-09-02,Completed,Rawalpindi
ORD-004967,CUST-00652,2025-09-02,Pending,Karachi
ORD-004968,CUST-01129,2025-09-02,Cancelled,Rawalpindi
ORD-004969,CUST-01097,2025-09-02,Completed,Sukkur
ORD-004970,CUST-01299,2025-09-02,Completed,Quetta
ORD-004971,CUST-00307,2025-09-02,Completed,Multan
ORD-004972,CUST-00963,2025-09-02,Completed,Lahore
ORD-004973,CUST-00734,2025-09-02,Completed,Lahore
ORD-004974,CUST-00183,2025-09-02,Completed,Karachi
ORD-004975,CUST-00795,2025-09-03,Completed,Sargodha
ORD-004976,CUST-00989,2025-09-03,Completed,Lahore
ORD-004977,CUST-00624,2025-09-03,Completed,Sialkot
ORD-004978,CUST-00595,2025-09-03,Completed,Karachi
ORD-004979,CUST-00316,2025-09-03,Completed,Karachi
ORD-004980,CUST-01316,2025-09-03,Completed,Mardan
ORD-004981,CUST-01395,2025-09-03,Completed,Islamabad
ORD-004982,CUST-01402,2025-09-03,Completed,Rawalpindi
ORD-004983,CUST-00702,2025-09-03,Completed,Bahawalpur
ORD-004984,CUST-00294,2025-09-03,Completed,Lahore
ORD-004985,CUST-01290,2025-09-03,Completed,Faisalabad
ORD-004986,CUST-00767,2025-09-03,Completed,Hyderabad
ORD-004987,CUST-00867,2025-09-03,Completed,Lahore
ORD-004988,CUST-00983,2025-09-03,Completed,Gujranwala
ORD-004989,CUST-00982,2025-09-03,Completed,Karachi
ORD-004990,CUST-00464,2025-09-03,Completed,Lahore
ORD-004991,CUST-01058,2025-09-04,Cancelled,Faisalabad
ORD-004992,CUST-01168,2025-09-04,Completed,Gujranwala
ORD-004993,CUST-01448,2025-09-04,Returned,Sukkur
ORD-004994,CUST-00244,2025-09-04,Completed,Rawalpindi
ORD-004995,CUST-01479,2025-09-04,Cancelled,Multan
ORD-004996,CUST-00051,2025-09-04,Completed,Islamabad
ORD-004997,CUST-01346,2025-09-04,Completed,Karachi
ORD-004998,CUST-00263,2025-09-04,Pending,Abbottabad
ORD-004999,CUST-00256,2025-09-04,Completed,Karachi
ORD-005000,CUST-00970,2025-09-04,Completed,Lahore
ORD-005001,CUST-00936,2025-09-04,Cancelled,Gujranwala
ORD-005002,CUST-00501,2025-09-04,Completed,Karachi
ORD-005003,CUST-00936,2025-09-04,Completed,Gujranwala
ORD-005004,CUST-00056,2025-09-04,Completed,Karachi
ORD-005005,CUST-01128,2025-09-04,Completed,Lahore
ORD-005006,CUST-01179,2025-09-05,Completed,Rawalpindi
ORD-005007,CUST-01049,2025-09-05,Completed,Multan
ORD-005008,CUST-00766,2025-09-05,Completed,Lahore
ORD-005009,CUST-00876,2025-09-05,Completed,Lahore
ORD-005010,CUST-00857,2025-09-05,Completed,Karachi
ORD-005011,CUST-01334,2025-09-05,Completed,Lahore
ORD-005012,CUST-00617,2025-09-05,Returned,Lahore
ORD-005013,CUST-01034,2025-09-05,Completed,Sialkot
ORD-005014,CUST-00760,2025-09-05,Completed,Rawalpindi
ORD-005015,CUST-00184,2025-09-05,Completed,Rawalpindi
ORD-005016,CUST-00242,2025-09-05,Completed,Sialkot
ORD-005017,CUST-01014,2025-09-05,Completed,Sargodha
ORD-005018,CUST-00461,2025-09-05,Completed,Multan
ORD-005019,CUST-00721,2025-09-06,Completed,Islamabad
ORD-005020,CUST-01275,2025-09-06,Returned,Sargodha
ORD-005021,CUST-01063,2025-09-06,Completed,Lahore
ORD-005022,CUST-00994,2025-09-06,Completed,Peshawar
ORD-005023,CUST-00926,2025-09-06,Completed,Karachi
ORD-005024,CUST-00459,2025-09-06,Pending,Lahore
ORD-005025,CUST-00258,2025-09-06,Returned,Faisalabad
ORD-005026,CUST-01379,2025-09-06,Completed,Karachi
ORD-005027,CUST-00340,2025-09-06,Completed,Gwadar
ORD-005028,CUST-00428,2025-09-06,Cancelled,Lahore
ORD-005029,CUST-00024,2025-09-06,Completed,Hyderabad
ORD-005030,CUST-00584,2025-09-06,Completed,Islamabad
ORD-005031,CUST-01006,2025-09-06,Completed,Lahore
ORD-005032,CUST-00731,2025-09-06,Completed,Rawalpindi
ORD-005033,CUST-00007,2025-09-06,Returned,Gujranwala
ORD-005034,CUST-00569,2025-09-06,Completed,Lahore
ORD-005035,CUST-01452,2025-09-06,Completed,Rawalpindi
ORD-005036,CUST-01484,2025-09-06,Completed,Lahore
ORD-005037,CUST-01269,2025-09-06,Completed,Lahore
ORD-005038,CUST-01356,2025-09-07,Completed,Lahore
ORD-005039,CUST-00742,2025-09-07,Pending,Rahim Yar Khan
ORD-005040,CUST-00226,2025-09-07,Completed,Islamabad
ORD-005041,CUST-00605,2025-09-07,Returned,Lahore
ORD-005042,CUST-01168,2025-09-07,Pending,Gujranwala
ORD-005043,CUST-01005,2025-09-07,Cancelled,Hyderabad
ORD-005044,CUST-01367,2025-09-07,Cancelled,Lahore
ORD-005045,CUST-01174,2025-09-07,Completed,Gujranwala
ORD-005046,CUST-00379,2025-09-07,Completed,Rawalpindi
ORD-005047,CUST-01437,2025-09-07,Completed,Karachi
ORD-005048,CUST-00633,2025-09-07,Completed,Islamabad
ORD-005049,CUST-00613,2025-09-08,Completed,Peshawar
ORD-005050,CUST-01356,2025-09-08,Pending,Lahore
ORD-005051,CUST-01291,2025-09-08,Completed,Faisalabad
ORD-005052,CUST-00615,2025-09-08,Completed,Mirpur Khas
ORD-005053,CUST-00346,2025-09-08,Completed,Karachi
ORD-005054,CUST-00475,2025-09-08,Cancelled,Bahawalpur
ORD-005055,CUST-00786,2025-09-08,Completed,Islamabad
ORD-005056,CUST-00059,2025-09-08,Cancelled,Rawalpindi
ORD-005057,CUST-00270,2025-09-08,Completed,Sukkur
ORD-005058,CUST-00668,2025-09-08,Completed,Karachi
ORD-005059,CUST-00826,2025-09-08,Completed,Islamabad
ORD-005060,CUST-01100,2025-09-08,Completed,Rawalpindi
ORD-005061,CUST-00747,2025-09-08,Pending,Gujranwala
ORD-005062,CUST-00933,2025-09-08,Cancelled,Islamabad
ORD-005063,CUST-01338,2025-09-08,Cancelled,Karachi
ORD-005064,CUST-00116,2025-09-08,Completed,Karachi
ORD-005065,CUST-01187,2025-09-09,Completed,Multan
ORD-005066,CUST-01220,2025-09-09,Completed,Lahore
ORD-005067,CUST-00131,2025-09-09,Completed,Karachi
ORD-005068,CUST-00450,2025-09-09,Completed,Bahawalpur
ORD-005069,CUST-00451,2025-09-09,Completed,Faisalabad
ORD-005070,CUST-00540,2025-09-09,Completed,Mardan
ORD-005071,CUST-00643,2025-09-09,Completed,Rawalpindi
ORD-005072,CUST-00829,2025-09-09,Completed,Lahore
ORD-005073,CUST-00329,2025-09-09,Completed,Multan
ORD-005074,CUST-01040,2025-09-09,Completed,Quetta
ORD-005075,CUST-01257,2025-09-09,Completed,Lahore
ORD-005076,CUST-00931,2025-09-09,Completed,Peshawar
ORD-005077,CUST-00462,2025-09-09,Completed,Karachi
ORD-005078,CUST-00190,2025-09-09,Returned,Gujranwala
ORD-005079,CUST-01300,2025-09-09,Completed,Rawalpindi
ORD-005080,CUST-01440,2025-09-09,Completed,Lahore
ORD-005081,CUST-01347,2025-09-09,Completed,Peshawar
ORD-005082,CUST-01205,2025-09-10,Completed,Rawalpindi
ORD-005083,CUST-01261,2025-09-10,Cancelled,Lahore
ORD-005084,CUST-00134,2025-09-10,Completed,Karachi
ORD-005085,CUST-00132,2025-09-10,Completed,Rawalpindi
ORD-005086,CUST-00032,2025-09-10,Completed,Rawalpindi
ORD-005087,CUST-01486,2025-09-10,Completed,Karachi
ORD-005088,CUST-01386,2025-09-10,Pending,Faisalabad
ORD-005089,CUST-00924,2025-09-10,Pending,Peshawar
ORD-005090,CUST-01225,2025-09-10,Completed,Lahore
ORD-005091,CUST-00700,2025-09-10,Completed,Karachi
ORD-005092,CUST-00553,2025-09-10,Completed,Faisalabad
ORD-005093,CUST-00292,2025-09-10,Completed,Faisalabad
ORD-005094,CUST-00272,2025-09-10,Completed,Quetta
ORD-005095,CUST-00981,2025-09-10,Pending,Faisalabad
ORD-005096,CUST-00257,2025-09-10,Completed,Multan
ORD-005097,CUST-01319,2025-09-10,Completed,Rawalpindi
ORD-005098,CUST-00256,2025-09-10,Completed,Karachi
ORD-005099,CUST-00741,2025-09-10,Completed,Karachi
ORD-005100,CUST-00024,2025-09-11,Completed,Rawalpindi
ORD-005101,CUST-01413,2025-09-11,Returned,Hyderabad
ORD-005102,CUST-00131,2025-09-11,Completed,Karachi
ORD-005103,CUST-00069,2025-09-11,Completed,Faisalabad
ORD-005104,CUST-01314,2025-09-11,Completed,Rawalpindi
ORD-005105,CUST-00290,2025-09-11,Completed,Sukkur
ORD-005106,CUST-00344,2025-09-11,Returned,Islamabad
ORD-005107,CUST-00227,2025-09-11,Completed,Faisalabad
ORD-005108,CUST-01036,2025-09-11,Completed,Karachi
ORD-005109,CUST-00355,2025-09-11,Cancelled,Karachi
ORD-005110,CUST-01317,2025-09-11,Returned,Lahore
ORD-005111,CUST-01098,2025-09-11,Completed,Mardan
ORD-005112,CUST-00260,2025-09-11,Completed,Lahore
ORD-005113,CUST-00946,2025-09-11,Completed,Peshawar
ORD-005114,CUST-00828,2025-09-11,Completed,Gwadar
ORD-005115,CUST-00518,2025-09-11,Completed,Lahore
ORD-005116,CUST-01176,2025-09-11,Completed,Faisalabad
ORD-005117,CUST-00290,2025-09-12,Pending,Sukkur
ORD-005118,CUST-00811,2025-09-12,Completed,Gwadar
ORD-005119,CUST-00784,2025-09-12,Cancelled,Hyderabad
ORD-005120,CUST-00723,2025-09-12,Cancelled,Peshawar
ORD-005121,CUST-00774,2025-09-12,Completed,Peshawar
ORD-005122,CUST-01406,2025-09-12,Pending,Hyderabad
ORD-005123,CUST-01211,2025-09-12,Completed,Quetta
ORD-005124,CUST-00753,2025-09-12,Completed,Karachi
ORD-005125,CUST-01131,2025-09-12,Pending,Lahore
ORD-005126,CUST-00839,2025-09-12,Completed,Faisalabad
ORD-005127,CUST-01303,2025-09-12,Completed,Rawalpindi
ORD-005128,CUST-00425,2025-09-12,Returned,Gujranwala
ORD-005129,CUST-00375,2025-09-12,Pending,Faisalabad
ORD-005130,CUST-01078,2025-09-12,Completed,Bahawalpur
ORD-005131,CUST-01110,2025-09-12,Completed,Faisalabad
ORD-005132,CUST-00253,2025-09-12,Completed,Lahore
ORD-005133,CUST-00614,2025-09-12,Completed,Bahawalpur
ORD-005134,CUST-01086,2025-09-13,Completed,Lahore
ORD-005135,CUST-00589,2025-09-13,Completed,Islamabad
ORD-005136,CUST-01233,2025-09-13,Completed,Hyderabad
ORD-005137,CUST-00591,2025-09-13,Returned,Quetta
ORD-005138,CUST-00442,2025-09-13,Completed,Lahore
ORD-005139,CUST-00612,2025-09-13,Completed,Sargodha
ORD-005140,CUST-00653,2025-09-13,Completed,Karachi
ORD-005141,CUST-01485,2025-09-13,Completed,Gujranwala
ORD-005142,CUST-01453,2025-09-13,Completed,Quetta
ORD-005143,CUST-00843,2025-09-13,Completed,Sialkot
ORD-005144,CUST-00290,2025-09-13,Pending,Sukkur
ORD-005145,CUST-00097,2025-09-13,Completed,Lahore
ORD-005146,CUST-01341,2025-09-13,Completed,Karachi
ORD-005147,CUST-01415,2025-09-13,Returned,Islamabad
ORD-005148,CUST-00793,2025-09-13,Completed,Peshawar
ORD-005149,CUST-00994,2025-09-13,Pending,Peshawar
ORD-005150,CUST-01155,2025-09-13,Completed,Sargodha
ORD-005151,CUST-01125,2025-09-13,Completed,Quetta
ORD-005152,CUST-01477,2025-09-14,Completed,Sahiwal
ORD-005153,CUST-01163,2025-09-14,Completed,Lahore
ORD-005154,CUST-00422,2025-09-14,Pending,Sialkot
ORD-005155,CUST-00248,2025-09-14,Completed,Lahore
ORD-005156,CUST-00656,2025-09-14,Pending,Sialkot
ORD-005157,CUST-00628,2025-09-14,Completed,Gujranwala
ORD-005158,CUST-00503,2025-09-14,Completed,Rawalpindi
ORD-005159,CUST-00747,2025-09-14,Returned,Gujranwala
ORD-005160,CUST-00946,2025-09-14,Completed,Peshawar
ORD-005161,CUST-00825,2025-09-15,Pending,Faisalabad
ORD-005162,CUST-00938,2025-09-15,Completed,Karachi
ORD-005163,CUST-01079,2025-09-15,Completed,Karachi
ORD-005164,CUST-00508,2025-09-15,Completed,Karachi
ORD-005165,CUST-01268,2025-09-15,Completed,Multan
ORD-005166,CUST-01072,2025-09-15,Completed,Karachi
ORD-005167,CUST-00146,2025-09-15,Returned,Multan
ORD-005168,CUST-00366,2025-09-15,Completed,Lahore
ORD-005169,CUST-00076,2025-09-15,Completed,Gujranwala
ORD-005170,CUST-01441,2025-09-15,Completed,Bahawalpur
ORD-005171,CUST-00154,2025-09-15,Completed,Faisalabad
ORD-005172,CUST-01000,2025-09-15,Completed,Karachi
ORD-005173,CUST-01492,2025-09-15,Completed,Karachi
ORD-005174,CUST-00633,2025-09-15,Completed,Islamabad
ORD-005175,CUST-00995,2025-09-15,Completed,Karachi
ORD-005176,CUST-00182,2025-09-15,Completed,Islamabad
ORD-005177,CUST-01485,2025-09-15,Completed,Bahawalpur
ORD-005178,CUST-00995,2025-09-15,Pending,Karachi
ORD-005179,CUST-01105,2025-09-15,Pending,Faisalabad
ORD-005180,CUST-00843,2025-09-15,Completed,Sialkot
ORD-005181,CUST-00261,2025-09-15,Completed,Rawalpindi
ORD-005182,CUST-00821,2025-09-15,Completed,Islamabad
ORD-005183,CUST-00321,2025-09-15,Completed,Sialkot
ORD-005184,CUST-00281,2025-09-16,Cancelled,Sukkur
ORD-005185,CUST-00524,2025-09-16,Completed,Karachi
ORD-005186,CUST-01378,2025-09-16,Cancelled,Karachi
ORD-005187,CUST-00752,2025-09-16,Completed,Rawalpindi
ORD-005188,CUST-01270,2025-09-16,Completed,Gwadar
ORD-005189,CUST-00856,2025-09-16,Completed,Karachi
ORD-005190,CUST-00708,2025-09-16,Returned,Lahore
ORD-005191,CUST-00290,2025-09-16,Completed,Sukkur
ORD-005192,CUST-00782,2025-09-16,Completed,Karachi
ORD-005193,CUST-00522,2025-09-16,Cancelled,Quetta
ORD-005194,CUST-00673,2025-09-16,Completed,Karachi
ORD-005195,CUST-00656,2025-09-16,Returned,Sialkot
ORD-005196,CUST-01424,2025-09-16,Completed,Lahore
ORD-005197,CUST-00331,2025-09-16,Completed,Sialkot
ORD-005198,CUST-00276,2025-09-16,Completed,Lahore
ORD-005199,CUST-00773,2025-09-16,Completed,Lahore
ORD-005200,CUST-00827,2025-09-16,Completed,Rawalpindi
ORD-005201,CUST-01350,2025-09-16,Completed,Quetta
ORD-005202,CUST-01259,2025-09-16,Completed,Rawalpindi
ORD-005203,CUST-00761,2025-09-16,Completed,Karachi
ORD-005204,CUST-00200,2025-09-16,Completed,Faisalabad
ORD-005205,CUST-00867,2025-09-16,Returned,Lahore
ORD-005206,CUST-00327,2025-09-16,Completed,Faisalabad
ORD-005207,CUST-00842,2025-09-16,Completed,Rawalpindi
ORD-005208,CUST-00651,2025-09-16,Completed,Karachi
ORD-005209,CUST-01327,2025-09-16,Completed,Abbottabad
ORD-005210,CUST-00999,2025-09-16,Completed,Rahim Yar Khan
ORD-005211,CUST-01237,2025-09-16,Completed,Hyderabad
ORD-005212,CUST-01120,2025-09-16,Completed,Sukkur
ORD-005213,CUST-00099,2025-09-16,Completed,Sukkur
ORD-005214,CUST-00812,2025-09-16,Completed,Abbottabad
ORD-005215,CUST-01117,2025-09-16,Pending,Islamabad
ORD-005216,CUST-00782,2025-09-16,Completed,Karachi
ORD-005217,CUST-01111,2025-09-17,Completed,Karachi
ORD-005218,CUST-00791,2025-09-17,Completed,Rawalpindi
ORD-005219,CUST-00355,2025-09-17,Returned,Karachi
ORD-005220,CUST-00420,2025-09-17,Completed,Karachi
ORD-005221,CUST-01253,2025-09-17,Completed,Rawalpindi
ORD-005222,CUST-00889,2025-09-17,Completed,Faisalabad
ORD-005223,CUST-01006,2025-09-17,Completed,Faisalabad
ORD-005224,CUST-01270,2025-09-17,Completed,Lahore
ORD-005225,CUST-00780,2025-09-17,Completed,Faisalabad
ORD-005226,CUST-00634,2025-09-17,Completed,Rawalpindi
ORD-005227,CUST-00386,2025-09-18,Completed,Sargodha
ORD-005228,CUST-00503,2025-09-18,Returned,Rawalpindi
ORD-005229,CUST-01204,2025-09-18,Completed,Rahim Yar Khan
ORD-005230,CUST-00898,2025-09-18,Completed,Karachi
ORD-005231,CUST-00049,2025-09-18,Completed,Lahore
ORD-005232,CUST-00946,2025-09-18,Completed,Peshawar
ORD-005233,CUST-00742,2025-09-18,Completed,Karachi
ORD-005234,CUST-00830,2025-09-18,Completed,Karachi
ORD-005235,CUST-00526,2025-09-18,Completed,Lahore
ORD-005236,CUST-01033,2025-09-18,Pending,Faisalabad
ORD-005237,CUST-01274,2025-09-18,Completed,Islamabad
ORD-005238,CUST-00094,2025-09-18,Completed,Karachi
ORD-005239,CUST-00793,2025-09-18,Completed,Peshawar
ORD-005240,CUST-00480,2025-09-19,Completed,Karachi
ORD-005241,CUST-01040,2025-09-19,Completed,Quetta
ORD-005242,CUST-00265,2025-09-19,Pending,Multan
ORD-005243,CUST-00346,2025-09-19,Cancelled,Peshawar
ORD-005244,CUST-00702,2025-09-19,Completed,Bahawalpur
ORD-005245,CUST-00747,2025-09-19,Completed,Gujranwala
ORD-005246,CUST-00601,2025-09-19,Completed,Islamabad
ORD-005247,CUST-01461,2025-09-19,Cancelled,Faisalabad
ORD-005248,CUST-00999,2025-09-19,Returned,Rahim Yar Khan
ORD-005249,CUST-00330,2025-09-19,Completed,Rawalpindi
ORD-005250,CUST-00487,2025-09-19,Completed,Faisalabad
ORD-005251,CUST-01084,2025-09-19,Pending,Multan
ORD-005252,CUST-01500,2025-09-19,Pending,Rawalpindi
ORD-005253,CUST-00812,2025-09-19,Completed,Abbottabad
ORD-005254,CUST-01168,2025-09-19,Completed,Gujranwala
ORD-005255,CUST-00210,2025-09-19,Completed,Quetta
ORD-005256,CUST-00900,2025-09-19,Returned,Gujranwala
ORD-005257,CUST-00807,2025-09-19,Completed,Sukkur
ORD-005258,CUST-01312,2025-09-19,Completed,Rawalpindi
ORD-005259,CUST-01150,2025-09-19,Completed,Bahawalpur
ORD-005260,CUST-00254,2025-09-20,Completed,Karachi
ORD-005261,CUST-01409,2025-09-20,Completed,Islamabad
ORD-005262,CUST-01350,2025-09-20,Completed,Quetta
ORD-005263,CUST-00211,2025-09-20,Completed,Lahore
ORD-005264,CUST-00824,2025-09-20,Cancelled,Karachi
ORD-005265,CUST-01247,2025-09-20,Completed,Islamabad
ORD-005266,CUST-00867,2025-09-20,Completed,Karachi
ORD-005267,CUST-01049,2025-09-20,Completed,Gujranwala
ORD-005268,CUST-01207,2025-09-20,Completed,Karachi
ORD-005269,CUST-00239,2025-09-20,Cancelled,Faisalabad
ORD-005270,CUST-00875,2025-09-20,Pending,Rahim Yar Khan
ORD-005271,CUST-00876,2025-09-20,Completed,Faisalabad
ORD-005272,CUST-01436,2025-09-20,Completed,Quetta
ORD-005273,CUST-00278,2025-09-20,Completed,Karachi
ORD-005274,CUST-00495,2025-09-20,Completed,Peshawar
ORD-005275,CUST-00738,2025-09-20,Pending,Lahore
ORD-005276,CUST-00926,2025-09-21,Completed,Karachi
ORD-005277,CUST-00332,2025-09-21,Completed,Lahore
ORD-005278,CUST-01280,2025-09-21,Completed,Rawalpindi
ORD-005279,CUST-00873,2025-09-21,Cancelled,Faisalabad
ORD-005280,CUST-01451,2025-09-21,Completed,Lahore
ORD-005281,CUST-00660,2025-09-21,Completed,Islamabad
ORD-005282,CUST-00306,2025-09-21,Completed,Sukkur
ORD-005283,CUST-00033,2025-09-22,Completed,Karachi
ORD-005284,CUST-00097,2025-09-22,Completed,Lahore
ORD-005285,CUST-00778,2025-09-22,Pending,Faisalabad
ORD-005286,CUST-00117,2025-09-22,Completed,Faisalabad
ORD-005287,CUST-01282,2025-09-22,Pending,Islamabad
ORD-005288,CUST-01499,2025-09-22,Completed,Peshawar
ORD-005289,CUST-00891,2025-09-22,Completed,Hyderabad
ORD-005290,CUST-00436,2025-09-22,Completed,Peshawar
ORD-005291,CUST-00774,2025-09-22,Completed,Peshawar
ORD-005292,CUST-00444,2025-09-22,Returned,Karachi
ORD-005293,CUST-00210,2025-09-22,Completed,Multan
ORD-005294,CUST-01330,2025-09-22,Cancelled,Lahore
ORD-005295,CUST-00999,2025-09-22,Completed,Rahim Yar Khan
ORD-005296,CUST-01038,2025-09-22,Completed,Faisalabad
ORD-005297,CUST-00867,2025-09-22,Completed,Lahore
ORD-005298,CUST-00216,2025-09-22,Completed,Lahore
ORD-005299,CUST-00009,2025-09-22,Pending,Peshawar
ORD-005300,CUST-01060,2025-09-22,Pending,Sialkot
ORD-005301,CUST-00574,2025-09-23,Completed,Hyderabad
ORD-005302,CUST-00700,2025-09-23,Completed,Karachi
ORD-005303,CUST-00909,2025-09-23,Completed,Lahore
ORD-005304,CUST-00271,2025-09-23,Completed,Rawalpindi
ORD-005305,CUST-00856,2025-09-23,Pending,Lahore
ORD-005306,CUST-00586,2025-09-23,Completed,Sargodha
ORD-005307,CUST-00616,2025-09-23,Completed,Islamabad
ORD-005308,CUST-00752,2025-09-23,Completed,Rawalpindi
ORD-005309,CUST-00254,2025-09-23,Completed,Karachi
ORD-005310,CUST-00500,2025-09-23,Completed,Lahore
ORD-005311,CUST-00632,2025-09-23,Cancelled,Hyderabad
ORD-005312,CUST-00334,2025-09-23,Returned,Karachi
ORD-005313,CUST-01170,2025-09-23,Completed,Mirpur Khas
ORD-005314,CUST-00342,2025-09-23,Completed,Sialkot
ORD-005315,CUST-00359,2025-09-23,Completed,Rawalpindi
ORD-005316,CUST-00463,2025-09-23,Completed,Lahore
ORD-005317,CUST-00840,2025-09-23,Completed,Peshawar
ORD-005318,CUST-01220,2025-09-23,Completed,Lahore
ORD-005319,CUST-00685,2025-09-23,Completed,Karachi
ORD-005320,CUST-00824,2025-09-23,Completed,Karachi
ORD-005321,CUST-01227,2025-09-23,Completed,Gwadar
ORD-005322,CUST-00279,2025-09-23,Completed,Rawalpindi
ORD-005323,CUST-00279,2025-09-23,Completed,Rawalpindi
ORD-005324,CUST-00543,2025-09-24,Cancelled,Faisalabad
ORD-005325,CUST-01127,2025-09-24,Pending,Lahore
ORD-005326,CUST-00289,2025-09-24,Completed,Lahore
ORD-005327,CUST-01146,2025-09-24,Completed,Lahore
ORD-005328,CUST-01181,2025-09-24,Completed,Rawalpindi
ORD-005329,CUST-00536,2025-09-24,Completed,Rawalpindi
ORD-005330,CUST-00759,2025-09-24,Completed,Quetta
ORD-005331,CUST-00433,2025-09-24,Completed,Lahore
ORD-005332,CUST-00729,2025-09-24,Completed,Lahore
ORD-005333,CUST-00632,2025-09-24,Completed,Hyderabad
ORD-005334,CUST-00073,2025-09-24,Cancelled,Rahim Yar Khan
ORD-005335,CUST-00152,2025-09-24,Completed,Hyderabad
ORD-005336,CUST-01032,2025-09-24,Completed,Rawalpindi
ORD-005337,CUST-00284,2025-09-24,Completed,Karachi
ORD-005338,CUST-01074,2025-09-24,Completed,Lahore
ORD-005339,CUST-00724,2025-09-24,Returned,Karachi
ORD-005340,CUST-00959,2025-09-24,Completed,Rawalpindi
ORD-005341,CUST-00960,2025-09-24,Completed,Gujranwala
ORD-005342,CUST-00459,2025-09-24,Completed,Lahore
ORD-005343,CUST-00675,2025-09-24,Completed,Islamabad
ORD-005344,CUST-00902,2025-09-24,Completed,Lahore
ORD-005345,CUST-01485,2025-09-24,Completed,Bahawalpur
ORD-005346,CUST-01423,2025-09-24,Completed,Karachi
ORD-005347,CUST-00087,2025-09-24,Completed,Lahore
ORD-005348,CUST-01193,2025-09-25,Cancelled,Lahore
ORD-005349,CUST-00004,2025-09-25,Completed,Sargodha
ORD-005350,CUST-00967,2025-09-25,Pending,Sargodha
ORD-005351,CUST-00037,2025-09-25,Completed,Gujranwala
ORD-005352,CUST-01391,2025-09-25,Completed,Lahore
ORD-005353,CUST-01320,2025-09-25,Completed,Karachi
ORD-005354,CUST-00734,2025-09-25,Completed,Lahore
ORD-005355,CUST-01285,2025-09-25,Completed,Islamabad
ORD-005356,CUST-00607,2025-09-25,Completed,Peshawar
ORD-005357,CUST-01176,2025-09-25,Completed,Faisalabad
ORD-005358,CUST-01110,2025-09-25,Completed,Faisalabad
ORD-005359,CUST-00441,2025-09-25,Pending,Multan
ORD-005360,CUST-01128,2025-09-25,Completed,Lahore
ORD-005361,CUST-00263,2025-09-25,Returned,Abbottabad
ORD-005362,CUST-00669,2025-09-25,Completed,Abbottabad
ORD-005363,CUST-01485,2025-09-25,Completed,Bahawalpur
ORD-005364,CUST-00977,2025-09-25,Cancelled,Karachi
ORD-005365,CUST-00780,2025-09-25,Completed,Faisalabad
ORD-005366,CUST-01181,2025-09-26,Cancelled,Rawalpindi
ORD-005367,CUST-00203,2025-09-26,Completed,Karachi
ORD-005368,CUST-01478,2025-09-26,Completed,Sahiwal
ORD-005369,CUST-01083,2025-09-26,Pending,Rawalpindi
ORD-005370,CUST-01156,2025-09-26,Returned,Lahore
ORD-005371,CUST-00479,2025-09-26,Completed,Rahim Yar Khan
ORD-005372,CUST-00060,2025-09-26,Completed,Karachi
ORD-005373,CUST-01103,2025-09-26,Completed,Karachi
ORD-005374,CUST-00464,2025-09-26,Completed,Islamabad
ORD-005375,CUST-00529,2025-09-26,Completed,Peshawar
ORD-005376,CUST-01330,2025-09-26,Completed,Lahore
ORD-005377,CUST-00929,2025-09-26,Completed,Sahiwal
ORD-005378,CUST-00961,2025-09-26,Completed,Islamabad
ORD-005379,CUST-01432,2025-09-26,Completed,Peshawar
ORD-005380,CUST-00097,2025-09-26,Completed,Lahore
ORD-005381,CUST-00642,2025-09-26,Completed,Abbottabad
ORD-005382,CUST-01472,2025-09-26,Completed,Bahawalpur
ORD-005383,CUST-00886,2025-09-26,Completed,Bahawalpur
ORD-005384,CUST-00635,2025-09-26,Completed,Multan
ORD-005385,CUST-01387,2025-09-26,Cancelled,Rahim Yar Khan
ORD-005386,CUST-01395,2025-09-26,Pending,Islamabad
ORD-005387,CUST-00927,2025-09-26,Cancelled,Multan
ORD-005388,CUST-00697,2025-09-26,Completed,Islamabad
ORD-005389,CUST-01248,2025-09-26,Completed,Karachi
ORD-005390,CUST-00320,2025-09-27,Cancelled,Rawalpindi
ORD-005391,CUST-01022,2025-09-27,Completed,Quetta
ORD-005392,CUST-01448,2025-09-27,Completed,Karachi
ORD-005393,CUST-01086,2025-09-27,Completed,Lahore
ORD-005394,CUST-00847,2025-09-27,Completed,Faisalabad
ORD-005395,CUST-00921,2025-09-27,Completed,Peshawar
ORD-005396,CUST-00980,2025-09-27,Pending,Karachi
ORD-005397,CUST-01056,2025-09-27,Completed,Karachi
ORD-005398,CUST-00812,2025-09-27,Completed,Abbottabad
ORD-005399,CUST-00763,2025-09-27,Completed,Karachi
ORD-005400,CUST-00192,2025-09-27,Cancelled,Mirpur Khas
ORD-005401,CUST-00562,2025-09-27,Completed,Rawalpindi
ORD-005402,CUST-01409,2025-09-27,Completed,Islamabad
ORD-005403,CUST-00079,2025-09-27,Completed,Rawalpindi
ORD-005404,CUST-00032,2025-09-27,Completed,Islamabad
ORD-005405,CUST-01057,2025-09-27,Completed,Lahore
ORD-005406,CUST-00747,2025-09-27,Completed,Mirpur Khas
ORD-005407,CUST-00588,2025-09-27,Completed,Peshawar
ORD-005408,CUST-01125,2025-09-28,Completed,Quetta
ORD-005409,CUST-00377,2025-09-28,Pending,Karachi
ORD-005410,CUST-00846,2025-09-28,Completed,Lahore
ORD-005411,CUST-01416,2025-09-28,Pending,Gujranwala
ORD-005412,CUST-00312,2025-09-28,Completed,Abbottabad
ORD-005413,CUST-01023,2025-09-28,Pending,Quetta
ORD-005414,CUST-00225,2025-09-28,Completed,Lahore
ORD-005415,CUST-00014,2025-09-28,Returned,Lahore
ORD-005416,CUST-01076,2025-09-28,Completed,Rawalpindi
ORD-005417,CUST-00846,2025-09-28,Cancelled,Lahore
ORD-005418,CUST-00757,2025-09-28,Returned,Islamabad
ORD-005419,CUST-01050,2025-09-28,Completed,Gujranwala
ORD-005420,CUST-01147,2025-09-28,Returned,Peshawar
ORD-005421,CUST-01064,2025-09-28,Returned,Lahore
ORD-005422,CUST-00420,2025-09-28,Completed,Mardan
ORD-005423,CUST-00497,2025-09-29,Cancelled,Karachi
ORD-005424,CUST-01307,2025-09-29,Completed,Karachi
ORD-005425,CUST-00108,2025-09-29,Completed,Karachi
ORD-005426,CUST-00699,2025-09-29,Completed,Karachi
ORD-005427,CUST-00518,2025-09-29,Completed,Lahore
ORD-005428,CUST-01204,2025-09-29,Pending,Faisalabad
ORD-005429,CUST-00299,2025-09-29,Completed,Multan
ORD-005430,CUST-00288,2025-09-29,Completed,Rawalpindi
ORD-005431,CUST-00132,2025-09-29,Completed,Rawalpindi
ORD-005432,CUST-00436,2025-09-29,Completed,Bahawalpur
ORD-005433,CUST-00312,2025-09-29,Completed,Abbottabad
ORD-005434,CUST-00955,2025-09-29,Completed,Karachi
ORD-005435,CUST-00029,2025-09-29,Completed,Lahore
ORD-005436,CUST-01121,2025-09-29,Completed,Abbottabad
ORD-005437,CUST-00540,2025-09-29,Completed,Mardan
ORD-005438,CUST-00303,2025-09-29,Completed,Sargodha
ORD-005439,CUST-00782,2025-09-29,Pending,Karachi
ORD-005440,CUST-00068,2025-09-30,Completed,Mirpur Khas
ORD-005441,CUST-00658,2025-09-30,Pending,Lahore
ORD-005442,CUST-00963,2025-09-30,Completed,Lahore
ORD-005443,CUST-00481,2025-09-30,Returned,Faisalabad
ORD-005444,CUST-00804,2025-09-30,Returned,Rawalpindi
ORD-005445,CUST-00867,2025-09-30,Returned,Lahore
ORD-005446,CUST-00717,2025-09-30,Completed,Mirpur Khas
ORD-005447,CUST-00856,2025-09-30,Completed,Karachi
ORD-005448,CUST-00910,2025-09-30,Completed,Karachi
ORD-005449,CUST-00363,2025-09-30,Completed,Faisalabad
ORD-005450,CUST-00060,2025-09-30,Completed,Peshawar
ORD-005451,CUST-00461,2025-09-30,Completed,Multan
ORD-005452,CUST-00359,2025-09-30,Pending,Rawalpindi
ORD-005453,CUST-00734,2025-09-30,Completed,Lahore
ORD-005454,CUST-00377,2025-09-30,Completed,Lahore
ORD-005455,CUST-00870,2025-09-30,Completed,Lahore
ORD-005456,CUST-01074,2025-09-30,Completed,Lahore
ORD-005457,CUST-00303,2025-09-30,Completed,Sargodha
ORD-005458,CUST-00955,2025-09-30,Completed,Karachi
ORD-005459,CUST-00453,2025-09-30,Completed,Lahore
ORD-005460,CUST-00349,2025-09-30,Completed,Quetta
ORD-005461,CUST-00588,2025-09-30,Completed,Peshawar
ORD-005462,CUST-00163,2025-09-30,Completed,Lahore
ORD-005463,CUST-01369,2025-10-01,Completed,Islamabad
ORD-005464,CUST-00911,2025-10-01,Completed,Lahore
ORD-005465,CUST-00503,2025-10-01,Completed,Rawalpindi
ORD-005466,CUST-00542,2025-10-01,Completed,Rawalpindi
ORD-005467,CUST-00913,2025-10-01,Completed,Lahore
ORD-005468,CUST-00782,2025-10-01,Cancelled,Karachi
ORD-005469,CUST-01267,2025-10-01,Returned,Islamabad
ORD-005470,CUST-00228,2025-10-01,Completed,Peshawar
ORD-005471,CUST-00027,2025-10-01,Completed,Lahore
ORD-005472,CUST-00981,2025-10-01,Completed,Faisalabad
ORD-005473,CUST-00880,2025-10-01,Completed,Lahore
ORD-005474,CUST-00896,2025-10-01,Completed,Sargodha
ORD-005475,CUST-00610,2025-10-01,Returned,Hyderabad
ORD-005476,CUST-00840,2025-10-01,Completed,Peshawar
ORD-005477,CUST-00557,2025-10-01,Completed,Gwadar
ORD-005478,CUST-00402,2025-10-02,Completed,Lahore
ORD-005479,CUST-00512,2025-10-02,Completed,Rawalpindi
ORD-005480,CUST-00932,2025-10-02,Completed,Karachi
ORD-005481,CUST-00142,2025-10-02,Completed,Sialkot
ORD-005482,CUST-00284,2025-10-02,Completed,Lahore
ORD-005483,CUST-00060,2025-10-02,Completed,Karachi
ORD-005484,CUST-00889,2025-10-02,Completed,Rawalpindi
ORD-005485,CUST-01473,2025-10-02,Completed,Rawalpindi
ORD-005486,CUST-00640,2025-10-02,Completed,Islamabad
ORD-005487,CUST-00135,2025-10-02,Cancelled,Lahore
ORD-005488,CUST-00129,2025-10-02,Pending,Sahiwal
ORD-005489,CUST-00595,2025-10-02,Returned,Karachi
ORD-005490,CUST-00578,2025-10-02,Completed,Rawalpindi
ORD-005491,CUST-01231,2025-10-02,Completed,Bahawalpur
ORD-005492,CUST-01233,2025-10-02,Completed,Rawalpindi
ORD-005493,CUST-00020,2025-10-02,Completed,Bahawalpur
ORD-005494,CUST-00240,2025-10-03,Completed,Peshawar
ORD-005495,CUST-00888,2025-10-03,Completed,Rawalpindi
ORD-005496,CUST-00099,2025-10-03,Cancelled,Sukkur
ORD-005497,CUST-01116,2025-10-03,Cancelled,Peshawar
ORD-005498,CUST-01033,2025-10-03,Completed,Faisalabad
ORD-005499,CUST-00889,2025-10-03,Returned,Lahore
ORD-005500,CUST-00097,2025-10-03,Completed,Lahore
ORD-005501,CUST-00901,2025-10-03,Completed,Karachi
ORD-005502,CUST-01143,2025-10-03,Completed,Karachi
ORD-005503,CUST-00738,2025-10-03,Cancelled,Lahore
ORD-005504,CUST-01270,2025-10-03,Completed,Peshawar
ORD-005505,CUST-00543,2025-10-03,Completed,Islamabad
ORD-005506,CUST-00685,2025-10-03,Completed,Karachi
ORD-005507,CUST-01393,2025-10-03,Completed,Peshawar
ORD-005508,CUST-01356,2025-10-03,Returned,Lahore
ORD-005509,CUST-01136,2025-10-03,Returned,Karachi
ORD-005510,CUST-01413,2025-10-03,Completed,Hyderabad
ORD-005511,CUST-01308,2025-10-03,Completed,Gujranwala
ORD-005512,CUST-00380,2025-10-03,Completed,Sialkot
ORD-005513,CUST-00563,2025-10-03,Completed,Quetta
ORD-005514,CUST-01472,2025-10-03,Completed,Bahawalpur
ORD-005515,CUST-01057,2025-10-03,Completed,Lahore
ORD-005516,CUST-01209,2025-10-03,Completed,Multan
ORD-005517,CUST-00121,2025-10-03,Completed,Bahawalpur
ORD-005518,CUST-00657,2025-10-04,Returned,Faisalabad
ORD-005519,CUST-00498,2025-10-04,Completed,Karachi
ORD-005520,CUST-01195,2025-10-04,Completed,Karachi
ORD-005521,CUST-01340,2025-10-04,Returned,Sargodha
ORD-005522,CUST-01308,2025-10-04,Returned,Islamabad
ORD-005523,CUST-00882,2025-10-04,Completed,Lahore
ORD-005524,CUST-00216,2025-10-04,Completed,Sargodha
ORD-005525,CUST-01001,2025-10-04,Completed,Rawalpindi
ORD-005526,CUST-01105,2025-10-04,Completed,Faisalabad
ORD-005527,CUST-00499,2025-10-04,Completed,Mardan
ORD-005528,CUST-00079,2025-10-04,Completed,Peshawar
ORD-005529,CUST-01483,2025-10-04,Completed,Faisalabad
ORD-005530,CUST-01134,2025-10-04,Returned,Faisalabad
ORD-005531,CUST-00801,2025-10-04,Completed,Quetta
ORD-005532,CUST-00634,2025-10-04,Completed,Rawalpindi
ORD-005533,CUST-01027,2025-10-04,Completed,Lahore
ORD-005534,CUST-01107,2025-10-04,Completed,Sukkur
ORD-005535,CUST-00686,2025-10-05,Completed,Islamabad
ORD-005536,CUST-00700,2025-10-05,Cancelled,Multan
ORD-005537,CUST-00347,2025-10-05,Pending,Sialkot
ORD-005538,CUST-00689,2025-10-05,Completed,Sialkot
ORD-005539,CUST-00462,2025-10-05,Completed,Multan
ORD-005540,CUST-00837,2025-10-05,Completed,Lahore
ORD-005541,CUST-00439,2025-10-05,Completed,Karachi
ORD-005542,CUST-01002,2025-10-05,Pending,Lahore
ORD-005543,CUST-01419,2025-10-05,Completed,Islamabad
ORD-005544,CUST-00203,2025-10-05,Completed,Karachi
ORD-005545,CUST-01474,2025-10-05,Returned,Lahore
ORD-005546,CUST-01452,2025-10-05,Completed,Karachi
ORD-005547,CUST-01163,2025-10-05,Completed,Lahore
ORD-005548,CUST-00888,2025-10-05,Cancelled,Rawalpindi
ORD-005549,CUST-00911,2025-10-05,Pending,Karachi
ORD-005550,CUST-00230,2025-10-05,Completed,Lahore
ORD-005551,CUST-00351,2025-10-06,Pending,Gwadar
ORD-005552,CUST-00927,2025-10-06,Pending,Karachi
ORD-005553,CUST-00440,2025-10-06,Completed,Bahawalpur
ORD-005554,CUST-00319,2025-10-06,Completed,Sukkur
ORD-005555,CUST-00683,2025-10-06,Completed,Abbottabad
ORD-005556,CUST-01484,2025-10-06,Completed,Lahore
ORD-005557,CUST-00238,2025-10-06,Completed,Bahawalpur
ORD-005558,CUST-00846,2025-10-06,Completed,Lahore
ORD-005559,CUST-00439,2025-10-06,Completed,Gujranwala
ORD-005560,CUST-01327,2025-10-06,Pending,Abbottabad
ORD-005561,CUST-01049,2025-10-06,Completed,Gujranwala
ORD-005562,CUST-01125,2025-10-06,Completed,Rawalpindi
ORD-005563,CUST-00310,2025-10-06,Pending,Rawalpindi
ORD-005564,CUST-01082,2025-10-06,Completed,Multan
ORD-005565,CUST-00948,2025-10-06,Completed,Faisalabad
ORD-005566,CUST-00109,2025-10-06,Returned,Quetta
ORD-005567,CUST-00147,2025-10-07,Completed,Karachi
ORD-005568,CUST-00538,2025-10-07,Completed,Mirpur Khas
ORD-005569,CUST-01352,2025-10-07,Completed,Mirpur Khas
ORD-005570,CUST-00394,2025-10-07,Completed,Lahore
ORD-005571,CUST-01401,2025-10-07,Returned,Karachi
ORD-005572,CUST-00239,2025-10-07,Completed,Faisalabad
ORD-005573,CUST-00786,2025-10-07,Completed,Islamabad
ORD-005574,CUST-00524,2025-10-07,Completed,Multan
ORD-005575,CUST-00532,2025-10-07,Returned,Karachi
ORD-005576,CUST-00253,2025-10-07,Cancelled,Lahore
ORD-005577,CUST-01246,2025-10-07,Completed,Multan
ORD-005578,CUST-00864,2025-10-07,Completed,Lahore
ORD-005579,CUST-00027,2025-10-07,Returned,Lahore
ORD-005580,CUST-00110,2025-10-07,Completed,Lahore
ORD-005581,CUST-01158,2025-10-07,Completed,Karachi
ORD-005582,CUST-00294,2025-10-07,Returned,Lahore
ORD-005583,CUST-00310,2025-10-07,Pending,Rawalpindi
ORD-005584,CUST-00643,2025-10-07,Returned,Karachi
ORD-005585,CUST-00419,2025-10-08,Completed,Lahore
ORD-005586,CUST-01216,2025-10-08,Pending,Sialkot
ORD-005587,CUST-01179,2025-10-08,Completed,Rawalpindi
ORD-005588,CUST-01069,2025-10-08,Returned,Gwadar
ORD-005589,CUST-00567,2025-10-08,Completed,Bahawalpur
ORD-005590,CUST-00565,2025-10-08,Completed,Gujranwala
ORD-005591,CUST-00140,2025-10-08,Completed,Sahiwal
ORD-005592,CUST-01232,2025-10-08,Cancelled,Rahim Yar Khan
ORD-005593,CUST-00957,2025-10-08,Completed,Faisalabad
ORD-005594,CUST-01111,2025-10-08,Returned,Karachi
ORD-005595,CUST-00189,2025-10-08,Completed,Lahore
ORD-005596,CUST-00901,2025-10-08,Completed,Lahore
ORD-005597,CUST-00444,2025-10-08,Completed,Karachi
ORD-005598,CUST-00856,2025-10-09,Completed,Karachi
ORD-005599,CUST-00888,2025-10-09,Completed,Rawalpindi
ORD-005600,CUST-00605,2025-10-09,Completed,Karachi
ORD-005601,CUST-00983,2025-10-09,Completed,Hyderabad
ORD-005602,CUST-01328,2025-10-09,Returned,Islamabad
ORD-005603,CUST-00597,2025-10-09,Completed,Lahore
ORD-005604,CUST-00183,2025-10-09,Completed,Karachi
ORD-005605,CUST-00874,2025-10-09,Completed,Islamabad
ORD-005606,CUST-01370,2025-10-09,Completed,Karachi
ORD-005607,CUST-01080,2025-10-09,Completed,Sukkur
ORD-005608,CUST-01280,2025-10-09,Completed,Rawalpindi
ORD-005609,CUST-00775,2025-10-09,Completed,Rawalpindi
ORD-005610,CUST-00973,2025-10-09,Completed,Rawalpindi
ORD-005611,CUST-00242,2025-10-09,Completed,Sialkot
ORD-005612,CUST-00377,2025-10-09,Completed,Karachi
ORD-005613,CUST-01226,2025-10-09,Completed,Lahore
ORD-005614,CUST-01226,2025-10-09,Completed,Karachi
ORD-005615,CUST-00194,2025-10-10,Completed,Islamabad
ORD-005616,CUST-01195,2025-10-10,Completed,Karachi
ORD-005617,CUST-00865,2025-10-10,Completed,Peshawar
ORD-005618,CUST-00971,2025-10-10,Completed,Lahore
ORD-005619,CUST-00228,2025-10-10,Completed,Peshawar
ORD-005620,CUST-00183,2025-10-10,Completed,Karachi
ORD-005621,CUST-00307,2025-10-10,Completed,Multan
ORD-005622,CUST-00277,2025-10-10,Completed,Abbottabad
ORD-005623,CUST-00323,2025-10-10,Completed,Mirpur Khas
ORD-005624,CUST-01350,2025-10-10,Completed,Quetta
ORD-005625,CUST-00689,2025-10-10,Returned,Sialkot
ORD-005626,CUST-01406,2025-10-10,Completed,Quetta
ORD-005627,CUST-00396,2025-10-10,Cancelled,Faisalabad
ORD-005628,CUST-00693,2025-10-10,Cancelled,Islamabad
ORD-005629,CUST-00253,2025-10-10,Completed,Lahore
ORD-005630,CUST-00270,2025-10-10,Returned,Sukkur
ORD-005631,CUST-00338,2025-10-11,Completed,Multan
ORD-005632,CUST-00949,2025-10-11,Pending,Faisalabad
ORD-005633,CUST-00064,2025-10-11,Returned,Karachi
ORD-005634,CUST-01035,2025-10-11,Completed,Lahore
ORD-005635,CUST-00741,2025-10-11,Completed,Hyderabad
ORD-005636,CUST-00340,2025-10-11,Completed,Gwadar
ORD-005637,CUST-01379,2025-10-11,Completed,Karachi
ORD-005638,CUST-00699,2025-10-11,Completed,Karachi
ORD-005639,CUST-00412,2025-10-11,Completed,Islamabad
ORD-005640,CUST-01380,2025-10-11,Completed,Multan
ORD-005641,CUST-00104,2025-10-11,Completed,Lahore
ORD-005642,CUST-01000,2025-10-11,Pending,Karachi
ORD-005643,CUST-00858,2025-10-12,Completed,Peshawar
ORD-005644,CUST-01267,2025-10-12,Completed,Islamabad
ORD-005645,CUST-01120,2025-10-12,Completed,Rawalpindi
ORD-005646,CUST-01125,2025-10-12,Completed,Quetta
ORD-005647,CUST-01032,2025-10-12,Completed,Rawalpindi
ORD-005648,CUST-00702,2025-10-12,Completed,Bahawalpur
ORD-005649,CUST-00290,2025-10-12,Returned,Sukkur
ORD-005650,CUST-00643,2025-10-12,Completed,Karachi
ORD-005651,CUST-00633,2025-10-13,Returned,Karachi
ORD-005652,CUST-00573,2025-10-13,Completed,Karachi
ORD-005653,CUST-01268,2025-10-13,Completed,Multan
ORD-005654,CUST-01012,2025-10-13,Returned,Karachi
ORD-005655,CUST-00072,2025-10-13,Completed,Karachi
ORD-005656,CUST-01076,2025-10-13,Completed,Islamabad
ORD-005657,CUST-00189,2025-10-13,Pending,Lahore
ORD-005658,CUST-01103,2025-10-13,Completed,Karachi
ORD-005659,CUST-00651,2025-10-13,Cancelled,Karachi
ORD-005660,CUST-01058,2025-10-13,Completed,Lahore
ORD-005661,CUST-00347,2025-10-13,Completed,Islamabad
ORD-005662,CUST-01448,2025-10-13,Cancelled,Multan
ORD-005663,CUST-01110,2025-10-13,Completed,Faisalabad
ORD-005664,CUST-00635,2025-10-13,Completed,Islamabad
ORD-005665,CUST-01461,2025-10-13,Completed,Sargodha
ORD-005666,CUST-01473,2025-10-13,Completed,Rawalpindi
ORD-005667,CUST-00678,2025-10-13,Pending,Lahore
ORD-005668,CUST-00131,2025-10-13,Completed,Karachi
ORD-005669,CUST-00439,2025-10-13,Completed,Karachi
ORD-005670,CUST-00272,2025-10-13,Completed,Karachi
ORD-005671,CUST-01243,2025-10-14,Completed,Islamabad
ORD-005672,CUST-01040,2025-10-14,Completed,Quetta
ORD-005673,CUST-00936,2025-10-14,Completed,Gujranwala
ORD-005674,CUST-00812,2025-10-14,Completed,Abbottabad
ORD-005675,CUST-01473,2025-10-14,Completed,Rawalpindi
ORD-005676,CUST-00868,2025-10-14,Completed,Lahore
ORD-005677,CUST-00927,2025-10-14,Completed,Multan
ORD-005678,CUST-00263,2025-10-14,Returned,Abbottabad
ORD-005679,CUST-00152,2025-10-14,Completed,Hyderabad
ORD-005680,CUST-01237,2025-10-14,Completed,Hyderabad
ORD-005681,CUST-00434,2025-10-14,Completed,Islamabad
ORD-005682,CUST-00888,2025-10-14,Completed,Rawalpindi
ORD-005683,CUST-00165,2025-10-14,Completed,Rawalpindi
ORD-005684,CUST-00738,2025-10-14,Cancelled,Sargodha
ORD-005685,CUST-01338,2025-10-14,Completed,Karachi
ORD-005686,CUST-00740,2025-10-15,Completed,Hyderabad
ORD-005687,CUST-00977,2025-10-15,Completed,Karachi
ORD-005688,CUST-00840,2025-10-15,Completed,Peshawar
ORD-005689,CUST-01094,2025-10-15,Completed,Lahore
ORD-005690,CUST-00675,2025-10-15,Completed,Karachi
ORD-005691,CUST-00543,2025-10-15,Completed,Karachi
ORD-005692,CUST-00758,2025-10-15,Completed,Karachi
ORD-005693,CUST-01402,2025-10-15,Completed,Islamabad
ORD-005694,CUST-00983,2025-10-15,Completed,Gujranwala
ORD-005695,CUST-01450,2025-10-15,Completed,Lahore
ORD-005696,CUST-00432,2025-10-15,Completed,Sialkot
ORD-005697,CUST-00346,2025-10-16,Pending,Peshawar
ORD-005698,CUST-01430,2025-10-16,Completed,Karachi
ORD-005699,CUST-01216,2025-10-16,Completed,Sialkot
ORD-005700,CUST-01268,2025-10-16,Cancelled,Gujranwala
ORD-005701,CUST-00567,2025-10-16,Completed,Lahore
ORD-005702,CUST-01383,2025-10-16,Completed,Gujranwala
ORD-005703,CUST-01449,2025-10-16,Completed,Peshawar
ORD-005704,CUST-00924,2025-10-16,Completed,Peshawar
ORD-005705,CUST-01290,2025-10-16,Completed,Rawalpindi
ORD-005706,CUST-00642,2025-10-16,Completed,Abbottabad
ORD-005707,CUST-00584,2025-10-16,Completed,Peshawar
ORD-005708,CUST-00427,2025-10-16,Completed,Bahawalpur
ORD-005709,CUST-00236,2025-10-16,Completed,Karachi
ORD-005710,CUST-00289,2025-10-16,Pending,Karachi
ORD-005711,CUST-00560,2025-10-16,Completed,Faisalabad
ORD-005712,CUST-00332,2025-10-16,Completed,Lahore
ORD-005713,CUST-01381,2025-10-16,Completed,Lahore
ORD-005714,CUST-00864,2025-10-16,Completed,Lahore
ORD-005715,CUST-01138,2025-10-16,Completed,Islamabad
ORD-005716,CUST-00660,2025-10-17,Completed,Faisalabad
ORD-005717,CUST-01463,2025-10-17,Completed,Karachi
ORD-005718,CUST-00534,2025-10-17,Completed,Karachi
ORD-005719,CUST-01280,2025-10-17,Completed,Rawalpindi
ORD-005720,CUST-00837,2025-10-17,Completed,Lahore
ORD-005721,CUST-00014,2025-10-17,Pending,Mirpur Khas
ORD-005722,CUST-01316,2025-10-17,Completed,Mardan
ORD-005723,CUST-01303,2025-10-17,Completed,Rawalpindi
ORD-005724,CUST-01117,2025-10-17,Completed,Islamabad
ORD-005725,CUST-00194,2025-10-17,Completed,Islamabad
ORD-005726,CUST-01385,2025-10-17,Completed,Abbottabad
ORD-005727,CUST-00615,2025-10-17,Completed,Mirpur Khas
ORD-005728,CUST-00964,2025-10-17,Completed,Lahore
ORD-005729,CUST-01057,2025-10-18,Completed,Lahore
ORD-005730,CUST-00479,2025-10-18,Completed,Islamabad
ORD-005731,CUST-00769,2025-10-18,Completed,Sahiwal
ORD-005732,CUST-00543,2025-10-18,Pending,Faisalabad
ORD-005733,CUST-00981,2025-10-18,Completed,Faisalabad
ORD-005734,CUST-01432,2025-10-18,Completed,Peshawar
ORD-005735,CUST-00192,2025-10-18,Completed,Mirpur Khas
ORD-005736,CUST-00869,2025-10-18,Completed,Peshawar
ORD-005737,CUST-00358,2025-10-18,Completed,Gujranwala
ORD-005738,CUST-00446,2025-10-18,Completed,Mirpur Khas
ORD-005739,CUST-00680,2025-10-18,Returned,Gwadar
ORD-005740,CUST-00927,2025-10-18,Completed,Multan
ORD-005741,CUST-00214,2025-10-18,Completed,Islamabad
ORD-005742,CUST-01270,2025-10-19,Completed,Peshawar
ORD-005743,CUST-01080,2025-10-19,Completed,Islamabad
ORD-005744,CUST-00367,2025-10-19,Completed,Gwadar
ORD-005745,CUST-00730,2025-10-19,Pending,Peshawar
ORD-005746,CUST-01454,2025-10-19,Completed,Faisalabad
ORD-005747,CUST-00133,2025-10-19,Completed,Lahore
ORD-005748,CUST-00600,2025-10-19,Completed,Sahiwal
ORD-005749,CUST-00737,2025-10-19,Returned,Karachi
ORD-005750,CUST-00126,2025-10-20,Completed,Faisalabad
ORD-005751,CUST-00398,2025-10-20,Completed,Lahore
ORD-005752,CUST-00758,2025-10-20,Completed,Karachi
ORD-005753,CUST-00624,2025-10-20,Completed,Sialkot
ORD-005754,CUST-01125,2025-10-20,Completed,Quetta
ORD-005755,CUST-00288,2025-10-20,Returned,Rawalpindi
ORD-005756,CUST-00966,2025-10-20,Completed,Karachi
ORD-005757,CUST-01196,2025-10-20,Completed,Lahore
ORD-005758,CUST-01303,2025-10-20,Completed,Rawalpindi
ORD-005759,CUST-01242,2025-10-20,Pending,Sahiwal
ORD-005760,CUST-00789,2025-10-20,Pending,Islamabad
ORD-005761,CUST-01499,2025-10-20,Completed,Peshawar
ORD-005762,CUST-01167,2025-10-21,Cancelled,Bahawalpur
ORD-005763,CUST-01365,2025-10-21,Completed,Rawalpindi
ORD-005764,CUST-01250,2025-10-21,Completed,Abbottabad
ORD-005765,CUST-00708,2025-10-21,Completed,Lahore
ORD-005766,CUST-00969,2025-10-21,Completed,Sukkur
ORD-005767,CUST-00563,2025-10-21,Completed,Hyderabad
ORD-005768,CUST-01182,2025-10-21,Completed,Gujranwala
ORD-005769,CUST-01074,2025-10-21,Completed,Lahore
ORD-005770,CUST-01484,2025-10-21,Completed,Lahore
ORD-005771,CUST-01143,2025-10-22,Completed,Karachi
ORD-005772,CUST-01167,2025-10-22,Returned,Bahawalpur
ORD-005773,CUST-01360,2025-10-22,Completed,Islamabad
ORD-005774,CUST-00667,2025-10-22,Completed,Karachi
ORD-005775,CUST-00222,2025-10-22,Returned,Lahore
ORD-005776,CUST-00682,2025-10-22,Completed,Karachi
ORD-005777,CUST-00450,2025-10-22,Completed,Gujranwala
ORD-005778,CUST-01287,2025-10-22,Returned,Sialkot
ORD-005779,CUST-01340,2025-10-22,Completed,Sargodha
ORD-005780,CUST-00863,2025-10-22,Completed,Lahore
ORD-005781,CUST-01022,2025-10-22,Completed,Quetta
ORD-005782,CUST-00929,2025-10-23,Completed,Karachi
ORD-005783,CUST-00377,2025-10-23,Completed,Karachi
ORD-005784,CUST-00695,2025-10-23,Cancelled,Mardan
ORD-005785,CUST-00532,2025-10-23,Completed,Karachi
ORD-005786,CUST-00020,2025-10-23,Completed,Bahawalpur
ORD-005787,CUST-00770,2025-10-23,Returned,Lahore
ORD-005788,CUST-00522,2025-10-23,Pending,Quetta
ORD-005789,CUST-01043,2025-10-23,Completed,Faisalabad
ORD-005790,CUST-00386,2025-10-23,Completed,Sargodha
ORD-005791,CUST-00110,2025-10-23,Completed,Karachi
ORD-005792,CUST-00842,2025-10-23,Completed,Sahiwal
ORD-005793,CUST-00009,2025-10-23,Completed,Peshawar
ORD-005794,CUST-00367,2025-10-23,Completed,Rawalpindi
ORD-005795,CUST-00660,2025-10-23,Returned,Islamabad
ORD-005796,CUST-01181,2025-10-24,Completed,Rawalpindi
ORD-005797,CUST-00770,2025-10-24,Completed,Rawalpindi
ORD-005798,CUST-00927,2025-10-24,Pending,Multan
ORD-005799,CUST-01449,2025-10-24,Completed,Karachi
ORD-005800,CUST-00504,2025-10-24,Completed,Karachi
ORD-005801,CUST-00575,2025-10-24,Completed,Faisalabad
ORD-005802,CUST-01380,2025-10-24,Completed,Multan
ORD-005803,CUST-00843,2025-10-24,Completed,Sialkot
ORD-005804,CUST-00491,2025-10-24,Completed,Mardan
ORD-005805,CUST-01224,2025-10-24,Completed,Peshawar
ORD-005806,CUST-01019,2025-10-24,Cancelled,Islamabad
ORD-005807,CUST-01317,2025-10-24,Completed,Peshawar
ORD-005808,CUST-01263,2025-10-24,Completed,Mardan
ORD-005809,CUST-01156,2025-10-24,Completed,Lahore
ORD-005810,CUST-00408,2025-10-25,Completed,Lahore
ORD-005811,CUST-01171,2025-10-25,Completed,Lahore
ORD-005812,CUST-00564,2025-10-25,Completed,Karachi
ORD-005813,CUST-00702,2025-10-25,Completed,Bahawalpur
ORD-005814,CUST-01458,2025-10-25,Returned,Islamabad
ORD-005815,CUST-00515,2025-10-25,Completed,Islamabad
ORD-005816,CUST-01037,2025-10-25,Completed,Karachi
ORD-005817,CUST-01314,2025-10-25,Completed,Rawalpindi
ORD-005818,CUST-00257,2025-10-25,Cancelled,Multan
ORD-005819,CUST-00848,2025-10-25,Completed,Quetta
ORD-005820,CUST-00591,2025-10-25,Completed,Quetta
ORD-005821,CUST-01076,2025-10-25,Completed,Islamabad
ORD-005822,CUST-01480,2025-10-25,Completed,Karachi
ORD-005823,CUST-00618,2025-10-25,Completed,Faisalabad
ORD-005824,CUST-00862,2025-10-25,Completed,Peshawar
ORD-005825,CUST-00268,2025-10-25,Pending,Rawalpindi
ORD-005826,CUST-00778,2025-10-25,Completed,Faisalabad
ORD-005827,CUST-00721,2025-10-25,Completed,Rawalpindi
ORD-005828,CUST-01054,2025-10-26,Completed,Karachi
ORD-005829,CUST-01229,2025-10-26,Completed,Karachi
ORD-005830,CUST-00524,2025-10-26,Completed,Karachi
ORD-005831,CUST-01025,2025-10-26,Completed,Karachi
ORD-005832,CUST-01372,2025-10-26,Completed,Karachi
ORD-005833,CUST-00315,2025-10-26,Completed,Sialkot
ORD-005834,CUST-00467,2025-10-26,Completed,Faisalabad
ORD-005835,CUST-01219,2025-10-26,Completed,Multan
ORD-005836,CUST-00103,2025-10-26,Completed,Lahore
ORD-005837,CUST-00147,2025-10-26,Completed,Karachi
ORD-005838,CUST-00471,2025-10-26,Completed,Karachi
ORD-005839,CUST-00922,2025-10-26,Completed,Gujranwala
ORD-005840,CUST-00938,2025-10-27,Completed,Karachi
ORD-005841,CUST-00317,2025-10-27,Pending,Quetta
ORD-005842,CUST-00653,2025-10-27,Completed,Quetta
ORD-005843,CUST-00392,2025-10-27,Completed,Lahore
ORD-005844,CUST-00605,2025-10-27,Returned,Karachi
ORD-005845,CUST-00778,2025-10-27,Cancelled,Multan
ORD-005846,CUST-00688,2025-10-27,Completed,Karachi
ORD-005847,CUST-00425,2025-10-27,Completed,Gujranwala
ORD-005848,CUST-00243,2025-10-27,Completed,Hyderabad
ORD-005849,CUST-00135,2025-10-27,Completed,Lahore
ORD-005850,CUST-00571,2025-10-27,Completed,Sukkur
ORD-005851,CUST-01307,2025-10-27,Completed,Karachi
ORD-005852,CUST-00944,2025-10-27,Completed,Karachi
ORD-005853,CUST-01002,2025-10-27,Completed,Karachi
ORD-005854,CUST-01385,2025-10-27,Completed,Abbottabad
ORD-005855,CUST-00534,2025-10-27,Pending,Multan
ORD-005856,CUST-00966,2025-10-27,Returned,Karachi
ORD-005857,CUST-00138,2025-10-27,Completed,Bahawalpur
ORD-005858,CUST-00760,2025-10-27,Returned,Rawalpindi
ORD-005859,CUST-00209,2025-10-27,Completed,Rawalpindi
ORD-005860,CUST-00103,2025-10-27,Completed,Lahore
ORD-005861,CUST-00049,2025-10-27,Completed,Karachi
ORD-005862,CUST-01138,2025-10-28,Completed,Hyderabad
ORD-005863,CUST-00270,2025-10-28,Completed,Sukkur
ORD-005864,CUST-01282,2025-10-28,Completed,Islamabad
ORD-005865,CUST-00654,2025-10-28,Completed,Gujranwala
ORD-005866,CUST-01485,2025-10-28,Completed,Bahawalpur
ORD-005867,CUST-00952,2025-10-28,Completed,Faisalabad
ORD-005868,CUST-01465,2025-10-28,Completed,Quetta
ORD-005869,CUST-00748,2025-10-28,Completed,Peshawar
ORD-005870,CUST-01380,2025-10-28,Pending,Multan
ORD-005871,CUST-00055,2025-10-28,Completed,Lahore
ORD-005872,CUST-01282,2025-10-28,Cancelled,Islamabad
ORD-005873,CUST-00618,2025-10-29,Completed,Faisalabad
ORD-005874,CUST-00444,2025-10-29,Completed,Karachi
ORD-005875,CUST-00824,2025-10-29,Completed,Karachi
ORD-005876,CUST-01156,2025-10-29,Completed,Lahore
ORD-005877,CUST-00708,2025-10-29,Completed,Lahore
ORD-005878,CUST-00643,2025-10-29,Completed,Karachi
ORD-005879,CUST-01440,2025-10-29,Completed,Lahore
ORD-005880,CUST-00616,2025-10-29,Completed,Lahore
ORD-005881,CUST-00196,2025-10-29,Completed,Sahiwal
ORD-005882,CUST-01268,2025-10-29,Pending,Multan
ORD-005883,CUST-00122,2025-10-29,Completed,Lahore
ORD-005884,CUST-01356,2025-10-29,Pending,Rawalpindi
ORD-005885,CUST-00022,2025-10-29,Completed,Lahore
ORD-005886,CUST-00961,2025-10-29,Completed,Islamabad
ORD-005887,CUST-00805,2025-10-30,Completed,Karachi
ORD-005888,CUST-00218,2025-10-30,Returned,Rawalpindi
ORD-005889,CUST-01226,2025-10-30,Completed,Lahore
ORD-005890,CUST-01369,2025-10-30,Completed,Faisalabad
ORD-005891,CUST-00895,2025-10-30,Completed,Islamabad
ORD-005892,CUST-00878,2025-10-30,Returned,Rawalpindi
ORD-005893,CUST-01410,2025-10-30,Completed,Karachi
ORD-005894,CUST-00566,2025-10-30,Completed,Hyderabad
ORD-005895,CUST-01020,2025-10-30,Completed,Karachi
ORD-005896,CUST-01036,2025-10-30,Completed,Karachi
ORD-005897,CUST-01166,2025-10-30,Completed,Lahore
ORD-005898,CUST-01285,2025-10-30,Completed,Rawalpindi
ORD-005899,CUST-01321,2025-10-30,Completed,Islamabad
ORD-005900,CUST-01299,2025-10-30,Completed,Quetta
ORD-005901,CUST-00260,2025-10-30,Completed,Lahore
ORD-005902,CUST-00460,2025-10-30,Returned,Lahore
ORD-005903,CUST-01169,2025-10-30,Completed,Karachi
ORD-005904,CUST-01409,2025-10-30,Completed,Islamabad
ORD-005905,CUST-01250,2025-10-30,Completed,Faisalabad
ORD-005906,CUST-00290,2025-10-31,Completed,Sukkur
ORD-005907,CUST-00794,2025-10-31,Completed,Lahore
ORD-005908,CUST-00490,2025-10-31,Completed,Lahore
ORD-005909,CUST-00047,2025-10-31,Completed,Rawalpindi
ORD-005910,CUST-01219,2025-10-31,Returned,Multan
ORD-005911,CUST-01495,2025-10-31,Pending,Faisalabad
ORD-005912,CUST-00244,2025-10-31,Completed,Rawalpindi
ORD-005913,CUST-00675,2025-10-31,Completed,Islamabad
ORD-005914,CUST-01154,2025-10-31,Completed,Sukkur
ORD-005915,CUST-00409,2025-10-31,Returned,Peshawar
ORD-005916,CUST-01380,2025-10-31,Completed,Multan
ORD-005917,CUST-01261,2025-10-31,Cancelled,Lahore
ORD-005918,CUST-00046,2025-10-31,Pending,Sialkot
ORD-005919,CUST-01117,2025-10-31,Returned,Islamabad
ORD-005920,CUST-00399,2025-10-31,Returned,Bahawalpur
ORD-005921,CUST-00708,2025-10-31,Returned,Lahore
ORD-005922,CUST-01303,2025-10-31,Completed,Rawalpindi
ORD-005923,CUST-00812,2025-10-31,Completed,Abbottabad
ORD-005924,CUST-01004,2025-10-31,Completed,Lahore
ORD-005925,CUST-00524,2025-10-31,Completed,Karachi
ORD-005926,CUST-00770,2025-10-31,Cancelled,Lahore
ORD-005927,CUST-00307,2025-11-01,Pending,Multan
ORD-005928,CUST-00731,2025-11-01,Completed,Rawalpindi
ORD-005929,CUST-00269,2025-11-01,Completed,Peshawar
ORD-005930,CUST-00050,2025-11-01,Pending,Lahore
ORD-005931,CUST-00808,2025-11-01,Pending,Hyderabad
ORD-005932,CUST-00757,2025-11-01,Pending,Multan
ORD-005933,CUST-00115,2025-11-01,Completed,Karachi
ORD-005934,CUST-01211,2025-11-01,Pending,Quetta
ORD-005935,CUST-00582,2025-11-01,Completed,Quetta
ORD-005936,CUST-00403,2025-11-01,Completed,Mardan
ORD-005937,CUST-00899,2025-11-01,Completed,Hyderabad
ORD-005938,CUST-01130,2025-11-01,Completed,Lahore
ORD-005939,CUST-01437,2025-11-01,Completed,Karachi
ORD-005940,CUST-00801,2025-11-01,Completed,Peshawar
ORD-005941,CUST-01442,2025-11-01,Completed,Rawalpindi
ORD-005942,CUST-00275,2025-11-01,Pending,Karachi
ORD-005943,CUST-00244,2025-11-01,Completed,Rawalpindi
ORD-005944,CUST-00604,2025-11-01,Completed,Karachi
ORD-005945,CUST-00219,2025-11-01,Completed,Karachi
ORD-005946,CUST-00138,2025-11-01,Completed,Sargodha
ORD-005947,CUST-01284,2025-11-02,Completed,Sukkur
ORD-005948,CUST-01154,2025-11-02,Completed,Lahore
ORD-005949,CUST-00272,2025-11-02,Pending,Quetta
ORD-005950,CUST-00215,2025-11-02,Completed,Gwadar
ORD-005951,CUST-00142,2025-11-02,Completed,Sialkot
ORD-005952,CUST-00422,2025-11-02,Pending,Sialkot
ORD-005953,CUST-01425,2025-11-02,Cancelled,Karachi
ORD-005954,CUST-00643,2025-11-02,Completed,Karachi
ORD-005955,CUST-00278,2025-11-03,Pending,Karachi
ORD-005956,CUST-01479,2025-11-03,Completed,Multan
ORD-005957,CUST-00464,2025-11-03,Completed,Islamabad
ORD-005958,CUST-00930,2025-11-03,Completed,Karachi
ORD-005959,CUST-00292,2025-11-03,Completed,Karachi
ORD-005960,CUST-01349,2025-11-03,Returned,Multan
ORD-005961,CUST-00580,2025-11-03,Completed,Karachi
ORD-005962,CUST-00690,2025-11-03,Completed,Gujranwala
ORD-005963,CUST-00290,2025-11-03,Completed,Sukkur
ORD-005964,CUST-01389,2025-11-03,Completed,Lahore
ORD-005965,CUST-01092,2025-11-03,Completed,Quetta
ORD-005966,CUST-00801,2025-11-03,Completed,Peshawar
ORD-005967,CUST-00034,2025-11-03,Returned,Bahawalpur
ORD-005968,CUST-01294,2025-11-03,Completed,Sargodha
ORD-005969,CUST-00195,2025-11-03,Completed,Rawalpindi
ORD-005970,CUST-01213,2025-11-03,Returned,Faisalabad
ORD-005971,CUST-00901,2025-11-03,Completed,Karachi
ORD-005972,CUST-00209,2025-11-03,Completed,Rawalpindi
ORD-005973,CUST-00919,2025-11-03,Completed,Karachi
ORD-005974,CUST-00417,2025-11-03,Completed,Mirpur Khas
ORD-005975,CUST-01075,2025-11-04,Completed,Gujranwala
ORD-005976,CUST-01484,2025-11-04,Completed,Lahore
ORD-005977,CUST-00332,2025-11-04,Returned,Sukkur
ORD-005978,CUST-01314,2025-11-04,Completed,Islamabad
ORD-005979,CUST-01111,2025-11-04,Completed,Karachi
ORD-005980,CUST-00394,2025-11-04,Completed,Lahore
ORD-005981,CUST-00843,2025-11-04,Completed,Sialkot
ORD-005982,CUST-01207,2025-11-04,Completed,Lahore
ORD-005983,CUST-00917,2025-11-04,Cancelled,Rawalpindi
ORD-005984,CUST-00699,2025-11-04,Completed,Karachi
ORD-005985,CUST-00164,2025-11-04,Completed,Lahore
ORD-005986,CUST-00067,2025-11-04,Completed,Rawalpindi
ORD-005987,CUST-01426,2025-11-04,Returned,Karachi
ORD-005988,CUST-01013,2025-11-04,Completed,Islamabad
ORD-005989,CUST-00944,2025-11-04,Completed,Karachi
ORD-005990,CUST-00712,2025-11-04,Completed,Gujranwala
ORD-005991,CUST-00475,2025-11-04,Completed,Lahore
ORD-005992,CUST-01383,2025-11-04,Cancelled,Lahore
ORD-005993,CUST-00835,2025-11-05,Completed,Islamabad
ORD-005994,CUST-00969,2025-11-05,Cancelled,Sukkur
ORD-005995,CUST-01015,2025-11-05,Completed,Rawalpindi
ORD-005996,CUST-00077,2025-11-05,Completed,Multan
ORD-005997,CUST-01227,2025-11-05,Completed,Gwadar
ORD-005998,CUST-00311,2025-11-05,Completed,Karachi
ORD-005999,CUST-00973,2025-11-05,Completed,Lahore
ORD-006000,CUST-00487,2025-11-05,Pending,Sialkot
ORD-006001,CUST-00817,2025-11-05,Completed,Karachi
ORD-006002,CUST-00819,2025-11-05,Completed,Karachi
ORD-006003,CUST-00460,2025-11-05,Completed,Lahore
ORD-006004,CUST-00253,2025-11-05,Completed,Lahore
ORD-006005,CUST-01145,2025-11-05,Completed,Karachi
ORD-006006,CUST-00902,2025-11-05,Cancelled,Lahore
ORD-006007,CUST-00678,2025-11-05,Completed,Karachi
ORD-006008,CUST-01378,2025-11-05,Completed,Bahawalpur
ORD-006009,CUST-00846,2025-11-05,Completed,Lahore
ORD-006010,CUST-00632,2025-11-05,Returned,Karachi
ORD-006011,CUST-00045,2025-11-05,Returned,Karachi
ORD-006012,CUST-00341,2025-11-05,Returned,Multan
ORD-006013,CUST-01407,2025-11-05,Completed,Gujranwala
ORD-006014,CUST-00425,2025-11-05,Completed,Gujranwala
ORD-006015,CUST-00153,2025-11-05,Completed,Lahore
ORD-006016,CUST-00927,2025-11-05,Completed,Lahore
ORD-006017,CUST-01170,2025-11-05,Cancelled,Mirpur Khas
ORD-006018,CUST-00629,2025-11-05,Returned,Bahawalpur
ORD-006019,CUST-00875,2025-11-05,Returned,Rahim Yar Khan
ORD-006020,CUST-00108,2025-11-06,Pending,Karachi
ORD-006021,CUST-00004,2025-11-06,Completed,Sargodha
ORD-006022,CUST-00115,2025-11-06,Completed,Gujranwala
ORD-006023,CUST-00264,2025-11-06,Completed,Peshawar
ORD-006024,CUST-00342,2025-11-06,Completed,Rawalpindi
ORD-006025,CUST-00126,2025-11-06,Completed,Faisalabad
ORD-006026,CUST-00786,2025-11-06,Completed,Sukkur
ORD-006027,CUST-01458,2025-11-06,Completed,Islamabad
ORD-006028,CUST-00091,2025-11-06,Completed,Gujranwala
ORD-006029,CUST-00664,2025-11-06,Completed,Gujranwala
ORD-006030,CUST-00379,2025-11-06,Completed,Rawalpindi
ORD-006031,CUST-00865,2025-11-06,Completed,Peshawar
ORD-006032,CUST-01113,2025-11-06,Pending,Sialkot
ORD-006033,CUST-00181,2025-11-06,Completed,Faisalabad
ORD-006034,CUST-01465,2025-11-06,Completed,Quetta
ORD-006035,CUST-00166,2025-11-06,Completed,Lahore
ORD-006036,CUST-00529,2025-11-07,Completed,Peshawar
ORD-006037,CUST-00381,2025-11-07,Completed,Sargodha
ORD-006038,CUST-01207,2025-11-07,Completed,Lahore
ORD-006039,CUST-00145,2025-11-07,Returned,Gujranwala
ORD-006040,CUST-00307,2025-11-07,Completed,Multan
ORD-006041,CUST-00408,2025-11-07,Cancelled,Karachi
ORD-006042,CUST-01113,2025-11-07,Completed,Sialkot
ORD-006043,CUST-00935,2025-11-07,Pending,Peshawar
ORD-006044,CUST-01472,2025-11-07,Completed,Bahawalpur
ORD-006045,CUST-00225,2025-11-07,Completed,Lahore
ORD-006046,CUST-00248,2025-11-07,Completed,Karachi
ORD-006047,CUST-01369,2025-11-07,Returned,Karachi
ORD-006048,CUST-01329,2025-11-07,Completed,Multan
ORD-006049,CUST-00844,2025-11-07,Completed,Karachi
ORD-006050,CUST-00731,2025-11-07,Completed,Rawalpindi
ORD-006051,CUST-01233,2025-11-07,Completed,Hyderabad
ORD-006052,CUST-00403,2025-11-07,Completed,Karachi
ORD-006053,CUST-01384,2025-11-07,Completed,Islamabad
ORD-006054,CUST-01492,2025-11-08,Completed,Karachi
ORD-006055,CUST-00216,2025-11-08,Completed,Sargodha
ORD-006056,CUST-01180,2025-11-08,Completed,Lahore
ORD-006057,CUST-00738,2025-11-08,Returned,Sargodha
ORD-006058,CUST-00595,2025-11-08,Completed,Karachi
ORD-006059,CUST-00867,2025-11-08,Completed,Lahore
ORD-006060,CUST-01038,2025-11-08,Completed,Faisalabad
ORD-006061,CUST-01007,2025-11-08,Completed,Karachi
ORD-006062,CUST-00011,2025-11-08,Completed,Abbottabad
ORD-006063,CUST-01104,2025-11-08,Returned,Peshawar
ORD-006064,CUST-01269,2025-11-08,Cancelled,Sialkot
ORD-006065,CUST-01183,2025-11-08,Completed,Gujranwala
ORD-006066,CUST-01255,2025-11-08,Returned,Lahore
ORD-006067,CUST-01000,2025-11-08,Completed,Rawalpindi
ORD-006068,CUST-00986,2025-11-08,Completed,Karachi
ORD-006069,CUST-00567,2025-11-08,Completed,Bahawalpur
ORD-006070,CUST-00339,2025-11-08,Pending,Karachi
ORD-006071,CUST-00139,2025-11-08,Completed,Islamabad
ORD-006072,CUST-00243,2025-11-08,Completed,Hyderabad
ORD-006073,CUST-00856,2025-11-09,Completed,Karachi
ORD-006074,CUST-00893,2025-11-09,Completed,Peshawar
ORD-006075,CUST-00665,2025-11-09,Pending,Karachi
ORD-006076,CUST-00197,2025-11-09,Pending,Peshawar
ORD-006077,CUST-00248,2025-11-09,Completed,Gujranwala
ORD-006078,CUST-00838,2025-11-09,Completed,Multan
ORD-006079,CUST-01359,2025-11-09,Completed,Faisalabad
ORD-006080,CUST-00059,2025-11-09,Completed,Islamabad
ORD-006081,CUST-01339,2025-11-10,Completed,Multan
ORD-006082,CUST-01002,2025-11-10,Completed,Lahore
ORD-006083,CUST-00163,2025-11-10,Completed,Multan
ORD-006084,CUST-00412,2025-11-10,Completed,Rawalpindi
ORD-006085,CUST-00789,2025-11-10,Completed,Faisalabad
ORD-006086,CUST-00488,2025-11-10,Completed,Islamabad
ORD-006087,CUST-01033,2025-11-10,Completed,Sargodha
ORD-006088,CUST-01255,2025-11-10,Completed,Lahore
ORD-006089,CUST-00932,2025-11-10,Completed,Karachi
ORD-006090,CUST-01004,2025-11-10,Completed,Lahore
ORD-006091,CUST-00375,2025-11-10,Completed,Hyderabad
ORD-006092,CUST-01480,2025-11-10,Completed,Lahore
ORD-006093,CUST-00498,2025-11-10,Returned,Karachi
ORD-006094,CUST-01453,2025-11-10,Completed,Quetta
ORD-006095,CUST-01176,2025-11-10,Completed,Sukkur
ORD-006096,CUST-00063,2025-11-10,Completed,Lahore
ORD-006097,CUST-01486,2025-11-10,Completed,Rawalpindi
ORD-006098,CUST-00375,2025-11-10,Pending,Hyderabad
ORD-006099,CUST-00529,2025-11-10,Completed,Peshawar
ORD-006100,CUST-00054,2025-11-10,Completed,Rawalpindi
ORD-006101,CUST-00912,2025-11-10,Returned,Lahore
ORD-006102,CUST-01202,2025-11-11,Completed,Lahore
ORD-006103,CUST-00590,2025-11-11,Completed,Sahiwal
ORD-006104,CUST-00932,2025-11-11,Completed,Karachi
ORD-006105,CUST-00683,2025-11-11,Completed,Abbottabad
ORD-006106,CUST-00166,2025-11-11,Completed,Lahore
ORD-006107,CUST-00684,2025-11-11,Completed,Sialkot
ORD-006108,CUST-00380,2025-11-11,Cancelled,Sialkot
ORD-006109,CUST-01004,2025-11-11,Completed,Lahore
ORD-006110,CUST-01413,2025-11-11,Completed,Hyderabad
ORD-006111,CUST-00731,2025-11-11,Pending,Rawalpindi
ORD-006112,CUST-00294,2025-11-11,Completed,Lahore
ORD-006113,CUST-00973,2025-11-11,Completed,Karachi
ORD-006114,CUST-00673,2025-11-11,Completed,Karachi
ORD-006115,CUST-01176,2025-11-12,Pending,Faisalabad
ORD-006116,CUST-01288,2025-11-12,Completed,Bahawalpur
ORD-006117,CUST-01016,2025-11-12,Returned,Lahore
ORD-006118,CUST-00613,2025-11-12,Returned,Peshawar
ORD-006119,CUST-01058,2025-11-12,Completed,Lahore
ORD-006120,CUST-01268,2025-11-12,Completed,Multan
ORD-006121,CUST-00867,2025-11-12,Completed,Lahore
ORD-006122,CUST-00797,2025-11-12,Completed,Karachi
ORD-006123,CUST-01316,2025-11-12,Cancelled,Karachi
ORD-006124,CUST-00612,2025-11-12,Completed,Sargodha
ORD-006125,CUST-01103,2025-11-12,Completed,Karachi
ORD-006126,CUST-00565,2025-11-12,Pending,Gujranwala
ORD-006127,CUST-01483,2025-11-12,Pending,Lahore
ORD-006128,CUST-01100,2025-11-12,Returned,Rawalpindi
ORD-006129,CUST-00622,2025-11-12,Pending,Quetta
ORD-006130,CUST-00263,2025-11-12,Completed,Abbottabad
ORD-006131,CUST-00152,2025-11-12,Completed,Hyderabad
ORD-006132,CUST-01465,2025-11-12,Completed,Quetta
ORD-006133,CUST-00798,2025-11-13,Completed,Rawalpindi
ORD-006134,CUST-00399,2025-11-13,Completed,Bahawalpur
ORD-006135,CUST-00242,2025-11-13,Completed,Sukkur
ORD-006136,CUST-00283,2025-11-13,Completed,Gujranwala
ORD-006137,CUST-00680,2025-11-13,Completed,Gwadar
ORD-006138,CUST-00774,2025-11-13,Completed,Karachi
ORD-006139,CUST-01231,2025-11-13,Completed,Bahawalpur
ORD-006140,CUST-01385,2025-11-13,Completed,Lahore
ORD-006141,CUST-00712,2025-11-13,Completed,Quetta
ORD-006142,CUST-00003,2025-11-13,Completed,Sargodha
ORD-006143,CUST-01171,2025-11-13,Completed,Multan
ORD-006144,CUST-00971,2025-11-13,Completed,Lahore
ORD-006145,CUST-00732,2025-11-13,Completed,Sialkot
ORD-006146,CUST-01079,2025-11-13,Completed,Faisalabad
ORD-006147,CUST-00015,2025-11-13,Completed,Islamabad
ORD-006148,CUST-01072,2025-11-14,Completed,Karachi
ORD-006149,CUST-00891,2025-11-14,Returned,Multan
ORD-006150,CUST-00474,2025-11-14,Completed,Karachi
ORD-006151,CUST-01481,2025-11-14,Cancelled,Islamabad
ORD-006152,CUST-00860,2025-11-14,Completed,Islamabad
ORD-006153,CUST-01211,2025-11-14,Completed,Quetta
ORD-006154,CUST-01444,2025-11-14,Completed,Islamabad
ORD-006155,CUST-00284,2025-11-14,Cancelled,Karachi
ORD-006156,CUST-00412,2025-11-14,Completed,Rawalpindi
ORD-006157,CUST-01437,2025-11-14,Returned,Karachi
ORD-006158,CUST-01392,2025-11-14,Completed,Lahore
ORD-006159,CUST-00209,2025-11-14,Completed,Rawalpindi
ORD-006160,CUST-00830,2025-11-14,Completed,Karachi
ORD-006161,CUST-00961,2025-11-14,Completed,Islamabad
ORD-006162,CUST-01458,2025-11-15,Pending,Islamabad
ORD-006163,CUST-00228,2025-11-15,Completed,Peshawar
ORD-006164,CUST-01443,2025-11-15,Completed,Multan
ORD-006165,CUST-00055,2025-11-15,Cancelled,Lahore
ORD-006166,CUST-00851,2025-11-15,Completed,Lahore
ORD-006167,CUST-00944,2025-11-15,Completed,Islamabad
ORD-006168,CUST-00916,2025-11-15,Completed,Islamabad
ORD-006169,CUST-01171,2025-11-15,Completed,Lahore
ORD-006170,CUST-00522,2025-11-15,Completed,Quetta
ORD-006171,CUST-01393,2025-11-15,Completed,Peshawar
ORD-006172,CUST-00773,2025-11-15,Completed,Lahore
ORD-006173,CUST-01316,2025-11-15,Completed,Mardan
ORD-006174,CUST-00932,2025-11-15,Cancelled,Karachi
ORD-006175,CUST-00227,2025-11-16,Completed,Lahore
ORD-006176,CUST-00764,2025-11-16,Completed,Rawalpindi
ORD-006177,CUST-00152,2025-11-16,Completed,Hyderabad
ORD-006178,CUST-01303,2025-11-16,Completed,Rawalpindi
ORD-006179,CUST-00765,2025-11-16,Completed,Peshawar
ORD-006180,CUST-01376,2025-11-16,Completed,Sialkot
ORD-006181,CUST-00116,2025-11-16,Returned,Rawalpindi
ORD-006182,CUST-01417,2025-11-16,Completed,Lahore
ORD-006183,CUST-01138,2025-11-16,Completed,Hyderabad
ORD-006184,CUST-00258,2025-11-17,Completed,Mirpur Khas
ORD-006185,CUST-00464,2025-11-17,Completed,Islamabad
ORD-006186,CUST-00333,2025-11-17,Completed,Abbottabad
ORD-006187,CUST-01272,2025-11-17,Completed,Islamabad
ORD-006188,CUST-00780,2025-11-17,Completed,Faisalabad
ORD-006189,CUST-00072,2025-11-17,Completed,Gujranwala
ORD-006190,CUST-00092,2025-11-17,Pending,Multan
ORD-006191,CUST-01318,2025-11-17,Completed,Peshawar
ORD-006192,CUST-00492,2025-11-17,Completed,Sukkur
ORD-006193,CUST-00842,2025-11-17,Completed,Lahore
ORD-006194,CUST-01089,2025-11-17,Completed,Rawalpindi
ORD-006195,CUST-00546,2025-11-17,Completed,Islamabad
ORD-006196,CUST-01428,2025-11-17,Completed,Rawalpindi
ORD-006197,CUST-01170,2025-11-17,Completed,Mirpur Khas
ORD-006198,CUST-01409,2025-11-17,Completed,Islamabad
ORD-006199,CUST-00065,2025-11-17,Cancelled,Rawalpindi
ORD-006200,CUST-00048,2025-11-18,Completed,Hyderabad
ORD-006201,CUST-01055,2025-11-18,Completed,Rawalpindi
ORD-006202,CUST-00575,2025-11-18,Completed,Karachi
ORD-006203,CUST-00497,2025-11-18,Completed,Karachi
ORD-006204,CUST-00218,2025-11-18,Completed,Faisalabad
ORD-006205,CUST-00706,2025-11-18,Completed,Lahore
ORD-006206,CUST-00330,2025-11-18,Cancelled,Rawalpindi
ORD-006207,CUST-01390,2025-11-18,Completed,Abbottabad
ORD-006208,CUST-00094,2025-11-18,Completed,Karachi
ORD-006209,CUST-00029,2025-11-18,Completed,Lahore
ORD-006210,CUST-00423,2025-11-18,Completed,Mirpur Khas
ORD-006211,CUST-00108,2025-11-18,Completed,Karachi
ORD-006212,CUST-00624,2025-11-19,Pending,Sialkot
ORD-006213,CUST-01142,2025-11-19,Cancelled,Karachi
ORD-006214,CUST-00955,2025-11-19,Completed,Karachi
ORD-006215,CUST-01194,2025-11-19,Pending,Karachi
ORD-006216,CUST-00927,2025-11-19,Returned,Multan
ORD-006217,CUST-01250,2025-11-19,Pending,Multan
ORD-006218,CUST-01369,2025-11-19,Completed,Faisalabad
ORD-006219,CUST-00409,2025-11-19,Completed,Peshawar
ORD-006220,CUST-00009,2025-11-19,Completed,Peshawar
ORD-006221,CUST-01011,2025-11-19,Completed,Sukkur
ORD-006222,CUST-00458,2025-11-19,Cancelled,Hyderabad
ORD-006223,CUST-01235,2025-11-19,Cancelled,Rawalpindi
ORD-006224,CUST-00062,2025-11-19,Completed,Sukkur
ORD-006225,CUST-01072,2025-11-19,Completed,Karachi
ORD-006226,CUST-01055,2025-11-19,Returned,Islamabad
ORD-006227,CUST-01148,2025-11-19,Completed,Peshawar
ORD-006228,CUST-00582,2025-11-19,Completed,Karachi
ORD-006229,CUST-01322,2025-11-19,Pending,Gujranwala
ORD-006230,CUST-00571,2025-11-19,Completed,Sukkur
ORD-006231,CUST-01036,2025-11-19,Completed,Karachi
ORD-006232,CUST-00244,2025-11-19,Completed,Rawalpindi
ORD-006233,CUST-01196,2025-11-20,Completed,Lahore
ORD-006234,CUST-00958,2025-11-20,Cancelled,Rahim Yar Khan
ORD-006235,CUST-00788,2025-11-20,Returned,Karachi
ORD-006236,CUST-00531,2025-11-20,Completed,Hyderabad
ORD-006237,CUST-00330,2025-11-20,Completed,Rawalpindi
ORD-006238,CUST-00252,2025-11-20,Completed,Sahiwal
ORD-006239,CUST-01056,2025-11-20,Completed,Karachi
ORD-006240,CUST-00769,2025-11-20,Completed,Sahiwal
ORD-006241,CUST-01286,2025-11-20,Pending,Karachi
ORD-006242,CUST-00328,2025-11-20,Returned,Bahawalpur
ORD-006243,CUST-01434,2025-11-20,Completed,Quetta
ORD-006244,CUST-00483,2025-11-20,Completed,Faisalabad
ORD-006245,CUST-00346,2025-11-20,Completed,Peshawar
ORD-006246,CUST-00902,2025-11-20,Completed,Lahore
ORD-006247,CUST-01315,2025-11-20,Returned,Lahore
ORD-006248,CUST-00022,2025-11-20,Completed,Lahore
ORD-006249,CUST-00588,2025-11-20,Completed,Peshawar
ORD-006250,CUST-00007,2025-11-20,Completed,Lahore
ORD-006251,CUST-01082,2025-11-20,Completed,Multan
ORD-006252,CUST-00237,2025-11-20,Completed,Lahore
ORD-006253,CUST-00184,2025-11-20,Cancelled,Rawalpindi
ORD-006254,CUST-01317,2025-11-21,Completed,Lahore
ORD-006255,CUST-00618,2025-11-21,Completed,Bahawalpur
ORD-006256,CUST-00847,2025-11-21,Completed,Faisalabad
ORD-006257,CUST-00149,2025-11-21,Pending,Lahore
ORD-006258,CUST-01361,2025-11-21,Completed,Bahawalpur
ORD-006259,CUST-00473,2025-11-21,Completed,Islamabad
ORD-006260,CUST-00047,2025-11-21,Completed,Rawalpindi
ORD-006261,CUST-01484,2025-11-21,Completed,Lahore
ORD-006262,CUST-00562,2025-11-21,Completed,Rawalpindi
ORD-006263,CUST-01461,2025-11-21,Pending,Faisalabad
ORD-006264,CUST-01267,2025-11-21,Returned,Mardan
ORD-006265,CUST-01064,2025-11-21,Cancelled,Lahore
ORD-006266,CUST-00091,2025-11-21,Cancelled,Gujranwala
ORD-006267,CUST-01255,2025-11-21,Completed,Lahore
ORD-006268,CUST-00876,2025-11-22,Completed,Lahore
ORD-006269,CUST-01250,2025-11-22,Completed,Lahore
ORD-006270,CUST-01041,2025-11-22,Completed,Lahore
ORD-006271,CUST-01030,2025-11-22,Completed,Lahore
ORD-006272,CUST-00860,2025-11-22,Completed,Islamabad
ORD-006273,CUST-00846,2025-11-22,Cancelled,Lahore
ORD-006274,CUST-00114,2025-11-22,Completed,Rawalpindi
ORD-006275,CUST-01106,2025-11-22,Completed,Lahore
ORD-006276,CUST-00192,2025-11-22,Completed,Mirpur Khas
ORD-006277,CUST-00777,2025-11-22,Completed,Hyderabad
ORD-006278,CUST-00519,2025-11-22,Returned,Faisalabad
ORD-006279,CUST-00015,2025-11-22,Completed,Islamabad
ORD-006280,CUST-00575,2025-11-22,Completed,Lahore
ORD-006281,CUST-00597,2025-11-22,Completed,Lahore
ORD-006282,CUST-00597,2025-11-22,Completed,Lahore
ORD-006283,CUST-00697,2025-11-22,Completed,Islamabad
ORD-006284,CUST-00009,2025-11-22,Returned,Peshawar
ORD-006285,CUST-00609,2025-11-22,Completed,Karachi
ORD-006286,CUST-00363,2025-11-23,Completed,Faisalabad
ORD-006287,CUST-00133,2025-11-23,Cancelled,Lahore
ORD-006288,CUST-00992,2025-11-23,Completed,Karachi
ORD-006289,CUST-00165,2025-11-23,Completed,Islamabad
ORD-006290,CUST-00243,2025-11-23,Completed,Lahore
ORD-006291,CUST-01026,2025-11-23,Completed,Mardan
ORD-006292,CUST-00218,2025-11-23,Completed,Faisalabad
ORD-006293,CUST-01094,2025-11-23,Completed,Lahore
ORD-006294,CUST-00579,2025-11-23,Completed,Quetta
ORD-006295,CUST-01383,2025-11-23,Completed,Lahore
ORD-006296,CUST-00837,2025-11-23,Pending,Karachi
ORD-006297,CUST-00019,2025-11-23,Completed,Lahore
ORD-006298,CUST-01199,2025-11-23,Completed,Mirpur Khas
ORD-006299,CUST-00408,2025-11-24,Completed,Karachi
ORD-006300,CUST-01004,2025-11-24,Cancelled,Lahore
ORD-006301,CUST-01228,2025-11-24,Completed,Karachi
ORD-006302,CUST-00096,2025-11-24,Completed,Lahore
ORD-006303,CUST-00760,2025-11-24,Completed,Rawalpindi
ORD-006304,CUST-00806,2025-11-24,Completed,Rawalpindi
ORD-006305,CUST-00986,2025-11-24,Completed,Karachi
ORD-006306,CUST-01036,2025-11-24,Completed,Karachi
ORD-006307,CUST-00090,2025-11-24,Completed,Karachi
ORD-006308,CUST-01105,2025-11-24,Completed,Faisalabad
ORD-006309,CUST-00842,2025-11-24,Pending,Rawalpindi
ORD-006310,CUST-00741,2025-11-24,Completed,Karachi
ORD-006311,CUST-01327,2025-11-24,Completed,Abbottabad
ORD-006312,CUST-01049,2025-11-24,Completed,Gujranwala
ORD-006313,CUST-01078,2025-11-24,Completed,Bahawalpur
ORD-006314,CUST-01094,2025-11-24,Completed,Lahore
ORD-006315,CUST-00265,2025-11-24,Completed,Multan
ORD-006316,CUST-00780,2025-11-24,Returned,Karachi
ORD-006317,CUST-00459,2025-11-24,Completed,Lahore
ORD-006318,CUST-01145,2025-11-24,Completed,Islamabad
ORD-006319,CUST-00961,2025-11-25,Cancelled,Islamabad
ORD-006320,CUST-00941,2025-11-25,Completed,Karachi
ORD-006321,CUST-01341,2025-11-25,Completed,Karachi
ORD-006322,CUST-00869,2025-11-25,Returned,Karachi
ORD-006323,CUST-00089,2025-11-25,Completed,Hyderabad
ORD-006324,CUST-01143,2025-11-25,Pending,Karachi
ORD-006325,CUST-00307,2025-11-25,Completed,Multan
ORD-006326,CUST-00669,2025-11-25,Completed,Abbottabad
ORD-006327,CUST-01080,2025-11-25,Completed,Rawalpindi
ORD-006328,CUST-01297,2025-11-25,Returned,Islamabad
ORD-006329,CUST-00029,2025-11-25,Completed,Hyderabad
ORD-006330,CUST-00129,2025-11-25,Completed,Sahiwal
ORD-006331,CUST-00008,2025-11-25,Pending,Lahore
ORD-006332,CUST-00983,2025-11-25,Returned,Lahore
ORD-006333,CUST-00442,2025-11-25,Completed,Lahore
ORD-006334,CUST-01116,2025-11-25,Completed,Lahore
ORD-006335,CUST-01329,2025-11-25,Returned,Multan
ORD-006336,CUST-01072,2025-11-25,Returned,Karachi
ORD-006337,CUST-00439,2025-11-26,Completed,Karachi
ORD-006338,CUST-00209,2025-11-26,Pending,Rawalpindi
ORD-006339,CUST-00851,2025-11-26,Completed,Lahore
ORD-006340,CUST-00605,2025-11-26,Completed,Karachi
ORD-006341,CUST-01355,2025-11-26,Pending,Lahore
ORD-006342,CUST-01409,2025-11-26,Pending,Islamabad
ORD-006343,CUST-00564,2025-11-26,Completed,Karachi
ORD-006344,CUST-01246,2025-11-26,Completed,Multan
ORD-006345,CUST-01078,2025-11-26,Completed,Bahawalpur
ORD-006346,CUST-01339,2025-11-26,Completed,Multan
ORD-006347,CUST-00648,2025-11-26,Completed,Gwadar
ORD-006348,CUST-00883,2025-11-26,Completed,Rahim Yar Khan
ORD-006349,CUST-00747,2025-11-26,Completed,Gujranwala
ORD-006350,CUST-01341,2025-11-26,Completed,Karachi
ORD-006351,CUST-00310,2025-11-26,Completed,Rawalpindi
ORD-006352,CUST-01207,2025-11-26,Completed,Lahore
ORD-006353,CUST-01342,2025-11-27,Completed,Rawalpindi
ORD-006354,CUST-01168,2025-11-27,Completed,Gujranwala
ORD-006355,CUST-00681,2025-11-27,Completed,Karachi
ORD-006356,CUST-00409,2025-11-27,Completed,Peshawar
ORD-006357,CUST-00960,2025-11-27,Completed,Lahore
ORD-006358,CUST-00588,2025-11-27,Completed,Rawalpindi
ORD-006359,CUST-00597,2025-11-27,Completed,Lahore
ORD-006360,CUST-01410,2025-11-27,Completed,Karachi
ORD-006361,CUST-01450,2025-11-27,Pending,Sahiwal
ORD-006362,CUST-00894,2025-11-27,Cancelled,Rawalpindi
ORD-006363,CUST-01320,2025-11-27,Completed,Karachi
ORD-006364,CUST-00256,2025-11-27,Completed,Karachi
ORD-006365,CUST-01372,2025-11-27,Completed,Karachi
ORD-006366,CUST-01325,2025-11-27,Completed,Karachi
ORD-006367,CUST-00306,2025-11-27,Pending,Sukkur
ORD-006368,CUST-00922,2025-11-27,Completed,Gujranwala
ORD-006369,CUST-00656,2025-11-27,Completed,Sialkot
ORD-006370,CUST-00077,2025-11-27,Pending,Faisalabad
ORD-006371,CUST-00434,2025-11-27,Completed,Lahore
ORD-006372,CUST-00929,2025-11-28,Completed,Lahore
ORD-006373,CUST-00030,2025-11-28,Completed,Rahim Yar Khan
ORD-006374,CUST-00084,2025-11-28,Completed,Rawalpindi
ORD-006375,CUST-00422,2025-11-28,Completed,Sialkot
ORD-006376,CUST-01284,2025-11-28,Completed,Sukkur
ORD-006377,CUST-01284,2025-11-28,Completed,Sukkur
ORD-006378,CUST-01155,2025-11-28,Returned,Sargodha
ORD-006379,CUST-01316,2025-11-28,Completed,Mardan
ORD-006380,CUST-01346,2025-11-28,Completed,Lahore
ORD-006381,CUST-00540,2025-11-28,Completed,Karachi
ORD-006382,CUST-00399,2025-11-28,Completed,Bahawalpur
ORD-006383,CUST-01216,2025-11-28,Completed,Sialkot
ORD-006384,CUST-01439,2025-11-28,Completed,Peshawar
ORD-006385,CUST-00944,2025-11-28,Completed,Karachi
ORD-006386,CUST-00199,2025-11-28,Completed,Karachi
ORD-006387,CUST-00884,2025-11-28,Returned,Sahiwal
ORD-006388,CUST-01387,2025-11-28,Completed,Rahim Yar Khan
ORD-006389,CUST-00609,2025-11-28,Completed,Peshawar
ORD-006390,CUST-00614,2025-11-28,Completed,Peshawar
ORD-006391,CUST-00152,2025-11-29,Completed,Gujranwala
ORD-006392,CUST-00884,2025-11-29,Completed,Sahiwal
ORD-006393,CUST-00110,2025-11-29,Returned,Karachi
ORD-006394,CUST-00571,2025-11-29,Returned,Sukkur
ORD-006395,CUST-00099,2025-11-29,Cancelled,Sukkur
ORD-006396,CUST-00969,2025-11-29,Completed,Sukkur
ORD-006397,CUST-00292,2025-11-29,Completed,Karachi
ORD-006398,CUST-01094,2025-11-29,Completed,Lahore
ORD-006399,CUST-00665,2025-11-29,Completed,Lahore
ORD-006400,CUST-00077,2025-11-29,Completed,Multan
ORD-006401,CUST-00630,2025-11-29,Completed,Karachi
ORD-006402,CUST-00111,2025-11-29,Completed,Mardan
ORD-006403,CUST-00216,2025-11-29,Completed,Sargodha
ORD-006404,CUST-01179,2025-11-29,Completed,Rawalpindi
ORD-006405,CUST-00600,2025-11-30,Completed,Islamabad
ORD-006406,CUST-00309,2025-11-30,Pending,Bahawalpur
ORD-006407,CUST-01071,2025-11-30,Completed,Karachi
ORD-006408,CUST-00256,2025-11-30,Cancelled,Karachi
ORD-006409,CUST-01482,2025-11-30,Cancelled,Mardan
ORD-006410,CUST-01054,2025-11-30,Completed,Karachi
ORD-006411,CUST-00210,2025-11-30,Completed,Abbottabad
ORD-006412,CUST-01256,2025-11-30,Completed,Karachi
ORD-006413,CUST-00401,2025-12-01,Completed,Peshawar
ORD-006414,CUST-00080,2025-12-01,Completed,Lahore
ORD-006415,CUST-01378,2025-12-01,Completed,Karachi
ORD-006416,CUST-01177,2025-12-01,Returned,Lahore
ORD-006417,CUST-00226,2025-12-01,Completed,Rawalpindi
ORD-006418,CUST-01043,2025-12-01,Pending,Faisalabad
ORD-006419,CUST-00330,2025-12-01,Completed,Rawalpindi
ORD-006420,CUST-01007,2025-12-01,Returned,Karachi
ORD-006421,CUST-00159,2025-12-01,Cancelled,Faisalabad
ORD-006422,CUST-00980,2025-12-01,Cancelled,Karachi
ORD-006423,CUST-00516,2025-12-01,Completed,Lahore
ORD-006424,CUST-00461,2025-12-01,Completed,Lahore
ORD-006425,CUST-00347,2025-12-01,Cancelled,Islamabad
ORD-006426,CUST-00167,2025-12-01,Completed,Peshawar
ORD-006427,CUST-01000,2025-12-01,Completed,Karachi
ORD-006428,CUST-01291,2025-12-01,Completed,Faisalabad
ORD-006429,CUST-00274,2025-12-01,Pending,Faisalabad
ORD-006430,CUST-00159,2025-12-02,Returned,Faisalabad
ORD-006431,CUST-00882,2025-12-02,Completed,Lahore
ORD-006432,CUST-00932,2025-12-02,Completed,Karachi
ORD-006433,CUST-00105,2025-12-02,Completed,Karachi
ORD-006434,CUST-00635,2025-12-02,Completed,Abbottabad
ORD-006435,CUST-00115,2025-12-02,Completed,Islamabad
ORD-006436,CUST-00487,2025-12-02,Completed,Sialkot
ORD-006437,CUST-00106,2025-12-02,Completed,Karachi
ORD-006438,CUST-01163,2025-12-02,Completed,Lahore
ORD-006439,CUST-00450,2025-12-02,Completed,Bahawalpur
ORD-006440,CUST-01094,2025-12-02,Completed,Lahore
ORD-006441,CUST-00461,2025-12-02,Pending,Multan
ORD-006442,CUST-01075,2025-12-02,Completed,Gujranwala
ORD-006443,CUST-00253,2025-12-02,Completed,Lahore
ORD-006444,CUST-01337,2025-12-02,Completed,Peshawar
ORD-006445,CUST-00059,2025-12-02,Pending,Gujranwala
ORD-006446,CUST-01240,2025-12-02,Completed,Lahore
ORD-006447,CUST-00002,2025-12-02,Completed,Islamabad
ORD-006448,CUST-00599,2025-12-02,Cancelled,Abbottabad
ORD-006449,CUST-00462,2025-12-02,Completed,Karachi
ORD-006450,CUST-01490,2025-12-03,Completed,Bahawalpur
ORD-006451,CUST-01044,2025-12-03,Completed,Lahore
ORD-006452,CUST-00644,2025-12-03,Completed,Rawalpindi
ORD-006453,CUST-01434,2025-12-03,Cancelled,Quetta
ORD-006454,CUST-00481,2025-12-03,Completed,Peshawar
ORD-006455,CUST-01032,2025-12-03,Returned,Rawalpindi
ORD-006456,CUST-01438,2025-12-03,Completed,Islamabad
ORD-006457,CUST-01255,2025-12-03,Completed,Lahore
ORD-006458,CUST-01270,2025-12-03,Completed,Peshawar
ORD-006459,CUST-01051,2025-12-03,Completed,Lahore
ORD-006460,CUST-00253,2025-12-03,Completed,Lahore
ORD-006461,CUST-01146,2025-12-03,Cancelled,Hyderabad
ORD-006462,CUST-00236,2025-12-03,Cancelled,Mardan
ORD-006463,CUST-00657,2025-12-03,Cancelled,Faisalabad
ORD-006464,CUST-00210,2025-12-03,Completed,Multan
ORD-006465,CUST-01051,2025-12-03,Completed,Lahore
ORD-006466,CUST-01294,2025-12-03,Pending,Sargodha
ORD-006467,CUST-01365,2025-12-03,Completed,Rawalpindi
ORD-006468,CUST-00338,2025-12-03,Completed,Islamabad
ORD-006469,CUST-00989,2025-12-03,Completed,Lahore
ORD-006470,CUST-00708,2025-12-03,Completed,Lahore
ORD-006471,CUST-00199,2025-12-03,Completed,Karachi
ORD-006472,CUST-00245,2025-12-03,Completed,Hyderabad
ORD-006473,CUST-00029,2025-12-03,Completed,Lahore
ORD-006474,CUST-00153,2025-12-04,Completed,Lahore
ORD-006475,CUST-00307,2025-12-04,Completed,Multan
ORD-006476,CUST-00290,2025-12-04,Pending,Lahore
ORD-006477,CUST-01089,2025-12-04,Completed,Rawalpindi
ORD-006478,CUST-00047,2025-12-04,Completed,Rawalpindi
ORD-006479,CUST-01425,2025-12-04,Completed,Karachi
ORD-006480,CUST-00181,2025-12-04,Completed,Islamabad
ORD-006481,CUST-01477,2025-12-04,Completed,Sahiwal
ORD-006482,CUST-01406,2025-12-04,Completed,Quetta
ORD-006483,CUST-01259,2025-12-04,Completed,Rawalpindi
ORD-006484,CUST-00513,2025-12-04,Completed,Karachi
ORD-006485,CUST-01280,2025-12-04,Completed,Rawalpindi
ORD-006486,CUST-00096,2025-12-04,Completed,Lahore
ORD-006487,CUST-00187,2025-12-04,Returned,Karachi
ORD-006488,CUST-01261,2025-12-04,Returned,Lahore
ORD-006489,CUST-00958,2025-12-04,Completed,Rahim Yar Khan
ORD-006490,CUST-00142,2025-12-04,Returned,Sialkot
ORD-006491,CUST-00734,2025-12-05,Completed,Lahore
ORD-006492,CUST-01447,2025-12-05,Completed,Karachi
ORD-006493,CUST-01042,2025-12-05,Completed,Lahore
ORD-006494,CUST-01058,2025-12-05,Completed,Sargodha
ORD-006495,CUST-01002,2025-12-05,Completed,Lahore
ORD-006496,CUST-00761,2025-12-05,Pending,Sahiwal
ORD-006497,CUST-00242,2025-12-05,Completed,Sialkot
ORD-006498,CUST-00915,2025-12-05,Completed,Gujranwala
ORD-006499,CUST-00634,2025-12-05,Completed,Rawalpindi
ORD-006500,CUST-00461,2025-12-05,Completed,Multan
ORD-006501,CUST-00634,2025-12-05,Completed,Rawalpindi
ORD-006502,CUST-01147,2025-12-05,Pending,Faisalabad
ORD-006503,CUST-00042,2025-12-05,Returned,Gujranwala
ORD-006504,CUST-00679,2025-12-05,Completed,Mirpur Khas
ORD-006505,CUST-01293,2025-12-05,Completed,Bahawalpur
ORD-006506,CUST-00943,2025-12-05,Completed,Hyderabad
ORD-006507,CUST-01272,2025-12-05,Completed,Islamabad
ORD-006508,CUST-00752,2025-12-05,Completed,Rawalpindi
ORD-006509,CUST-00619,2025-12-06,Completed,Rahim Yar Khan
ORD-006510,CUST-01426,2025-12-06,Completed,Karachi
ORD-006511,CUST-00653,2025-12-06,Completed,Quetta
ORD-006512,CUST-00737,2025-12-06,Completed,Karachi
ORD-006513,CUST-01440,2025-12-06,Returned,Lahore
ORD-006514,CUST-01337,2025-12-06,Cancelled,Peshawar
ORD-006515,CUST-00278,2025-12-06,Completed,Karachi
ORD-006516,CUST-01455,2025-12-06,Completed,Rawalpindi
ORD-006517,CUST-00870,2025-12-06,Returned,Lahore
ORD-006518,CUST-00844,2025-12-06,Completed,Karachi
ORD-006519,CUST-01071,2025-12-06,Completed,Karachi
ORD-006520,CUST-00057,2025-12-06,Pending,Lahore
ORD-006521,CUST-00400,2025-12-06,Completed,Sargodha
ORD-006522,CUST-00699,2025-12-06,Completed,Karachi
ORD-006523,CUST-00263,2025-12-06,Completed,Abbottabad
ORD-006524,CUST-00905,2025-12-06,Completed,Lahore
ORD-006525,CUST-01492,2025-12-06,Cancelled,Karachi
ORD-006526,CUST-00836,2025-12-06,Completed,Lahore
ORD-006527,CUST-00839,2025-12-06,Returned,Faisalabad
ORD-006528,CUST-00640,2025-12-06,Cancelled,Islamabad
ORD-006529,CUST-00791,2025-12-06,Returned,Rawalpindi
ORD-006530,CUST-00989,2025-12-07,Pending,Lahore
ORD-006531,CUST-00314,2025-12-07,Completed,Sialkot
ORD-006532,CUST-01445,2025-12-07,Completed,Faisalabad
ORD-006533,CUST-00281,2025-12-07,Completed,Sukkur
ORD-006534,CUST-00153,2025-12-07,Returned,Lahore
ORD-006535,CUST-00856,2025-12-07,Completed,Karachi
ORD-006536,CUST-01423,2025-12-07,Cancelled,Karachi
ORD-006537,CUST-00559,2025-12-08,Completed,Karachi
ORD-006538,CUST-00648,2025-12-08,Cancelled,Gwadar
ORD-006539,CUST-00612,2025-12-08,Completed,Sargodha
ORD-006540,CUST-01282,2025-12-08,Completed,Islamabad
ORD-006541,CUST-01443,2025-12-08,Completed,Gwadar
ORD-006542,CUST-00840,2025-12-08,Completed,Peshawar
ORD-006543,CUST-00981,2025-12-08,Completed,Faisalabad
ORD-006544,CUST-00397,2025-12-08,Completed,Peshawar
ORD-006545,CUST-00292,2025-12-08,Returned,Karachi
ORD-006546,CUST-01049,2025-12-08,Completed,Multan
ORD-006547,CUST-00490,2025-12-08,Completed,Karachi
ORD-006548,CUST-01294,2025-12-08,Completed,Sargodha
ORD-006549,CUST-00266,2025-12-08,Completed,Lahore
ORD-006550,CUST-00654,2025-12-08,Completed,Karachi
ORD-006551,CUST-01154,2025-12-08,Completed,Lahore
ORD-006552,CUST-00898,2025-12-08,Completed,Karachi
ORD-006553,CUST-00319,2025-12-09,Completed,Sukkur
ORD-006554,CUST-01156,2025-12-09,Pending,Lahore
ORD-006555,CUST-00643,2025-12-09,Cancelled,Karachi
ORD-006556,CUST-00816,2025-12-09,Completed,Lahore
ORD-006557,CUST-00819,2025-12-09,Returned,Karachi
ORD-006558,CUST-01320,2025-12-09,Completed,Karachi
ORD-006559,CUST-01317,2025-12-09,Completed,Lahore
ORD-006560,CUST-00679,2025-12-09,Completed,Mirpur Khas
ORD-006561,CUST-00316,2025-12-09,Cancelled,Karachi
ORD-006562,CUST-01255,2025-12-09,Completed,Lahore
ORD-006563,CUST-00868,2025-12-09,Completed,Lahore
ORD-006564,CUST-01478,2025-12-09,Completed,Sahiwal
ORD-006565,CUST-00845,2025-12-09,Completed,Karachi
ORD-006566,CUST-00184,2025-12-09,Pending,Rawalpindi
ORD-006567,CUST-00612,2025-12-09,Completed,Sargodha
ORD-006568,CUST-00843,2025-12-09,Completed,Sialkot
ORD-006569,CUST-01335,2025-12-09,Returned,Lahore
ORD-006570,CUST-00503,2025-12-09,Completed,Rawalpindi
ORD-006571,CUST-00238,2025-12-10,Completed,Bahawalpur
ORD-006572,CUST-01457,2025-12-10,Completed,Mardan
ORD-006573,CUST-00546,2025-12-10,Completed,Rawalpindi
ORD-006574,CUST-01255,2025-12-10,Completed,Lahore
ORD-006575,CUST-00275,2025-12-10,Cancelled,Karachi
ORD-006576,CUST-00199,2025-12-10,Completed,Karachi
ORD-006577,CUST-01412,2025-12-10,Completed,Islamabad
ORD-006578,CUST-00064,2025-12-10,Completed,Gujranwala
ORD-006579,CUST-01111,2025-12-10,Completed,Karachi
ORD-006580,CUST-00474,2025-12-10,Completed,Bahawalpur
ORD-006581,CUST-00920,2025-12-10,Completed,Faisalabad
ORD-006582,CUST-01089,2025-12-10,Returned,Faisalabad
ORD-006583,CUST-00404,2025-12-10,Completed,Sialkot
ORD-006584,CUST-01437,2025-12-10,Pending,Karachi
ORD-006585,CUST-00368,2025-12-10,Completed,Islamabad
ORD-006586,CUST-00780,2025-12-10,Cancelled,Faisalabad
ORD-006587,CUST-01383,2025-12-11,Completed,Lahore
ORD-006588,CUST-01437,2025-12-11,Completed,Islamabad
ORD-006589,CUST-00965,2025-12-11,Completed,Karachi
ORD-006590,CUST-00549,2025-12-11,Completed,Sargodha
ORD-006591,CUST-00713,2025-12-11,Completed,Bahawalpur
ORD-006592,CUST-01243,2025-12-11,Completed,Quetta
ORD-006593,CUST-00980,2025-12-11,Completed,Karachi
ORD-006594,CUST-01288,2025-12-11,Completed,Bahawalpur
ORD-006595,CUST-01263,2025-12-11,Completed,Mardan
ORD-006596,CUST-00393,2025-12-11,Cancelled,Sargodha
ORD-006597,CUST-00702,2025-12-11,Completed,Bahawalpur
ORD-006598,CUST-00924,2025-12-11,Returned,Peshawar
ORD-006599,CUST-00622,2025-12-11,Pending,Quetta
ORD-006600,CUST-01266,2025-12-11,Completed,Lahore
ORD-006601,CUST-00393,2025-12-11,Completed,Sargodha
ORD-006602,CUST-00531,2025-12-11,Completed,Lahore
ORD-006603,CUST-00819,2025-12-11,Cancelled,Karachi
ORD-006604,CUST-00347,2025-12-11,Completed,Islamabad
ORD-006605,CUST-01220,2025-12-11,Completed,Lahore
ORD-006606,CUST-00570,2025-12-11,Completed,Abbottabad
ORD-006607,CUST-00196,2025-12-11,Returned,Peshawar
ORD-006608,CUST-00829,2025-12-12,Pending,Sukkur
ORD-006609,CUST-00989,2025-12-12,Completed,Lahore
ORD-006610,CUST-00984,2025-12-12,Completed,Sukkur
ORD-006611,CUST-00049,2025-12-12,Completed,Lahore
ORD-006612,CUST-01009,2025-12-12,Completed,Lahore
ORD-006613,CUST-00216,2025-12-12,Completed,Rahim Yar Khan
ORD-006614,CUST-00944,2025-12-12,Completed,Karachi
ORD-006615,CUST-00279,2025-12-12,Completed,Rawalpindi
ORD-006616,CUST-01108,2025-12-12,Completed,Lahore
ORD-006617,CUST-00688,2025-12-12,Completed,Gujranwala
ORD-006618,CUST-00657,2025-12-12,Completed,Faisalabad
ORD-006619,CUST-00532,2025-12-12,Completed,Karachi
ORD-006620,CUST-00367,2025-12-12,Completed,Gujranwala
ORD-006621,CUST-00473,2025-12-12,Returned,Islamabad
ORD-006622,CUST-00615,2025-12-12,Completed,Mirpur Khas
ORD-006623,CUST-01040,2025-12-12,Completed,Rawalpindi
ORD-006624,CUST-00708,2025-12-13,Cancelled,Lahore
ORD-006625,CUST-00362,2025-12-13,Completed,Gujranwala
ORD-006626,CUST-00292,2025-12-13,Completed,Gujranwala
ORD-006627,CUST-00319,2025-12-13,Completed,Sukkur
ORD-006628,CUST-00076,2025-12-13,Completed,Karachi
ORD-006629,CUST-00023,2025-12-13,Completed,Lahore
ORD-006630,CUST-00108,2025-12-13,Completed,Faisalabad
ORD-006631,CUST-00797,2025-12-13,Completed,Karachi
ORD-006632,CUST-01015,2025-12-13,Completed,Rawalpindi
ORD-006633,CUST-00055,2025-12-13,Pending,Lahore
ORD-006634,CUST-00558,2025-12-13,Completed,Rawalpindi
ORD-006635,CUST-00688,2025-12-13,Completed,Karachi
ORD-006636,CUST-00488,2025-12-13,Completed,Islamabad
ORD-006637,CUST-00084,2025-12-13,Completed,Rawalpindi
ORD-006638,CUST-00262,2025-12-13,Completed,Lahore
ORD-006639,CUST-00508,2025-12-13,Completed,Karachi
ORD-006640,CUST-01437,2025-12-14,Completed,Islamabad
ORD-006641,CUST-00846,2025-12-14,Completed,Lahore
ORD-006642,CUST-01002,2025-12-14,Returned,Lahore
ORD-006643,CUST-01370,2025-12-14,Pending,Karachi
ORD-006644,CUST-01002,2025-12-14,Completed,Peshawar
ORD-006645,CUST-01189,2025-12-14,Completed,Islamabad
ORD-006646,CUST-01239,2025-12-14,Completed,Lahore
ORD-006647,CUST-01318,2025-12-14,Completed,Peshawar
ORD-006648,CUST-00532,2025-12-15,Returned,Karachi
ORD-006649,CUST-00476,2025-12-15,Returned,Karachi
ORD-006650,CUST-01169,2025-12-15,Returned,Lahore
ORD-006651,CUST-01372,2025-12-15,Cancelled,Karachi
ORD-006652,CUST-01265,2025-12-15,Completed,Karachi
ORD-006653,CUST-00008,2025-12-15,Completed,Lahore
ORD-006654,CUST-00732,2025-12-15,Completed,Sialkot
ORD-006655,CUST-00216,2025-12-15,Completed,Sargodha
ORD-006656,CUST-01106,2025-12-15,Completed,Lahore
ORD-006657,CUST-01495,2025-12-15,Completed,Faisalabad
ORD-006658,CUST-00902,2025-12-15,Pending,Lahore
ORD-006659,CUST-00571,2025-12-15,Completed,Karachi
ORD-006660,CUST-01356,2025-12-15,Completed,Lahore
ORD-006661,CUST-00259,2025-12-16,Completed,Sialkot
ORD-006662,CUST-00459,2025-12-16,Completed,Lahore
ORD-006663,CUST-00122,2025-12-16,Cancelled,Karachi
ORD-006664,CUST-01487,2025-12-16,Completed,Karachi
ORD-006665,CUST-00634,2025-12-16,Cancelled,Rawalpindi
ORD-006666,CUST-00335,2025-12-16,Completed,Karachi
ORD-006667,CUST-00203,2025-12-16,Completed,Karachi
ORD-006668,CUST-00904,2025-12-16,Pending,Multan
ORD-006669,CUST-00344,2025-12-16,Cancelled,Islamabad
ORD-006670,CUST-00073,2025-12-16,Completed,Quetta
ORD-006671,CUST-00839,2025-12-16,Completed,Faisalabad
ORD-006672,CUST-00588,2025-12-16,Completed,Peshawar
ORD-006673,CUST-01484,2025-12-16,Completed,Lahore
ORD-006674,CUST-01227,2025-12-16,Completed,Gwadar
ORD-006675,CUST-00266,2025-12-16,Returned,Lahore
ORD-006676,CUST-00844,2025-12-17,Completed,Karachi
ORD-006677,CUST-00020,2025-12-17,Pending,Bahawalpur
ORD-006678,CUST-00069,2025-12-17,Completed,Faisalabad
ORD-006679,CUST-00259,2025-12-17,Completed,Sialkot
ORD-006680,CUST-00743,2025-12-17,Returned,Rawalpindi
ORD-006681,CUST-01352,2025-12-17,Completed,Karachi
ORD-006682,CUST-01370,2025-12-17,Completed,Karachi
ORD-006683,CUST-00939,2025-12-17,Completed,Lahore
ORD-006684,CUST-00786,2025-12-17,Completed,Islamabad
ORD-006685,CUST-00497,2025-12-17,Completed,Lahore
ORD-006686,CUST-01290,2025-12-17,Completed,Rawalpindi
ORD-006687,CUST-00822,2025-12-17,Completed,Lahore
ORD-006688,CUST-00734,2025-12-17,Completed,Lahore
ORD-006689,CUST-00287,2025-12-17,Returned,Rawalpindi
ORD-006690,CUST-00108,2025-12-17,Completed,Karachi
ORD-006691,CUST-01235,2025-12-17,Pending,Rawalpindi
ORD-006692,CUST-00635,2025-12-17,Returned,Abbottabad
ORD-006693,CUST-01147,2025-12-17,Completed,Lahore
ORD-006694,CUST-01179,2025-12-17,Completed,Islamabad
ORD-006695,CUST-01099,2025-12-17,Completed,Karachi
ORD-006696,CUST-00254,2025-12-17,Completed,Faisalabad
ORD-006697,CUST-00984,2025-12-18,Completed,Sukkur
ORD-006698,CUST-01152,2025-12-18,Completed,Multan
ORD-006699,CUST-01168,2025-12-18,Cancelled,Gujranwala
ORD-006700,CUST-00691,2025-12-18,Cancelled,Karachi
ORD-006701,CUST-00221,2025-12-18,Completed,Karachi
ORD-006702,CUST-01412,2025-12-18,Completed,Islamabad
ORD-006703,CUST-01150,2025-12-18,Completed,Bahawalpur
ORD-006704,CUST-00926,2025-12-18,Completed,Karachi
ORD-006705,CUST-00102,2025-12-18,Pending,Islamabad
ORD-006706,CUST-00274,2025-12-18,Completed,Faisalabad
ORD-006707,CUST-00225,2025-12-18,Completed,Lahore
ORD-006708,CUST-00834,2025-12-18,Completed,Lahore
ORD-006709,CUST-00314,2025-12-18,Completed,Sialkot
ORD-006710,CUST-01071,2025-12-18,Completed,Lahore
ORD-006711,CUST-00903,2025-12-18,Completed,Lahore
ORD-006712,CUST-01061,2025-12-18,Completed,Islamabad
ORD-006713,CUST-01327,2025-12-18,Pending,Abbottabad
ORD-006714,CUST-01410,2025-12-19,Pending,Karachi
ORD-006715,CUST-00440,2025-12-19,Completed,Bahawalpur
ORD-006716,CUST-01338,2025-12-19,Completed,Karachi
ORD-006717,CUST-00654,2025-12-19,Completed,Karachi
ORD-006718,CUST-00355,2025-12-19,Completed,Karachi
ORD-006719,CUST-00677,2025-12-19,Returned,Karachi
ORD-006720,CUST-00007,2025-12-19,Completed,Lahore
ORD-006721,CUST-00450,2025-12-19,Returned,Lahore
ORD-006722,CUST-01282,2025-12-19,Completed,Islamabad
ORD-006723,CUST-00166,2025-12-19,Completed,Lahore
ORD-006724,CUST-00881,2025-12-19,Completed,Sukkur
ORD-006725,CUST-00214,2025-12-19,Completed,Islamabad
ORD-006726,CUST-01395,2025-12-19,Completed,Islamabad
ORD-006727,CUST-01128,2025-12-19,Completed,Lahore
ORD-006728,CUST-00451,2025-12-19,Completed,Faisalabad
ORD-006729,CUST-00849,2025-12-19,Completed,Islamabad
ORD-006730,CUST-00435,2025-12-19,Completed,Islamabad
ORD-006731,CUST-00922,2025-12-19,Completed,Gujranwala
ORD-006732,CUST-01484,2025-12-19,Completed,Lahore
ORD-006733,CUST-00040,2025-12-19,Completed,Islamabad
ORD-006734,CUST-00832,2025-12-19,Completed,Abbottabad
ORD-006735,CUST-00704,2025-12-19,Completed,Lahore
ORD-006736,CUST-01033,2025-12-20,Pending,Faisalabad
ORD-006737,CUST-00266,2025-12-20,Completed,Faisalabad
ORD-006738,CUST-00478,2025-12-20,Completed,Hyderabad
ORD-006739,CUST-00697,2025-12-20,Completed,Lahore
ORD-006740,CUST-01015,2025-12-20,Completed,Rawalpindi
ORD-006741,CUST-01197,2025-12-20,Completed,Multan
ORD-006742,CUST-00647,2025-12-20,Cancelled,Faisalabad
ORD-006743,CUST-00710,2025-12-20,Completed,Gwadar
ORD-006744,CUST-00683,2025-12-20,Completed,Lahore
ORD-006745,CUST-00251,2025-12-20,Completed,Bahawalpur
ORD-006746,CUST-00067,2025-12-20,Completed,Rawalpindi
ORD-006747,CUST-00789,2025-12-20,Completed,Faisalabad
ORD-006748,CUST-00337,2025-12-20,Completed,Quetta
ORD-006749,CUST-00794,2025-12-20,Pending,Lahore
ORD-006750,CUST-00862,2025-12-20,Completed,Multan
ORD-006751,CUST-00915,2025-12-20,Completed,Gujranwala
ORD-006752,CUST-01298,2025-12-20,Completed,Faisalabad
ORD-006753,CUST-00433,2025-12-20,Completed,Lahore
ORD-006754,CUST-00863,2025-12-20,Completed,Faisalabad
ORD-006755,CUST-01151,2025-12-20,Completed,Peshawar
ORD-006756,CUST-00963,2025-12-20,Completed,Lahore
ORD-006757,CUST-00604,2025-12-20,Completed,Karachi
ORD-006758,CUST-01378,2025-12-20,Completed,Karachi
ORD-006759,CUST-00837,2025-12-20,Completed,Lahore
ORD-006760,CUST-00776,2025-12-20,Completed,Hyderabad
ORD-006761,CUST-01390,2025-12-20,Completed,Islamabad
ORD-006762,CUST-00866,2025-12-21,Cancelled,Faisalabad
ORD-006763,CUST-00475,2025-12-21,Completed,Bahawalpur
ORD-006764,CUST-00531,2025-12-21,Completed,Lahore
ORD-006765,CUST-00441,2025-12-21,Completed,Multan
ORD-006766,CUST-01156,2025-12-21,Completed,Karachi
ORD-006767,CUST-01204,2025-12-21,Completed,Faisalabad
ORD-006768,CUST-01405,2025-12-21,Completed,Islamabad
ORD-006769,CUST-00461,2025-12-21,Completed,Multan
ORD-006770,CUST-00045,2025-12-21,Cancelled,Karachi
ORD-006771,CUST-01402,2025-12-21,Completed,Rawalpindi
ORD-006772,CUST-00442,2025-12-21,Pending,Lahore
ORD-006773,CUST-01301,2025-12-21,Completed,Mirpur Khas
ORD-006774,CUST-01281,2025-12-21,Completed,Quetta
ORD-006775,CUST-01178,2025-12-21,Completed,Karachi
ORD-006776,CUST-01196,2025-12-21,Completed,Lahore
ORD-006777,CUST-00995,2025-12-22,Cancelled,Karachi
ORD-006778,CUST-00284,2025-12-22,Completed,Karachi
ORD-006779,CUST-01349,2025-12-22,Completed,Faisalabad
ORD-006780,CUST-00045,2025-12-22,Completed,Karachi
ORD-006781,CUST-01224,2025-12-22,Completed,Peshawar
ORD-006782,CUST-00211,2025-12-22,Pending,Lahore
ORD-006783,CUST-00212,2025-12-22,Cancelled,Karachi
ORD-006784,CUST-01239,2025-12-22,Completed,Lahore
ORD-006785,CUST-00909,2025-12-22,Completed,Quetta
ORD-006786,CUST-00654,2025-12-22,Completed,Mirpur Khas
ORD-006787,CUST-01117,2025-12-22,Cancelled,Islamabad
ORD-006788,CUST-01339,2025-12-22,Completed,Multan
ORD-006789,CUST-01168,2025-12-22,Returned,Gujranwala
ORD-006790,CUST-00642,2025-12-22,Cancelled,Rawalpindi
ORD-006791,CUST-00907,2025-12-22,Completed,Lahore
ORD-006792,CUST-01093,2025-12-22,Completed,Lahore
ORD-006793,CUST-00399,2025-12-22,Completed,Bahawalpur
ORD-006794,CUST-01011,2025-12-22,Completed,Sukkur
ORD-006795,CUST-01166,2025-12-23,Returned,Gujranwala
ORD-006796,CUST-00894,2025-12-23,Returned,Rawalpindi
ORD-006797,CUST-00651,2025-12-23,Completed,Karachi
ORD-006798,CUST-01051,2025-12-23,Completed,Lahore
ORD-006799,CUST-00658,2025-12-23,Completed,Lahore
ORD-006800,CUST-00732,2025-12-23,Completed,Sialkot
ORD-006801,CUST-00414,2025-12-23,Completed,Lahore
ORD-006802,CUST-01064,2025-12-23,Completed,Lahore
ORD-006803,CUST-00199,2025-12-23,Completed,Islamabad
ORD-006804,CUST-00919,2025-12-23,Completed,Lahore
ORD-006805,CUST-01453,2025-12-23,Completed,Quetta
ORD-006806,CUST-01098,2025-12-23,Completed,Mardan
ORD-006807,CUST-00289,2025-12-23,Completed,Karachi
ORD-006808,CUST-01321,2025-12-23,Completed,Islamabad
ORD-006809,CUST-01245,2025-12-23,Returned,Rawalpindi
ORD-006810,CUST-01229,2025-12-23,Cancelled,Karachi
ORD-006811,CUST-00490,2025-12-24,Completed,Lahore
ORD-006812,CUST-00871,2025-12-24,Completed,Multan
ORD-006813,CUST-00803,2025-12-24,Cancelled,Sargodha
ORD-006814,CUST-01317,2025-12-24,Completed,Lahore
ORD-006815,CUST-00442,2025-12-24,Completed,Lahore
ORD-006816,CUST-00242,2025-12-24,Completed,Sialkot
ORD-006817,CUST-01261,2025-12-24,Completed,Lahore
ORD-006818,CUST-01448,2025-12-24,Completed,Karachi
ORD-006819,CUST-00192,2025-12-24,Completed,Mirpur Khas
ORD-006820,CUST-00879,2025-12-24,Returned,Lahore
ORD-006821,CUST-01410,2025-12-24,Completed,Islamabad
ORD-006822,CUST-00741,2025-12-25,Completed,Karachi
ORD-006823,CUST-00626,2025-12-25,Pending,Islamabad
ORD-006824,CUST-00752,2025-12-25,Completed,Rawalpindi
ORD-006825,CUST-01008,2025-12-25,Completed,Multan
ORD-006826,CUST-00740,2025-12-25,Completed,Hyderabad
ORD-006827,CUST-00271,2025-12-25,Completed,Rawalpindi
ORD-006828,CUST-00410,2025-12-25,Returned,Lahore
ORD-006829,CUST-00096,2025-12-25,Completed,Faisalabad
ORD-006830,CUST-00331,2025-12-25,Completed,Lahore
ORD-006831,CUST-01051,2025-12-25,Completed,Rawalpindi
ORD-006832,CUST-01248,2025-12-25,Completed,Karachi
ORD-006833,CUST-00491,2025-12-25,Completed,Islamabad
ORD-006834,CUST-00249,2025-12-25,Completed,Islamabad
ORD-006835,CUST-01383,2025-12-25,Completed,Lahore
ORD-006836,CUST-01356,2025-12-25,Completed,Lahore
ORD-006837,CUST-00660,2025-12-25,Completed,Islamabad
ORD-006838,CUST-01102,2025-12-26,Completed,Lahore
ORD-006839,CUST-01325,2025-12-26,Pending,Karachi
ORD-006840,CUST-00929,2025-12-26,Completed,Karachi
ORD-006841,CUST-00696,2025-12-26,Completed,Lahore
ORD-006842,CUST-01423,2025-12-26,Completed,Rawalpindi
ORD-006843,CUST-00790,2025-12-26,Completed,Multan
ORD-006844,CUST-00299,2025-12-26,Completed,Multan
ORD-006845,CUST-00210,2025-12-26,Completed,Multan
ORD-006846,CUST-00171,2025-12-26,Returned,Lahore
ORD-006847,CUST-00662,2025-12-26,Completed,Lahore
ORD-006848,CUST-01026,2025-12-26,Completed,Mardan
ORD-006849,CUST-01380,2025-12-26,Pending,Multan
ORD-006850,CUST-01492,2025-12-26,Pending,Karachi
ORD-006851,CUST-01093,2025-12-26,Completed,Karachi
ORD-006852,CUST-01288,2025-12-26,Completed,Bahawalpur
ORD-006853,CUST-00629,2025-12-27,Completed,Bahawalpur
ORD-006854,CUST-00751,2025-12-27,Completed,Quetta
ORD-006855,CUST-01490,2025-12-27,Completed,Lahore
ORD-006856,CUST-00946,2025-12-27,Completed,Peshawar
ORD-006857,CUST-00216,2025-12-27,Cancelled,Sargodha
ORD-006858,CUST-01451,2025-12-27,Returned,Quetta
ORD-006859,CUST-00290,2025-12-27,Completed,Sukkur
ORD-006860,CUST-00970,2025-12-27,Completed,Lahore
ORD-006861,CUST-01145,2025-12-27,Completed,Karachi
ORD-006862,CUST-00181,2025-12-27,Pending,Sahiwal
ORD-006863,CUST-00933,2025-12-27,Completed,Islamabad
ORD-006864,CUST-00542,2025-12-27,Completed,Rawalpindi
ORD-006865,CUST-00529,2025-12-27,Completed,Peshawar
ORD-006866,CUST-00758,2025-12-27,Completed,Faisalabad
ORD-006867,CUST-00143,2025-12-27,Completed,Hyderabad
ORD-006868,CUST-00996,2025-12-27,Cancelled,Bahawalpur
ORD-006869,CUST-01250,2025-12-27,Completed,Lahore
ORD-006870,CUST-00132,2025-12-27,Cancelled,Rawalpindi
ORD-006871,CUST-00067,2025-12-27,Completed,Rawalpindi
ORD-006872,CUST-01324,2025-12-28,Completed,Islamabad
ORD-006873,CUST-01120,2025-12-28,Completed,Lahore
ORD-006874,CUST-00097,2025-12-28,Completed,Lahore
ORD-006875,CUST-00864,2025-12-28,Completed,Karachi
ORD-006876,CUST-00537,2025-12-28,Returned,Abbottabad
ORD-006877,CUST-01437,2025-12-28,Completed,Karachi
ORD-006878,CUST-01184,2025-12-28,Cancelled,Lahore
ORD-006879,CUST-00459,2025-12-28,Completed,Lahore
ORD-006880,CUST-01274,2025-12-28,Completed,Islamabad
ORD-006881,CUST-00727,2025-12-28,Completed,Faisalabad
ORD-006882,CUST-01424,2025-12-28,Completed,Lahore
ORD-006883,CUST-00172,2025-12-28,Cancelled,Islamabad
ORD-006884,CUST-00140,2025-12-28,Returned,Sahiwal
ORD-006885,CUST-00840,2025-12-28,Completed,Peshawar
ORD-006886,CUST-01050,2025-12-29,Completed,Gujranwala
ORD-006887,CUST-01071,2025-12-29,Completed,Rawalpindi
ORD-006888,CUST-01114,2025-12-29,Completed,Karachi
ORD-006889,CUST-00989,2025-12-29,Completed,Lahore
ORD-006890,CUST-00966,2025-12-29,Completed,Karachi
ORD-006891,CUST-01045,2025-12-29,Completed,Faisalabad
ORD-006892,CUST-01250,2025-12-29,Pending,Lahore
ORD-006893,CUST-01458,2025-12-29,Completed,Faisalabad
ORD-006894,CUST-01080,2025-12-29,Completed,Islamabad
ORD-006895,CUST-01167,2025-12-30,Completed,Bahawalpur
ORD-006896,CUST-00159,2025-12-30,Completed,Faisalabad
ORD-006897,CUST-00944,2025-12-30,Completed,Karachi
ORD-006898,CUST-00944,2025-12-30,Cancelled,Karachi
ORD-006899,CUST-01386,2025-12-30,Completed,Faisalabad
ORD-006900,CUST-01100,2025-12-30,Completed,Rawalpindi
ORD-006901,CUST-00122,2025-12-30,Completed,Multan
ORD-006902,CUST-00810,2025-12-30,Completed,Peshawar
ORD-006903,CUST-00334,2025-12-30,Cancelled,Karachi
ORD-006904,CUST-00228,2025-12-30,Completed,Peshawar
ORD-006905,CUST-00378,2025-12-30,Completed,Peshawar
ORD-006906,CUST-00591,2025-12-30,Completed,Quetta
ORD-006907,CUST-01413,2025-12-30,Pending,Hyderabad
ORD-006908,CUST-01423,2025-12-30,Completed,Karachi
ORD-006909,CUST-01013,2025-12-30,Completed,Islamabad
ORD-006910,CUST-01226,2025-12-30,Completed,Karachi
ORD-006911,CUST-00289,2025-12-30,Pending,Karachi
ORD-006912,CUST-00882,2025-12-30,Completed,Lahore
ORD-006913,CUST-00902,2025-12-30,Cancelled,Lahore
ORD-006914,CUST-00846,2025-12-30,Completed,Lahore
ORD-006915,CUST-00975,2025-12-30,Completed,Rahim Yar Khan
ORD-006916,CUST-00399,2025-12-30,Completed,Bahawalpur
ORD-006917,CUST-01393,2025-12-30,Completed,Peshawar
ORD-006918,CUST-00084,2025-12-30,Pending,Rawalpindi
ORD-006919,CUST-00697,2025-12-31,Returned,Islamabad
ORD-006920,CUST-01038,2025-12-31,Completed,Faisalabad
ORD-006921,CUST-00267,2025-12-31,Pending,Faisalabad
ORD-006922,CUST-00021,2025-12-31,Pending,Abbottabad
ORD-006923,CUST-00570,2025-12-31,Completed,Gujranwala
ORD-006924,CUST-00004,2025-12-31,Completed,Sargodha
ORD-006925,CUST-00474,2025-12-31,Pending,Karachi
ORD-006926,CUST-01085,2025-12-31,Completed,Sukkur
ORD-006927,CUST-00129,2025-12-31,Completed,Sahiwal
ORD-006928,CUST-00004,2025-12-31,Completed,Sargodha
ORD-006929,CUST-01356,2025-12-31,Completed,Lahore
ORD-006930,CUST-01194,2025-12-31,Completed,Karachi
ORD-006931,CUST-01020,2026-01-01,Completed,Karachi
ORD-006932,CUST-00228,2026-01-01,Pending,Peshawar
ORD-006933,CUST-00584,2026-01-01,Completed,Rawalpindi
ORD-006934,CUST-00690,2026-01-01,Completed,Gujranwala
ORD-006935,CUST-01026,2026-01-01,Pending,Mardan
ORD-006936,CUST-00605,2026-01-01,Returned,Karachi
ORD-006937,CUST-00617,2026-01-01,Completed,Lahore
ORD-006938,CUST-00937,2026-01-01,Completed,Abbottabad
ORD-006939,CUST-00503,2026-01-01,Completed,Rawalpindi
ORD-006940,CUST-01347,2026-01-01,Completed,Lahore
ORD-006941,CUST-00087,2026-01-01,Completed,Lahore
ORD-006942,CUST-00959,2026-01-01,Completed,Rawalpindi
ORD-006943,CUST-00635,2026-01-01,Completed,Abbottabad
ORD-006944,CUST-00822,2026-01-01,Completed,Lahore
ORD-006945,CUST-00377,2026-01-01,Completed,Karachi
ORD-006946,CUST-00255,2026-01-01,Completed,Quetta
ORD-006947,CUST-00264,2026-01-01,Pending,Peshawar
ORD-006948,CUST-00625,2026-01-02,Completed,Islamabad
ORD-006949,CUST-01301,2026-01-02,Completed,Mirpur Khas
ORD-006950,CUST-00774,2026-01-02,Completed,Peshawar
ORD-006951,CUST-00923,2026-01-02,Completed,Karachi
ORD-006952,CUST-01211,2026-01-02,Completed,Quetta
ORD-006953,CUST-01152,2026-01-02,Completed,Gujranwala
ORD-006954,CUST-00514,2026-01-02,Cancelled,Peshawar
ORD-006955,CUST-00553,2026-01-02,Returned,Faisalabad
ORD-006956,CUST-00788,2026-01-02,Completed,Hyderabad
ORD-006957,CUST-01106,2026-01-02,Completed,Lahore
ORD-006958,CUST-00032,2026-01-02,Completed,Rawalpindi
ORD-006959,CUST-00330,2026-01-02,Cancelled,Rawalpindi
ORD-006960,CUST-00292,2026-01-03,Completed,Lahore
ORD-006961,CUST-00832,2026-01-03,Completed,Abbottabad
ORD-006962,CUST-01020,2026-01-03,Completed,Karachi
ORD-006963,CUST-01235,2026-01-03,Completed,Rawalpindi
ORD-006964,CUST-00014,2026-01-03,Pending,Mirpur Khas
ORD-006965,CUST-00248,2026-01-03,Cancelled,Islamabad
ORD-006966,CUST-00843,2026-01-03,Completed,Sialkot
ORD-006967,CUST-00966,2026-01-03,Completed,Karachi
ORD-006968,CUST-00297,2026-01-03,Pending,Lahore
ORD-006969,CUST-00903,2026-01-03,Completed,Lahore
ORD-006970,CUST-00503,2026-01-04,Returned,Rawalpindi
ORD-006971,CUST-00964,2026-01-04,Completed,Lahore
ORD-006972,CUST-00091,2026-01-04,Completed,Gujranwala
ORD-006973,CUST-00618,2026-01-04,Returned,Faisalabad
ORD-006974,CUST-00651,2026-01-04,Pending,Karachi
ORD-006975,CUST-01391,2026-01-04,Pending,Lahore
ORD-006976,CUST-00518,2026-01-04,Completed,Karachi
ORD-006977,CUST-00712,2026-01-05,Completed,Gujranwala
ORD-006978,CUST-01229,2026-01-05,Completed,Karachi
ORD-006979,CUST-00626,2026-01-05,Pending,Islamabad
ORD-006980,CUST-00621,2026-01-05,Completed,Peshawar
ORD-006981,CUST-01425,2026-01-05,Cancelled,Multan
ORD-006982,CUST-00521,2026-01-05,Completed,Sargodha
ORD-006983,CUST-00329,2026-01-05,Completed,Multan
ORD-006984,CUST-01036,2026-01-05,Completed,Karachi
ORD-006985,CUST-00020,2026-01-05,Completed,Lahore
ORD-006986,CUST-00134,2026-01-05,Completed,Karachi
ORD-006987,CUST-01030,2026-01-05,Completed,Lahore
ORD-006988,CUST-01114,2026-01-05,Completed,Karachi
ORD-006989,CUST-00850,2026-01-06,Completed,Quetta
ORD-006990,CUST-00459,2026-01-06,Completed,Lahore
ORD-006991,CUST-00941,2026-01-06,Pending,Mirpur Khas
ORD-006992,CUST-00629,2026-01-06,Returned,Bahawalpur
ORD-006993,CUST-00029,2026-01-06,Completed,Peshawar
ORD-006994,CUST-00875,2026-01-06,Completed,Rahim Yar Khan
ORD-006995,CUST-01456,2026-01-06,Completed,Lahore
ORD-006996,CUST-01406,2026-01-06,Completed,Quetta
ORD-006997,CUST-01357,2026-01-06,Completed,Rawalpindi
ORD-006998,CUST-01433,2026-01-06,Completed,Quetta
ORD-006999,CUST-00399,2026-01-06,Completed,Bahawalpur
ORD-007000,CUST-00397,2026-01-06,Completed,Peshawar
ORD-007001,CUST-00701,2026-01-06,Completed,Sargodha
ORD-007002,CUST-00653,2026-01-06,Completed,Quetta
ORD-007003,CUST-01432,2026-01-06,Returned,Peshawar
ORD-007004,CUST-00518,2026-01-06,Cancelled,Lahore
ORD-007005,CUST-00684,2026-01-06,Pending,Sialkot
ORD-007006,CUST-00512,2026-01-06,Completed,Rawalpindi
ORD-007007,CUST-01393,2026-01-06,Completed,Peshawar
ORD-007008,CUST-00789,2026-01-06,Completed,Faisalabad
ORD-007009,CUST-00867,2026-01-06,Completed,Lahore
ORD-007010,CUST-01164,2026-01-06,Completed,Karachi
ORD-007011,CUST-00876,2026-01-07,Completed,Lahore
ORD-007012,CUST-01429,2026-01-07,Completed,Lahore
ORD-007013,CUST-00801,2026-01-07,Returned,Peshawar
ORD-007014,CUST-00279,2026-01-07,Completed,Rawalpindi
ORD-007015,CUST-00974,2026-01-07,Pending,Peshawar
ORD-007016,CUST-00260,2026-01-07,Completed,Lahore
ORD-007017,CUST-01187,2026-01-07,Completed,Multan
ORD-007018,CUST-00321,2026-01-07,Completed,Sialkot
ORD-007019,CUST-00685,2026-01-07,Completed,Karachi
ORD-007020,CUST-01259,2026-01-07,Completed,Rawalpindi
ORD-007021,CUST-01407,2026-01-07,Completed,Karachi
ORD-007022,CUST-00798,2026-01-07,Completed,Rawalpindi
ORD-007023,CUST-01299,2026-01-07,Completed,Quetta
ORD-007024,CUST-00111,2026-01-07,Completed,Karachi
ORD-007025,CUST-00579,2026-01-07,Completed,Quetta
ORD-007026,CUST-01297,2026-01-08,Returned,Islamabad
ORD-007027,CUST-00049,2026-01-08,Returned,Lahore
ORD-007028,CUST-00959,2026-01-08,Completed,Rawalpindi
ORD-007029,CUST-01168,2026-01-08,Pending,Gujranwala
ORD-007030,CUST-01318,2026-01-08,Completed,Bahawalpur
ORD-007031,CUST-00019,2026-01-08,Cancelled,Lahore
ORD-007032,CUST-00966,2026-01-08,Completed,Karachi
ORD-007033,CUST-00817,2026-01-08,Completed,Islamabad
ORD-007034,CUST-00300,2026-01-08,Returned,Karachi
ORD-007035,CUST-00644,2026-01-08,Completed,Rawalpindi
ORD-007036,CUST-01220,2026-01-08,Completed,Lahore
ORD-007037,CUST-01390,2026-01-08,Pending,Islamabad
ORD-007038,CUST-00354,2026-01-08,Completed,Rawalpindi
ORD-007039,CUST-01300,2026-01-08,Returned,Rawalpindi
ORD-007040,CUST-00778,2026-01-09,Completed,Faisalabad
ORD-007041,CUST-00205,2026-01-09,Completed,Sukkur
ORD-007042,CUST-01356,2026-01-09,Completed,Lahore
ORD-007043,CUST-01139,2026-01-09,Cancelled,Sukkur
ORD-007044,CUST-00516,2026-01-09,Completed,Islamabad
ORD-007045,CUST-01364,2026-01-09,Completed,Karachi
ORD-007046,CUST-01387,2026-01-09,Completed,Rahim Yar Khan
ORD-007047,CUST-00648,2026-01-09,Cancelled,Gwadar
ORD-007048,CUST-00546,2026-01-09,Completed,Islamabad
ORD-007049,CUST-00197,2026-01-09,Completed,Peshawar
ORD-007050,CUST-01075,2026-01-09,Completed,Gujranwala
ORD-007051,CUST-00931,2026-01-09,Completed,Rawalpindi
ORD-007052,CUST-01388,2026-01-09,Completed,Bahawalpur
ORD-007053,CUST-00399,2026-01-09,Completed,Bahawalpur
ORD-007054,CUST-00264,2026-01-09,Pending,Peshawar
ORD-007055,CUST-00526,2026-01-09,Pending,Lahore
ORD-007056,CUST-00700,2026-01-09,Completed,Karachi
ORD-007057,CUST-01384,2026-01-09,Completed,Islamabad
ORD-007058,CUST-00066,2026-01-09,Completed,Islamabad
ORD-007059,CUST-00999,2026-01-09,Completed,Lahore
ORD-007060,CUST-00307,2026-01-09,Completed,Karachi
ORD-007061,CUST-01497,2026-01-09,Returned,Mirpur Khas
ORD-007062,CUST-00323,2026-01-10,Completed,Mirpur Khas
ORD-007063,CUST-01075,2026-01-10,Completed,Islamabad
ORD-007064,CUST-01393,2026-01-10,Pending,Peshawar
ORD-007065,CUST-01429,2026-01-10,Completed,Lahore
ORD-007066,CUST-00972,2026-01-10,Completed,Bahawalpur
ORD-007067,CUST-00023,2026-01-10,Cancelled,Lahore
ORD-007068,CUST-01243,2026-01-10,Completed,Quetta
ORD-007069,CUST-01428,2026-01-10,Completed,Rawalpindi
ORD-007070,CUST-00408,2026-01-10,Pending,Karachi
ORD-007071,CUST-01263,2026-01-10,Cancelled,Mardan
ORD-007072,CUST-00326,2026-01-10,Completed,Multan
ORD-007073,CUST-00209,2026-01-10,Completed,Rawalpindi
ORD-007074,CUST-01195,2026-01-10,Cancelled,Gujranwala
ORD-007075,CUST-01155,2026-01-10,Completed,Sargodha
ORD-007076,CUST-00682,2026-01-10,Completed,Karachi
ORD-007077,CUST-00232,2026-01-10,Completed,Karachi
ORD-007078,CUST-00884,2026-01-10,Cancelled,Sukkur
ORD-007079,CUST-00300,2026-01-10,Completed,Karachi
ORD-007080,CUST-00559,2026-01-10,Completed,Faisalabad
ORD-007081,CUST-00475,2026-01-10,Completed,Bahawalpur
ORD-007082,CUST-01452,2026-01-10,Completed,Rawalpindi
ORD-007083,CUST-00820,2026-01-10,Pending,Rahim Yar Khan
ORD-007084,CUST-00860,2026-01-10,Completed,Faisalabad
ORD-007085,CUST-00428,2026-01-10,Completed,Multan
ORD-007086,CUST-00340,2026-01-10,Completed,Gwadar
ORD-007087,CUST-00878,2026-01-10,Completed,Peshawar
ORD-007088,CUST-00073,2026-01-10,Pending,Islamabad
ORD-007089,CUST-00100,2026-01-10,Cancelled,Sargodha
ORD-007090,CUST-00831,2026-01-10,Completed,Mirpur Khas
ORD-007091,CUST-00109,2026-01-11,Completed,Lahore
ORD-007092,CUST-00214,2026-01-11,Completed,Karachi
ORD-007093,CUST-00190,2026-01-11,Cancelled,Lahore
ORD-007094,CUST-01249,2026-01-11,Completed,Peshawar
ORD-007095,CUST-00743,2026-01-11,Completed,Rawalpindi
ORD-007096,CUST-00895,2026-01-11,Completed,Islamabad
ORD-007097,CUST-00205,2026-01-11,Completed,Sukkur
ORD-007098,CUST-00821,2026-01-11,Completed,Islamabad
ORD-007099,CUST-00604,2026-01-11,Returned,Karachi
ORD-007100,CUST-01234,2026-01-12,Completed,Karachi
ORD-007101,CUST-01231,2026-01-12,Completed,Bahawalpur
ORD-007102,CUST-01316,2026-01-12,Completed,Karachi
ORD-007103,CUST-01242,2026-01-12,Completed,Multan
ORD-007104,CUST-00563,2026-01-12,Completed,Hyderabad
ORD-007105,CUST-00981,2026-01-12,Completed,Faisalabad
ORD-007106,CUST-00474,2026-01-12,Completed,Karachi
ORD-007107,CUST-00081,2026-01-12,Pending,Quetta
ORD-007108,CUST-00927,2026-01-12,Cancelled,Multan
ORD-007109,CUST-00863,2026-01-12,Completed,Sahiwal
ORD-007110,CUST-00014,2026-01-13,Completed,Mirpur Khas
ORD-007111,CUST-01257,2026-01-13,Completed,Lahore
ORD-007112,CUST-01484,2026-01-13,Completed,Lahore
ORD-007113,CUST-01060,2026-01-13,Completed,Islamabad
ORD-007114,CUST-00704,2026-01-13,Pending,Rawalpindi
ORD-007115,CUST-01384,2026-01-13,Cancelled,Islamabad
ORD-007116,CUST-00636,2026-01-13,Cancelled,Mirpur Khas
ORD-007117,CUST-01069,2026-01-13,Completed,Karachi
ORD-007118,CUST-00153,2026-01-13,Completed,Lahore
ORD-007119,CUST-00843,2026-01-13,Completed,Sialkot
ORD-007120,CUST-01456,2026-01-13,Completed,Lahore
ORD-007121,CUST-00103,2026-01-14,Pending,Lahore
ORD-007122,CUST-00503,2026-01-14,Completed,Rawalpindi
ORD-007123,CUST-01255,2026-01-14,Cancelled,Lahore
ORD-007124,CUST-01364,2026-01-14,Completed,Karachi
ORD-007125,CUST-00923,2026-01-14,Completed,Karachi
ORD-007126,CUST-00139,2026-01-14,Completed,Islamabad
ORD-007127,CUST-00778,2026-01-14,Pending,Peshawar
ORD-007128,CUST-00319,2026-01-14,Returned,Lahore
ORD-007129,CUST-00700,2026-01-14,Completed,Islamabad
ORD-007130,CUST-00622,2026-01-14,Completed,Quetta
ORD-007131,CUST-01010,2026-01-14,Completed,Faisalabad
ORD-007132,CUST-01323,2026-01-14,Completed,Karachi
ORD-007133,CUST-00401,2026-01-14,Pending,Peshawar
ORD-007134,CUST-01066,2026-01-15,Pending,Karachi
ORD-007135,CUST-00643,2026-01-15,Completed,Karachi
ORD-007136,CUST-01178,2026-01-15,Cancelled,Islamabad
ORD-007137,CUST-00015,2026-01-15,Completed,Islamabad
ORD-007138,CUST-01196,2026-01-15,Completed,Lahore
ORD-007139,CUST-00252,2026-01-15,Completed,Sahiwal
ORD-007140,CUST-00916,2026-01-15,Pending,Sahiwal
ORD-007141,CUST-00546,2026-01-15,Completed,Islamabad
ORD-007142,CUST-00223,2026-01-15,Completed,Peshawar
ORD-007143,CUST-00270,2026-01-15,Completed,Sukkur
ORD-007144,CUST-00920,2026-01-15,Pending,Rawalpindi
ORD-007145,CUST-01390,2026-01-15,Completed,Islamabad
ORD-007146,CUST-00096,2026-01-15,Completed,Islamabad
ORD-007147,CUST-00253,2026-01-15,Completed,Lahore
ORD-007148,CUST-01032,2026-01-15,Pending,Rawalpindi
ORD-007149,CUST-00738,2026-01-15,Completed,Sargodha
ORD-007150,CUST-00675,2026-01-15,Completed,Sialkot
ORD-007151,CUST-00658,2026-01-15,Completed,Lahore
ORD-007152,CUST-00965,2026-01-15,Completed,Karachi
ORD-007153,CUST-00487,2026-01-15,Completed,Sialkot
ORD-007154,CUST-00132,2026-01-15,Completed,Rawalpindi
ORD-007155,CUST-00958,2026-01-15,Pending,Lahore
ORD-007156,CUST-01349,2026-01-15,Completed,Multan
ORD-007157,CUST-01091,2026-01-15,Completed,Lahore
ORD-007158,CUST-00758,2026-01-16,Completed,Karachi
ORD-007159,CUST-00159,2026-01-16,Cancelled,Faisalabad
ORD-007160,CUST-00174,2026-01-16,Completed,Lahore
ORD-007161,CUST-00162,2026-01-16,Pending,Lahore
ORD-007162,CUST-00928,2026-01-16,Completed,Karachi
ORD-007163,CUST-00995,2026-01-16,Pending,Karachi
ORD-007164,CUST-01049,2026-01-16,Completed,Gujranwala
ORD-007165,CUST-00647,2026-01-16,Pending,Faisalabad
ORD-007166,CUST-00303,2026-01-16,Completed,Sargodha
ORD-007167,CUST-00194,2026-01-16,Completed,Islamabad
ORD-007168,CUST-00864,2026-01-16,Completed,Lahore
ORD-007169,CUST-00357,2026-01-16,Completed,Multan
ORD-007170,CUST-01400,2026-01-16,Completed,Lahore
ORD-007171,CUST-00964,2026-01-16,Completed,Lahore
ORD-007172,CUST-00274,2026-01-16,Completed,Faisalabad
ORD-007173,CUST-01196,2026-01-16,Returned,Islamabad
ORD-007174,CUST-00994,2026-01-16,Completed,Peshawar
ORD-007175,CUST-01181,2026-01-17,Completed,Rawalpindi
ORD-007176,CUST-01037,2026-01-17,Pending,Karachi
ORD-007177,CUST-00269,2026-01-17,Returned,Peshawar
ORD-007178,CUST-00562,2026-01-17,Completed,Rawalpindi
ORD-007179,CUST-00135,2026-01-17,Completed,Hyderabad
ORD-007180,CUST-01224,2026-01-17,Completed,Peshawar
ORD-007181,CUST-00590,2026-01-17,Completed,Bahawalpur
ORD-007182,CUST-00009,2026-01-17,Completed,Peshawar
ORD-007183,CUST-00236,2026-01-17,Completed,Karachi
ORD-007184,CUST-01346,2026-01-17,Cancelled,Lahore
ORD-007185,CUST-00916,2026-01-17,Pending,Sahiwal
ORD-007186,CUST-00214,2026-01-17,Completed,Islamabad
ORD-007187,CUST-01007,2026-01-17,Returned,Karachi
ORD-007188,CUST-00434,2026-01-17,Completed,Lahore
ORD-007189,CUST-01417,2026-01-17,Cancelled,Lahore
ORD-007190,CUST-00553,2026-01-17,Completed,Faisalabad
ORD-007191,CUST-01012,2026-01-17,Cancelled,Karachi
ORD-007192,CUST-01448,2026-01-17,Completed,Lahore
ORD-007193,CUST-00708,2026-01-18,Returned,Sahiwal
ORD-007194,CUST-00401,2026-01-18,Completed,Lahore
ORD-007195,CUST-00772,2026-01-18,Cancelled,Rahim Yar Khan
ORD-007196,CUST-00605,2026-01-18,Completed,Karachi
ORD-007197,CUST-00658,2026-01-18,Completed,Lahore
ORD-007198,CUST-00932,2026-01-18,Completed,Karachi
ORD-007199,CUST-01103,2026-01-18,Returned,Karachi
ORD-007200,CUST-01023,2026-01-18,Completed,Quetta
ORD-007201,CUST-00419,2026-01-18,Completed,Karachi
ORD-007202,CUST-00938,2026-01-18,Completed,Karachi
ORD-007203,CUST-01486,2026-01-18,Cancelled,Karachi
ORD-007204,CUST-00758,2026-01-18,Cancelled,Karachi
ORD-007205,CUST-01359,2026-01-18,Completed,Faisalabad
ORD-007206,CUST-01367,2026-01-19,Completed,Lahore
ORD-007207,CUST-01099,2026-01-19,Completed,Karachi
ORD-007208,CUST-01486,2026-01-19,Returned,Karachi
ORD-007209,CUST-00203,2026-01-19,Completed,Lahore
ORD-007210,CUST-01314,2026-01-19,Cancelled,Islamabad
ORD-007211,CUST-00647,2026-01-19,Completed,Faisalabad
ORD-007212,CUST-00819,2026-01-19,Completed,Karachi
ORD-007213,CUST-00904,2026-01-19,Completed,Faisalabad
ORD-007214,CUST-01008,2026-01-19,Completed,Multan
ORD-007215,CUST-01078,2026-01-19,Completed,Rawalpindi
ORD-007216,CUST-01028,2026-01-19,Completed,Hyderabad
ORD-007217,CUST-00158,2026-01-19,Completed,Rawalpindi
ORD-007218,CUST-01030,2026-01-19,Completed,Lahore
ORD-007219,CUST-01211,2026-01-19,Completed,Quetta
ORD-007220,CUST-00027,2026-01-19,Completed,Multan
ORD-007221,CUST-00694,2026-01-19,Cancelled,Gujranwala
ORD-007222,CUST-00618,2026-01-19,Pending,Hyderabad
ORD-007223,CUST-01303,2026-01-19,Cancelled,Rawalpindi
ORD-007224,CUST-00562,2026-01-19,Completed,Rawalpindi
ORD-007225,CUST-00078,2026-01-20,Completed,Lahore
ORD-007226,CUST-00219,2026-01-20,Completed,Karachi
ORD-007227,CUST-00021,2026-01-20,Completed,Karachi
ORD-007228,CUST-00511,2026-01-20,Completed,Rawalpindi
ORD-007229,CUST-00236,2026-01-20,Completed,Abbottabad
ORD-007230,CUST-01120,2026-01-20,Completed,Lahore
ORD-007231,CUST-00496,2026-01-20,Cancelled,Rahim Yar Khan
ORD-007232,CUST-00640,2026-01-20,Completed,Islamabad
ORD-007233,CUST-00847,2026-01-20,Completed,Faisalabad
ORD-007234,CUST-00863,2026-01-20,Completed,Lahore
ORD-007235,CUST-00782,2026-01-20,Completed,Karachi
ORD-007236,CUST-00367,2026-01-20,Completed,Gwadar
ORD-007237,CUST-00821,2026-01-20,Completed,Multan
ORD-007238,CUST-00368,2026-01-20,Completed,Islamabad
ORD-007239,CUST-01239,2026-01-20,Completed,Karachi
ORD-007240,CUST-00380,2026-01-20,Completed,Sialkot
ORD-007241,CUST-01078,2026-01-20,Completed,Bahawalpur
ORD-007242,CUST-00263,2026-01-20,Completed,Multan
ORD-007243,CUST-01461,2026-01-21,Completed,Faisalabad
ORD-007244,CUST-00281,2026-01-21,Completed,Sukkur
ORD-007245,CUST-00462,2026-01-21,Returned,Karachi
ORD-007246,CUST-01298,2026-01-21,Completed,Islamabad
ORD-007247,CUST-01455,2026-01-21,Completed,Rawalpindi
ORD-007248,CUST-00812,2026-01-21,Completed,Abbottabad
ORD-007249,CUST-01054,2026-01-21,Completed,Karachi
ORD-007250,CUST-01485,2026-01-21,Completed,Bahawalpur
ORD-007251,CUST-00006,2026-01-21,Completed,Sargodha
ORD-007252,CUST-01339,2026-01-21,Completed,Multan
ORD-007253,CUST-00870,2026-01-21,Completed,Sialkot
ORD-007254,CUST-01136,2026-01-21,Completed,Karachi
ORD-007255,CUST-00552,2026-01-21,Completed,Multan
ORD-007256,CUST-01328,2026-01-21,Completed,Islamabad
ORD-007257,CUST-00347,2026-01-21,Completed,Sialkot
ORD-007258,CUST-00843,2026-01-21,Cancelled,Sialkot
ORD-007259,CUST-00307,2026-01-21,Pending,Multan
ORD-007260,CUST-01060,2026-01-21,Completed,Sialkot
ORD-007261,CUST-01193,2026-01-21,Completed,Hyderabad
ORD-007262,CUST-00366,2026-01-21,Completed,Lahore
ORD-007263,CUST-00819,2026-01-21,Completed,Karachi
ORD-007264,CUST-00422,2026-01-21,Cancelled,Sialkot
ORD-007265,CUST-00867,2026-01-21,Completed,Lahore
ORD-007266,CUST-00196,2026-01-22,Completed,Sahiwal
ORD-007267,CUST-00812,2026-01-22,Completed,Abbottabad
ORD-007268,CUST-00290,2026-01-22,Completed,Sukkur
ORD-007269,CUST-00878,2026-01-22,Completed,Rawalpindi
ORD-007270,CUST-01036,2026-01-22,Completed,Lahore
ORD-007271,CUST-00154,2026-01-22,Completed,Abbottabad
ORD-007272,CUST-00258,2026-01-22,Completed,Mirpur Khas
ORD-007273,CUST-00567,2026-01-22,Completed,Bahawalpur
ORD-007274,CUST-00722,2026-01-22,Completed,Lahore
ORD-007275,CUST-00307,2026-01-22,Completed,Multan
ORD-007276,CUST-01477,2026-01-22,Completed,Sahiwal
ORD-007277,CUST-00422,2026-01-22,Cancelled,Rawalpindi
ORD-007278,CUST-00375,2026-01-22,Completed,Hyderabad
ORD-007279,CUST-00391,2026-01-22,Completed,Faisalabad
ORD-007280,CUST-00348,2026-01-22,Pending,Faisalabad
ORD-007281,CUST-01049,2026-01-22,Pending,Gujranwala
ORD-007282,CUST-00974,2026-01-22,Cancelled,Peshawar
ORD-007283,CUST-00352,2026-01-22,Completed,Multan
ORD-007284,CUST-00848,2026-01-22,Cancelled,Quetta
ORD-007285,CUST-00856,2026-01-22,Completed,Karachi
ORD-007286,CUST-00048,2026-01-22,Completed,Faisalabad
ORD-007287,CUST-01445,2026-01-23,Cancelled,Faisalabad
ORD-007288,CUST-01268,2026-01-23,Completed,Multan
ORD-007289,CUST-00518,2026-01-23,Completed,Gujranwala
ORD-007290,CUST-00578,2026-01-23,Completed,Rawalpindi
ORD-007291,CUST-00274,2026-01-23,Completed,Karachi
ORD-007292,CUST-01448,2026-01-23,Completed,Karachi
ORD-007293,CUST-00994,2026-01-23,Completed,Sialkot
ORD-007294,CUST-01250,2026-01-23,Completed,Lahore
ORD-007295,CUST-00129,2026-01-23,Completed,Sahiwal
ORD-007296,CUST-00531,2026-01-23,Completed,Hyderabad
ORD-007297,CUST-00488,2026-01-23,Cancelled,Islamabad
ORD-007298,CUST-01338,2026-01-23,Completed,Karachi
ORD-007299,CUST-00665,2026-01-23,Completed,Lahore
ORD-007300,CUST-01257,2026-01-23,Completed,Lahore
ORD-007301,CUST-00916,2026-01-23,Completed,Sahiwal
ORD-007302,CUST-00909,2026-01-23,Pending,Lahore
ORD-007303,CUST-00737,2026-01-24,Completed,Karachi
ORD-007304,CUST-01102,2026-01-24,Completed,Lahore
ORD-007305,CUST-00676,2026-01-24,Completed,Karachi
ORD-007306,CUST-01101,2026-01-24,Completed,Gujranwala
ORD-007307,CUST-01350,2026-01-24,Completed,Quetta
ORD-007308,CUST-01170,2026-01-24,Completed,Mirpur Khas
ORD-007309,CUST-00913,2026-01-24,Completed,Lahore
ORD-007310,CUST-00565,2026-01-24,Completed,Rawalpindi
ORD-007311,CUST-01026,2026-01-24,Completed,Mardan
ORD-007312,CUST-01250,2026-01-24,Completed,Sargodha
ORD-007313,CUST-00582,2026-01-24,Pending,Karachi
ORD-007314,CUST-01141,2026-01-24,Completed,Islamabad
ORD-007315,CUST-00105,2026-01-24,Completed,Lahore
ORD-007316,CUST-00374,2026-01-24,Completed,Rawalpindi
ORD-007317,CUST-00409,2026-01-24,Completed,Peshawar
ORD-007318,CUST-00579,2026-01-24,Returned,Quetta
ORD-007319,CUST-00340,2026-01-24,Completed,Gwadar
ORD-007320,CUST-00635,2026-01-24,Cancelled,Abbottabad
ORD-007321,CUST-00258,2026-01-24,Completed,Mirpur Khas
ORD-007322,CUST-00347,2026-01-25,Completed,Islamabad
ORD-007323,CUST-00029,2026-01-25,Returned,Lahore
ORD-007324,CUST-00871,2026-01-25,Completed,Multan
ORD-007325,CUST-00874,2026-01-25,Cancelled,Islamabad
ORD-007326,CUST-01104,2026-01-25,Pending,Peshawar
ORD-007327,CUST-00409,2026-01-25,Completed,Karachi
ORD-007328,CUST-00878,2026-01-25,Completed,Rawalpindi
ORD-007329,CUST-00778,2026-01-25,Cancelled,Faisalabad
ORD-007330,CUST-00741,2026-01-26,Completed,Karachi
ORD-007331,CUST-00902,2026-01-26,Completed,Karachi
ORD-007332,CUST-01220,2026-01-26,Cancelled,Lahore
ORD-007333,CUST-00680,2026-01-26,Completed,Gwadar
ORD-007334,CUST-00896,2026-01-26,Completed,Sargodha
ORD-007335,CUST-00477,2026-01-26,Completed,Rawalpindi
ORD-007336,CUST-00306,2026-01-26,Completed,Sukkur
ORD-007337,CUST-00965,2026-01-26,Completed,Karachi
ORD-007338,CUST-01105,2026-01-26,Returned,Faisalabad
ORD-007339,CUST-00116,2026-01-26,Pending,Karachi
ORD-007340,CUST-00713,2026-01-26,Returned,Bahawalpur
ORD-007341,CUST-01011,2026-01-26,Completed,Sukkur
ORD-007342,CUST-00178,2026-01-26,Completed,Peshawar
ORD-007343,CUST-00828,2026-01-26,Completed,Islamabad
ORD-007344,CUST-00589,2026-01-26,Completed,Islamabad
ORD-007345,CUST-01038,2026-01-26,Completed,Faisalabad
ORD-007346,CUST-00409,2026-01-26,Completed,Peshawar
ORD-007347,CUST-00346,2026-01-26,Completed,Peshawar
ORD-007348,CUST-00396,2026-01-26,Pending,Faisalabad
ORD-007349,CUST-00822,2026-01-26,Completed,Rawalpindi
ORD-007350,CUST-00636,2026-01-26,Completed,Mirpur Khas
ORD-007351,CUST-00943,2026-01-26,Completed,Quetta
ORD-007352,CUST-00077,2026-01-27,Completed,Multan
ORD-007353,CUST-00586,2026-01-27,Completed,Sukkur
ORD-007354,CUST-00208,2026-01-27,Completed,Rawalpindi
ORD-007355,CUST-01076,2026-01-27,Returned,Islamabad
ORD-007356,CUST-00439,2026-01-27,Completed,Karachi
ORD-007357,CUST-00060,2026-01-27,Cancelled,Karachi
ORD-007358,CUST-01467,2026-01-27,Pending,Lahore
ORD-007359,CUST-00228,2026-01-27,Completed,Islamabad
ORD-007360,CUST-00697,2026-01-27,Completed,Islamabad
ORD-007361,CUST-00688,2026-01-27,Pending,Karachi
ORD-007362,CUST-00410,2026-01-28,Returned,Peshawar
ORD-007363,CUST-00375,2026-01-28,Returned,Hyderabad
ORD-007364,CUST-00531,2026-01-28,Completed,Hyderabad
ORD-007365,CUST-01266,2026-01-28,Completed,Lahore
ORD-007366,CUST-00860,2026-01-28,Returned,Islamabad
ORD-007367,CUST-01006,2026-01-28,Pending,Faisalabad
ORD-007368,CUST-00346,2026-01-28,Completed,Peshawar
ORD-007369,CUST-00300,2026-01-28,Completed,Karachi
ORD-007370,CUST-00043,2026-01-28,Completed,Lahore
ORD-007371,CUST-00829,2026-01-28,Completed,Lahore
ORD-007372,CUST-01082,2026-01-28,Completed,Multan
ORD-007373,CUST-01207,2026-01-28,Completed,Lahore
ORD-007374,CUST-01064,2026-01-28,Completed,Peshawar
ORD-007375,CUST-00407,2026-01-28,Completed,Multan
ORD-007376,CUST-00637,2026-01-28,Pending,Quetta
ORD-007377,CUST-00169,2026-01-29,Completed,Multan
ORD-007378,CUST-00257,2026-01-29,Completed,Multan
ORD-007379,CUST-01140,2026-01-29,Completed,Karachi
ORD-007380,CUST-00789,2026-01-29,Completed,Faisalabad
ORD-007381,CUST-00656,2026-01-29,Completed,Sialkot
ORD-007382,CUST-01045,2026-01-29,Completed,Islamabad
ORD-007383,CUST-00462,2026-01-29,Completed,Karachi
ORD-007384,CUST-01453,2026-01-29,Completed,Quetta
ORD-007385,CUST-00431,2026-01-29,Completed,Karachi
ORD-007386,CUST-01409,2026-01-29,Completed,Islamabad
ORD-007387,CUST-01130,2026-01-29,Completed,Lahore
ORD-007388,CUST-00995,2026-01-29,Completed,Quetta
ORD-007389,CUST-01316,2026-01-29,Returned,Karachi
ORD-007390,CUST-00501,2026-01-29,Cancelled,Karachi
ORD-007391,CUST-01080,2026-01-30,Completed,Faisalabad
ORD-007392,CUST-00240,2026-01-30,Completed,Peshawar
ORD-007393,CUST-00975,2026-01-30,Completed,Rahim Yar Khan
ORD-007394,CUST-01234,2026-01-30,Completed,Karachi
ORD-007395,CUST-01120,2026-01-30,Completed,Lahore
ORD-007396,CUST-01436,2026-01-30,Completed,Quetta
ORD-007397,CUST-01247,2026-01-30,Completed,Islamabad
ORD-007398,CUST-00062,2026-01-30,Completed,Sukkur
ORD-007399,CUST-01156,2026-01-30,Completed,Lahore
ORD-007400,CUST-01105,2026-01-30,Completed,Faisalabad
ORD-007401,CUST-01036,2026-01-30,Completed,Karachi
ORD-007402,CUST-01125,2026-01-30,Completed,Quetta
ORD-007403,CUST-00580,2026-01-30,Returned,Peshawar
ORD-007404,CUST-00767,2026-01-30,Completed,Hyderabad
ORD-007405,CUST-00586,2026-01-30,Completed,Sargodha
ORD-007406,CUST-00840,2026-01-30,Completed,Lahore
ORD-007407,CUST-00765,2026-01-30,Completed,Peshawar
ORD-007408,CUST-00776,2026-01-31,Completed,Hyderabad
ORD-007409,CUST-01299,2026-01-31,Returned,Quetta
ORD-007410,CUST-00005,2026-01-31,Completed,Faisalabad
ORD-007411,CUST-00096,2026-01-31,Pending,Lahore
ORD-007412,CUST-00216,2026-01-31,Completed,Sargodha
ORD-007413,CUST-00115,2026-01-31,Completed,Lahore
ORD-007414,CUST-01266,2026-01-31,Completed,Lahore
ORD-007415,CUST-00260,2026-01-31,Completed,Peshawar
ORD-007416,CUST-01074,2026-01-31,Completed,Lahore
ORD-007417,CUST-01073,2026-01-31,Completed,Karachi
ORD-007418,CUST-01181,2026-01-31,Completed,Rawalpindi
ORD-007419,CUST-01270,2026-01-31,Completed,Peshawar
ORD-007420,CUST-00503,2026-01-31,Completed,Rawalpindi
ORD-007421,CUST-00680,2026-01-31,Completed,Lahore
ORD-007422,CUST-00166,2026-01-31,Completed,Lahore
ORD-007423,CUST-01384,2026-01-31,Completed,Islamabad
ORD-007424,CUST-00321,2026-01-31,Cancelled,Islamabad
ORD-007425,CUST-00568,2026-01-31,Completed,Lahore
ORD-007426,CUST-00625,2026-01-31,Cancelled,Islamabad
ORD-007427,CUST-00902,2026-01-31,Completed,Lahore
ORD-007428,CUST-00977,2026-01-31,Completed,Karachi
ORD-007429,CUST-01486,2026-01-31,Completed,Karachi
ORD-007430,CUST-00977,2026-01-31,Completed,Karachi
ORD-007431,CUST-00695,2026-01-31,Completed,Hyderabad
ORD-007432,CUST-00965,2026-02-01,Completed,Karachi
ORD-007433,CUST-00487,2026-02-01,Completed,Sialkot
ORD-007434,CUST-00782,2026-02-01,Pending,Lahore
ORD-007435,CUST-01013,2026-02-01,Completed,Islamabad
ORD-007436,CUST-00375,2026-02-01,Completed,Hyderabad
ORD-007437,CUST-01187,2026-02-01,Completed,Multan
ORD-007438,CUST-00901,2026-02-01,Returned,Peshawar
ORD-007439,CUST-01259,2026-02-01,Completed,Rawalpindi
ORD-007440,CUST-00394,2026-02-01,Completed,Lahore
ORD-007441,CUST-01315,2026-02-01,Pending,Rawalpindi
ORD-007442,CUST-00003,2026-02-01,Completed,Lahore
ORD-007443,CUST-01178,2026-02-01,Completed,Karachi
ORD-007444,CUST-00061,2026-02-02,Completed,Lahore
ORD-007445,CUST-00460,2026-02-02,Returned,Lahore
ORD-007446,CUST-00588,2026-02-02,Completed,Peshawar
ORD-007447,CUST-00210,2026-02-02,Completed,Gujranwala
ORD-007448,CUST-00923,2026-02-02,Completed,Karachi
ORD-007449,CUST-01080,2026-02-02,Completed,Faisalabad
ORD-007450,CUST-01240,2026-02-02,Completed,Lahore
ORD-007451,CUST-00090,2026-02-02,Completed,Karachi
ORD-007452,CUST-00548,2026-02-02,Completed,Lahore
ORD-007453,CUST-01447,2026-02-02,Completed,Bahawalpur
ORD-007454,CUST-00769,2026-02-02,Completed,Sahiwal
ORD-007455,CUST-01072,2026-02-02,Returned,Karachi
ORD-007456,CUST-00665,2026-02-02,Cancelled,Lahore
ORD-007457,CUST-01195,2026-02-02,Completed,Karachi
ORD-007458,CUST-01145,2026-02-02,Completed,Karachi
ORD-007459,CUST-01234,2026-02-02,Pending,Karachi
ORD-007460,CUST-01318,2026-02-02,Completed,Peshawar
ORD-007461,CUST-00884,2026-02-02,Completed,Lahore
ORD-007462,CUST-00575,2026-02-02,Completed,Karachi
ORD-007463,CUST-00363,2026-02-02,Completed,Faisalabad
ORD-007464,CUST-00690,2026-02-02,Completed,Gujranwala
ORD-007465,CUST-01451,2026-02-02,Completed,Lahore
ORD-007466,CUST-00882,2026-02-02,Cancelled,Lahore
ORD-007467,CUST-00548,2026-02-02,Pending,Lahore
ORD-007468,CUST-01337,2026-02-02,Pending,Peshawar
ORD-007469,CUST-00945,2026-02-03,Completed,Faisalabad
ORD-007470,CUST-00248,2026-02-03,Completed,Lahore
ORD-007471,CUST-00422,2026-02-03,Pending,Hyderabad
ORD-007472,CUST-00270,2026-02-03,Completed,Sukkur
ORD-007473,CUST-00089,2026-02-03,Completed,Hyderabad
ORD-007474,CUST-00666,2026-02-03,Completed,Karachi
ORD-007475,CUST-01203,2026-02-03,Completed,Karachi
ORD-007476,CUST-00278,2026-02-03,Completed,Lahore
ORD-007477,CUST-00239,2026-02-03,Completed,Faisalabad
ORD-007478,CUST-01098,2026-02-03,Returned,Mardan
ORD-007479,CUST-00281,2026-02-03,Completed,Sukkur
ORD-007480,CUST-00442,2026-02-03,Completed,Sukkur
ORD-007481,CUST-00870,2026-02-03,Completed,Lahore
ORD-007482,CUST-00885,2026-02-03,Completed,Lahore
ORD-007483,CUST-00867,2026-02-03,Completed,Lahore
ORD-007484,CUST-00342,2026-02-03,Completed,Gwadar
ORD-007485,CUST-00727,2026-02-04,Completed,Hyderabad
ORD-007486,CUST-01329,2026-02-04,Completed,Multan
ORD-007487,CUST-00793,2026-02-04,Completed,Mardan
ORD-007488,CUST-00024,2026-02-04,Cancelled,Gujranwala
ORD-007489,CUST-01455,2026-02-04,Returned,Rawalpindi
ORD-007490,CUST-01142,2026-02-04,Completed,Karachi
ORD-007491,CUST-00139,2026-02-04,Completed,Islamabad
ORD-007492,CUST-00684,2026-02-04,Completed,Sialkot
ORD-007493,CUST-00239,2026-02-04,Pending,Faisalabad
ORD-007494,CUST-00986,2026-02-04,Completed,Karachi
ORD-007495,CUST-00461,2026-02-04,Completed,Multan
ORD-007496,CUST-01317,2026-02-04,Completed,Lahore
ORD-007497,CUST-01305,2026-02-04,Pending,Rawalpindi
ORD-007498,CUST-00607,2026-02-04,Completed,Peshawar
ORD-007499,CUST-00536,2026-02-04,Pending,Rawalpindi
ORD-007500,CUST-00234,2026-02-04,Completed,Karachi
ORD-007501,CUST-00156,2026-02-04,Completed,Abbottabad
ORD-007502,CUST-01442,2026-02-04,Completed,Islamabad
ORD-007503,CUST-00689,2026-02-04,Completed,Sialkot
ORD-007504,CUST-01325,2026-02-04,Pending,Karachi
ORD-007505,CUST-00354,2026-02-04,Completed,Rawalpindi
ORD-007506,CUST-00963,2026-02-05,Returned,Lahore
ORD-007507,CUST-00954,2026-02-05,Completed,Faisalabad
ORD-007508,CUST-01299,2026-02-05,Completed,Quetta
ORD-007509,CUST-00007,2026-02-05,Completed,Lahore
ORD-007510,CUST-00056,2026-02-05,Completed,Karachi
ORD-007511,CUST-00868,2026-02-05,Completed,Lahore
ORD-007512,CUST-01020,2026-02-05,Completed,Islamabad
ORD-007513,CUST-01099,2026-02-05,Completed,Lahore
ORD-007514,CUST-01057,2026-02-05,Completed,Lahore
ORD-007515,CUST-01353,2026-02-05,Completed,Lahore
ORD-007516,CUST-00625,2026-02-05,Pending,Islamabad
ORD-007517,CUST-00360,2026-02-05,Cancelled,Karachi
ORD-007518,CUST-00348,2026-02-05,Completed,Faisalabad
ORD-007519,CUST-00192,2026-02-05,Cancelled,Mirpur Khas
ORD-007520,CUST-00346,2026-02-05,Completed,Peshawar
ORD-007521,CUST-00385,2026-02-05,Completed,Islamabad
ORD-007522,CUST-00234,2026-02-05,Completed,Karachi
ORD-007523,CUST-01384,2026-02-05,Completed,Islamabad
ORD-007524,CUST-01372,2026-02-05,Completed,Gujranwala
ORD-007525,CUST-01441,2026-02-05,Completed,Bahawalpur
ORD-007526,CUST-01345,2026-02-05,Completed,Faisalabad
ORD-007527,CUST-00061,2026-02-06,Completed,Lahore
ORD-007528,CUST-00933,2026-02-06,Completed,Islamabad
ORD-007529,CUST-00205,2026-02-06,Returned,Sukkur
ORD-007530,CUST-00832,2026-02-06,Completed,Hyderabad
ORD-007531,CUST-01004,2026-02-06,Completed,Lahore
ORD-007532,CUST-00628,2026-02-06,Completed,Gujranwala
ORD-007533,CUST-00986,2026-02-06,Completed,Karachi
ORD-007534,CUST-01000,2026-02-06,Completed,Karachi
ORD-007535,CUST-00253,2026-02-06,Completed,Lahore
ORD-007536,CUST-00582,2026-02-06,Completed,Karachi
ORD-007537,CUST-00599,2026-02-06,Completed,Abbottabad
ORD-007538,CUST-01379,2026-02-06,Completed,Karachi
ORD-007539,CUST-00388,2026-02-06,Pending,Lahore
ORD-007540,CUST-00241,2026-02-06,Completed,Islamabad
ORD-007541,CUST-00786,2026-02-06,Completed,Islamabad
ORD-007542,CUST-01331,2026-02-06,Completed,Quetta
ORD-007543,CUST-01049,2026-02-06,Completed,Gujranwala
ORD-007544,CUST-00116,2026-02-06,Completed,Gujranwala
ORD-007545,CUST-00460,2026-02-06,Pending,Lahore
ORD-007546,CUST-00854,2026-02-06,Completed,Islamabad
ORD-007547,CUST-00612,2026-02-06,Cancelled,Sargodha
ORD-007548,CUST-01110,2026-02-06,Completed,Faisalabad
ORD-007549,CUST-00769,2026-02-06,Returned,Sahiwal
ORD-007550,CUST-00002,2026-02-07,Completed,Islamabad
ORD-007551,CUST-00186,2026-02-07,Completed,Rawalpindi
ORD-007552,CUST-00383,2026-02-07,Completed,Lahore
ORD-007553,CUST-00798,2026-02-07,Completed,Rawalpindi
ORD-007554,CUST-00780,2026-02-07,Completed,Mardan
ORD-007555,CUST-00780,2026-02-07,Completed,Faisalabad
ORD-007556,CUST-00794,2026-02-07,Cancelled,Lahore
ORD-007557,CUST-00560,2026-02-07,Completed,Faisalabad
ORD-007558,CUST-00116,2026-02-07,Completed,Lahore
ORD-007559,CUST-01416,2026-02-07,Completed,Gujranwala
ORD-007560,CUST-00228,2026-02-07,Completed,Peshawar
ORD-007561,CUST-00047,2026-02-07,Cancelled,Rawalpindi
ORD-007562,CUST-00159,2026-02-07,Completed,Sukkur
ORD-007563,CUST-00904,2026-02-07,Completed,Faisalabad
ORD-007564,CUST-01392,2026-02-07,Completed,Multan
ORD-007565,CUST-01409,2026-02-07,Completed,Islamabad
ORD-007566,CUST-00944,2026-02-07,Completed,Karachi
ORD-007567,CUST-00732,2026-02-07,Completed,Sialkot
ORD-007568,CUST-00007,2026-02-07,Pending,Lahore
ORD-007569,CUST-00326,2026-02-07,Cancelled,Multan
ORD-007570,CUST-01448,2026-02-08,Returned,Karachi
ORD-007571,CUST-01226,2026-02-08,Completed,Lahore
ORD-007572,CUST-00358,2026-02-08,Completed,Multan
ORD-007573,CUST-00828,2026-02-08,Cancelled,Mirpur Khas
ORD-007574,CUST-00326,2026-02-08,Completed,Multan
ORD-007575,CUST-01131,2026-02-08,Completed,Lahore
ORD-007576,CUST-00412,2026-02-08,Completed,Rawalpindi
ORD-007577,CUST-01338,2026-02-08,Cancelled,Karachi
ORD-007578,CUST-00398,2026-02-08,Completed,Lahore
ORD-007579,CUST-01235,2026-02-08,Completed,Rawalpindi
ORD-007580,CUST-00500,2026-02-08,Completed,Islamabad
ORD-007581,CUST-01484,2026-02-08,Completed,Sialkot
ORD-007582,CUST-00063,2026-02-08,Completed,Lahore
ORD-007583,CUST-01385,2026-02-08,Completed,Abbottabad
ORD-007584,CUST-01195,2026-02-08,Completed,Karachi
ORD-007585,CUST-01026,2026-02-09,Pending,Mardan
ORD-007586,CUST-00048,2026-02-09,Completed,Hyderabad
ORD-007587,CUST-00889,2026-02-09,Completed,Mardan
ORD-007588,CUST-00079,2026-02-09,Pending,Peshawar
ORD-007589,CUST-00881,2026-02-09,Completed,Sukkur
ORD-007590,CUST-00947,2026-02-09,Completed,Karachi
ORD-007591,CUST-00346,2026-02-09,Completed,Peshawar
ORD-007592,CUST-01445,2026-02-09,Completed,Faisalabad
ORD-007593,CUST-01094,2026-02-09,Completed,Lahore
ORD-007594,CUST-01209,2026-02-09,Cancelled,Multan
ORD-007595,CUST-00974,2026-02-09,Completed,Peshawar
ORD-007596,CUST-01439,2026-02-09,Completed,Rawalpindi
ORD-007597,CUST-00478,2026-02-09,Pending,Hyderabad
ORD-007598,CUST-01009,2026-02-09,Completed,Lahore
ORD-007599,CUST-00392,2026-02-09,Completed,Karachi
ORD-007600,CUST-00981,2026-02-09,Completed,Faisalabad
ORD-007601,CUST-00108,2026-02-09,Completed,Karachi
ORD-007602,CUST-00281,2026-02-09,Completed,Sukkur
ORD-007603,CUST-01147,2026-02-09,Cancelled,Lahore
ORD-007604,CUST-01103,2026-02-09,Completed,Karachi
ORD-007605,CUST-00534,2026-02-09,Pending,Karachi
ORD-007606,CUST-00135,2026-02-09,Completed,Sargodha
ORD-007607,CUST-00423,2026-02-09,Completed,Islamabad
ORD-007608,CUST-01448,2026-02-09,Pending,Gujranwala
ORD-007609,CUST-00822,2026-02-09,Pending,Lahore
ORD-007610,CUST-00532,2026-02-09,Completed,Karachi
ORD-007611,CUST-00214,2026-02-09,Completed,Islamabad
ORD-007612,CUST-00022,2026-02-09,Cancelled,Sahiwal
ORD-007613,CUST-01315,2026-02-09,Completed,Rawalpindi
ORD-007614,CUST-01336,2026-02-09,Cancelled,Rawalpindi
ORD-007615,CUST-00254,2026-02-09,Completed,Karachi
ORD-007616,CUST-00280,2026-02-09,Pending,Rawalpindi
ORD-007617,CUST-01029,2026-02-10,Returned,Lahore
ORD-007618,CUST-01052,2026-02-10,Completed,Lahore
ORD-007619,CUST-00325,2026-02-10,Completed,Lahore
ORD-007620,CUST-00860,2026-02-10,Completed,Islamabad
ORD-007621,CUST-00368,2026-02-10,Completed,Islamabad
ORD-007622,CUST-00940,2026-02-10,Completed,Abbottabad
ORD-007623,CUST-01250,2026-02-10,Completed,Lahore
ORD-007624,CUST-01092,2026-02-10,Completed,Quetta
ORD-007625,CUST-00667,2026-02-10,Completed,Islamabad
ORD-007626,CUST-00543,2026-02-10,Completed,Faisalabad
ORD-007627,CUST-00901,2026-02-10,Completed,Karachi
ORD-007628,CUST-00527,2026-02-10,Completed,Lahore
ORD-007629,CUST-00022,2026-02-10,Completed,Lahore
ORD-007630,CUST-00680,2026-02-10,Completed,Gwadar
ORD-007631,CUST-00852,2026-02-10,Completed,Lahore
ORD-007632,CUST-00153,2026-02-10,Completed,Lahore
ORD-007633,CUST-00628,2026-02-10,Pending,Gujranwala
ORD-007634,CUST-01074,2026-02-10,Returned,Lahore
ORD-007635,CUST-00656,2026-02-11,Completed,Sialkot
ORD-007636,CUST-00746,2026-02-11,Completed,Mirpur Khas
ORD-007637,CUST-01297,2026-02-11,Completed,Islamabad
ORD-007638,CUST-00974,2026-02-11,Completed,Gujranwala
ORD-007639,CUST-00129,2026-02-11,Pending,Sahiwal
ORD-007640,CUST-00798,2026-02-11,Completed,Karachi
ORD-007641,CUST-00707,2026-02-11,Completed,Islamabad
ORD-007642,CUST-01201,2026-02-11,Completed,Bahawalpur
ORD-007643,CUST-01378,2026-02-11,Completed,Karachi
ORD-007644,CUST-01448,2026-02-11,Completed,Karachi
ORD-007645,CUST-00210,2026-02-11,Completed,Multan
ORD-007646,CUST-00203,2026-02-11,Completed,Karachi
ORD-007647,CUST-01177,2026-02-11,Cancelled,Lahore
ORD-007648,CUST-01419,2026-02-11,Completed,Islamabad
ORD-007649,CUST-01454,2026-02-11,Cancelled,Faisalabad
ORD-007650,CUST-00787,2026-02-11,Cancelled,Karachi
ORD-007651,CUST-00650,2026-02-11,Cancelled,Karachi
ORD-007652,CUST-01195,2026-02-11,Completed,Karachi
ORD-007653,CUST-00208,2026-02-11,Returned,Rawalpindi
ORD-007654,CUST-01350,2026-02-11,Cancelled,Gujranwala
ORD-007655,CUST-00647,2026-02-11,Completed,Faisalabad
ORD-007656,CUST-00159,2026-02-11,Completed,Karachi
ORD-007657,CUST-00874,2026-02-11,Pending,Islamabad
ORD-007658,CUST-00331,2026-02-11,Cancelled,Lahore
ORD-007659,CUST-00401,2026-02-11,Completed,Peshawar
ORD-007660,CUST-00612,2026-02-11,Completed,Lahore
ORD-007661,CUST-00064,2026-02-12,Completed,Karachi
ORD-007662,CUST-00327,2026-02-12,Pending,Faisalabad
ORD-007663,CUST-01340,2026-02-12,Returned,Sargodha
ORD-007664,CUST-00843,2026-02-12,Cancelled,Sialkot
ORD-007665,CUST-01202,2026-02-12,Returned,Lahore
ORD-007666,CUST-01111,2026-02-12,Cancelled,Karachi
ORD-007667,CUST-00248,2026-02-12,Completed,Lahore
ORD-007668,CUST-01330,2026-02-12,Completed,Lahore
ORD-007669,CUST-00625,2026-02-12,Completed,Islamabad
ORD-007670,CUST-00692,2026-02-12,Completed,Karachi
ORD-007671,CUST-00203,2026-02-12,Cancelled,Karachi
ORD-007672,CUST-00948,2026-02-12,Completed,Faisalabad
ORD-007673,CUST-00026,2026-02-12,Pending,Karachi
ORD-007674,CUST-00431,2026-02-12,Completed,Karachi
ORD-007675,CUST-01268,2026-02-12,Completed,Multan
ORD-007676,CUST-00453,2026-02-12,Cancelled,Peshawar
ORD-007677,CUST-00508,2026-02-12,Completed,Karachi
ORD-007678,CUST-00535,2026-02-12,Completed,Multan
ORD-007679,CUST-00422,2026-02-12,Completed,Sialkot
ORD-007680,CUST-01406,2026-02-13,Returned,Quetta
ORD-007681,CUST-01389,2026-02-13,Completed,Karachi
ORD-007682,CUST-00374,2026-02-13,Completed,Rawalpindi
ORD-007683,CUST-01041,2026-02-13,Completed,Lahore
ORD-007684,CUST-00743,2026-02-13,Completed,Rawalpindi
ORD-007685,CUST-00166,2026-02-13,Completed,Lahore
ORD-007686,CUST-00518,2026-02-13,Returned,Lahore
ORD-007687,CUST-01335,2026-02-13,Cancelled,Lahore
ORD-007688,CUST-00488,2026-02-13,Completed,Gujranwala
ORD-007689,CUST-01284,2026-02-13,Completed,Sukkur
ORD-007690,CUST-00578,2026-02-13,Completed,Rawalpindi
ORD-007691,CUST-00578,2026-02-13,Completed,Rawalpindi
ORD-007692,CUST-01032,2026-02-13,Completed,Rawalpindi
ORD-007693,CUST-01268,2026-02-13,Completed,Multan
ORD-007694,CUST-01080,2026-02-13,Completed,Islamabad
ORD-007695,CUST-00865,2026-02-13,Completed,Sialkot
ORD-007696,CUST-00861,2026-02-13,Completed,Lahore
ORD-007697,CUST-00150,2026-02-13,Pending,Sahiwal
ORD-007698,CUST-01031,2026-02-13,Completed,Lahore
ORD-007699,CUST-01168,2026-02-13,Cancelled,Gujranwala
ORD-007700,CUST-00891,2026-02-13,Completed,Hyderabad
ORD-007701,CUST-00399,2026-02-13,Pending,Bahawalpur
ORD-007702,CUST-01465,2026-02-13,Completed,Quetta
ORD-007703,CUST-00677,2026-02-14,Cancelled,Karachi
ORD-007704,CUST-01267,2026-02-14,Completed,Islamabad
ORD-007705,CUST-00511,2026-02-14,Completed,Abbottabad
ORD-007706,CUST-00909,2026-02-14,Completed,Lahore
ORD-007707,CUST-00168,2026-02-14,Completed,Hyderabad
ORD-007708,CUST-00565,2026-02-14,Completed,Gujranwala
ORD-007709,CUST-00944,2026-02-14,Completed,Sukkur
ORD-007710,CUST-00466,2026-02-14,Completed,Sialkot
ORD-007711,CUST-00712,2026-02-14,Completed,Gujranwala
ORD-007712,CUST-00090,2026-02-14,Completed,Karachi
ORD-007713,CUST-00020,2026-02-14,Completed,Bahawalpur
ORD-007714,CUST-01248,2026-02-14,Completed,Karachi
ORD-007715,CUST-00889,2026-02-14,Completed,Multan
ORD-007716,CUST-01178,2026-02-14,Pending,Karachi
ORD-007717,CUST-00879,2026-02-14,Completed,Lahore
ORD-007718,CUST-01364,2026-02-14,Completed,Lahore
ORD-007719,CUST-01062,2026-02-14,Completed,Lahore
ORD-007720,CUST-00330,2026-02-14,Completed,Rawalpindi
ORD-007721,CUST-00925,2026-02-14,Pending,Islamabad
ORD-007722,CUST-01023,2026-02-14,Completed,Quetta
ORD-007723,CUST-00279,2026-02-14,Returned,Rawalpindi
ORD-007724,CUST-00106,2026-02-14,Pending,Karachi
ORD-007725,CUST-00526,2026-02-14,Pending,Lahore
ORD-007726,CUST-00566,2026-02-14,Completed,Hyderabad
ORD-007727,CUST-00558,2026-02-14,Completed,Rawalpindi
ORD-007728,CUST-00417,2026-02-14,Completed,Mirpur Khas
ORD-007729,CUST-00617,2026-02-14,Completed,Islamabad
ORD-007730,CUST-01486,2026-02-14,Completed,Karachi
ORD-007731,CUST-00787,2026-02-14,Returned,Karachi
ORD-007732,CUST-00271,2026-02-14,Completed,Rawalpindi
ORD-007733,CUST-00792,2026-02-15,Completed,Lahore
ORD-007734,CUST-00977,2026-02-15,Completed,Karachi
ORD-007735,CUST-00253,2026-02-15,Completed,Lahore
ORD-007736,CUST-01217,2026-02-15,Completed,Karachi
ORD-007737,CUST-00258,2026-02-15,Completed,Faisalabad
ORD-007738,CUST-01042,2026-02-15,Cancelled,Mardan
ORD-007739,CUST-01240,2026-02-15,Completed,Lahore
ORD-007740,CUST-00814,2026-02-15,Completed,Faisalabad
ORD-007741,CUST-00634,2026-02-15,Completed,Rawalpindi
ORD-007742,CUST-01195,2026-02-15,Completed,Karachi
ORD-007743,CUST-00226,2026-02-15,Completed,Karachi
ORD-007744,CUST-01147,2026-02-15,Completed,Lahore
ORD-007745,CUST-00718,2026-02-15,Completed,Peshawar
ORD-007746,CUST-00898,2026-02-15,Completed,Sargodha
ORD-007747,CUST-01037,2026-02-15,Completed,Karachi
ORD-007748,CUST-00530,2026-02-15,Completed,Lahore
ORD-007749,CUST-00986,2026-02-15,Cancelled,Karachi
ORD-007750,CUST-01184,2026-02-16,Completed,Faisalabad
ORD-007751,CUST-00230,2026-02-16,Completed,Islamabad
ORD-007752,CUST-00097,2026-02-16,Returned,Lahore
ORD-007753,CUST-00401,2026-02-16,Cancelled,Peshawar
ORD-007754,CUST-00029,2026-02-16,Completed,Lahore
ORD-007755,CUST-01230,2026-02-16,Completed,Abbottabad
ORD-007756,CUST-00203,2026-02-16,Completed,Karachi
ORD-007757,CUST-00789,2026-02-16,Completed,Rawalpindi
ORD-007758,CUST-01250,2026-02-16,Completed,Lahore
ORD-007759,CUST-00042,2026-02-16,Completed,Karachi
ORD-007760,CUST-01000,2026-02-16,Pending,Karachi
ORD-007761,CUST-00149,2026-02-16,Completed,Lahore
ORD-007762,CUST-00475,2026-02-16,Completed,Peshawar
ORD-007763,CUST-00498,2026-02-16,Completed,Karachi
ORD-007764,CUST-00278,2026-02-16,Completed,Lahore
ORD-007765,CUST-01007,2026-02-16,Completed,Karachi
ORD-007766,CUST-00289,2026-02-16,Completed,Karachi
ORD-007767,CUST-00214,2026-02-16,Completed,Islamabad
ORD-007768,CUST-00411,2026-02-16,Completed,Karachi
ORD-007769,CUST-01146,2026-02-16,Completed,Islamabad
ORD-007770,CUST-01040,2026-02-16,Completed,Quetta
ORD-007771,CUST-01026,2026-02-16,Pending,Mardan
ORD-007772,CUST-01495,2026-02-17,Returned,Faisalabad
ORD-007773,CUST-00391,2026-02-17,Completed,Faisalabad
ORD-007774,CUST-01280,2026-02-17,Pending,Rawalpindi
ORD-007775,CUST-00382,2026-02-17,Returned,Peshawar
ORD-007776,CUST-00797,2026-02-17,Completed,Karachi
ORD-007777,CUST-01491,2026-02-17,Completed,Karachi
ORD-007778,CUST-00328,2026-02-17,Cancelled,Bahawalpur
ORD-007779,CUST-00274,2026-02-17,Completed,Faisalabad
ORD-007780,CUST-01121,2026-02-17,Completed,Abbottabad
ORD-007781,CUST-00563,2026-02-17,Completed,Hyderabad
ORD-007782,CUST-01300,2026-02-17,Pending,Rawalpindi
ORD-007783,CUST-00471,2026-02-17,Completed,Karachi
ORD-007784,CUST-00346,2026-02-17,Completed,Peshawar
ORD-007785,CUST-00157,2026-02-17,Completed,Peshawar
ORD-007786,CUST-01079,2026-02-17,Completed,Islamabad
ORD-007787,CUST-00783,2026-02-17,Completed,Islamabad
ORD-007788,CUST-00974,2026-02-17,Completed,Peshawar
ORD-007789,CUST-01038,2026-02-17,Completed,Faisalabad
ORD-007790,CUST-00511,2026-02-17,Completed,Rawalpindi
ORD-007791,CUST-00122,2026-02-17,Completed,Karachi
ORD-007792,CUST-00492,2026-02-17,Cancelled,Faisalabad
ORD-007793,CUST-01316,2026-02-17,Completed,Mardan
ORD-007794,CUST-00807,2026-02-17,Completed,Islamabad
ORD-007795,CUST-00109,2026-02-17,Returned,Quetta
ORD-007796,CUST-00029,2026-02-17,Completed,Multan
ORD-007797,CUST-00509,2026-02-17,Completed,Faisalabad
ORD-007798,CUST-01489,2026-02-18,Completed,Karachi
ORD-007799,CUST-01367,2026-02-18,Completed,Lahore
ORD-007800,CUST-01026,2026-02-18,Completed,Mardan
ORD-007801,CUST-00210,2026-02-18,Completed,Multan
ORD-007802,CUST-00623,2026-02-18,Completed,Mirpur Khas
ORD-007803,CUST-00571,2026-02-18,Completed,Lahore
ORD-007804,CUST-00415,2026-02-18,Cancelled,Karachi
ORD-007805,CUST-00847,2026-02-18,Completed,Faisalabad
ORD-007806,CUST-00060,2026-02-18,Cancelled,Karachi
ORD-007807,CUST-00266,2026-02-18,Completed,Faisalabad
ORD-007808,CUST-00618,2026-02-18,Completed,Faisalabad
ORD-007809,CUST-00559,2026-02-18,Completed,Faisalabad
ORD-007810,CUST-01067,2026-02-18,Completed,Rawalpindi
ORD-007811,CUST-00654,2026-02-18,Completed,Sargodha
ORD-007812,CUST-01264,2026-02-18,Completed,Rawalpindi
ORD-007813,CUST-00362,2026-02-18,Pending,Faisalabad
ORD-007814,CUST-01032,2026-02-18,Completed,Rawalpindi
ORD-007815,CUST-01030,2026-02-18,Completed,Sialkot
ORD-007816,CUST-00181,2026-02-18,Completed,Lahore
ORD-007817,CUST-00994,2026-02-18,Returned,Peshawar
ORD-007818,CUST-00411,2026-02-18,Completed,Karachi
ORD-007819,CUST-00839,2026-02-18,Completed,Faisalabad
ORD-007820,CUST-00131,2026-02-18,Returned,Karachi
ORD-007821,CUST-00210,2026-02-18,Completed,Multan
ORD-007822,CUST-00993,2026-02-18,Completed,Gujranwala
ORD-007823,CUST-00927,2026-02-18,Completed,Multan
ORD-007824,CUST-00046,2026-02-18,Cancelled,Sialkot
ORD-007825,CUST-00801,2026-02-19,Completed,Lahore
ORD-007826,CUST-01270,2026-02-19,Pending,Karachi
ORD-007827,CUST-00693,2026-02-19,Completed,Islamabad
ORD-007828,CUST-00632,2026-02-19,Completed,Hyderabad
ORD-007829,CUST-01308,2026-02-19,Cancelled,Gujranwala
ORD-007830,CUST-00628,2026-02-19,Completed,Gujranwala
ORD-007831,CUST-01329,2026-02-19,Completed,Karachi
ORD-007832,CUST-00780,2026-02-19,Completed,Peshawar
ORD-007833,CUST-01390,2026-02-19,Completed,Islamabad
ORD-007834,CUST-00955,2026-02-19,Completed,Karachi
ORD-007835,CUST-00385,2026-02-19,Cancelled,Lahore
ORD-007836,CUST-00562,2026-02-19,Completed,Rawalpindi
ORD-007837,CUST-00708,2026-02-19,Completed,Lahore
ORD-007838,CUST-01149,2026-02-19,Completed,Islamabad
ORD-007839,CUST-00462,2026-02-19,Completed,Karachi
ORD-007840,CUST-01023,2026-02-19,Completed,Quetta
ORD-007841,CUST-00625,2026-02-19,Completed,Islamabad
ORD-007842,CUST-01061,2026-02-19,Completed,Islamabad
ORD-007843,CUST-00650,2026-02-19,Completed,Karachi
ORD-007844,CUST-01249,2026-02-19,Returned,Peshawar
ORD-007845,CUST-00490,2026-02-19,Completed,Lahore
ORD-007846,CUST-01432,2026-02-19,Completed,Peshawar
ORD-007847,CUST-01116,2026-02-19,Completed,Mardan
ORD-007848,CUST-00056,2026-02-19,Cancelled,Karachi
ORD-007849,CUST-00254,2026-02-19,Completed,Karachi
ORD-007850,CUST-00977,2026-02-20,Completed,Karachi
ORD-007851,CUST-00503,2026-02-20,Returned,Rawalpindi
ORD-007852,CUST-01128,2026-02-20,Completed,Lahore
ORD-007853,CUST-01108,2026-02-20,Returned,Lahore
ORD-007854,CUST-00046,2026-02-20,Completed,Lahore
ORD-007855,CUST-00129,2026-02-20,Completed,Sahiwal
ORD-007856,CUST-00521,2026-02-20,Completed,Faisalabad
ORD-007857,CUST-00618,2026-02-20,Completed,Faisalabad
ORD-007858,CUST-00608,2026-02-20,Completed,Quetta
ORD-007859,CUST-00089,2026-02-20,Completed,Hyderabad
ORD-007860,CUST-00278,2026-02-20,Completed,Karachi
ORD-007861,CUST-00938,2026-02-20,Completed,Karachi
ORD-007862,CUST-01181,2026-02-20,Completed,Rawalpindi
ORD-007863,CUST-00941,2026-02-20,Completed,Karachi
ORD-007864,CUST-00299,2026-02-20,Cancelled,Multan
ORD-007865,CUST-00814,2026-02-20,Completed,Faisalabad
ORD-007866,CUST-00256,2026-02-20,Completed,Rawalpindi
ORD-007867,CUST-00501,2026-02-20,Completed,Karachi
ORD-007868,CUST-00643,2026-02-20,Completed,Karachi
ORD-007869,CUST-00794,2026-02-20,Completed,Lahore
ORD-007870,CUST-01154,2026-02-20,Completed,Lahore
ORD-007871,CUST-01027,2026-02-20,Completed,Lahore
ORD-007872,CUST-00641,2026-02-20,Pending,Lahore
ORD-007873,CUST-00543,2026-02-20,Completed,Faisalabad
ORD-007874,CUST-01056,2026-02-20,Completed,Gujranwala
ORD-007875,CUST-00640,2026-02-21,Completed,Multan
ORD-007876,CUST-00879,2026-02-21,Completed,Karachi
ORD-007877,CUST-01204,2026-02-21,Completed,Faisalabad
ORD-007878,CUST-01317,2026-02-21,Completed,Lahore
ORD-007879,CUST-00132,2026-02-21,Completed,Rawalpindi
ORD-007880,CUST-00624,2026-02-21,Completed,Sialkot
ORD-007881,CUST-00108,2026-02-21,Returned,Karachi
ORD-007882,CUST-01260,2026-02-21,Completed,Peshawar
ORD-007883,CUST-00137,2026-02-21,Completed,Multan
ORD-007884,CUST-00814,2026-02-21,Completed,Faisalabad
ORD-007885,CUST-01225,2026-02-21,Completed,Lahore
ORD-007886,CUST-01080,2026-02-21,Pending,Islamabad
ORD-007887,CUST-00434,2026-02-22,Completed,Lahore
ORD-007888,CUST-00956,2026-02-22,Completed,Karachi
ORD-007889,CUST-01024,2026-02-22,Completed,Faisalabad
ORD-007890,CUST-00397,2026-02-22,Completed,Peshawar
ORD-007891,CUST-00975,2026-02-22,Completed,Rahim Yar Khan
ORD-007892,CUST-01098,2026-02-22,Completed,Mardan
ORD-007893,CUST-01445,2026-02-22,Completed,Sialkot
ORD-007894,CUST-00737,2026-02-22,Completed,Karachi
ORD-007895,CUST-00474,2026-02-22,Completed,Karachi
ORD-007896,CUST-01298,2026-02-22,Completed,Islamabad
ORD-007897,CUST-00734,2026-02-22,Completed,Lahore
ORD-007898,CUST-00254,2026-02-22,Completed,Karachi
ORD-007899,CUST-01103,2026-02-22,Completed,Karachi
ORD-007900,CUST-01234,2026-02-23,Completed,Karachi
ORD-007901,CUST-01261,2026-02-23,Returned,Lahore
ORD-007902,CUST-01224,2026-02-23,Completed,Peshawar
ORD-007903,CUST-00940,2026-02-23,Completed,Abbottabad
ORD-007904,CUST-00870,2026-02-23,Completed,Faisalabad
ORD-007905,CUST-00963,2026-02-23,Completed,Lahore
ORD-007906,CUST-00071,2026-02-23,Completed,Sialkot
ORD-007907,CUST-01080,2026-02-23,Completed,Islamabad
ORD-007908,CUST-00433,2026-02-23,Completed,Lahore
ORD-007909,CUST-01486,2026-02-23,Completed,Karachi
ORD-007910,CUST-00399,2026-02-23,Completed,Bahawalpur
ORD-007911,CUST-00471,2026-02-23,Completed,Karachi
ORD-007912,CUST-00859,2026-02-23,Completed,Karachi
ORD-007913,CUST-00049,2026-02-23,Completed,Lahore
ORD-007914,CUST-01052,2026-02-23,Completed,Faisalabad
ORD-007915,CUST-00589,2026-02-23,Completed,Islamabad
ORD-007916,CUST-00687,2026-02-23,Completed,Karachi
ORD-007917,CUST-00896,2026-02-23,Completed,Sargodha
ORD-007918,CUST-00442,2026-02-24,Completed,Lahore
ORD-007919,CUST-00809,2026-02-24,Pending,Sukkur
ORD-007920,CUST-00572,2026-02-24,Pending,Multan
ORD-007921,CUST-00697,2026-02-24,Completed,Mirpur Khas
ORD-007922,CUST-01372,2026-02-24,Completed,Karachi
ORD-007923,CUST-00805,2026-02-24,Completed,Lahore
ORD-007924,CUST-01420,2026-02-24,Completed,Karachi
ORD-007925,CUST-00909,2026-02-24,Completed,Lahore
ORD-007926,CUST-01120,2026-02-24,Completed,Lahore
ORD-007927,CUST-00981,2026-02-24,Completed,Hyderabad
ORD-007928,CUST-01330,2026-02-24,Completed,Mirpur Khas
ORD-007929,CUST-00889,2026-02-24,Completed,Faisalabad
ORD-007930,CUST-01140,2026-02-24,Completed,Karachi
ORD-007931,CUST-01142,2026-02-24,Completed,Karachi
ORD-007932,CUST-01270,2026-02-24,Completed,Peshawar
ORD-007933,CUST-01478,2026-02-24,Completed,Sahiwal
ORD-007934,CUST-00670,2026-02-24,Pending,Islamabad
ORD-007935,CUST-01136,2026-02-24,Completed,Karachi
ORD-007936,CUST-00635,2026-02-24,Completed,Abbottabad
ORD-007937,CUST-00253,2026-02-24,Completed,Lahore
ORD-007938,CUST-01184,2026-02-24,Completed,Lahore
ORD-007939,CUST-01319,2026-02-24,Completed,Rawalpindi
ORD-007940,CUST-00819,2026-02-24,Cancelled,Karachi
ORD-007941,CUST-00844,2026-02-24,Completed,Karachi
ORD-007942,CUST-01389,2026-02-24,Completed,Rawalpindi
ORD-007943,CUST-00665,2026-02-24,Completed,Quetta
ORD-007944,CUST-00532,2026-02-25,Completed,Karachi
ORD-007945,CUST-00584,2026-02-25,Returned,Quetta
ORD-007946,CUST-00567,2026-02-25,Completed,Peshawar
ORD-007947,CUST-00475,2026-02-25,Completed,Bahawalpur
ORD-007948,CUST-00005,2026-02-25,Cancelled,Faisalabad
ORD-007949,CUST-00149,2026-02-25,Returned,Quetta
ORD-007950,CUST-01054,2026-02-25,Pending,Karachi
ORD-007951,CUST-00009,2026-02-25,Completed,Lahore
ORD-007952,CUST-00482,2026-02-25,Completed,Sialkot
ORD-007953,CUST-00177,2026-02-25,Completed,Lahore
ORD-007954,CUST-00575,2026-02-25,Pending,Karachi
ORD-007955,CUST-01082,2026-02-25,Completed,Gujranwala
ORD-007956,CUST-00554,2026-02-25,Completed,Rawalpindi
ORD-007957,CUST-00284,2026-02-25,Completed,Karachi
ORD-007958,CUST-00339,2026-02-25,Completed,Rawalpindi
ORD-007959,CUST-00196,2026-02-25,Cancelled,Sahiwal
ORD-007960,CUST-00773,2026-02-25,Completed,Lahore
ORD-007961,CUST-01416,2026-02-25,Completed,Gujranwala
ORD-007962,CUST-00902,2026-02-25,Completed,Rawalpindi
ORD-007963,CUST-01352,2026-02-25,Completed,Karachi
ORD-007964,CUST-00410,2026-02-25,Completed,Peshawar
ORD-007965,CUST-00108,2026-02-25,Completed,Karachi
ORD-007966,CUST-01350,2026-02-25,Completed,Quetta
ORD-007967,CUST-00110,2026-02-25,Completed,Karachi
ORD-007968,CUST-01210,2026-02-25,Returned,Multan
ORD-007969,CUST-00613,2026-02-26,Cancelled,Peshawar
ORD-007970,CUST-00258,2026-02-26,Completed,Mirpur Khas
ORD-007971,CUST-01354,2026-02-26,Completed,Karachi
ORD-007972,CUST-00115,2026-02-26,Completed,Lahore
ORD-007973,CUST-01049,2026-02-26,Completed,Gujranwala
ORD-007974,CUST-00758,2026-02-26,Completed,Karachi
ORD-007975,CUST-00052,2026-02-26,Completed,Faisalabad
ORD-007976,CUST-00697,2026-02-26,Completed,Lahore
ORD-007977,CUST-00105,2026-02-26,Completed,Karachi
ORD-007978,CUST-00597,2026-02-26,Pending,Lahore
ORD-007979,CUST-00304,2026-02-26,Cancelled,Faisalabad
ORD-007980,CUST-00423,2026-02-26,Returned,Islamabad
ORD-007981,CUST-00368,2026-02-26,Completed,Islamabad
ORD-007982,CUST-01293,2026-02-26,Returned,Bahawalpur
ORD-007983,CUST-00277,2026-02-26,Completed,Karachi
ORD-007984,CUST-00337,2026-02-26,Completed,Quetta
ORD-007985,CUST-01255,2026-02-26,Returned,Lahore
ORD-007986,CUST-00530,2026-02-26,Cancelled,Islamabad
ORD-007987,CUST-00828,2026-02-27,Completed,Islamabad
ORD-007988,CUST-00772,2026-02-27,Completed,Rahim Yar Khan
ORD-007989,CUST-00845,2026-02-27,Completed,Karachi
ORD-007990,CUST-01023,2026-02-27,Completed,Quetta
ORD-007991,CUST-01061,2026-02-27,Pending,Islamabad
ORD-007992,CUST-01048,2026-02-27,Completed,Faisalabad
ORD-007993,CUST-01450,2026-02-27,Pending,Sahiwal
ORD-007994,CUST-00467,2026-02-27,Completed,Faisalabad
ORD-007995,CUST-00429,2026-02-27,Completed,Rawalpindi
ORD-007996,CUST-00116,2026-02-27,Completed,Karachi
ORD-007997,CUST-00074,2026-02-27,Completed,Sialkot
ORD-007998,CUST-01026,2026-02-27,Completed,Mardan
ORD-007999,CUST-00641,2026-02-27,Cancelled,Lahore
ORD-008000,CUST-00452,2026-02-27,Completed,Peshawar
ORD-008001,CUST-00652,2026-02-27,Returned,Multan
ORD-008002,CUST-00679,2026-02-27,Pending,Mirpur Khas
ORD-008003,CUST-01449,2026-02-27,Completed,Karachi
ORD-008004,CUST-01318,2026-02-27,Completed,Faisalabad
ORD-008005,CUST-00368,2026-02-27,Completed,Islamabad
ORD-008006,CUST-00135,2026-02-27,Completed,Lahore
ORD-008007,CUST-01370,2026-02-27,Returned,Karachi
ORD-008008,CUST-01224,2026-02-27,Completed,Peshawar
ORD-008009,CUST-01056,2026-02-28,Pending,Karachi
ORD-008010,CUST-00761,2026-02-28,Completed,Karachi
ORD-008011,CUST-00332,2026-02-28,Pending,Lahore
ORD-008012,CUST-01142,2026-02-28,Pending,Karachi
ORD-008013,CUST-00868,2026-02-28,Cancelled,Lahore
ORD-008014,CUST-00518,2026-02-28,Completed,Lahore
ORD-008015,CUST-01113,2026-02-28,Completed,Sialkot
ORD-008016,CUST-01285,2026-02-28,Completed,Rawalpindi
ORD-008017,CUST-01370,2026-02-28,Completed,Karachi
ORD-008018,CUST-01337,2026-02-28,Completed,Peshawar
ORD-008019,CUST-00867,2026-02-28,Completed,Lahore
ORD-008020,CUST-01495,2026-02-28,Completed,Karachi
ORD-008021,CUST-00015,2026-02-28,Completed,Islamabad
ORD-008022,CUST-00699,2026-02-28,Pending,Karachi
ORD-008023,CUST-00771,2026-02-28,Returned,Gujranwala
ORD-008024,CUST-00483,2026-02-28,Completed,Faisalabad
ORD-008025,CUST-00758,2026-02-28,Completed,Karachi
ORD-008026,CUST-00342,2026-02-28,Completed,Karachi
ORD-008027,CUST-00380,2026-02-28,Completed,Sialkot
ORD-008028,CUST-00475,2026-02-28,Completed,Bahawalpur
ORD-008029,CUST-01429,2026-02-28,Completed,Lahore
ORD-008030,CUST-01144,2026-02-28,Returned,Faisalabad
ORD-008031,CUST-01256,2026-03-01,Completed,Karachi
ORD-008032,CUST-00131,2026-03-01,Returned,Karachi
ORD-008033,CUST-00999,2026-03-01,Completed,Rahim Yar Khan
ORD-008034,CUST-01221,2026-03-01,Completed,Lahore
ORD-008035,CUST-00243,2026-03-02,Completed,Hyderabad
ORD-008036,CUST-00710,2026-03-02,Completed,Gwadar
ORD-008037,CUST-00489,2026-03-02,Completed,Karachi
ORD-008038,CUST-01040,2026-03-02,Completed,Quetta
ORD-008039,CUST-01440,2026-03-02,Completed,Lahore
ORD-008040,CUST-00440,2026-03-02,Completed,Bahawalpur
ORD-008041,CUST-01105,2026-03-02,Completed,Karachi
ORD-008042,CUST-01476,2026-03-02,Returned,Karachi
ORD-008043,CUST-00423,2026-03-02,Completed,Rawalpindi
ORD-008044,CUST-01082,2026-03-02,Completed,Karachi
ORD-008045,CUST-01103,2026-03-02,Completed,Karachi
ORD-008046,CUST-00677,2026-03-03,Completed,Karachi
ORD-008047,CUST-01110,2026-03-03,Completed,Faisalabad
ORD-008048,CUST-00286,2026-03-03,Completed,Karachi
ORD-008049,CUST-00940,2026-03-03,Completed,Abbottabad
ORD-008050,CUST-00780,2026-03-03,Returned,Faisalabad
ORD-008051,CUST-00022,2026-03-03,Cancelled,Lahore
ORD-008052,CUST-00694,2026-03-03,Completed,Gujranwala
ORD-008053,CUST-00940,2026-03-03,Pending,Abbottabad
ORD-008054,CUST-00555,2026-03-03,Pending,Karachi
ORD-008055,CUST-01218,2026-03-03,Completed,Faisalabad
ORD-008056,CUST-01337,2026-03-03,Completed,Peshawar
ORD-008057,CUST-01341,2026-03-03,Completed,Karachi
ORD-008058,CUST-00024,2026-03-03,Returned,Sialkot
ORD-008059,CUST-01378,2026-03-03,Completed,Karachi
ORD-008060,CUST-01170,2026-03-03,Completed,Mirpur Khas
ORD-008061,CUST-00079,2026-03-03,Completed,Peshawar
ORD-008062,CUST-00116,2026-03-03,Completed,Karachi
ORD-008063,CUST-00656,2026-03-04,Completed,Karachi
ORD-008064,CUST-00863,2026-03-04,Completed,Lahore
ORD-008065,CUST-01023,2026-03-04,Completed,Quetta
ORD-008066,CUST-00263,2026-03-04,Pending,Abbottabad
ORD-008067,CUST-01437,2026-03-04,Completed,Karachi
ORD-008068,CUST-01197,2026-03-04,Completed,Multan
ORD-008069,CUST-00477,2026-03-04,Completed,Rawalpindi
ORD-008070,CUST-00236,2026-03-04,Completed,Quetta
ORD-008071,CUST-01259,2026-03-04,Completed,Rawalpindi
ORD-008072,CUST-01296,2026-03-04,Completed,Islamabad
ORD-008073,CUST-01026,2026-03-04,Completed,Mardan
ORD-008074,CUST-00866,2026-03-04,Completed,Karachi
ORD-008075,CUST-00656,2026-03-04,Completed,Karachi
ORD-008076,CUST-00024,2026-03-04,Completed,Rawalpindi
ORD-008077,CUST-00623,2026-03-04,Completed,Mirpur Khas
ORD-008078,CUST-00232,2026-03-04,Completed,Rawalpindi
ORD-008079,CUST-00516,2026-03-04,Completed,Islamabad
ORD-008080,CUST-00950,2026-03-04,Completed,Rawalpindi
ORD-008081,CUST-00584,2026-03-04,Completed,Rawalpindi
ORD-008082,CUST-01488,2026-03-04,Cancelled,Karachi
ORD-008083,CUST-00347,2026-03-05,Completed,Gujranwala
ORD-008084,CUST-01196,2026-03-05,Completed,Lahore
ORD-008085,CUST-00071,2026-03-05,Pending,Lahore
ORD-008086,CUST-00998,2026-03-05,Completed,Peshawar
ORD-008087,CUST-00306,2026-03-05,Completed,Sukkur
ORD-008088,CUST-00289,2026-03-05,Completed,Karachi
ORD-008089,CUST-00537,2026-03-05,Completed,Abbottabad
ORD-008090,CUST-00009,2026-03-05,Completed,Karachi
ORD-008091,CUST-01378,2026-03-05,Pending,Karachi
ORD-008092,CUST-01439,2026-03-05,Completed,Rawalpindi
ORD-008093,CUST-01301,2026-03-05,Completed,Mirpur Khas
ORD-008094,CUST-00159,2026-03-05,Completed,Faisalabad
ORD-008095,CUST-00861,2026-03-05,Completed,Lahore
ORD-008096,CUST-01268,2026-03-05,Completed,Multan
ORD-008097,CUST-00389,2026-03-05,Completed,Islamabad
ORD-008098,CUST-00601,2026-03-06,Completed,Islamabad
ORD-008099,CUST-00780,2026-03-06,Completed,Faisalabad
ORD-008100,CUST-00308,2026-03-06,Completed,Islamabad
ORD-008101,CUST-01406,2026-03-06,Completed,Quetta
ORD-008102,CUST-01386,2026-03-06,Cancelled,Faisalabad
ORD-008103,CUST-00961,2026-03-06,Completed,Islamabad
ORD-008104,CUST-00866,2026-03-06,Completed,Faisalabad
ORD-008105,CUST-00520,2026-03-06,Cancelled,Karachi
ORD-008106,CUST-00946,2026-03-06,Completed,Peshawar
ORD-008107,CUST-00282,2026-03-06,Completed,Karachi
ORD-008108,CUST-00565,2026-03-06,Completed,Lahore
ORD-008109,CUST-00169,2026-03-06,Completed,Multan
ORD-008110,CUST-00152,2026-03-06,Completed,Hyderabad
ORD-008111,CUST-00632,2026-03-06,Pending,Hyderabad
ORD-008112,CUST-00839,2026-03-06,Completed,Faisalabad
ORD-008113,CUST-00876,2026-03-06,Cancelled,Lahore
ORD-008114,CUST-00450,2026-03-06,Completed,Peshawar
ORD-008115,CUST-01461,2026-03-06,Returned,Faisalabad
ORD-008116,CUST-00377,2026-03-06,Completed,Karachi
ORD-008117,CUST-01020,2026-03-06,Pending,Karachi
ORD-008118,CUST-00230,2026-03-06,Completed,Lahore
ORD-008119,CUST-00083,2026-03-06,Completed,Quetta
ORD-008120,CUST-00108,2026-03-07,Completed,Karachi
ORD-008121,CUST-00904,2026-03-07,Completed,Faisalabad
ORD-008122,CUST-01326,2026-03-07,Completed,Multan
ORD-008123,CUST-01200,2026-03-07,Cancelled,Gujranwala
ORD-008124,CUST-01363,2026-03-07,Completed,Islamabad
ORD-008125,CUST-01284,2026-03-07,Completed,Sukkur
ORD-008126,CUST-00007,2026-03-07,Completed,Rawalpindi
ORD-008127,CUST-01218,2026-03-07,Completed,Sargodha
ORD-008128,CUST-00844,2026-03-07,Completed,Karachi
ORD-008129,CUST-01054,2026-03-07,Completed,Quetta
ORD-008130,CUST-01303,2026-03-07,Completed,Rawalpindi
ORD-008131,CUST-01002,2026-03-07,Completed,Lahore
ORD-008132,CUST-01167,2026-03-07,Completed,Bahawalpur
ORD-008133,CUST-00895,2026-03-07,Cancelled,Karachi
ORD-008134,CUST-01272,2026-03-07,Cancelled,Islamabad
ORD-008135,CUST-00538,2026-03-07,Completed,Mirpur Khas
ORD-008136,CUST-01388,2026-03-07,Returned,Bahawalpur
ORD-008137,CUST-00752,2026-03-07,Completed,Rawalpindi
ORD-008138,CUST-00981,2026-03-08,Completed,Faisalabad
ORD-008139,CUST-00964,2026-03-08,Cancelled,Lahore
ORD-008140,CUST-01156,2026-03-08,Cancelled,Lahore
ORD-008141,CUST-00262,2026-03-08,Pending,Gujranwala
ORD-008142,CUST-00263,2026-03-08,Completed,Abbottabad
ORD-008143,CUST-01325,2026-03-08,Completed,Karachi
ORD-008144,CUST-01033,2026-03-08,Cancelled,Faisalabad
ORD-008145,CUST-00741,2026-03-08,Pending,Karachi
ORD-008146,CUST-00263,2026-03-08,Completed,Abbottabad
ORD-008147,CUST-00674,2026-03-09,Completed,Multan
ORD-008148,CUST-01486,2026-03-09,Completed,Lahore
ORD-008149,CUST-00244,2026-03-09,Completed,Rawalpindi
ORD-008150,CUST-00159,2026-03-09,Returned,Peshawar
ORD-008151,CUST-01033,2026-03-09,Completed,Faisalabad
ORD-008152,CUST-01247,2026-03-09,Completed,Islamabad
ORD-008153,CUST-00848,2026-03-09,Cancelled,Karachi
ORD-008154,CUST-00979,2026-03-09,Completed,Bahawalpur
ORD-008155,CUST-00211,2026-03-09,Completed,Lahore
ORD-008156,CUST-00972,2026-03-09,Completed,Bahawalpur
ORD-008157,CUST-00030,2026-03-09,Pending,Rahim Yar Khan
ORD-008158,CUST-00534,2026-03-09,Completed,Karachi
ORD-008159,CUST-00967,2026-03-09,Completed,Bahawalpur
ORD-008160,CUST-00292,2026-03-09,Completed,Karachi
ORD-008161,CUST-01042,2026-03-09,Completed,Lahore
ORD-008162,CUST-01195,2026-03-09,Returned,Karachi
ORD-008163,CUST-00380,2026-03-09,Completed,Karachi
ORD-008164,CUST-01420,2026-03-10,Completed,Karachi
ORD-008165,CUST-00594,2026-03-10,Completed,Lahore
ORD-008166,CUST-00287,2026-03-10,Completed,Gwadar
ORD-008167,CUST-01444,2026-03-10,Completed,Sialkot
ORD-008168,CUST-00209,2026-03-10,Completed,Rawalpindi
ORD-008169,CUST-00392,2026-03-10,Completed,Lahore
ORD-008170,CUST-01042,2026-03-10,Pending,Lahore
ORD-008171,CUST-00030,2026-03-10,Cancelled,Rahim Yar Khan
ORD-008172,CUST-00428,2026-03-10,Completed,Lahore
ORD-008173,CUST-01411,2026-03-10,Completed,Sahiwal
ORD-008174,CUST-00805,2026-03-10,Completed,Karachi
ORD-008175,CUST-00570,2026-03-10,Cancelled,Lahore
ORD-008176,CUST-00492,2026-03-10,Completed,Sukkur
ORD-008177,CUST-00690,2026-03-10,Completed,Quetta
ORD-008178,CUST-00959,2026-03-10,Completed,Faisalabad
ORD-008179,CUST-00909,2026-03-11,Pending,Lahore
ORD-008180,CUST-00900,2026-03-11,Returned,Multan
ORD-008181,CUST-00431,2026-03-11,Completed,Karachi
ORD-008182,CUST-00260,2026-03-11,Completed,Lahore
ORD-008183,CUST-01208,2026-03-11,Completed,Karachi
ORD-008184,CUST-01410,2026-03-11,Completed,Karachi
ORD-008185,CUST-00652,2026-03-11,Completed,Karachi
ORD-008186,CUST-00335,2026-03-11,Completed,Karachi
ORD-008187,CUST-01434,2026-03-11,Completed,Quetta
ORD-008188,CUST-00399,2026-03-11,Returned,Bahawalpur
ORD-008189,CUST-00995,2026-03-11,Completed,Karachi
ORD-008190,CUST-01023,2026-03-11,Completed,Islamabad
ORD-008191,CUST-00586,2026-03-11,Pending,Sargodha
ORD-008192,CUST-00792,2026-03-11,Returned,Lahore
ORD-008193,CUST-00628,2026-03-11,Completed,Gujranwala
ORD-008194,CUST-00999,2026-03-11,Cancelled,Islamabad
ORD-008195,CUST-00344,2026-03-11,Completed,Islamabad
ORD-008196,CUST-00821,2026-03-11,Completed,Islamabad
ORD-008197,CUST-00821,2026-03-11,Returned,Islamabad
ORD-008198,CUST-00879,2026-03-12,Completed,Lahore
ORD-008199,CUST-00702,2026-03-12,Completed,Bahawalpur
ORD-008200,CUST-00874,2026-03-12,Completed,Karachi
ORD-008201,CUST-00253,2026-03-12,Completed,Lahore
ORD-008202,CUST-00436,2026-03-12,Completed,Peshawar
ORD-008203,CUST-00741,2026-03-12,Cancelled,Karachi
ORD-008204,CUST-00598,2026-03-12,Completed,Sukkur
ORD-008205,CUST-00575,2026-03-12,Completed,Karachi
ORD-008206,CUST-00205,2026-03-12,Completed,Multan
ORD-008207,CUST-00175,2026-03-12,Completed,Hyderabad
ORD-008208,CUST-00564,2026-03-12,Cancelled,Karachi
ORD-008209,CUST-01147,2026-03-12,Completed,Lahore
ORD-008210,CUST-00617,2026-03-12,Completed,Lahore
ORD-008211,CUST-01170,2026-03-12,Completed,Mirpur Khas
ORD-008212,CUST-00356,2026-03-12,Completed,Hyderabad
ORD-008213,CUST-01284,2026-03-12,Pending,Sukkur
ORD-008214,CUST-00986,2026-03-12,Completed,Islamabad
ORD-008215,CUST-00651,2026-03-12,Completed,Islamabad
ORD-008216,CUST-00986,2026-03-12,Completed,Karachi
ORD-008217,CUST-00558,2026-03-12,Completed,Rawalpindi
ORD-008218,CUST-01172,2026-03-12,Completed,Karachi
ORD-008219,CUST-00229,2026-03-12,Completed,Lahore
ORD-008220,CUST-01105,2026-03-12,Completed,Faisalabad
ORD-008221,CUST-00970,2026-03-12,Completed,Lahore
ORD-008222,CUST-00520,2026-03-12,Completed,Karachi
ORD-008223,CUST-00046,2026-03-13,Completed,Sialkot
ORD-008224,CUST-00331,2026-03-13,Completed,Lahore
ORD-008225,CUST-01204,2026-03-13,Completed,Faisalabad
ORD-008226,CUST-01475,2026-03-13,Cancelled,Karachi
ORD-008227,CUST-01082,2026-03-13,Completed,Multan
ORD-008228,CUST-00661,2026-03-13,Completed,Lahore
ORD-008229,CUST-00290,2026-03-13,Completed,Sukkur
ORD-008230,CUST-00957,2026-03-13,Completed,Faisalabad
ORD-008231,CUST-00472,2026-03-13,Completed,Rawalpindi
ORD-008232,CUST-00272,2026-03-13,Completed,Quetta
ORD-008233,CUST-00680,2026-03-13,Completed,Gwadar
ORD-008234,CUST-00367,2026-03-13,Completed,Gwadar
ORD-008235,CUST-01054,2026-03-13,Pending,Karachi
ORD-008236,CUST-01000,2026-03-13,Returned,Karachi
ORD-008237,CUST-01243,2026-03-14,Completed,Quetta
ORD-008238,CUST-00105,2026-03-14,Completed,Karachi
ORD-008239,CUST-00652,2026-03-14,Completed,Multan
ORD-008240,CUST-00839,2026-03-14,Completed,Faisalabad
ORD-008241,CUST-00319,2026-03-14,Completed,Sargodha
ORD-008242,CUST-01268,2026-03-14,Completed,Multan
ORD-008243,CUST-00623,2026-03-14,Completed,Mirpur Khas
ORD-008244,CUST-01389,2026-03-14,Completed,Lahore
ORD-008245,CUST-00927,2026-03-14,Completed,Multan
ORD-008246,CUST-00061,2026-03-14,Completed,Lahore
ORD-008247,CUST-00869,2026-03-14,Completed,Karachi
ORD-008248,CUST-00961,2026-03-14,Completed,Islamabad
ORD-008249,CUST-00944,2026-03-14,Completed,Sialkot
ORD-008250,CUST-00575,2026-03-14,Cancelled,Karachi
ORD-008251,CUST-00096,2026-03-14,Completed,Lahore
ORD-008252,CUST-01384,2026-03-14,Completed,Karachi
ORD-008253,CUST-00526,2026-03-14,Returned,Lahore
ORD-008254,CUST-00779,2026-03-14,Completed,Sargodha
ORD-008255,CUST-00321,2026-03-14,Completed,Sialkot
ORD-008256,CUST-00543,2026-03-14,Completed,Faisalabad
ORD-008257,CUST-00272,2026-03-14,Completed,Quetta
ORD-008258,CUST-00526,2026-03-15,Completed,Lahore
ORD-008259,CUST-01272,2026-03-15,Completed,Islamabad
ORD-008260,CUST-01297,2026-03-15,Completed,Islamabad
ORD-008261,CUST-00396,2026-03-15,Completed,Faisalabad
ORD-008262,CUST-00464,2026-03-15,Pending,Faisalabad
ORD-008263,CUST-01329,2026-03-15,Completed,Peshawar
ORD-008264,CUST-00329,2026-03-15,Pending,Multan
ORD-008265,CUST-00055,2026-03-15,Completed,Sukkur
ORD-008266,CUST-00973,2026-03-16,Completed,Karachi
ORD-008267,CUST-01285,2026-03-16,Completed,Rawalpindi
ORD-008268,CUST-00873,2026-03-16,Returned,Faisalabad
ORD-008269,CUST-01108,2026-03-16,Completed,Lahore
ORD-008270,CUST-01270,2026-03-16,Completed,Peshawar
ORD-008271,CUST-00253,2026-03-16,Pending,Lahore
ORD-008272,CUST-00066,2026-03-16,Completed,Islamabad
ORD-008273,CUST-00734,2026-03-16,Completed,Lahore
ORD-008274,CUST-00007,2026-03-16,Completed,Lahore
ORD-008275,CUST-00843,2026-03-16,Completed,Sialkot
ORD-008276,CUST-00290,2026-03-16,Completed,Sukkur
ORD-008277,CUST-00672,2026-03-16,Completed,Karachi
ORD-008278,CUST-00182,2026-03-17,Pending,Islamabad
ORD-008279,CUST-01384,2026-03-17,Pending,Islamabad
ORD-008280,CUST-00518,2026-03-17,Pending,Lahore
ORD-008281,CUST-00580,2026-03-17,Completed,Peshawar
ORD-008282,CUST-00868,2026-03-17,Completed,Lahore
ORD-008283,CUST-01458,2026-03-17,Returned,Islamabad
ORD-008284,CUST-00934,2026-03-17,Completed,Lahore
ORD-008285,CUST-01275,2026-03-17,Completed,Sargodha
ORD-008286,CUST-01125,2026-03-17,Returned,Peshawar
ORD-008287,CUST-01284,2026-03-17,Completed,Sukkur
ORD-008288,CUST-01451,2026-03-17,Completed,Lahore
ORD-008289,CUST-01439,2026-03-17,Completed,Rawalpindi
ORD-008290,CUST-01458,2026-03-17,Cancelled,Lahore
ORD-008291,CUST-01384,2026-03-17,Pending,Islamabad
ORD-008292,CUST-00790,2026-03-17,Completed,Multan
ORD-008293,CUST-00227,2026-03-17,Completed,Multan
ORD-008294,CUST-00943,2026-03-17,Completed,Hyderabad
ORD-008295,CUST-01212,2026-03-18,Completed,Sialkot
ORD-008296,CUST-01134,2026-03-18,Completed,Faisalabad
ORD-008297,CUST-00490,2026-03-18,Completed,Lahore
ORD-008298,CUST-00412,2026-03-18,Returned,Multan
ORD-008299,CUST-00921,2026-03-18,Completed,Peshawar
ORD-008300,CUST-01061,2026-03-18,Completed,Karachi
ORD-008301,CUST-00031,2026-03-18,Returned,Karachi
ORD-008302,CUST-01121,2026-03-18,Completed,Abbottabad
ORD-008303,CUST-00084,2026-03-18,Completed,Rawalpindi
ORD-008304,CUST-00565,2026-03-18,Completed,Gujranwala
ORD-008305,CUST-01416,2026-03-18,Completed,Gujranwala
ORD-008306,CUST-00927,2026-03-18,Completed,Multan
ORD-008307,CUST-00319,2026-03-18,Completed,Sukkur
ORD-008308,CUST-01040,2026-03-18,Completed,Quetta
ORD-008309,CUST-00404,2026-03-18,Completed,Sialkot
ORD-008310,CUST-01023,2026-03-18,Completed,Sialkot
ORD-008311,CUST-00657,2026-03-18,Completed,Faisalabad
ORD-008312,CUST-00434,2026-03-18,Completed,Lahore
ORD-008313,CUST-00417,2026-03-18,Completed,Mirpur Khas
ORD-008314,CUST-00111,2026-03-19,Completed,Mardan
ORD-008315,CUST-00331,2026-03-19,Completed,Lahore
ORD-008316,CUST-00417,2026-03-19,Cancelled,Mirpur Khas
ORD-008317,CUST-00410,2026-03-19,Completed,Peshawar
ORD-008318,CUST-01389,2026-03-19,Completed,Lahore
ORD-008319,CUST-01094,2026-03-19,Returned,Lahore
ORD-008320,CUST-01200,2026-03-19,Cancelled,Sargodha
ORD-008321,CUST-01429,2026-03-19,Completed,Islamabad
ORD-008322,CUST-00286,2026-03-19,Completed,Karachi
ORD-008323,CUST-00784,2026-03-19,Cancelled,Hyderabad
ORD-008324,CUST-01239,2026-03-19,Pending,Lahore
ORD-008325,CUST-00828,2026-03-19,Returned,Islamabad
ORD-008326,CUST-00553,2026-03-19,Returned,Faisalabad
ORD-008327,CUST-00260,2026-03-19,Completed,Islamabad
ORD-008328,CUST-00622,2026-03-19,Completed,Quetta
ORD-008329,CUST-00097,2026-03-19,Completed,Hyderabad
ORD-008330,CUST-00680,2026-03-19,Pending,Gwadar
ORD-008331,CUST-00579,2026-03-19,Completed,Quetta
ORD-008332,CUST-00345,2026-03-19,Completed,Rahim Yar Khan
ORD-008333,CUST-00846,2026-03-19,Completed,Karachi
ORD-008334,CUST-00263,2026-03-20,Cancelled,Abbottabad
ORD-008335,CUST-00774,2026-03-20,Completed,Peshawar
ORD-008336,CUST-00422,2026-03-20,Completed,Sialkot
ORD-008337,CUST-00487,2026-03-20,Completed,Sialkot
ORD-008338,CUST-00155,2026-03-20,Completed,Karachi
ORD-008339,CUST-00270,2026-03-20,Completed,Sukkur
ORD-008340,CUST-00020,2026-03-20,Completed,Bahawalpur
ORD-008341,CUST-00243,2026-03-20,Completed,Karachi
ORD-008342,CUST-00361,2026-03-20,Completed,Bahawalpur
ORD-008343,CUST-01445,2026-03-20,Completed,Faisalabad
ORD-008344,CUST-00545,2026-03-20,Cancelled,Peshawar
ORD-008345,CUST-00306,2026-03-20,Completed,Sukkur
ORD-008346,CUST-00782,2026-03-20,Completed,Bahawalpur
ORD-008347,CUST-01270,2026-03-21,Completed,Peshawar
ORD-008348,CUST-00206,2026-03-21,Pending,Rawalpindi
ORD-008349,CUST-00467,2026-03-21,Returned,Abbottabad
ORD-008350,CUST-01197,2026-03-21,Completed,Multan
ORD-008351,CUST-00997,2026-03-21,Completed,Sialkot
ORD-008352,CUST-00997,2026-03-21,Completed,Sialkot
ORD-008353,CUST-01268,2026-03-21,Completed,Multan
ORD-008354,CUST-00828,2026-03-21,Completed,Rawalpindi
ORD-008355,CUST-00243,2026-03-21,Completed,Hyderabad
ORD-008356,CUST-01169,2026-03-21,Completed,Sukkur
ORD-008357,CUST-00913,2026-03-21,Completed,Lahore
ORD-008358,CUST-00511,2026-03-21,Completed,Multan
ORD-008359,CUST-00385,2026-03-21,Completed,Lahore
ORD-008360,CUST-00871,2026-03-21,Completed,Multan
ORD-008361,CUST-00277,2026-03-21,Completed,Abbottabad
ORD-008362,CUST-01442,2026-03-21,Completed,Karachi
ORD-008363,CUST-00481,2026-03-21,Pending,Peshawar
ORD-008364,CUST-00248,2026-03-21,Completed,Lahore
ORD-008365,CUST-01441,2026-03-21,Completed,Bahawalpur
ORD-008366,CUST-01275,2026-03-21,Completed,Hyderabad
ORD-008367,CUST-00205,2026-03-21,Completed,Karachi
ORD-008368,CUST-00977,2026-03-21,Completed,Karachi
ORD-008369,CUST-00617,2026-03-22,Completed,Gujranwala
ORD-008370,CUST-01085,2026-03-22,Cancelled,Lahore
ORD-008371,CUST-00166,2026-03-22,Pending,Lahore
ORD-008372,CUST-00975,2026-03-22,Completed,Rahim Yar Khan
ORD-008373,CUST-01248,2026-03-22,Completed,Karachi
ORD-008374,CUST-00801,2026-03-22,Completed,Peshawar
ORD-008375,CUST-00425,2026-03-22,Returned,Gujranwala
ORD-008376,CUST-00654,2026-03-22,Completed,Karachi
ORD-008377,CUST-00041,2026-03-22,Completed,Rawalpindi
ORD-008378,CUST-01231,2026-03-22,Completed,Bahawalpur
ORD-008379,CUST-00450,2026-03-22,Pending,Bahawalpur
ORD-008380,CUST-00895,2026-03-23,Cancelled,Islamabad
ORD-008381,CUST-00571,2026-03-23,Completed,Sukkur
ORD-008382,CUST-01316,2026-03-23,Completed,Lahore
ORD-008383,CUST-00769,2026-03-23,Completed,Sahiwal
ORD-008384,CUST-01168,2026-03-23,Completed,Gujranwala
ORD-008385,CUST-00560,2026-03-23,Completed,Faisalabad
ORD-008386,CUST-00944,2026-03-23,Completed,Karachi
ORD-008387,CUST-00991,2026-03-23,Completed,Sialkot
ORD-008388,CUST-00864,2026-03-23,Completed,Gujranwala
ORD-008389,CUST-01111,2026-03-23,Completed,Karachi
ORD-008390,CUST-01139,2026-03-23,Returned,Sukkur
ORD-008391,CUST-01490,2026-03-23,Completed,Lahore
ORD-008392,CUST-00302,2026-03-23,Completed,Karachi
ORD-008393,CUST-01042,2026-03-23,Completed,Lahore
ORD-008394,CUST-01268,2026-03-24,Completed,Multan
ORD-008395,CUST-00419,2026-03-24,Completed,Lahore
ORD-008396,CUST-01178,2026-03-24,Pending,Karachi
ORD-008397,CUST-00575,2026-03-24,Completed,Karachi
ORD-008398,CUST-01314,2026-03-24,Completed,Faisalabad
ORD-008399,CUST-00758,2026-03-24,Completed,Karachi
ORD-008400,CUST-00085,2026-03-24,Completed,Hyderabad
ORD-008401,CUST-00522,2026-03-24,Completed,Quetta
ORD-008402,CUST-00297,2026-03-24,Completed,Peshawar
ORD-008403,CUST-01318,2026-03-24,Completed,Peshawar
ORD-008404,CUST-00552,2026-03-24,Completed,Multan
ORD-008405,CUST-01080,2026-03-24,Completed,Islamabad
ORD-008406,CUST-00413,2026-03-24,Completed,Lahore
ORD-008407,CUST-01081,2026-03-24,Completed,Faisalabad
ORD-008408,CUST-01499,2026-03-24,Completed,Peshawar
ORD-008409,CUST-01353,2026-03-25,Completed,Bahawalpur
ORD-008410,CUST-01383,2026-03-25,Completed,Lahore
ORD-008411,CUST-01246,2026-03-25,Completed,Multan
ORD-008412,CUST-00530,2026-03-25,Completed,Lahore
ORD-008413,CUST-00243,2026-03-25,Pending,Hyderabad
ORD-008414,CUST-01080,2026-03-25,Completed,Karachi
ORD-008415,CUST-00632,2026-03-25,Pending,Hyderabad
ORD-008416,CUST-00442,2026-03-25,Completed,Lahore
ORD-008417,CUST-00168,2026-03-25,Completed,Hyderabad
ORD-008418,CUST-00938,2026-03-25,Completed,Karachi
ORD-008419,CUST-00688,2026-03-25,Completed,Karachi
ORD-008420,CUST-00248,2026-03-25,Completed,Hyderabad
ORD-008421,CUST-00214,2026-03-25,Completed,Islamabad
ORD-008422,CUST-00269,2026-03-26,Completed,Peshawar
ORD-008423,CUST-01146,2026-03-26,Completed,Lahore
ORD-008424,CUST-00519,2026-03-26,Cancelled,Faisalabad
ORD-008425,CUST-01002,2026-03-26,Cancelled,Lahore
ORD-008426,CUST-00065,2026-03-26,Returned,Islamabad
ORD-008427,CUST-01071,2026-03-26,Completed,Lahore
ORD-008428,CUST-00914,2026-03-26,Completed,Peshawar
ORD-008429,CUST-01374,2026-03-26,Completed,Islamabad
ORD-008430,CUST-00738,2026-03-26,Completed,Sialkot
ORD-008431,CUST-01195,2026-03-26,Pending,Karachi
ORD-008432,CUST-01184,2026-03-26,Completed,Islamabad
ORD-008433,CUST-01341,2026-03-26,Completed,Karachi
ORD-008434,CUST-00864,2026-03-26,Completed,Lahore
ORD-008435,CUST-00227,2026-03-26,Completed,Multan
ORD-008436,CUST-01168,2026-03-26,Completed,Gujranwala
ORD-008437,CUST-00771,2026-03-26,Completed,Gujranwala
ORD-008438,CUST-00419,2026-03-26,Pending,Karachi
ORD-008439,CUST-00153,2026-03-26,Completed,Lahore
ORD-008440,CUST-01383,2026-03-27,Completed,Lahore
ORD-008441,CUST-00290,2026-03-27,Completed,Lahore
ORD-008442,CUST-00740,2026-03-27,Completed,Hyderabad
ORD-008443,CUST-00992,2026-03-27,Completed,Karachi
ORD-008444,CUST-00884,2026-03-27,Completed,Rawalpindi
ORD-008445,CUST-01492,2026-03-27,Cancelled,Karachi
ORD-008446,CUST-00832,2026-03-27,Cancelled,Abbottabad
ORD-008447,CUST-01086,2026-03-27,Cancelled,Lahore
ORD-008448,CUST-01064,2026-03-27,Completed,Lahore
ORD-008449,CUST-00159,2026-03-27,Completed,Faisalabad
ORD-008450,CUST-00291,2026-03-27,Completed,Islamabad
ORD-008451,CUST-00647,2026-03-27,Returned,Gujranwala
ORD-008452,CUST-00094,2026-03-27,Completed,Karachi
ORD-008453,CUST-00821,2026-03-27,Completed,Islamabad
ORD-008454,CUST-00106,2026-03-27,Completed,Karachi
ORD-008455,CUST-00338,2026-03-27,Cancelled,Islamabad
ORD-008456,CUST-01094,2026-03-27,Completed,Lahore
ORD-008457,CUST-01015,2026-03-27,Completed,Rawalpindi
ORD-008458,CUST-00955,2026-03-27,Completed,Mirpur Khas
ORD-008459,CUST-00812,2026-03-27,Completed,Rawalpindi
ORD-008460,CUST-01056,2026-03-27,Completed,Karachi
ORD-008461,CUST-00719,2026-03-27,Completed,Lahore
ORD-008462,CUST-01384,2026-03-27,Completed,Islamabad
ORD-008463,CUST-00582,2026-03-27,Pending,Karachi
ORD-008464,CUST-01130,2026-03-28,Pending,Lahore
ORD-008465,CUST-00808,2026-03-28,Completed,Hyderabad
ORD-008466,CUST-00791,2026-03-28,Completed,Rawalpindi
ORD-008467,CUST-00162,2026-03-28,Completed,Sargodha
ORD-008468,CUST-00598,2026-03-28,Returned,Sialkot
ORD-008469,CUST-01037,2026-03-28,Completed,Karachi
ORD-008470,CUST-01472,2026-03-28,Cancelled,Bahawalpur
ORD-008471,CUST-00030,2026-03-28,Completed,Karachi
ORD-008472,CUST-00724,2026-03-28,Completed,Karachi
ORD-008473,CUST-01233,2026-03-28,Completed,Peshawar
ORD-008474,CUST-00321,2026-03-28,Cancelled,Karachi
ORD-008475,CUST-00956,2026-03-28,Cancelled,Karachi
ORD-008476,CUST-00860,2026-03-28,Completed,Abbottabad
ORD-008477,CUST-00130,2026-03-28,Completed,Lahore
ORD-008478,CUST-00753,2026-03-29,Completed,Karachi
ORD-008479,CUST-00804,2026-03-29,Completed,Rawalpindi
ORD-008480,CUST-00712,2026-03-29,Completed,Gujranwala
ORD-008481,CUST-01196,2026-03-29,Pending,Lahore
ORD-008482,CUST-00839,2026-03-29,Completed,Faisalabad
ORD-008483,CUST-00821,2026-03-29,Completed,Islamabad
ORD-008484,CUST-00675,2026-03-29,Completed,Islamabad
ORD-008485,CUST-00230,2026-03-29,Completed,Lahore
ORD-008486,CUST-00286,2026-03-29,Returned,Karachi
ORD-008487,CUST-00203,2026-03-29,Completed,Karachi
ORD-008488,CUST-00578,2026-03-29,Completed,Rawalpindi
ORD-008489,CUST-01402,2026-03-29,Returned,Lahore
ORD-008490,CUST-01051,2026-03-29,Completed,Lahore
ORD-008491,CUST-00949,2026-03-30,Completed,Faisalabad
ORD-008492,CUST-00342,2026-03-30,Completed,Rawalpindi
ORD-008493,CUST-01356,2026-03-30,Completed,Karachi
ORD-008494,CUST-00245,2026-03-30,Pending,Hyderabad
ORD-008495,CUST-01464,2026-03-30,Completed,Faisalabad
ORD-008496,CUST-00287,2026-03-30,Completed,Rawalpindi
ORD-008497,CUST-00923,2026-03-30,Returned,Karachi
ORD-008498,CUST-00501,2026-03-30,Cancelled,Karachi
ORD-008499,CUST-00299,2026-03-30,Pending,Sukkur
ORD-008500,CUST-00003,2026-03-30,Completed,Sargodha
ORD-008501,CUST-00414,2026-03-30,Completed,Lahore
ORD-008502,CUST-00194,2026-03-30,Completed,Islamabad
ORD-008503,CUST-01000,2026-03-30,Completed,Karachi
ORD-008504,CUST-00217,2026-03-30,Pending,Multan
ORD-008505,CUST-00190,2026-03-30,Completed,Lahore
ORD-008506,CUST-01184,2026-03-30,Completed,Lahore
ORD-008507,CUST-01140,2026-03-30,Completed,Karachi
ORD-008508,CUST-01139,2026-03-30,Completed,Sukkur
ORD-008509,CUST-00064,2026-03-30,Completed,Karachi
ORD-008510,CUST-00518,2026-03-30,Completed,Sargodha
ORD-008511,CUST-00414,2026-03-30,Completed,Lahore
ORD-008512,CUST-01063,2026-03-30,Completed,Lahore
ORD-008513,CUST-00634,2026-03-30,Returned,Rawalpindi
ORD-008514,CUST-01224,2026-03-30,Completed,Peshawar
ORD-008515,CUST-01216,2026-03-30,Completed,Sialkot
ORD-008516,CUST-00063,2026-03-31,Completed,Lahore
ORD-008517,CUST-00801,2026-03-31,Completed,Peshawar
ORD-008518,CUST-00680,2026-03-31,Returned,Gwadar
ORD-008519,CUST-00999,2026-03-31,Completed,Rahim Yar Khan
ORD-008520,CUST-00116,2026-03-31,Completed,Bahawalpur
ORD-008521,CUST-00846,2026-03-31,Completed,Lahore
ORD-008522,CUST-00491,2026-03-31,Completed,Mardan
ORD-008523,CUST-00419,2026-03-31,Pending,Lahore
ORD-008524,CUST-00690,2026-03-31,Completed,Gujranwala
ORD-008525,CUST-01485,2026-03-31,Cancelled,Bahawalpur
ORD-008526,CUST-00901,2026-03-31,Completed,Karachi
ORD-008527,CUST-00622,2026-03-31,Completed,Quetta
ORD-008528,CUST-01460,2026-03-31,Completed,Bahawalpur
ORD-008529,CUST-00543,2026-03-31,Completed,Faisalabad
ORD-008530,CUST-00625,2026-04-01,Completed,Islamabad
ORD-008531,CUST-00532,2026-04-01,Completed,Karachi
ORD-008532,CUST-00226,2026-04-01,Returned,Islamabad
ORD-008533,CUST-01350,2026-04-01,Completed,Karachi
ORD-008534,CUST-00040,2026-04-01,Completed,Sahiwal
ORD-008535,CUST-00394,2026-04-01,Completed,Sialkot
ORD-008536,CUST-00788,2026-04-01,Completed,Hyderabad
ORD-008537,CUST-00961,2026-04-01,Completed,Karachi
ORD-008538,CUST-00857,2026-04-01,Completed,Lahore
ORD-008539,CUST-00248,2026-04-01,Completed,Lahore
ORD-008540,CUST-01105,2026-04-01,Completed,Faisalabad
ORD-008541,CUST-00830,2026-04-01,Completed,Rawalpindi
ORD-008542,CUST-01080,2026-04-01,Completed,Islamabad
ORD-008543,CUST-00502,2026-04-01,Completed,Multan
ORD-008544,CUST-00399,2026-04-01,Completed,Bahawalpur
ORD-008545,CUST-01110,2026-04-01,Completed,Karachi
ORD-008546,CUST-01384,2026-04-01,Completed,Peshawar
ORD-008547,CUST-01256,2026-04-01,Pending,Lahore
ORD-008548,CUST-00338,2026-04-01,Completed,Islamabad
ORD-008549,CUST-00780,2026-04-02,Returned,Faisalabad
ORD-008550,CUST-01349,2026-04-02,Completed,Multan
ORD-008551,CUST-01343,2026-04-02,Completed,Faisalabad
ORD-008552,CUST-00695,2026-04-02,Completed,Hyderabad
ORD-008553,CUST-00564,2026-04-02,Returned,Karachi
ORD-008554,CUST-00740,2026-04-02,Completed,Karachi
ORD-008555,CUST-00665,2026-04-02,Completed,Lahore
ORD-008556,CUST-00117,2026-04-02,Completed,Faisalabad
ORD-008557,CUST-00977,2026-04-02,Completed,Karachi
ORD-008558,CUST-00368,2026-04-02,Completed,Islamabad
ORD-008559,CUST-00782,2026-04-02,Completed,Karachi
ORD-008560,CUST-01261,2026-04-02,Completed,Lahore
ORD-008561,CUST-00712,2026-04-02,Returned,Gujranwala
ORD-008562,CUST-00096,2026-04-02,Pending,Lahore
ORD-008563,CUST-00712,2026-04-03,Completed,Faisalabad
ORD-008564,CUST-01125,2026-04-03,Completed,Karachi
ORD-008565,CUST-00155,2026-04-03,Completed,Karachi
ORD-008566,CUST-00867,2026-04-03,Completed,Lahore
ORD-008567,CUST-01416,2026-04-03,Completed,Gujranwala
ORD-008568,CUST-00274,2026-04-03,Completed,Faisalabad
ORD-008569,CUST-01107,2026-04-03,Completed,Sukkur
ORD-008570,CUST-00166,2026-04-03,Completed,Karachi
ORD-008571,CUST-01157,2026-04-03,Completed,Quetta
ORD-008572,CUST-00271,2026-04-03,Completed,Rawalpindi
ORD-008573,CUST-00589,2026-04-03,Completed,Islamabad
ORD-008574,CUST-00298,2026-04-03,Completed,Karachi
ORD-008575,CUST-00131,2026-04-03,Completed,Faisalabad
ORD-008576,CUST-00842,2026-04-03,Cancelled,Rawalpindi
ORD-008577,CUST-00130,2026-04-03,Cancelled,Lahore
ORD-008578,CUST-01038,2026-04-03,Cancelled,Faisalabad
ORD-008579,CUST-00743,2026-04-03,Completed,Gujranwala
ORD-008580,CUST-00743,2026-04-03,Completed,Rawalpindi
ORD-008581,CUST-00793,2026-04-03,Completed,Peshawar
ORD-008582,CUST-00844,2026-04-04,Completed,Karachi
ORD-008583,CUST-01392,2026-04-04,Completed,Multan
ORD-008584,CUST-01341,2026-04-04,Completed,Karachi
ORD-008585,CUST-00827,2026-04-04,Completed,Rawalpindi
ORD-008586,CUST-00704,2026-04-04,Completed,Lahore
ORD-008587,CUST-00863,2026-04-04,Completed,Lahore
ORD-008588,CUST-01093,2026-04-04,Completed,Karachi
ORD-008589,CUST-00054,2026-04-04,Completed,Karachi
ORD-008590,CUST-00088,2026-04-04,Completed,Lahore
ORD-008591,CUST-01340,2026-04-04,Completed,Sargodha
ORD-008592,CUST-00764,2026-04-04,Completed,Multan
ORD-008593,CUST-00408,2026-04-04,Cancelled,Faisalabad
ORD-008594,CUST-00521,2026-04-04,Cancelled,Islamabad
ORD-008595,CUST-01338,2026-04-04,Returned,Karachi
ORD-008596,CUST-01094,2026-04-04,Completed,Lahore
ORD-008597,CUST-00475,2026-04-04,Completed,Bahawalpur
ORD-008598,CUST-00252,2026-04-05,Pending,Quetta
ORD-008599,CUST-00282,2026-04-05,Pending,Gujranwala
ORD-008600,CUST-00692,2026-04-05,Completed,Karachi
ORD-008601,CUST-00326,2026-04-05,Completed,Multan
ORD-008602,CUST-00936,2026-04-05,Completed,Gujranwala
ORD-008603,CUST-00216,2026-04-05,Completed,Sargodha
ORD-008604,CUST-00476,2026-04-05,Completed,Hyderabad
ORD-008605,CUST-00219,2026-04-05,Pending,Lahore
ORD-008606,CUST-00098,2026-04-05,Completed,Karachi
ORD-008607,CUST-00260,2026-04-05,Completed,Lahore
ORD-008608,CUST-00933,2026-04-05,Completed,Islamabad
ORD-008609,CUST-01425,2026-04-05,Returned,Karachi
ORD-008610,CUST-01082,2026-04-05,Completed,Multan
ORD-008611,CUST-01133,2026-04-05,Completed,Rawalpindi
ORD-008612,CUST-01184,2026-04-06,Completed,Lahore
ORD-008613,CUST-00456,2026-04-06,Completed,Lahore
ORD-008614,CUST-00486,2026-04-06,Completed,Gujranwala
ORD-008615,CUST-01238,2026-04-06,Completed,Sargodha
ORD-008616,CUST-00672,2026-04-06,Completed,Karachi
ORD-008617,CUST-00558,2026-04-06,Completed,Rawalpindi
ORD-008618,CUST-00901,2026-04-06,Completed,Karachi
ORD-008619,CUST-00902,2026-04-06,Completed,Lahore
ORD-008620,CUST-01317,2026-04-06,Pending,Lahore
ORD-008621,CUST-00582,2026-04-06,Completed,Karachi
ORD-008622,CUST-00049,2026-04-06,Cancelled,Lahore
ORD-008623,CUST-00579,2026-04-06,Cancelled,Quetta
ORD-008624,CUST-00183,2026-04-06,Pending,Karachi
ORD-008625,CUST-00826,2026-04-06,Completed,Islamabad
ORD-008626,CUST-00574,2026-04-06,Completed,Hyderabad
ORD-008627,CUST-01454,2026-04-06,Completed,Faisalabad
ORD-008628,CUST-00837,2026-04-06,Completed,Karachi
ORD-008629,CUST-00403,2026-04-06,Completed,Karachi
ORD-008630,CUST-00975,2026-04-06,Completed,Abbottabad
ORD-008631,CUST-01224,2026-04-06,Completed,Peshawar
ORD-008632,CUST-00784,2026-04-06,Completed,Hyderabad
ORD-008633,CUST-01016,2026-04-06,Cancelled,Lahore
ORD-008634,CUST-00392,2026-04-06,Returned,Multan
ORD-008635,CUST-00160,2026-04-06,Completed,Peshawar
ORD-008636,CUST-00257,2026-04-07,Completed,Multan
ORD-008637,CUST-01078,2026-04-07,Completed,Peshawar
ORD-008638,CUST-00997,2026-04-07,Completed,Sialkot
ORD-008639,CUST-01402,2026-04-07,Pending,Rawalpindi
ORD-008640,CUST-00364,2026-04-07,Completed,Karachi
ORD-008641,CUST-01328,2026-04-07,Returned,Islamabad
ORD-008642,CUST-01237,2026-04-07,Completed,Hyderabad
ORD-008643,CUST-01111,2026-04-07,Completed,Karachi
ORD-008644,CUST-00208,2026-04-07,Completed,Rawalpindi
ORD-008645,CUST-00288,2026-04-07,Cancelled,Rawalpindi
ORD-008646,CUST-00409,2026-04-07,Completed,Peshawar
ORD-008647,CUST-00959,2026-04-07,Pending,Rawalpindi
ORD-008648,CUST-00727,2026-04-07,Completed,Karachi
ORD-008649,CUST-00317,2026-04-07,Completed,Karachi
ORD-008650,CUST-00784,2026-04-07,Completed,Hyderabad
ORD-008651,CUST-00651,2026-04-08,Pending,Lahore
ORD-008652,CUST-00381,2026-04-08,Completed,Lahore
ORD-008653,CUST-00781,2026-04-08,Completed,Lahore
ORD-008654,CUST-00648,2026-04-08,Completed,Lahore
ORD-008655,CUST-00226,2026-04-08,Completed,Islamabad
ORD-008656,CUST-00727,2026-04-08,Completed,Karachi
ORD-008657,CUST-00399,2026-04-08,Completed,Bahawalpur
ORD-008658,CUST-01042,2026-04-08,Completed,Lahore
ORD-008659,CUST-00772,2026-04-08,Pending,Rahim Yar Khan
ORD-008660,CUST-01265,2026-04-08,Returned,Faisalabad
ORD-008661,CUST-00489,2026-04-08,Completed,Karachi
ORD-008662,CUST-00881,2026-04-08,Completed,Sukkur
ORD-008663,CUST-00916,2026-04-08,Completed,Sahiwal
ORD-008664,CUST-00209,2026-04-08,Returned,Rawalpindi
ORD-008665,CUST-00439,2026-04-08,Completed,Karachi
ORD-008666,CUST-00936,2026-04-08,Returned,Gujranwala
ORD-008667,CUST-00716,2026-04-08,Completed,Islamabad
ORD-008668,CUST-00442,2026-04-08,Completed,Lahore
ORD-008669,CUST-00582,2026-04-08,Completed,Karachi
ORD-008670,CUST-00243,2026-04-09,Completed,Hyderabad
ORD-008671,CUST-00867,2026-04-09,Completed,Lahore
ORD-008672,CUST-00426,2026-04-09,Completed,Karachi
ORD-008673,CUST-01147,2026-04-09,Completed,Lahore
ORD-008674,CUST-00716,2026-04-09,Completed,Gujranwala
ORD-008675,CUST-00099,2026-04-09,Completed,Lahore
ORD-008676,CUST-01378,2026-04-09,Completed,Karachi
ORD-008677,CUST-01450,2026-04-09,Completed,Sahiwal
ORD-008678,CUST-00827,2026-04-09,Completed,Rawalpindi
ORD-008679,CUST-00844,2026-04-09,Completed,Karachi
ORD-008680,CUST-00398,2026-04-09,Completed,Lahore
ORD-008681,CUST-00946,2026-04-09,Completed,Peshawar
ORD-008682,CUST-00398,2026-04-09,Completed,Karachi
ORD-008683,CUST-00694,2026-04-09,Cancelled,Gujranwala
ORD-008684,CUST-01002,2026-04-09,Completed,Lahore
ORD-008685,CUST-00062,2026-04-09,Completed,Sukkur
ORD-008686,CUST-00828,2026-04-09,Cancelled,Islamabad
ORD-008687,CUST-00674,2026-04-09,Returned,Multan
ORD-008688,CUST-01390,2026-04-10,Completed,Islamabad
ORD-008689,CUST-01497,2026-04-10,Completed,Mirpur Khas
ORD-008690,CUST-00618,2026-04-10,Completed,Karachi
ORD-008691,CUST-01023,2026-04-10,Completed,Islamabad
ORD-008692,CUST-00131,2026-04-10,Completed,Karachi
ORD-008693,CUST-00920,2026-04-10,Completed,Islamabad
ORD-008694,CUST-01154,2026-04-10,Completed,Lahore
ORD-008695,CUST-01142,2026-04-10,Completed,Karachi
ORD-008696,CUST-00091,2026-04-10,Completed,Gujranwala
ORD-008697,CUST-00884,2026-04-10,Returned,Sahiwal
ORD-008698,CUST-00928,2026-04-10,Completed,Karachi
ORD-008699,CUST-01280,2026-04-10,Completed,Islamabad
ORD-008700,CUST-00889,2026-04-10,Completed,Faisalabad
ORD-008701,CUST-00855,2026-04-10,Completed,Karachi
ORD-008702,CUST-00187,2026-04-10,Completed,Karachi
ORD-008703,CUST-01104,2026-04-10,Pending,Peshawar
ORD-008704,CUST-00955,2026-04-10,Completed,Karachi
ORD-008705,CUST-01255,2026-04-10,Completed,Lahore
ORD-008706,CUST-00434,2026-04-11,Completed,Lahore
ORD-008707,CUST-01378,2026-04-11,Completed,Karachi
ORD-008708,CUST-01314,2026-04-11,Completed,Rawalpindi
ORD-008709,CUST-00620,2026-04-11,Completed,Karachi
ORD-008710,CUST-01322,2026-04-11,Pending,Gujranwala
ORD-008711,CUST-01303,2026-04-11,Completed,Faisalabad
ORD-008712,CUST-00110,2026-04-11,Completed,Karachi
ORD-008713,CUST-00047,2026-04-11,Completed,Rawalpindi
ORD-008714,CUST-00995,2026-04-11,Completed,Karachi
ORD-008715,CUST-01439,2026-04-11,Completed,Rawalpindi
ORD-008716,CUST-00963,2026-04-11,Completed,Sialkot
ORD-008717,CUST-00760,2026-04-11,Completed,Quetta
ORD-008718,CUST-01240,2026-04-11,Completed,Lahore
ORD-008719,CUST-01252,2026-04-11,Completed,Lahore
ORD-008720,CUST-00790,2026-04-11,Completed,Multan
ORD-008721,CUST-01169,2026-04-11,Completed,Lahore
ORD-008722,CUST-01323,2026-04-11,Completed,Karachi
ORD-008723,CUST-00067,2026-04-11,Completed,Rawalpindi
ORD-008724,CUST-00067,2026-04-11,Completed,Faisalabad
ORD-008725,CUST-00862,2026-04-11,Returned,Rawalpindi
ORD-008726,CUST-00235,2026-04-11,Pending,Rawalpindi
ORD-008727,CUST-00864,2026-04-11,Completed,Lahore
ORD-008728,CUST-00553,2026-04-12,Returned,Faisalabad
ORD-008729,CUST-00654,2026-04-12,Completed,Rahim Yar Khan
ORD-008730,CUST-01105,2026-04-12,Cancelled,Faisalabad
ORD-008731,CUST-00584,2026-04-12,Completed,Rawalpindi
ORD-008732,CUST-01119,2026-04-12,Completed,Rahim Yar Khan
ORD-008733,CUST-00961,2026-04-12,Completed,Islamabad
ORD-008734,CUST-01000,2026-04-12,Completed,Karachi
ORD-008735,CUST-01272,2026-04-12,Returned,Islamabad
ORD-008736,CUST-00763,2026-04-12,Completed,Lahore
ORD-008737,CUST-00777,2026-04-12,Returned,Hyderabad
ORD-008738,CUST-00870,2026-04-12,Cancelled,Lahore
ORD-008739,CUST-00385,2026-04-12,Pending,Lahore
ORD-008740,CUST-00541,2026-04-12,Returned,Mirpur Khas
ORD-008741,CUST-00792,2026-04-13,Completed,Lahore
ORD-008742,CUST-00030,2026-04-13,Completed,Faisalabad
ORD-008743,CUST-00105,2026-04-13,Cancelled,Karachi
ORD-008744,CUST-01330,2026-04-13,Completed,Lahore
ORD-008745,CUST-01355,2026-04-13,Completed,Faisalabad
ORD-008746,CUST-00662,2026-04-13,Completed,Lahore
ORD-008747,CUST-00760,2026-04-13,Completed,Rawalpindi
ORD-008748,CUST-01078,2026-04-13,Cancelled,Bahawalpur
ORD-008749,CUST-00289,2026-04-13,Returned,Karachi
ORD-008750,CUST-00319,2026-04-13,Completed,Sukkur
ORD-008751,CUST-00988,2026-04-13,Completed,Lahore
ORD-008752,CUST-01449,2026-04-13,Completed,Karachi
ORD-008753,CUST-00850,2026-04-13,Returned,Quetta
ORD-008754,CUST-00131,2026-04-13,Completed,Karachi
ORD-008755,CUST-01076,2026-04-13,Completed,Islamabad
ORD-008756,CUST-00521,2026-04-13,Completed,Quetta
ORD-008757,CUST-01118,2026-04-13,Completed,Mardan
ORD-008758,CUST-00216,2026-04-13,Completed,Sargodha
ORD-008759,CUST-00502,2026-04-13,Completed,Multan
ORD-008760,CUST-01092,2026-04-13,Completed,Rawalpindi
ORD-008761,CUST-00839,2026-04-14,Completed,Faisalabad
ORD-008762,CUST-00573,2026-04-14,Cancelled,Karachi
ORD-008763,CUST-01042,2026-04-14,Completed,Lahore
ORD-008764,CUST-00423,2026-04-14,Completed,Islamabad
ORD-008765,CUST-00214,2026-04-14,Completed,Lahore
ORD-008766,CUST-00431,2026-04-14,Completed,Karachi
ORD-008767,CUST-00413,2026-04-14,Completed,Bahawalpur
ORD-008768,CUST-00119,2026-04-14,Completed,Gujranwala
ORD-008769,CUST-01071,2026-04-14,Completed,Karachi
ORD-008770,CUST-00543,2026-04-14,Completed,Faisalabad
ORD-008771,CUST-00475,2026-04-14,Completed,Bahawalpur
ORD-008772,CUST-00219,2026-04-14,Returned,Karachi
ORD-008773,CUST-00116,2026-04-14,Completed,Karachi
ORD-008774,CUST-00329,2026-04-14,Returned,Multan
ORD-008775,CUST-01480,2026-04-14,Completed,Karachi
ORD-008776,CUST-00419,2026-04-14,Cancelled,Lahore
ORD-008777,CUST-00391,2026-04-14,Completed,Faisalabad
ORD-008778,CUST-01268,2026-04-14,Completed,Multan
ORD-008779,CUST-00684,2026-04-14,Cancelled,Sialkot
ORD-008780,CUST-00113,2026-04-14,Completed,Lahore
ORD-008781,CUST-00484,2026-04-14,Completed,Sukkur
ORD-008782,CUST-00688,2026-04-14,Completed,Karachi
ORD-008783,CUST-00760,2026-04-14,Completed,Gujranwala
ORD-008784,CUST-01440,2026-04-14,Completed,Islamabad
ORD-008785,CUST-01261,2026-04-15,Completed,Lahore
ORD-008786,CUST-00588,2026-04-15,Completed,Peshawar
ORD-008787,CUST-00199,2026-04-15,Completed,Karachi
ORD-008788,CUST-00412,2026-04-15,Completed,Rawalpindi
ORD-008789,CUST-01378,2026-04-15,Completed,Karachi
ORD-008790,CUST-01055,2026-04-15,Completed,Islamabad
ORD-008791,CUST-00634,2026-04-15,Completed,Rawalpindi
ORD-008792,CUST-00218,2026-04-15,Completed,Faisalabad
ORD-008793,CUST-00784,2026-04-15,Completed,Hyderabad
ORD-008794,CUST-00965,2026-04-15,Completed,Karachi
ORD-008795,CUST-00904,2026-04-15,Completed,Faisalabad
ORD-008796,CUST-01341,2026-04-15,Returned,Karachi
ORD-008797,CUST-01129,2026-04-15,Returned,Rawalpindi
ORD-008798,CUST-00330,2026-04-15,Pending,Rawalpindi
ORD-008799,CUST-00648,2026-04-15,Completed,Gwadar
ORD-008800,CUST-00322,2026-04-15,Completed,Karachi
ORD-008801,CUST-01075,2026-04-15,Completed,Gujranwala
ORD-008802,CUST-00866,2026-04-15,Pending,Faisalabad
ORD-008803,CUST-00573,2026-04-15,Completed,Karachi
ORD-008804,CUST-00164,2026-04-15,Cancelled,Faisalabad
ORD-008805,CUST-00776,2026-04-15,Completed,Lahore
ORD-008806,CUST-00503,2026-04-15,Completed,Gujranwala
ORD-008807,CUST-01384,2026-04-16,Completed,Hyderabad
ORD-008808,CUST-00794,2026-04-16,Returned,Lahore
ORD-008809,CUST-01320,2026-04-16,Completed,Karachi
ORD-008810,CUST-01286,2026-04-16,Completed,Karachi
ORD-008811,CUST-00131,2026-04-16,Returned,Karachi
ORD-008812,CUST-01100,2026-04-16,Returned,Rawalpindi
ORD-008813,CUST-00462,2026-04-16,Completed,Karachi
ORD-008814,CUST-01207,2026-04-16,Pending,Lahore
ORD-008815,CUST-00674,2026-04-16,Completed,Multan
ORD-008816,CUST-00810,2026-04-16,Returned,Peshawar
ORD-008817,CUST-01048,2026-04-16,Completed,Faisalabad
ORD-008818,CUST-00563,2026-04-16,Completed,Hyderabad
ORD-008819,CUST-01465,2026-04-16,Completed,Quetta
ORD-008820,CUST-01331,2026-04-16,Completed,Karachi
ORD-008821,CUST-01093,2026-04-16,Pending,Lahore
ORD-008822,CUST-01417,2026-04-16,Completed,Lahore
ORD-008823,CUST-00789,2026-04-16,Pending,Islamabad
ORD-008824,CUST-00150,2026-04-16,Completed,Sahiwal
ORD-008825,CUST-00873,2026-04-16,Completed,Faisalabad
ORD-008826,CUST-01485,2026-04-17,Completed,Bahawalpur
ORD-008827,CUST-01361,2026-04-17,Completed,Bahawalpur
ORD-008828,CUST-00958,2026-04-17,Completed,Rahim Yar Khan
ORD-008829,CUST-00485,2026-04-17,Returned,Lahore
ORD-008830,CUST-01143,2026-04-17,Completed,Karachi
ORD-008831,CUST-00889,2026-04-17,Completed,Faisalabad
ORD-008832,CUST-00805,2026-04-17,Completed,Karachi
ORD-008833,CUST-01192,2026-04-17,Returned,Karachi
ORD-008834,CUST-00941,2026-04-17,Completed,Karachi
ORD-008835,CUST-00335,2026-04-17,Completed,Karachi
ORD-008836,CUST-01315,2026-04-17,Completed,Rawalpindi
ORD-008837,CUST-00967,2026-04-17,Completed,Islamabad
ORD-008838,CUST-00030,2026-04-17,Cancelled,Islamabad
ORD-008839,CUST-01090,2026-04-17,Cancelled,Rawalpindi
ORD-008840,CUST-01093,2026-04-17,Completed,Lahore
ORD-008841,CUST-01203,2026-04-17,Completed,Quetta
ORD-008842,CUST-00225,2026-04-17,Completed,Peshawar
ORD-008843,CUST-01484,2026-04-17,Completed,Lahore
ORD-008844,CUST-00225,2026-04-17,Completed,Lahore
ORD-008845,CUST-00511,2026-04-17,Completed,Rawalpindi
ORD-008846,CUST-00977,2026-04-17,Completed,Karachi
ORD-008847,CUST-00462,2026-04-17,Completed,Karachi
ORD-008848,CUST-00466,2026-04-17,Completed,Sialkot
ORD-008849,CUST-00227,2026-04-17,Completed,Multan
ORD-008850,CUST-00383,2026-04-17,Completed,Lahore
ORD-008851,CUST-00304,2026-04-18,Completed,Faisalabad
ORD-008852,CUST-01499,2026-04-18,Completed,Peshawar
ORD-008853,CUST-00967,2026-04-18,Completed,Sargodha
ORD-008854,CUST-00319,2026-04-18,Completed,Peshawar
ORD-008855,CUST-00217,2026-04-18,Completed,Multan
ORD-008856,CUST-00342,2026-04-18,Completed,Rawalpindi
ORD-008857,CUST-00632,2026-04-18,Completed,Karachi
ORD-008858,CUST-00573,2026-04-18,Pending,Karachi
ORD-008859,CUST-01083,2026-04-18,Completed,Rawalpindi
ORD-008860,CUST-01286,2026-04-18,Completed,Karachi
ORD-008861,CUST-00910,2026-04-18,Completed,Lahore
ORD-008862,CUST-01235,2026-04-18,Completed,Rawalpindi
ORD-008863,CUST-00471,2026-04-18,Completed,Karachi
ORD-008864,CUST-00091,2026-04-18,Completed,Gujranwala
ORD-008865,CUST-00729,2026-04-19,Completed,Bahawalpur
ORD-008866,CUST-00462,2026-04-19,Completed,Karachi
ORD-008867,CUST-01315,2026-04-19,Pending,Rawalpindi
ORD-008868,CUST-00529,2026-04-19,Completed,Peshawar
ORD-008869,CUST-00197,2026-04-19,Cancelled,Peshawar
ORD-008870,CUST-00929,2026-04-19,Completed,Karachi
ORD-008871,CUST-01247,2026-04-19,Returned,Islamabad
ORD-008872,CUST-00423,2026-04-19,Completed,Islamabad
ORD-008873,CUST-00647,2026-04-20,Completed,Faisalabad
ORD-008874,CUST-01487,2026-04-20,Completed,Lahore
ORD-008875,CUST-00453,2026-04-20,Completed,Lahore
ORD-008876,CUST-01146,2026-04-20,Completed,Lahore
ORD-008877,CUST-00846,2026-04-20,Cancelled,Lahore
ORD-008878,CUST-00142,2026-04-20,Returned,Sialkot
ORD-008879,CUST-01315,2026-04-20,Completed,Rawalpindi
ORD-008880,CUST-01383,2026-04-20,Returned,Lahore
ORD-008881,CUST-00977,2026-04-20,Completed,Karachi
ORD-008882,CUST-00642,2026-04-20,Completed,Abbottabad
ORD-008883,CUST-00259,2026-04-20,Completed,Sialkot
ORD-008884,CUST-00688,2026-04-20,Completed,Karachi
ORD-008885,CUST-01011,2026-04-20,Completed,Sukkur
ORD-008886,CUST-01147,2026-04-20,Completed,Lahore
ORD-008887,CUST-00687,2026-04-20,Completed,Karachi
ORD-008888,CUST-00435,2026-04-20,Cancelled,Lahore
ORD-008889,CUST-00584,2026-04-20,Completed,Rawalpindi
ORD-008890,CUST-00503,2026-04-20,Completed,Rawalpindi
ORD-008891,CUST-01152,2026-04-21,Returned,Multan
ORD-008892,CUST-00216,2026-04-21,Completed,Sargodha
ORD-008893,CUST-01226,2026-04-21,Completed,Lahore
ORD-008894,CUST-00781,2026-04-21,Completed,Lahore
ORD-008895,CUST-00952,2026-04-21,Completed,Lahore
ORD-008896,CUST-00778,2026-04-21,Completed,Faisalabad
ORD-008897,CUST-00248,2026-04-21,Completed,Lahore
ORD-008898,CUST-00307,2026-04-21,Completed,Multan
ORD-008899,CUST-00568,2026-04-21,Completed,Lahore
ORD-008900,CUST-00306,2026-04-21,Cancelled,Quetta
ORD-008901,CUST-00774,2026-04-21,Completed,Peshawar
ORD-008902,CUST-00668,2026-04-21,Completed,Lahore
ORD-008903,CUST-00145,2026-04-21,Cancelled,Rawalpindi
ORD-008904,CUST-00690,2026-04-21,Returned,Gujranwala
ORD-008905,CUST-00280,2026-04-21,Pending,Lahore
ORD-008906,CUST-01350,2026-04-21,Completed,Quetta
ORD-008907,CUST-00226,2026-04-21,Pending,Islamabad
ORD-008908,CUST-01235,2026-04-21,Completed,Rawalpindi
ORD-008909,CUST-00325,2026-04-21,Completed,Lahore
ORD-008910,CUST-00108,2026-04-21,Cancelled,Karachi
ORD-008911,CUST-00273,2026-04-21,Completed,Karachi
ORD-008912,CUST-00029,2026-04-21,Pending,Lahore
ORD-008913,CUST-00490,2026-04-21,Completed,Abbottabad
ORD-008914,CUST-00121,2026-04-21,Completed,Karachi
ORD-008915,CUST-00055,2026-04-22,Completed,Lahore
ORD-008916,CUST-00023,2026-04-22,Completed,Lahore
ORD-008917,CUST-00096,2026-04-22,Completed,Lahore
ORD-008918,CUST-00321,2026-04-22,Completed,Sialkot
ORD-008919,CUST-00409,2026-04-22,Completed,Peshawar
ORD-008920,CUST-00399,2026-04-22,Completed,Bahawalpur
ORD-008921,CUST-00469,2026-04-22,Completed,Bahawalpur
ORD-008922,CUST-01033,2026-04-22,Completed,Faisalabad
ORD-008923,CUST-00481,2026-04-22,Completed,Peshawar
ORD-008924,CUST-00221,2026-04-22,Completed,Karachi
ORD-008925,CUST-00492,2026-04-22,Completed,Karachi
ORD-008926,CUST-01386,2026-04-22,Completed,Faisalabad
ORD-008927,CUST-00224,2026-04-22,Completed,Peshawar
ORD-008928,CUST-00635,2026-04-22,Cancelled,Abbottabad
ORD-008929,CUST-00521,2026-04-22,Completed,Islamabad
ORD-008930,CUST-00269,2026-04-22,Pending,Peshawar
ORD-008931,CUST-00227,2026-04-22,Completed,Multan
ORD-008932,CUST-00938,2026-04-22,Pending,Karachi
ORD-008933,CUST-00014,2026-04-22,Completed,Mirpur Khas
ORD-008934,CUST-00930,2026-04-23,Pending,Karachi
ORD-008935,CUST-00414,2026-04-23,Returned,Lahore
ORD-008936,CUST-01225,2026-04-23,Completed,Quetta
ORD-008937,CUST-00747,2026-04-23,Completed,Gujranwala
ORD-008938,CUST-00290,2026-04-23,Completed,Sukkur
ORD-008939,CUST-00888,2026-04-23,Cancelled,Rawalpindi
ORD-008940,CUST-00412,2026-04-23,Completed,Rawalpindi
ORD-008941,CUST-00114,2026-04-23,Completed,Islamabad
ORD-008942,CUST-00821,2026-04-23,Completed,Islamabad
ORD-008943,CUST-01129,2026-04-23,Completed,Rawalpindi
ORD-008944,CUST-00786,2026-04-23,Pending,Islamabad
ORD-008945,CUST-00624,2026-04-23,Completed,Sialkot
ORD-008946,CUST-00089,2026-04-23,Completed,Hyderabad
ORD-008947,CUST-01486,2026-04-23,Returned,Karachi
ORD-008948,CUST-00677,2026-04-23,Completed,Karachi
ORD-008949,CUST-00877,2026-04-23,Completed,Karachi
ORD-008950,CUST-01106,2026-04-23,Completed,Lahore
ORD-008951,CUST-00135,2026-04-24,Returned,Lahore
ORD-008952,CUST-01465,2026-04-24,Completed,Faisalabad
ORD-008953,CUST-01143,2026-04-24,Completed,Karachi
ORD-008954,CUST-00499,2026-04-24,Cancelled,Mardan
ORD-008955,CUST-00410,2026-04-24,Completed,Peshawar
ORD-008956,CUST-00910,2026-04-24,Pending,Karachi
ORD-008957,CUST-01174,2026-04-24,Completed,Gujranwala
ORD-008958,CUST-00413,2026-04-24,Completed,Faisalabad
ORD-008959,CUST-01406,2026-04-24,Completed,Quetta
ORD-008960,CUST-00135,2026-04-24,Completed,Lahore
ORD-008961,CUST-00137,2026-04-24,Completed,Multan
ORD-008962,CUST-00738,2026-04-24,Completed,Sargodha
ORD-008963,CUST-00046,2026-04-24,Completed,Lahore
ORD-008964,CUST-00758,2026-04-25,Completed,Karachi
ORD-008965,CUST-01200,2026-04-25,Completed,Sargodha
ORD-008966,CUST-01099,2026-04-25,Completed,Karachi
ORD-008967,CUST-01442,2026-04-25,Completed,Islamabad
ORD-008968,CUST-00778,2026-04-25,Completed,Faisalabad
ORD-008969,CUST-00617,2026-04-25,Cancelled,Lahore
ORD-008970,CUST-01132,2026-04-25,Completed,Sialkot
ORD-008971,CUST-00139,2026-04-25,Completed,Islamabad
ORD-008972,CUST-01113,2026-04-25,Completed,Sialkot
ORD-008973,CUST-00204,2026-04-25,Returned,Karachi
ORD-008974,CUST-01133,2026-04-25,Completed,Karachi
ORD-008975,CUST-00110,2026-04-25,Completed,Karachi
ORD-008976,CUST-00904,2026-04-25,Completed,Faisalabad
ORD-008977,CUST-00903,2026-04-25,Returned,Lahore
ORD-008978,CUST-00159,2026-04-25,Completed,Faisalabad
ORD-008979,CUST-00801,2026-04-25,Completed,Lahore
ORD-008980,CUST-00969,2026-04-25,Completed,Karachi
ORD-008981,CUST-01452,2026-04-25,Completed,Rawalpindi
ORD-008982,CUST-01445,2026-04-25,Completed,Faisalabad
ORD-008983,CUST-00298,2026-04-25,Completed,Karachi
ORD-008984,CUST-01273,2026-04-25,Completed,Peshawar
ORD-008985,CUST-01201,2026-04-26,Completed,Karachi
ORD-008986,CUST-01473,2026-04-26,Completed,Rawalpindi
ORD-008987,CUST-00389,2026-04-26,Completed,Sargodha
ORD-008988,CUST-00169,2026-04-26,Completed,Multan
ORD-008989,CUST-01329,2026-04-26,Completed,Multan
ORD-008990,CUST-00501,2026-04-26,Completed,Karachi
ORD-008991,CUST-01356,2026-04-26,Completed,Lahore
ORD-008992,CUST-00904,2026-04-26,Completed,Faisalabad
ORD-008993,CUST-00830,2026-04-26,Completed,Karachi
ORD-008994,CUST-00501,2026-04-26,Completed,Karachi
ORD-008995,CUST-00675,2026-04-26,Pending,Islamabad
ORD-008996,CUST-01282,2026-04-27,Completed,Islamabad
ORD-008997,CUST-00290,2026-04-27,Completed,Sukkur
ORD-008998,CUST-00285,2026-04-27,Pending,Multan
ORD-008999,CUST-00116,2026-04-27,Completed,Karachi
ORD-009000,CUST-00697,2026-04-27,Completed,Islamabad
ORD-009001,CUST-01270,2026-04-27,Completed,Peshawar
ORD-009002,CUST-00464,2026-04-27,Cancelled,Islamabad
ORD-009003,CUST-01284,2026-04-27,Completed,Sukkur
ORD-009004,CUST-00288,2026-04-27,Cancelled,Lahore
ORD-009005,CUST-00210,2026-04-27,Completed,Multan
ORD-009006,CUST-00788,2026-04-27,Completed,Hyderabad
ORD-009007,CUST-01082,2026-04-27,Completed,Multan
ORD-009008,CUST-00647,2026-04-27,Returned,Faisalabad
ORD-009009,CUST-00869,2026-04-27,Completed,Karachi
ORD-009010,CUST-00644,2026-04-27,Completed,Rawalpindi
ORD-009011,CUST-01138,2026-04-27,Completed,Hyderabad
ORD-009012,CUST-01235,2026-04-27,Completed,Rawalpindi
ORD-009013,CUST-00631,2026-04-28,Completed,Karachi
ORD-009014,CUST-00113,2026-04-28,Completed,Lahore
ORD-009015,CUST-00695,2026-04-28,Completed,Hyderabad
ORD-009016,CUST-00574,2026-04-28,Completed,Hyderabad
ORD-009017,CUST-01434,2026-04-28,Completed,Quetta
ORD-009018,CUST-01282,2026-04-28,Completed,Islamabad
ORD-009019,CUST-00902,2026-04-28,Completed,Lahore
ORD-009020,CUST-00665,2026-04-28,Completed,Lahore
ORD-009021,CUST-01478,2026-04-28,Cancelled,Sahiwal
ORD-009022,CUST-00687,2026-04-28,Completed,Gujranwala
ORD-009023,CUST-00995,2026-04-28,Completed,Karachi
ORD-009024,CUST-00105,2026-04-28,Completed,Islamabad
ORD-009025,CUST-01431,2026-04-28,Completed,Rawalpindi
ORD-009026,CUST-01402,2026-04-28,Completed,Rawalpindi
ORD-009027,CUST-00292,2026-04-28,Completed,Peshawar
ORD-009028,CUST-00192,2026-04-28,Completed,Mirpur Khas
ORD-009029,CUST-01437,2026-04-28,Completed,Karachi
ORD-009030,CUST-01229,2026-04-28,Completed,Karachi
ORD-009031,CUST-00475,2026-04-29,Completed,Bahawalpur
ORD-009032,CUST-01404,2026-04-29,Completed,Lahore
ORD-009033,CUST-00622,2026-04-29,Completed,Quetta
ORD-009034,CUST-00851,2026-04-29,Completed,Peshawar
ORD-009035,CUST-00219,2026-04-29,Completed,Karachi
ORD-009036,CUST-00060,2026-04-29,Completed,Karachi
ORD-009037,CUST-01094,2026-04-29,Completed,Lahore
ORD-009038,CUST-01076,2026-04-29,Completed,Islamabad
ORD-009039,CUST-01481,2026-04-29,Completed,Islamabad
ORD-009040,CUST-00299,2026-04-29,Completed,Multan
ORD-009041,CUST-00063,2026-04-29,Completed,Lahore
ORD-009042,CUST-01384,2026-04-29,Pending,Islamabad
ORD-009043,CUST-00760,2026-04-29,Completed,Rawalpindi
ORD-009044,CUST-00929,2026-04-29,Returned,Karachi
ORD-009045,CUST-01007,2026-04-29,Completed,Karachi
ORD-009046,CUST-01272,2026-04-29,Pending,Islamabad
ORD-009047,CUST-00501,2026-04-29,Completed,Karachi
ORD-009048,CUST-01128,2026-04-30,Pending,Lahore
ORD-009049,CUST-00380,2026-04-30,Completed,Sialkot
ORD-009050,CUST-00879,2026-04-30,Pending,Lahore
ORD-009051,CUST-01334,2026-04-30,Completed,Lahore
ORD-009052,CUST-00929,2026-04-30,Completed,Islamabad
ORD-009053,CUST-00730,2026-04-30,Completed,Peshawar
ORD-009054,CUST-00923,2026-04-30,Completed,Karachi
ORD-009055,CUST-00680,2026-04-30,Completed,Gwadar
ORD-009056,CUST-00621,2026-04-30,Completed,Peshawar
ORD-009057,CUST-01034,2026-04-30,Completed,Sialkot
ORD-009058,CUST-00617,2026-04-30,Completed,Mirpur Khas
ORD-009059,CUST-00253,2026-04-30,Completed,Lahore
ORD-009060,CUST-00767,2026-04-30,Completed,Gujranwala
ORD-009061,CUST-00508,2026-04-30,Completed,Karachi
ORD-009062,CUST-01480,2026-04-30,Completed,Karachi
ORD-009063,CUST-01180,2026-04-30,Completed,Lahore
ORD-009064,CUST-01285,2026-04-30,Completed,Rawalpindi
ORD-009065,CUST-00216,2026-04-30,Completed,Sargodha
ORD-009066,CUST-00475,2026-04-30,Completed,Bahawalpur
ORD-009067,CUST-01479,2026-04-30,Completed,Multan
ORD-009068,CUST-01479,2026-04-30,Returned,Multan
ORD-009069,CUST-01051,2026-04-30,Completed,Lahore
ORD-009070,CUST-00504,2026-04-30,Pending,Karachi
ORD-009071,CUST-00571,2026-04-30,Completed,Sukkur
ORD-009072,CUST-01116,2026-05-01,Completed,Mardan
ORD-009073,CUST-01474,2026-05-01,Completed,Islamabad
ORD-009074,CUST-00313,2026-05-01,Completed,Faisalabad
ORD-009075,CUST-00135,2026-05-01,Completed,Lahore
ORD-009076,CUST-00391,2026-05-01,Completed,Lahore
ORD-009077,CUST-01250,2026-05-01,Completed,Lahore
ORD-009078,CUST-00059,2026-05-01,Completed,Karachi
ORD-009079,CUST-00669,2026-05-01,Completed,Abbottabad
ORD-009080,CUST-00362,2026-05-01,Completed,Sialkot
ORD-009081,CUST-00335,2026-05-01,Completed,Islamabad
ORD-009082,CUST-00738,2026-05-01,Completed,Sargodha
ORD-009083,CUST-00166,2026-05-01,Completed,Lahore
ORD-009084,CUST-00526,2026-05-01,Returned,Lahore
ORD-009085,CUST-00491,2026-05-01,Returned,Mardan
ORD-009086,CUST-00290,2026-05-01,Completed,Sukkur
ORD-009087,CUST-00064,2026-05-01,Pending,Karachi
ORD-009088,CUST-00529,2026-05-02,Completed,Peshawar
ORD-009089,CUST-00791,2026-05-02,Completed,Rawalpindi
ORD-009090,CUST-00464,2026-05-02,Pending,Islamabad
ORD-009091,CUST-00333,2026-05-02,Pending,Abbottabad
ORD-009092,CUST-01473,2026-05-02,Completed,Rawalpindi
ORD-009093,CUST-00635,2026-05-02,Completed,Abbottabad
ORD-009094,CUST-00973,2026-05-02,Completed,Lahore
ORD-009095,CUST-00927,2026-05-02,Completed,Multan
ORD-009096,CUST-00299,2026-05-02,Pending,Multan
ORD-009097,CUST-00260,2026-05-02,Completed,Lahore
ORD-009098,CUST-01078,2026-05-02,Completed,Bahawalpur
ORD-009099,CUST-01007,2026-05-02,Cancelled,Karachi
ORD-009100,CUST-00431,2026-05-02,Completed,Karachi
ORD-009101,CUST-01437,2026-05-02,Completed,Karachi
ORD-009102,CUST-01147,2026-05-02,Completed,Rawalpindi
ORD-009103,CUST-00579,2026-05-02,Completed,Quetta
ORD-009104,CUST-00152,2026-05-03,Completed,Hyderabad
ORD-009105,CUST-00749,2026-05-03,Completed,Karachi
ORD-009106,CUST-01231,2026-05-03,Completed,Bahawalpur
ORD-009107,CUST-00786,2026-05-03,Completed,Islamabad
ORD-009108,CUST-00591,2026-05-03,Pending,Faisalabad
ORD-009109,CUST-01076,2026-05-03,Completed,Islamabad
ORD-009110,CUST-00767,2026-05-03,Completed,Hyderabad
ORD-009111,CUST-00749,2026-05-03,Completed,Karachi
ORD-009112,CUST-00675,2026-05-03,Completed,Islamabad
ORD-009113,CUST-00041,2026-05-04,Returned,Rawalpindi
ORD-009114,CUST-00834,2026-05-04,Completed,Lahore
ORD-009115,CUST-00562,2026-05-04,Completed,Rawalpindi
ORD-009116,CUST-01384,2026-05-04,Pending,Islamabad
ORD-009117,CUST-00413,2026-05-04,Returned,Bahawalpur
ORD-009118,CUST-01023,2026-05-04,Pending,Quetta
ORD-009119,CUST-00465,2026-05-04,Completed,Faisalabad
ORD-009120,CUST-00579,2026-05-04,Completed,Quetta
ORD-009121,CUST-00788,2026-05-04,Completed,Karachi
ORD-009122,CUST-00256,2026-05-04,Returned,Karachi
ORD-009123,CUST-00483,2026-05-04,Completed,Faisalabad
ORD-009124,CUST-00270,2026-05-04,Completed,Sukkur
ORD-009125,CUST-00063,2026-05-04,Completed,Peshawar
ORD-009126,CUST-00993,2026-05-04,Completed,Gujranwala
ORD-009127,CUST-01013,2026-05-04,Completed,Islamabad
ORD-009128,CUST-00984,2026-05-04,Completed,Sukkur
ORD-009129,CUST-01300,2026-05-04,Pending,Rawalpindi
ORD-009130,CUST-00828,2026-05-04,Completed,Islamabad
ORD-009131,CUST-01040,2026-05-04,Cancelled,Quetta
ORD-009132,CUST-00098,2026-05-04,Completed,Karachi
ORD-009133,CUST-01288,2026-05-04,Completed,Bahawalpur
ORD-009134,CUST-00425,2026-05-04,Completed,Gujranwala
ORD-009135,CUST-00642,2026-05-05,Completed,Abbottabad
ORD-009136,CUST-01006,2026-05-05,Completed,Faisalabad
ORD-009137,CUST-00544,2026-05-05,Completed,Lahore
ORD-009138,CUST-01285,2026-05-05,Completed,Rawalpindi
ORD-009139,CUST-00814,2026-05-05,Completed,Faisalabad
ORD-009140,CUST-01103,2026-05-05,Completed,Karachi
ORD-009141,CUST-00993,2026-05-05,Completed,Gujranwala
ORD-009142,CUST-00361,2026-05-05,Completed,Quetta
ORD-009143,CUST-00567,2026-05-05,Returned,Bahawalpur
ORD-009144,CUST-01207,2026-05-05,Completed,Lahore
ORD-009145,CUST-00137,2026-05-05,Pending,Multan
ORD-009146,CUST-01260,2026-05-05,Pending,Karachi
ORD-009147,CUST-00584,2026-05-05,Completed,Rawalpindi
ORD-009148,CUST-00060,2026-05-05,Completed,Karachi
ORD-009149,CUST-00422,2026-05-05,Completed,Sialkot
ORD-009150,CUST-00749,2026-05-06,Completed,Faisalabad
ORD-009151,CUST-01353,2026-05-06,Completed,Lahore
ORD-009152,CUST-00391,2026-05-06,Completed,Faisalabad
ORD-009153,CUST-00712,2026-05-06,Completed,Gujranwala
ORD-009154,CUST-00399,2026-05-06,Returned,Bahawalpur
ORD-009155,CUST-00814,2026-05-06,Returned,Faisalabad
ORD-009156,CUST-00828,2026-05-06,Completed,Islamabad
ORD-009157,CUST-00196,2026-05-06,Pending,Sahiwal
ORD-009158,CUST-01423,2026-05-06,Completed,Sukkur
ORD-009159,CUST-00199,2026-05-06,Cancelled,Karachi
ORD-009160,CUST-00295,2026-05-06,Completed,Sargodha
ORD-009161,CUST-00590,2026-05-06,Completed,Lahore
ORD-009162,CUST-00579,2026-05-06,Completed,Quetta
ORD-009163,CUST-01168,2026-05-06,Pending,Gujranwala
ORD-009164,CUST-01091,2026-05-06,Completed,Lahore
ORD-009165,CUST-00091,2026-05-06,Pending,Gujranwala
ORD-009166,CUST-00214,2026-05-06,Completed,Islamabad
ORD-009167,CUST-00550,2026-05-06,Completed,Karachi
ORD-009168,CUST-00032,2026-05-06,Completed,Rawalpindi
ORD-009169,CUST-01100,2026-05-06,Completed,Rawalpindi
ORD-009170,CUST-01272,2026-05-06,Completed,Mardan
ORD-009171,CUST-01268,2026-05-06,Completed,Multan
ORD-009172,CUST-00601,2026-05-06,Pending,Lahore
ORD-009173,CUST-00499,2026-05-06,Returned,Mardan
ORD-009174,CUST-00031,2026-05-06,Completed,Karachi
ORD-009175,CUST-01410,2026-05-07,Completed,Faisalabad
ORD-009176,CUST-01169,2026-05-07,Completed,Lahore
ORD-009177,CUST-01309,2026-05-07,Completed,Lahore
ORD-009178,CUST-01303,2026-05-07,Completed,Rawalpindi
ORD-009179,CUST-01128,2026-05-07,Completed,Lahore
ORD-009180,CUST-00889,2026-05-07,Cancelled,Faisalabad
ORD-009181,CUST-00714,2026-05-07,Completed,Islamabad
ORD-009182,CUST-00964,2026-05-07,Completed,Lahore
ORD-009183,CUST-01292,2026-05-07,Completed,Lahore
ORD-009184,CUST-01482,2026-05-07,Pending,Mardan
ORD-009185,CUST-01486,2026-05-07,Completed,Karachi
ORD-009186,CUST-01099,2026-05-07,Completed,Karachi
ORD-009187,CUST-00254,2026-05-07,Completed,Karachi
ORD-009188,CUST-00499,2026-05-07,Returned,Lahore
ORD-009189,CUST-00470,2026-05-08,Cancelled,Lahore
ORD-009190,CUST-00380,2026-05-08,Completed,Sialkot
ORD-009191,CUST-01196,2026-05-08,Completed,Lahore
ORD-009192,CUST-00784,2026-05-08,Completed,Hyderabad
ORD-009193,CUST-00163,2026-05-08,Completed,Quetta
ORD-009194,CUST-00159,2026-05-08,Completed,Faisalabad
ORD-009195,CUST-00944,2026-05-08,Completed,Karachi
ORD-009196,CUST-00947,2026-05-08,Pending,Karachi
ORD-009197,CUST-01247,2026-05-08,Completed,Islamabad
ORD-009198,CUST-00304,2026-05-08,Cancelled,Faisalabad
ORD-009199,CUST-00321,2026-05-08,Completed,Sialkot
ORD-009200,CUST-00770,2026-05-08,Completed,Lahore
ORD-009201,CUST-00142,2026-05-08,Pending,Sialkot
ORD-009202,CUST-00867,2026-05-08,Completed,Islamabad
ORD-009203,CUST-00062,2026-05-08,Completed,Sukkur
ORD-009204,CUST-00310,2026-05-08,Completed,Rawalpindi
ORD-009205,CUST-00433,2026-05-08,Completed,Lahore
ORD-009206,CUST-01340,2026-05-09,Completed,Sargodha
ORD-009207,CUST-00003,2026-05-09,Pending,Sargodha
ORD-009208,CUST-00683,2026-05-09,Completed,Bahawalpur
ORD-009209,CUST-00203,2026-05-09,Completed,Karachi
ORD-009210,CUST-01116,2026-05-09,Completed,Mardan
ORD-009211,CUST-00553,2026-05-09,Completed,Faisalabad
ORD-009212,CUST-00863,2026-05-09,Completed,Lahore
ORD-009213,CUST-00630,2026-05-09,Completed,Karachi
ORD-009214,CUST-01383,2026-05-09,Completed,Islamabad
ORD-009215,CUST-01441,2026-05-09,Completed,Bahawalpur
ORD-009216,CUST-01065,2026-05-09,Completed,Gujranwala
ORD-009217,CUST-01196,2026-05-09,Completed,Lahore
ORD-009218,CUST-00434,2026-05-09,Completed,Lahore
ORD-009219,CUST-00321,2026-05-09,Completed,Sialkot
ORD-009220,CUST-01180,2026-05-09,Completed,Multan
ORD-009221,CUST-01203,2026-05-09,Completed,Quetta
ORD-009222,CUST-00890,2026-05-09,Pending,Rawalpindi
ORD-009223,CUST-01054,2026-05-09,Returned,Karachi
ORD-009224,CUST-01318,2026-05-09,Completed,Peshawar
ORD-009225,CUST-00239,2026-05-09,Completed,Faisalabad
ORD-009226,CUST-01062,2026-05-09,Cancelled,Lahore
ORD-009227,CUST-01298,2026-05-09,Completed,Islamabad
ORD-009228,CUST-01256,2026-05-10,Completed,Karachi
ORD-009229,CUST-00754,2026-05-10,Completed,Rahim Yar Khan
ORD-009230,CUST-00228,2026-05-10,Completed,Peshawar
ORD-009231,CUST-01106,2026-05-10,Completed,Islamabad
ORD-009232,CUST-00190,2026-05-10,Completed,Lahore
ORD-009233,CUST-00351,2026-05-10,Pending,Gwadar
ORD-009234,CUST-00433,2026-05-10,Cancelled,Lahore
ORD-009235,CUST-00648,2026-05-10,Completed,Gwadar
ORD-009236,CUST-00373,2026-05-10,Completed,Sargodha
ORD-009237,CUST-00319,2026-05-11,Cancelled,Sukkur
ORD-009238,CUST-01103,2026-05-11,Completed,Karachi
ORD-009239,CUST-00681,2026-05-11,Returned,Lahore
ORD-009240,CUST-01138,2026-05-11,Completed,Hyderabad
ORD-009241,CUST-00660,2026-05-11,Completed,Islamabad
ORD-009242,CUST-00882,2026-05-11,Cancelled,Lahore
ORD-009243,CUST-00894,2026-05-11,Completed,Rawalpindi
ORD-009244,CUST-00741,2026-05-11,Completed,Karachi
ORD-009245,CUST-00306,2026-05-11,Completed,Multan
ORD-009246,CUST-00342,2026-05-11,Cancelled,Faisalabad
ORD-009247,CUST-01361,2026-05-11,Completed,Bahawalpur
ORD-009248,CUST-00575,2026-05-11,Completed,Lahore
ORD-009249,CUST-01129,2026-05-11,Completed,Rawalpindi
ORD-009250,CUST-00729,2026-05-11,Completed,Sargodha
ORD-009251,CUST-01458,2026-05-11,Completed,Islamabad
ORD-009252,CUST-00938,2026-05-11,Completed,Karachi
ORD-009253,CUST-00469,2026-05-11,Returned,Bahawalpur
ORD-009254,CUST-01283,2026-05-11,Completed,Sialkot
ORD-009255,CUST-00782,2026-05-11,Cancelled,Karachi
ORD-009256,CUST-00087,2026-05-11,Completed,Lahore
ORD-009257,CUST-00604,2026-05-12,Returned,Karachi
ORD-009258,CUST-01203,2026-05-12,Completed,Quetta
ORD-009259,CUST-00445,2026-05-12,Cancelled,Quetta
ORD-009260,CUST-01437,2026-05-12,Returned,Karachi
ORD-009261,CUST-01393,2026-05-12,Completed,Peshawar
ORD-009262,CUST-01168,2026-05-12,Completed,Gujranwala
ORD-009263,CUST-00566,2026-05-12,Completed,Hyderabad
ORD-009264,CUST-00467,2026-05-12,Completed,Faisalabad
ORD-009265,CUST-01425,2026-05-12,Cancelled,Sukkur
ORD-009266,CUST-00499,2026-05-12,Completed,Mardan
ORD-009267,CUST-00175,2026-05-12,Completed,Hyderabad
ORD-009268,CUST-00401,2026-05-12,Completed,Rawalpindi
ORD-009269,CUST-01060,2026-05-12,Completed,Sialkot
ORD-009270,CUST-00301,2026-05-12,Completed,Lahore
ORD-009271,CUST-00591,2026-05-13,Completed,Quetta
ORD-009272,CUST-01035,2026-05-13,Completed,Lahore
ORD-009273,CUST-00032,2026-05-13,Completed,Rawalpindi
ORD-009274,CUST-00156,2026-05-13,Completed,Abbottabad
ORD-009275,CUST-00203,2026-05-13,Completed,Karachi
ORD-009276,CUST-01055,2026-05-13,Completed,Islamabad
ORD-009277,CUST-01120,2026-05-13,Completed,Mardan
ORD-009278,CUST-00699,2026-05-13,Cancelled,Karachi
ORD-009279,CUST-00357,2026-05-13,Completed,Multan
ORD-009280,CUST-00121,2026-05-13,Cancelled,Karachi
ORD-009281,CUST-00845,2026-05-13,Completed,Karachi
ORD-009282,CUST-00411,2026-05-13,Cancelled,Multan
ORD-009283,CUST-01033,2026-05-13,Completed,Faisalabad
ORD-009284,CUST-00150,2026-05-13,Completed,Sahiwal
ORD-009285,CUST-00878,2026-05-13,Pending,Rawalpindi
ORD-009286,CUST-00868,2026-05-13,Pending,Lahore
ORD-009287,CUST-00867,2026-05-13,Completed,Lahore
ORD-009288,CUST-00536,2026-05-13,Completed,Lahore
ORD-009289,CUST-00169,2026-05-13,Pending,Multan
ORD-009290,CUST-00226,2026-05-13,Completed,Islamabad
ORD-009291,CUST-00656,2026-05-13,Cancelled,Sialkot
ORD-009292,CUST-01359,2026-05-14,Completed,Faisalabad
ORD-009293,CUST-01321,2026-05-14,Completed,Islamabad
ORD-009294,CUST-00123,2026-05-14,Completed,Karachi
ORD-009295,CUST-00467,2026-05-14,Completed,Faisalabad
ORD-009296,CUST-01280,2026-05-14,Completed,Bahawalpur
ORD-009297,CUST-01443,2026-05-14,Returned,Faisalabad
ORD-009298,CUST-00343,2026-05-14,Completed,Karachi
ORD-009299,CUST-00622,2026-05-14,Completed,Quetta
ORD-009300,CUST-01282,2026-05-14,Completed,Islamabad
ORD-009301,CUST-00133,2026-05-14,Completed,Lahore
ORD-009302,CUST-00446,2026-05-14,Completed,Abbottabad
ORD-009303,CUST-01129,2026-05-14,Completed,Faisalabad
ORD-009304,CUST-00633,2026-05-14,Completed,Lahore
ORD-009305,CUST-01002,2026-05-14,Pending,Islamabad
ORD-009306,CUST-00873,2026-05-14,Completed,Faisalabad
ORD-009307,CUST-00785,2026-05-14,Pending,Multan
ORD-009308,CUST-01247,2026-05-14,Completed,Islamabad
ORD-009309,CUST-00239,2026-05-14,Completed,Faisalabad
ORD-009310,CUST-01082,2026-05-14,Completed,Multan
ORD-009311,CUST-01184,2026-05-14,Pending,Lahore
ORD-009312,CUST-00382,2026-05-14,Completed,Peshawar
ORD-009313,CUST-01315,2026-05-15,Pending,Rawalpindi
ORD-009314,CUST-00397,2026-05-15,Completed,Peshawar
ORD-009315,CUST-01278,2026-05-15,Returned,Sahiwal
ORD-009316,CUST-01091,2026-05-15,Completed,Lahore
ORD-009317,CUST-00512,2026-05-15,Completed,Rawalpindi
ORD-009318,CUST-00688,2026-05-15,Completed,Karachi
ORD-009319,CUST-00862,2026-05-15,Completed,Peshawar
ORD-009320,CUST-01032,2026-05-15,Completed,Rawalpindi
ORD-009321,CUST-01148,2026-05-15,Cancelled,Islamabad
ORD-009322,CUST-00401,2026-05-15,Completed,Peshawar
ORD-009323,CUST-00650,2026-05-15,Completed,Sialkot
ORD-009324,CUST-00590,2026-05-15,Pending,Rawalpindi
ORD-009325,CUST-00281,2026-05-15,Completed,Sukkur
ORD-009326,CUST-00137,2026-05-15,Pending,Multan
ORD-009327,CUST-01477,2026-05-15,Completed,Lahore
ORD-009328,CUST-00708,2026-05-15,Pending,Lahore
ORD-009329,CUST-00704,2026-05-15,Completed,Lahore
ORD-009330,CUST-00415,2026-05-15,Completed,Karachi
ORD-009331,CUST-01268,2026-05-15,Returned,Gujranwala
ORD-009332,CUST-00700,2026-05-16,Completed,Lahore
ORD-009333,CUST-00037,2026-05-16,Completed,Gujranwala
ORD-009334,CUST-00520,2026-05-16,Returned,Karachi
ORD-009335,CUST-01433,2026-05-16,Completed,Bahawalpur
ORD-009336,CUST-00879,2026-05-16,Completed,Karachi
ORD-009337,CUST-00535,2026-05-16,Completed,Multan
ORD-009338,CUST-00175,2026-05-16,Cancelled,Hyderabad
ORD-009339,CUST-00874,2026-05-16,Pending,Karachi
ORD-009340,CUST-00260,2026-05-16,Completed,Lahore
ORD-009341,CUST-01004,2026-05-16,Completed,Lahore
ORD-009342,CUST-01142,2026-05-16,Completed,Karachi
ORD-009343,CUST-00690,2026-05-16,Completed,Gujranwala
ORD-009344,CUST-01248,2026-05-16,Completed,Peshawar
ORD-009345,CUST-01358,2026-05-16,Completed,Lahore
ORD-009346,CUST-00574,2026-05-16,Completed,Hyderabad
ORD-009347,CUST-00166,2026-05-17,Completed,Lahore
ORD-009348,CUST-00955,2026-05-17,Completed,Karachi
ORD-009349,CUST-00714,2026-05-17,Completed,Karachi
ORD-009350,CUST-01143,2026-05-17,Pending,Karachi
ORD-009351,CUST-01447,2026-05-17,Completed,Karachi
ORD-009352,CUST-01413,2026-05-17,Returned,Hyderabad
ORD-009353,CUST-00974,2026-05-17,Pending,Peshawar
ORD-009354,CUST-00575,2026-05-17,Completed,Quetta
ORD-009355,CUST-01107,2026-05-17,Cancelled,Sukkur
ORD-009356,CUST-00944,2026-05-18,Completed,Karachi
ORD-009357,CUST-01257,2026-05-18,Completed,Lahore
ORD-009358,CUST-00244,2026-05-18,Completed,Rawalpindi
ORD-009359,CUST-01026,2026-05-18,Completed,Mardan
ORD-009360,CUST-01495,2026-05-18,Completed,Faisalabad
ORD-009361,CUST-01264,2026-05-18,Completed,Lahore
ORD-009362,CUST-00946,2026-05-18,Completed,Peshawar
ORD-009363,CUST-01285,2026-05-18,Completed,Lahore
ORD-009364,CUST-01007,2026-05-18,Completed,Karachi
ORD-009365,CUST-00327,2026-05-18,Completed,Faisalabad
ORD-009366,CUST-01083,2026-05-18,Completed,Rawalpindi
ORD-009367,CUST-00373,2026-05-18,Completed,Sargodha
ORD-009368,CUST-00724,2026-05-18,Completed,Karachi
ORD-009369,CUST-00765,2026-05-18,Completed,Karachi
ORD-009370,CUST-00034,2026-05-18,Cancelled,Bahawalpur
ORD-009371,CUST-01423,2026-05-18,Completed,Karachi
ORD-009372,CUST-01378,2026-05-18,Completed,Karachi
ORD-009373,CUST-01338,2026-05-18,Completed,Karachi
ORD-009374,CUST-01056,2026-05-19,Returned,Karachi
ORD-009375,CUST-00944,2026-05-19,Completed,Karachi
ORD-009376,CUST-01427,2026-05-19,Completed,Lahore
ORD-009377,CUST-01148,2026-05-19,Completed,Islamabad
ORD-009378,CUST-00575,2026-05-19,Completed,Karachi
ORD-009379,CUST-01379,2026-05-19,Completed,Karachi
ORD-009380,CUST-01097,2026-05-19,Completed,Karachi
ORD-009381,CUST-00835,2026-05-19,Completed,Islamabad
ORD-009382,CUST-01113,2026-05-19,Returned,Sialkot
ORD-009383,CUST-00218,2026-05-19,Completed,Faisalabad
ORD-009384,CUST-00721,2026-05-19,Completed,Islamabad
ORD-009385,CUST-01027,2026-05-19,Completed,Lahore
ORD-009386,CUST-00982,2026-05-19,Completed,Karachi
ORD-009387,CUST-00565,2026-05-19,Pending,Gujranwala
ORD-009388,CUST-00558,2026-05-19,Completed,Rawalpindi
ORD-009389,CUST-01321,2026-05-19,Completed,Islamabad
ORD-009390,CUST-00394,2026-05-19,Returned,Lahore
ORD-009391,CUST-01439,2026-05-19,Returned,Karachi
ORD-009392,CUST-00345,2026-05-19,Completed,Lahore
ORD-009393,CUST-01075,2026-05-19,Completed,Gujranwala
ORD-009394,CUST-00849,2026-05-19,Completed,Islamabad
ORD-009395,CUST-00766,2026-05-20,Completed,Faisalabad
ORD-009396,CUST-01412,2026-05-20,Completed,Islamabad
ORD-009397,CUST-00601,2026-05-20,Completed,Islamabad
ORD-009398,CUST-00281,2026-05-20,Completed,Sukkur
ORD-009399,CUST-00564,2026-05-20,Completed,Karachi
ORD-009400,CUST-00546,2026-05-20,Cancelled,Islamabad
ORD-009401,CUST-00203,2026-05-20,Completed,Karachi
ORD-009402,CUST-00568,2026-05-20,Completed,Lahore
ORD-009403,CUST-00783,2026-05-20,Completed,Islamabad
ORD-009404,CUST-01152,2026-05-20,Completed,Multan
ORD-009405,CUST-00847,2026-05-20,Completed,Faisalabad
ORD-009406,CUST-00135,2026-05-20,Returned,Lahore
ORD-009407,CUST-00109,2026-05-20,Cancelled,Quetta
ORD-009408,CUST-00575,2026-05-20,Completed,Multan
ORD-009409,CUST-01498,2026-05-21,Completed,Karachi
ORD-009410,CUST-00489,2026-05-21,Completed,Karachi
ORD-009411,CUST-00567,2026-05-21,Returned,Karachi
ORD-009412,CUST-00741,2026-05-21,Completed,Karachi
ORD-009413,CUST-00263,2026-05-21,Completed,Abbottabad
ORD-009414,CUST-01178,2026-05-21,Completed,Karachi
ORD-009415,CUST-01168,2026-05-21,Completed,Faisalabad
ORD-009416,CUST-00481,2026-05-21,Pending,Peshawar
ORD-009417,CUST-01423,2026-05-21,Completed,Karachi
ORD-009418,CUST-00978,2026-05-21,Completed,Karachi
ORD-009419,CUST-00059,2026-05-21,Completed,Karachi
ORD-009420,CUST-01026,2026-05-21,Completed,Mardan
ORD-009421,CUST-01195,2026-05-21,Returned,Bahawalpur
ORD-009422,CUST-00034,2026-05-21,Returned,Bahawalpur
ORD-009423,CUST-00790,2026-05-21,Completed,Multan
ORD-009424,CUST-00330,2026-05-21,Completed,Rawalpindi
ORD-009425,CUST-01359,2026-05-21,Completed,Faisalabad
ORD-009426,CUST-00780,2026-05-22,Completed,Faisalabad
ORD-009427,CUST-01258,2026-05-22,Completed,Lahore
ORD-009428,CUST-00665,2026-05-22,Completed,Lahore
ORD-009429,CUST-01085,2026-05-22,Completed,Lahore
ORD-009430,CUST-01060,2026-05-22,Pending,Sialkot
ORD-009431,CUST-01440,2026-05-22,Completed,Lahore
ORD-009432,CUST-01305,2026-05-22,Completed,Rawalpindi
ORD-009433,CUST-01349,2026-05-22,Completed,Multan
ORD-009434,CUST-00941,2026-05-22,Returned,Karachi
ORD-009435,CUST-01151,2026-05-22,Returned,Gwadar
ORD-009436,CUST-00944,2026-05-22,Returned,Karachi
ORD-009437,CUST-01049,2026-05-22,Completed,Gujranwala
ORD-009438,CUST-00741,2026-05-22,Completed,Karachi
ORD-009439,CUST-00163,2026-05-22,Completed,Multan
ORD-009440,CUST-01338,2026-05-22,Completed,Karachi
ORD-009441,CUST-00083,2026-05-22,Completed,Quetta
ORD-009442,CUST-01163,2026-05-22,Completed,Abbottabad
ORD-009443,CUST-00216,2026-05-22,Completed,Sargodha
ORD-009444,CUST-00774,2026-05-22,Completed,Peshawar
ORD-009445,CUST-00628,2026-05-22,Returned,Gujranwala
ORD-009446,CUST-00214,2026-05-22,Cancelled,Rawalpindi
ORD-009447,CUST-00736,2026-05-23,Completed,Lahore
ORD-009448,CUST-00412,2026-05-23,Completed,Rawalpindi
ORD-009449,CUST-01078,2026-05-23,Completed,Lahore
ORD-009450,CUST-00147,2026-05-23,Completed,Karachi
ORD-009451,CUST-00219,2026-05-23,Completed,Karachi
ORD-009452,CUST-00900,2026-05-23,Completed,Gujranwala
ORD-009453,CUST-00643,2026-05-23,Completed,Gujranwala
ORD-009454,CUST-00346,2026-05-23,Completed,Rawalpindi
ORD-009455,CUST-00801,2026-05-23,Pending,Peshawar
ORD-009456,CUST-00436,2026-05-23,Completed,Peshawar
ORD-009457,CUST-00986,2026-05-23,Completed,Lahore
ORD-009458,CUST-01385,2026-05-23,Completed,Rahim Yar Khan
ORD-009459,CUST-00083,2026-05-23,Returned,Karachi
ORD-009460,CUST-00267,2026-05-23,Completed,Faisalabad
ORD-009461,CUST-01369,2026-05-23,Returned,Faisalabad
ORD-009462,CUST-00724,2026-05-23,Completed,Multan
ORD-009463,CUST-01221,2026-05-23,Completed,Peshawar
ORD-009464,CUST-01256,2026-05-24,Completed,Karachi
ORD-009465,CUST-00871,2026-05-24,Completed,Multan
ORD-009466,CUST-00765,2026-05-24,Completed,Peshawar
ORD-009467,CUST-00531,2026-05-24,Completed,Hyderabad
ORD-009468,CUST-00375,2026-05-24,Completed,Hyderabad
ORD-009469,CUST-01139,2026-05-24,Pending,Sukkur
ORD-009470,CUST-00999,2026-05-24,Completed,Rahim Yar Khan
ORD-009471,CUST-00814,2026-05-24,Completed,Faisalabad
ORD-009472,CUST-00347,2026-05-24,Completed,Islamabad
ORD-009473,CUST-00362,2026-05-24,Pending,Sialkot
ORD-009474,CUST-00924,2026-05-24,Pending,Peshawar
ORD-009475,CUST-01390,2026-05-25,Completed,Karachi
ORD-009476,CUST-00545,2026-05-25,Completed,Karachi
ORD-009477,CUST-00177,2026-05-25,Pending,Lahore
ORD-009478,CUST-00330,2026-05-25,Completed,Rawalpindi
ORD-009479,CUST-00740,2026-05-25,Pending,Lahore
ORD-009480,CUST-00329,2026-05-25,Completed,Multan
ORD-009481,CUST-00867,2026-05-25,Completed,Lahore
ORD-009482,CUST-00450,2026-05-25,Completed,Bahawalpur
ORD-009483,CUST-00882,2026-05-25,Completed,Lahore
ORD-009484,CUST-01307,2026-05-25,Completed,Karachi
ORD-009485,CUST-00927,2026-05-25,Completed,Multan
ORD-009486,CUST-00111,2026-05-25,Pending,Karachi
ORD-009487,CUST-01124,2026-05-25,Completed,Rawalpindi
ORD-009488,CUST-01356,2026-05-25,Completed,Lahore
ORD-009489,CUST-01176,2026-05-25,Pending,Faisalabad
ORD-009490,CUST-01420,2026-05-25,Completed,Karachi
ORD-009491,CUST-00721,2026-05-25,Completed,Islamabad
ORD-009492,CUST-01407,2026-05-25,Returned,Bahawalpur
ORD-009493,CUST-01370,2026-05-25,Completed,Karachi
ORD-009494,CUST-00069,2026-05-25,Completed,Lahore
ORD-009495,CUST-01264,2026-05-25,Completed,Rawalpindi
ORD-009496,CUST-01042,2026-05-25,Completed,Lahore
ORD-009497,CUST-00380,2026-05-25,Completed,Sialkot
ORD-009498,CUST-01146,2026-05-25,Cancelled,Lahore
ORD-009499,CUST-00386,2026-05-25,Completed,Sargodha
ORD-009500,CUST-00600,2026-05-25,Completed,Sahiwal
ORD-009501,CUST-00909,2026-05-25,Completed,Lahore
ORD-009502,CUST-01461,2026-05-26,Completed,Faisalabad
ORD-009503,CUST-01205,2026-05-26,Completed,Sahiwal
ORD-009504,CUST-01495,2026-05-26,Returned,Faisalabad
ORD-009505,CUST-01235,2026-05-26,Completed,Rawalpindi
ORD-009506,CUST-00531,2026-05-26,Completed,Hyderabad
ORD-009507,CUST-00281,2026-05-26,Completed,Sukkur
ORD-009508,CUST-00752,2026-05-26,Completed,Rawalpindi
ORD-009509,CUST-00306,2026-05-26,Completed,Sukkur
ORD-009510,CUST-00665,2026-05-26,Completed,Lahore
ORD-009511,CUST-00196,2026-05-26,Completed,Sahiwal
ORD-009512,CUST-01111,2026-05-26,Completed,Karachi
ORD-009513,CUST-00205,2026-05-26,Completed,Sukkur
ORD-009514,CUST-01120,2026-05-26,Completed,Lahore
ORD-009515,CUST-00582,2026-05-26,Completed,Faisalabad
ORD-009516,CUST-00562,2026-05-27,Completed,Bahawalpur
ORD-009517,CUST-01148,2026-05-27,Returned,Islamabad
ORD-009518,CUST-00641,2026-05-27,Returned,Karachi
ORD-009519,CUST-00260,2026-05-27,Completed,Karachi
ORD-009520,CUST-00771,2026-05-27,Completed,Gujranwala
ORD-009521,CUST-00097,2026-05-27,Completed,Faisalabad
ORD-009522,CUST-00679,2026-05-27,Completed,Karachi
ORD-009523,CUST-01357,2026-05-27,Completed,Gujranwala
ORD-009524,CUST-00973,2026-05-27,Completed,Lahore
ORD-009525,CUST-01455,2026-05-27,Completed,Rawalpindi
ORD-009526,CUST-00641,2026-05-27,Completed,Multan
ORD-009527,CUST-00029,2026-05-27,Completed,Lahore
ORD-009528,CUST-01424,2026-05-27,Completed,Lahore
ORD-009529,CUST-00166,2026-05-27,Completed,Lahore
ORD-009530,CUST-00313,2026-05-27,Completed,Faisalabad
ORD-009531,CUST-00902,2026-05-27,Completed,Lahore
ORD-009532,CUST-00422,2026-05-27,Completed,Sialkot
ORD-009533,CUST-00178,2026-05-27,Completed,Peshawar
ORD-009534,CUST-00743,2026-05-28,Returned,Rawalpindi
ORD-009535,CUST-01131,2026-05-28,Pending,Lahore
ORD-009536,CUST-01129,2026-05-28,Completed,Faisalabad
ORD-009537,CUST-00243,2026-05-28,Completed,Hyderabad
ORD-009538,CUST-01224,2026-05-28,Completed,Peshawar
ORD-009539,CUST-00814,2026-05-28,Pending,Lahore
ORD-009540,CUST-01055,2026-05-28,Completed,Islamabad
ORD-009541,CUST-00810,2026-05-28,Pending,Peshawar
ORD-009542,CUST-00790,2026-05-28,Completed,Multan
ORD-009543,CUST-00788,2026-05-28,Completed,Hyderabad
ORD-009544,CUST-00279,2026-05-28,Completed,Rawalpindi
ORD-009545,CUST-00450,2026-05-28,Completed,Bahawalpur
ORD-009546,CUST-00346,2026-05-28,Completed,Peshawar
ORD-009547,CUST-00240,2026-05-28,Completed,Peshawar
ORD-009548,CUST-00783,2026-05-29,Completed,Quetta
ORD-009549,CUST-00481,2026-05-29,Completed,Peshawar
ORD-009550,CUST-01114,2026-05-29,Completed,Karachi
ORD-009551,CUST-00464,2026-05-29,Completed,Islamabad
ORD-009552,CUST-01254,2026-05-29,Completed,Bahawalpur
ORD-009553,CUST-00073,2026-05-29,Completed,Rahim Yar Khan
ORD-009554,CUST-00814,2026-05-29,Completed,Rawalpindi
ORD-009555,CUST-01082,2026-05-29,Returned,Multan
ORD-009556,CUST-00204,2026-05-29,Pending,Karachi
ORD-009557,CUST-00626,2026-05-29,Completed,Islamabad
ORD-009558,CUST-00348,2026-05-29,Returned,Sialkot
ORD-009559,CUST-01055,2026-05-29,Completed,Islamabad
ORD-009560,CUST-00488,2026-05-29,Completed,Islamabad
ORD-009561,CUST-00090,2026-05-29,Completed,Karachi
ORD-009562,CUST-01136,2026-05-29,Completed,Karachi
ORD-009563,CUST-00471,2026-05-29,Cancelled,Karachi
ORD-009564,CUST-01250,2026-05-29,Completed,Hyderabad
ORD-009565,CUST-00461,2026-05-29,Completed,Multan
ORD-009566,CUST-00868,2026-05-29,Completed,Lahore
ORD-009567,CUST-01445,2026-05-29,Completed,Faisalabad
ORD-009568,CUST-00752,2026-05-29,Completed,Rawalpindi
ORD-009569,CUST-01125,2026-05-30,Cancelled,Multan
ORD-009570,CUST-01033,2026-05-30,Completed,Mirpur Khas
ORD-009571,CUST-00604,2026-05-30,Completed,Karachi
ORD-009572,CUST-00022,2026-05-30,Completed,Faisalabad
ORD-009573,CUST-00482,2026-05-30,Completed,Sialkot
ORD-009574,CUST-00909,2026-05-30,Completed,Lahore
ORD-009575,CUST-00579,2026-05-30,Completed,Quetta
ORD-009576,CUST-01255,2026-05-30,Completed,Lahore
ORD-009577,CUST-00228,2026-05-30,Completed,Peshawar
ORD-009578,CUST-00864,2026-05-30,Completed,Lahore
ORD-009579,CUST-01002,2026-05-30,Completed,Lahore
ORD-009580,CUST-00084,2026-05-30,Completed,Rawalpindi
ORD-009581,CUST-01064,2026-05-30,Completed,Lahore
ORD-009582,CUST-00635,2026-05-30,Completed,Abbottabad
ORD-009583,CUST-00803,2026-05-30,Completed,Lahore
ORD-009584,CUST-00153,2026-05-30,Completed,Lahore
ORD-009585,CUST-01486,2026-05-31,Returned,Karachi
ORD-009586,CUST-01200,2026-05-31,Completed,Sargodha
ORD-009587,CUST-01426,2026-05-31,Completed,Karachi
ORD-009588,CUST-00404,2026-05-31,Completed,Sialkot
ORD-009589,CUST-00155,2026-05-31,Completed,Islamabad
ORD-009590,CUST-00125,2026-05-31,Completed,Islamabad
ORD-009591,CUST-00977,2026-05-31,Completed,Karachi
ORD-009592,CUST-00331,2026-06-01,Completed,Lahore
ORD-009593,CUST-00266,2026-06-01,Returned,Faisalabad
ORD-009594,CUST-00820,2026-06-01,Completed,Rahim Yar Khan
ORD-009595,CUST-00159,2026-06-01,Pending,Faisalabad
ORD-009596,CUST-00575,2026-06-01,Completed,Karachi
ORD-009597,CUST-00923,2026-06-01,Completed,Karachi
ORD-009598,CUST-00691,2026-06-01,Completed,Karachi
ORD-009599,CUST-00532,2026-06-01,Completed,Lahore
ORD-009600,CUST-00902,2026-06-01,Completed,Lahore
ORD-009601,CUST-00840,2026-06-01,Completed,Peshawar
ORD-009602,CUST-00329,2026-06-01,Returned,Multan
ORD-009603,CUST-00580,2026-06-02,Completed,Peshawar
ORD-009604,CUST-01349,2026-06-02,Pending,Multan
ORD-009605,CUST-00377,2026-06-02,Completed,Gujranwala
ORD-009606,CUST-00845,2026-06-02,Completed,Gujranwala
ORD-009607,CUST-00347,2026-06-02,Completed,Karachi
ORD-009608,CUST-00279,2026-06-02,Completed,Rawalpindi
ORD-009609,CUST-00599,2026-06-02,Pending,Abbottabad
ORD-009610,CUST-00622,2026-06-02,Completed,Quetta
ORD-009611,CUST-00800,2026-06-02,Completed,Faisalabad
ORD-009612,CUST-01378,2026-06-02,Completed,Karachi
ORD-009613,CUST-00681,2026-06-02,Completed,Karachi
ORD-009614,CUST-01064,2026-06-02,Completed,Rawalpindi
ORD-009615,CUST-00203,2026-06-02,Completed,Faisalabad
ORD-009616,CUST-00856,2026-06-02,Completed,Karachi
ORD-009617,CUST-01250,2026-06-02,Completed,Lahore
ORD-009618,CUST-01332,2026-06-02,Completed,Lahore
ORD-009619,CUST-00873,2026-06-02,Completed,Peshawar
ORD-009620,CUST-01483,2026-06-02,Completed,Lahore
ORD-009621,CUST-01330,2026-06-02,Completed,Lahore
ORD-009622,CUST-00893,2026-06-02,Completed,Peshawar
ORD-009623,CUST-01316,2026-06-02,Completed,Mardan
ORD-009624,CUST-01491,2026-06-02,Completed,Karachi
ORD-009625,CUST-00814,2026-06-03,Completed,Faisalabad
ORD-009626,CUST-01080,2026-06-03,Completed,Islamabad
ORD-009627,CUST-01480,2026-06-03,Cancelled,Karachi
ORD-009628,CUST-00795,2026-06-03,Completed,Sargodha
ORD-009629,CUST-00114,2026-06-03,Completed,Multan
ORD-009630,CUST-00873,2026-06-03,Completed,Faisalabad
ORD-009631,CUST-00293,2026-06-03,Completed,Islamabad
ORD-009632,CUST-00268,2026-06-03,Completed,Sialkot
ORD-009633,CUST-00933,2026-06-03,Completed,Islamabad
ORD-009634,CUST-00200,2026-06-03,Completed,Faisalabad
ORD-009635,CUST-00099,2026-06-03,Completed,Sukkur
ORD-009636,CUST-01154,2026-06-03,Completed,Lahore
ORD-009637,CUST-00506,2026-06-03,Completed,Quetta
ORD-009638,CUST-00110,2026-06-03,Completed,Lahore
ORD-009639,CUST-00515,2026-06-03,Returned,Islamabad
ORD-009640,CUST-00565,2026-06-03,Completed,Gujranwala
ORD-009641,CUST-01165,2026-06-03,Completed,Karachi
ORD-009642,CUST-00308,2026-06-03,Cancelled,Karachi
ORD-009643,CUST-00701,2026-06-03,Pending,Sargodha
ORD-009644,CUST-00772,2026-06-03,Cancelled,Karachi
ORD-009645,CUST-00886,2026-06-03,Completed,Islamabad
ORD-009646,CUST-00654,2026-06-03,Completed,Karachi
ORD-009647,CUST-00358,2026-06-04,Pending,Multan
ORD-009648,CUST-00032,2026-06-04,Cancelled,Rawalpindi
ORD-009649,CUST-00639,2026-06-04,Completed,Islamabad
ORD-009650,CUST-00281,2026-06-04,Pending,Sukkur
ORD-009651,CUST-01290,2026-06-04,Cancelled,Rawalpindi
ORD-009652,CUST-01384,2026-06-04,Completed,Lahore
ORD-009653,CUST-00264,2026-06-04,Completed,Peshawar
ORD-009654,CUST-00770,2026-06-04,Completed,Lahore
ORD-009655,CUST-00105,2026-06-04,Completed,Karachi
ORD-009656,CUST-00663,2026-06-04,Completed,Faisalabad
ORD-009657,CUST-01221,2026-06-04,Completed,Peshawar
ORD-009658,CUST-00139,2026-06-04,Completed,Islamabad
ORD-009659,CUST-00562,2026-06-04,Completed,Rawalpindi
ORD-009660,CUST-01416,2026-06-04,Completed,Gujranwala
ORD-009661,CUST-01118,2026-06-04,Completed,Quetta
ORD-009662,CUST-00562,2026-06-04,Completed,Rawalpindi
ORD-009663,CUST-00211,2026-06-04,Completed,Lahore
ORD-009664,CUST-01197,2026-06-04,Returned,Multan
ORD-009665,CUST-00089,2026-06-04,Completed,Hyderabad
ORD-009666,CUST-01072,2026-06-04,Completed,Karachi
ORD-009667,CUST-01286,2026-06-04,Completed,Islamabad
ORD-009668,CUST-00009,2026-06-04,Completed,Peshawar
ORD-009669,CUST-01195,2026-06-04,Completed,Karachi
ORD-009670,CUST-00409,2026-06-04,Pending,Peshawar
ORD-009671,CUST-01453,2026-06-04,Pending,Quetta
ORD-009672,CUST-00168,2026-06-04,Completed,Hyderabad
ORD-009673,CUST-01245,2026-06-04,Completed,Rawalpindi
ORD-009674,CUST-00623,2026-06-05,Completed,Mirpur Khas
ORD-009675,CUST-01449,2026-06-05,Returned,Karachi
ORD-009676,CUST-00364,2026-06-05,Completed,Karachi
ORD-009677,CUST-00163,2026-06-05,Returned,Multan
ORD-009678,CUST-01250,2026-06-05,Completed,Peshawar
ORD-009679,CUST-00377,2026-06-05,Completed,Karachi
ORD-009680,CUST-00126,2026-06-05,Cancelled,Lahore
ORD-009681,CUST-00094,2026-06-05,Completed,Karachi
ORD-009682,CUST-01155,2026-06-05,Pending,Sahiwal
ORD-009683,CUST-00046,2026-06-05,Returned,Sialkot
ORD-009684,CUST-00846,2026-06-05,Cancelled,Lahore
ORD-009685,CUST-00403,2026-06-05,Completed,Karachi
ORD-009686,CUST-01400,2026-06-05,Pending,Karachi
ORD-009687,CUST-01389,2026-06-05,Completed,Lahore
ORD-009688,CUST-00665,2026-06-05,Completed,Peshawar
ORD-009689,CUST-01390,2026-06-05,Completed,Lahore
ORD-009690,CUST-01030,2026-06-05,Completed,Lahore
ORD-009691,CUST-00738,2026-06-05,Completed,Abbottabad
ORD-009692,CUST-01138,2026-06-05,Completed,Hyderabad
ORD-009693,CUST-01002,2026-06-06,Completed,Lahore
ORD-009694,CUST-01229,2026-06-06,Completed,Karachi
ORD-009695,CUST-00480,2026-06-06,Pending,Rahim Yar Khan
ORD-009696,CUST-00567,2026-06-06,Completed,Bahawalpur
ORD-009697,CUST-00047,2026-06-06,Completed,Quetta
ORD-009698,CUST-00509,2026-06-06,Completed,Faisalabad
ORD-009699,CUST-00617,2026-06-06,Completed,Lahore
ORD-009700,CUST-01287,2026-06-06,Completed,Gujranwala
ORD-009701,CUST-01364,2026-06-06,Completed,Rawalpindi
ORD-009702,CUST-00540,2026-06-06,Pending,Mirpur Khas
ORD-009703,CUST-00839,2026-06-06,Completed,Faisalabad
ORD-009704,CUST-00741,2026-06-06,Returned,Karachi
ORD-009705,CUST-00932,2026-06-06,Returned,Karachi
ORD-009706,CUST-01100,2026-06-06,Completed,Rawalpindi
ORD-009707,CUST-00110,2026-06-07,Completed,Karachi
ORD-009708,CUST-00958,2026-06-07,Completed,Rahim Yar Khan
ORD-009709,CUST-01282,2026-06-07,Returned,Islamabad
ORD-009710,CUST-00704,2026-06-07,Completed,Lahore
ORD-009711,CUST-00431,2026-06-07,Completed,Sialkot
ORD-009712,CUST-00562,2026-06-07,Returned,Rawalpindi
ORD-009713,CUST-01188,2026-06-07,Completed,Lahore
ORD-009714,CUST-01218,2026-06-07,Completed,Sargodha
ORD-009715,CUST-01119,2026-06-07,Completed,Rahim Yar Khan
ORD-009716,CUST-00936,2026-06-07,Returned,Gujranwala
ORD-009717,CUST-00752,2026-06-07,Returned,Rawalpindi
ORD-009718,CUST-00889,2026-06-07,Completed,Faisalabad
ORD-009719,CUST-01490,2026-06-07,Completed,Lahore
ORD-009720,CUST-00003,2026-06-07,Returned,Sargodha
ORD-009721,CUST-00847,2026-06-07,Completed,Gujranwala
ORD-009722,CUST-00624,2026-06-08,Completed,Sialkot
ORD-009723,CUST-01382,2026-06-08,Completed,Lahore
ORD-009724,CUST-00780,2026-06-08,Cancelled,Faisalabad
ORD-009725,CUST-00022,2026-06-08,Completed,Lahore
ORD-009726,CUST-01118,2026-06-08,Completed,Mardan
ORD-009727,CUST-00778,2026-06-08,Completed,Faisalabad
ORD-009728,CUST-00171,2026-06-08,Completed,Lahore
ORD-009729,CUST-00159,2026-06-08,Completed,Faisalabad
ORD-009730,CUST-00117,2026-06-08,Completed,Mirpur Khas
ORD-009731,CUST-01058,2026-06-08,Pending,Lahore
ORD-009732,CUST-00072,2026-06-08,Completed,Karachi
ORD-009733,CUST-00764,2026-06-08,Completed,Multan
ORD-009734,CUST-01328,2026-06-08,Completed,Mardan
ORD-009735,CUST-00993,2026-06-08,Pending,Peshawar
ORD-009736,CUST-01276,2026-06-08,Completed,Faisalabad
ORD-009737,CUST-01432,2026-06-08,Completed,Peshawar
ORD-009738,CUST-01086,2026-06-08,Completed,Lahore
ORD-009739,CUST-00063,2026-06-08,Completed,Lahore
ORD-009740,CUST-01296,2026-06-08,Completed,Islamabad
ORD-009741,CUST-01163,2026-06-08,Completed,Lahore
ORD-009742,CUST-00195,2026-06-08,Completed,Rawalpindi
ORD-009743,CUST-00819,2026-06-08,Completed,Karachi
ORD-009744,CUST-00111,2026-06-08,Completed,Mardan
ORD-009745,CUST-01207,2026-06-08,Completed,Lahore
ORD-009746,CUST-00283,2026-06-08,Completed,Faisalabad
ORD-009747,CUST-00017,2026-06-08,Returned,Lahore
ORD-009748,CUST-00202,2026-06-08,Returned,Islamabad
ORD-009749,CUST-01284,2026-06-08,Completed,Sukkur
ORD-009750,CUST-01149,2026-06-08,Completed,Islamabad
ORD-009751,CUST-00839,2026-06-08,Completed,Faisalabad
ORD-009752,CUST-01072,2026-06-09,Completed,Karachi
ORD-009753,CUST-00253,2026-06-09,Completed,Lahore
ORD-009754,CUST-01334,2026-06-09,Completed,Lahore
ORD-009755,CUST-00410,2026-06-09,Completed,Peshawar
ORD-009756,CUST-01128,2026-06-09,Completed,Lahore
ORD-009757,CUST-01132,2026-06-09,Returned,Lahore
ORD-009758,CUST-00826,2026-06-09,Completed,Islamabad
ORD-009759,CUST-01285,2026-06-09,Completed,Rawalpindi
ORD-009760,CUST-00913,2026-06-09,Completed,Quetta
ORD-009761,CUST-00487,2026-06-09,Completed,Sialkot
ORD-009762,CUST-00567,2026-06-09,Completed,Lahore
ORD-009763,CUST-00634,2026-06-09,Completed,Rawalpindi
ORD-009764,CUST-00738,2026-06-09,Completed,Lahore
ORD-009765,CUST-00605,2026-06-09,Completed,Karachi
ORD-009766,CUST-01318,2026-06-09,Completed,Lahore
ORD-009767,CUST-00706,2026-06-09,Completed,Lahore
ORD-009768,CUST-01156,2026-06-09,Pending,Lahore
ORD-009769,CUST-01002,2026-06-09,Completed,Sialkot
ORD-009770,CUST-00789,2026-06-09,Completed,Faisalabad
ORD-009771,CUST-00274,2026-06-09,Completed,Faisalabad
ORD-009772,CUST-00857,2026-06-09,Completed,Multan
ORD-009773,CUST-00818,2026-06-09,Completed,Peshawar
ORD-009774,CUST-01169,2026-06-09,Completed,Lahore
ORD-009775,CUST-00152,2026-06-09,Completed,Hyderabad
ORD-009776,CUST-00641,2026-06-10,Completed,Lahore
ORD-009777,CUST-00805,2026-06-10,Completed,Karachi
ORD-009778,CUST-01471,2026-06-10,Completed,Multan
ORD-009779,CUST-00388,2026-06-10,Completed,Lahore
ORD-009780,CUST-00842,2026-06-10,Returned,Rawalpindi
ORD-009781,CUST-01156,2026-06-10,Completed,Lahore
ORD-009782,CUST-01268,2026-06-10,Completed,Multan
ORD-009783,CUST-00062,2026-06-10,Returned,Sukkur
ORD-009784,CUST-01286,2026-06-10,Returned,Karachi
ORD-009785,CUST-00867,2026-06-10,Completed,Lahore
ORD-009786,CUST-00320,2026-06-10,Returned,Rawalpindi
ORD-009787,CUST-00260,2026-06-10,Returned,Multan
ORD-009788,CUST-00873,2026-06-10,Completed,Faisalabad
ORD-009789,CUST-00790,2026-06-10,Completed,Multan
ORD-009790,CUST-01465,2026-06-10,Completed,Islamabad
ORD-009791,CUST-00988,2026-06-10,Completed,Lahore
ORD-009792,CUST-00243,2026-06-10,Completed,Hyderabad
ORD-009793,CUST-01282,2026-06-10,Completed,Islamabad
ORD-009794,CUST-00354,2026-06-10,Pending,Rawalpindi
ORD-009795,CUST-01216,2026-06-10,Pending,Sialkot
ORD-009796,CUST-00014,2026-06-10,Completed,Mirpur Khas
ORD-009797,CUST-01129,2026-06-11,Completed,Rawalpindi
ORD-009798,CUST-01201,2026-06-11,Completed,Bahawalpur
ORD-009799,CUST-00999,2026-06-11,Completed,Rahim Yar Khan
ORD-009800,CUST-00149,2026-06-11,Completed,Rawalpindi
ORD-009801,CUST-00278,2026-06-11,Cancelled,Sialkot
ORD-009802,CUST-01105,2026-06-11,Completed,Lahore
ORD-009803,CUST-00917,2026-06-11,Cancelled,Lahore
ORD-009804,CUST-01294,2026-06-11,Completed,Sargodha
ORD-009805,CUST-01058,2026-06-11,Completed,Lahore
ORD-009806,CUST-00508,2026-06-11,Pending,Karachi
ORD-009807,CUST-01420,2026-06-11,Completed,Karachi
ORD-009808,CUST-00007,2026-06-11,Returned,Lahore
ORD-009809,CUST-00434,2026-06-11,Completed,Lahore
ORD-009810,CUST-01051,2026-06-11,Completed,Lahore
ORD-009811,CUST-00851,2026-06-11,Completed,Lahore
ORD-009812,CUST-00690,2026-06-11,Cancelled,Gujranwala
ORD-009813,CUST-00816,2026-06-11,Returned,Lahore
ORD-009814,CUST-01036,2026-06-11,Completed,Karachi
ORD-009815,CUST-01360,2026-06-11,Completed,Lahore
ORD-009816,CUST-00665,2026-06-11,Completed,Lahore
ORD-009817,CUST-01200,2026-06-11,Pending,Sargodha
ORD-009818,CUST-00845,2026-06-11,Completed,Karachi
ORD-009819,CUST-01434,2026-06-11,Completed,Quetta
ORD-009820,CUST-00704,2026-06-12,Completed,Lahore
ORD-009821,CUST-01350,2026-06-12,Completed,Quetta
ORD-009822,CUST-00430,2026-06-12,Completed,Faisalabad
ORD-009823,CUST-00885,2026-06-12,Completed,Lahore
ORD-009824,CUST-01036,2026-06-12,Completed,Karachi
ORD-009825,CUST-01064,2026-06-12,Completed,Lahore
ORD-009826,CUST-00695,2026-06-12,Completed,Hyderabad
ORD-009827,CUST-01307,2026-06-12,Completed,Karachi
ORD-009828,CUST-00168,2026-06-12,Completed,Hyderabad
ORD-009829,CUST-00131,2026-06-12,Completed,Karachi
ORD-009830,CUST-00893,2026-06-12,Completed,Peshawar
ORD-009831,CUST-00791,2026-06-12,Cancelled,Hyderabad
ORD-009832,CUST-00551,2026-06-12,Completed,Hyderabad
ORD-009833,CUST-00073,2026-06-12,Pending,Karachi
ORD-009834,CUST-00622,2026-06-12,Completed,Quetta
ORD-009835,CUST-00997,2026-06-12,Completed,Karachi
ORD-009836,CUST-01275,2026-06-12,Pending,Sargodha
ORD-009837,CUST-01369,2026-06-12,Pending,Faisalabad
ORD-009838,CUST-00133,2026-06-13,Completed,Lahore
ORD-009839,CUST-01023,2026-06-13,Completed,Quetta
ORD-009840,CUST-00007,2026-06-13,Completed,Lahore
ORD-009841,CUST-00844,2026-06-13,Completed,Karachi
ORD-009842,CUST-00147,2026-06-13,Completed,Hyderabad
ORD-009843,CUST-00933,2026-06-13,Completed,Islamabad
ORD-009844,CUST-00450,2026-06-13,Pending,Peshawar
ORD-009845,CUST-00828,2026-06-13,Completed,Islamabad
ORD-009846,CUST-00142,2026-06-13,Completed,Sialkot
ORD-009847,CUST-00903,2026-06-13,Cancelled,Lahore
ORD-009848,CUST-00536,2026-06-13,Completed,Rawalpindi
ORD-009849,CUST-00961,2026-06-13,Completed,Islamabad
ORD-009850,CUST-01190,2026-06-13,Completed,Quetta
ORD-009851,CUST-01413,2026-06-13,Completed,Hyderabad
ORD-009852,CUST-00440,2026-06-13,Completed,Bahawalpur
ORD-009853,CUST-00651,2026-06-13,Completed,Karachi
ORD-009854,CUST-00274,2026-06-13,Completed,Faisalabad
ORD-009855,CUST-00385,2026-06-13,Completed,Lahore
ORD-009856,CUST-01372,2026-06-13,Completed,Karachi
ORD-009857,CUST-00037,2026-06-14,Completed,Gujranwala
ORD-009858,CUST-00600,2026-06-14,Completed,Sahiwal
ORD-009859,CUST-00034,2026-06-14,Completed,Bahawalpur
ORD-009860,CUST-00333,2026-06-14,Completed,Abbottabad
ORD-009861,CUST-01279,2026-06-14,Completed,Abbottabad
ORD-009862,CUST-00068,2026-06-14,Completed,Islamabad
ORD-009863,CUST-01031,2026-06-14,Completed,Lahore
ORD-009864,CUST-01031,2026-06-14,Pending,Lahore
ORD-009865,CUST-00610,2026-06-14,Cancelled,Hyderabad
ORD-009866,CUST-00408,2026-06-14,Completed,Karachi
ORD-009867,CUST-01333,2026-06-14,Completed,Peshawar
ORD-009868,CUST-00211,2026-06-14,Completed,Lahore
ORD-009869,CUST-00281,2026-06-14,Completed,Sukkur
ORD-009870,CUST-01037,2026-06-14,Completed,Islamabad
ORD-009871,CUST-00097,2026-06-14,Completed,Mirpur Khas
ORD-009872,CUST-01490,2026-06-14,Completed,Lahore
ORD-009873,CUST-00803,2026-06-14,Completed,Lahore
ORD-009874,CUST-01113,2026-06-14,Completed,Sialkot
ORD-009875,CUST-00228,2026-06-14,Pending,Peshawar
ORD-009876,CUST-01292,2026-06-14,Completed,Lahore
ORD-009877,CUST-01367,2026-06-14,Pending,Lahore
ORD-009878,CUST-01116,2026-06-14,Completed,Mardan
ORD-009879,CUST-01420,2026-06-14,Completed,Karachi
ORD-009880,CUST-00760,2026-06-15,Completed,Rawalpindi
ORD-009881,CUST-00306,2026-06-15,Pending,Sukkur
ORD-009882,CUST-01142,2026-06-15,Returned,Karachi
ORD-009883,CUST-00563,2026-06-15,Completed,Hyderabad
ORD-009884,CUST-00847,2026-06-15,Pending,Faisalabad
ORD-009885,CUST-00955,2026-06-15,Cancelled,Karachi
ORD-009886,CUST-00009,2026-06-15,Pending,Peshawar
ORD-009887,CUST-00526,2026-06-15,Returned,Lahore
ORD-009888,CUST-00289,2026-06-15,Completed,Karachi
ORD-009889,CUST-00712,2026-06-15,Cancelled,Gujranwala
ORD-009890,CUST-00949,2026-06-15,Returned,Faisalabad
ORD-009891,CUST-00146,2026-06-15,Returned,Multan
ORD-009892,CUST-00152,2026-06-15,Completed,Hyderabad
ORD-009893,CUST-00399,2026-06-15,Cancelled,Lahore
ORD-009894,CUST-00836,2026-06-15,Completed,Lahore
ORD-009895,CUST-00262,2026-06-16,Completed,Lahore
ORD-009896,CUST-01104,2026-06-16,Completed,Peshawar
ORD-009897,CUST-00819,2026-06-16,Pending,Karachi
ORD-009898,CUST-00109,2026-06-16,Completed,Quetta
ORD-009899,CUST-00791,2026-06-16,Completed,Rawalpindi
ORD-009900,CUST-00252,2026-06-16,Completed,Sahiwal
ORD-009901,CUST-00891,2026-06-16,Completed,Lahore
ORD-009902,CUST-00212,2026-06-16,Completed,Karachi
ORD-009903,CUST-00386,2026-06-16,Completed,Sargodha
ORD-009904,CUST-01071,2026-06-16,Completed,Karachi
ORD-009905,CUST-00422,2026-06-16,Returned,Sialkot
ORD-009906,CUST-00869,2026-06-16,Completed,Karachi
ORD-009907,CUST-01271,2026-06-16,Pending,Lahore
ORD-009908,CUST-00275,2026-06-16,Completed,Karachi
ORD-009909,CUST-01188,2026-06-17,Returned,Karachi
ORD-009910,CUST-00845,2026-06-17,Completed,Karachi
ORD-009911,CUST-00487,2026-06-17,Completed,Lahore
ORD-009912,CUST-00959,2026-06-17,Completed,Rawalpindi
ORD-009913,CUST-01089,2026-06-17,Completed,Rawalpindi
ORD-009914,CUST-01393,2026-06-17,Pending,Peshawar
ORD-009915,CUST-01409,2026-06-17,Completed,Islamabad
ORD-009916,CUST-00624,2026-06-17,Pending,Sialkot
ORD-009917,CUST-00640,2026-06-17,Completed,Islamabad
ORD-009918,CUST-00039,2026-06-17,Completed,Rawalpindi
ORD-009919,CUST-00169,2026-06-17,Completed,Multan
ORD-009920,CUST-00070,2026-06-17,Completed,Sahiwal
ORD-009921,CUST-01286,2026-06-17,Completed,Karachi
ORD-009922,CUST-00133,2026-06-17,Completed,Lahore
ORD-009923,CUST-00545,2026-06-17,Completed,Karachi
ORD-009924,CUST-00333,2026-06-17,Completed,Abbottabad
ORD-009925,CUST-01499,2026-06-17,Completed,Peshawar
ORD-009926,CUST-01187,2026-06-17,Completed,Multan
ORD-009927,CUST-00991,2026-06-18,Completed,Sialkot
ORD-009928,CUST-00284,2026-06-18,Cancelled,Karachi
ORD-009929,CUST-00486,2026-06-18,Completed,Gujranwala
ORD-009930,CUST-00559,2026-06-18,Completed,Quetta
ORD-009931,CUST-01099,2026-06-18,Completed,Rawalpindi
ORD-009932,CUST-00368,2026-06-18,Completed,Islamabad
ORD-009933,CUST-01401,2026-06-18,Returned,Lahore
ORD-009934,CUST-00902,2026-06-18,Completed,Lahore
ORD-009935,CUST-00612,2026-06-18,Pending,Sargodha
ORD-009936,CUST-00116,2026-06-18,Completed,Karachi
ORD-009937,CUST-00104,2026-06-18,Cancelled,Faisalabad
ORD-009938,CUST-00809,2026-06-18,Completed,Sukkur
ORD-009939,CUST-00567,2026-06-18,Completed,Bahawalpur
ORD-009940,CUST-01008,2026-06-18,Pending,Multan
ORD-009941,CUST-00114,2026-06-18,Completed,Rawalpindi
ORD-009942,CUST-01083,2026-06-18,Completed,Rawalpindi
ORD-009943,CUST-00764,2026-06-18,Completed,Multan
ORD-009944,CUST-01008,2026-06-18,Cancelled,Karachi
ORD-009945,CUST-00758,2026-06-18,Completed,Karachi
ORD-009946,CUST-00631,2026-06-18,Completed,Karachi
ORD-009947,CUST-01270,2026-06-18,Cancelled,Peshawar
ORD-009948,CUST-00397,2026-06-18,Completed,Peshawar
ORD-009949,CUST-01202,2026-06-18,Pending,Lahore
ORD-009950,CUST-00278,2026-06-18,Returned,Karachi
ORD-009951,CUST-01465,2026-06-19,Completed,Karachi
ORD-009952,CUST-00770,2026-06-19,Completed,Lahore
ORD-009953,CUST-01276,2026-06-19,Completed,Karachi
ORD-009954,CUST-00802,2026-06-19,Completed,Lahore
ORD-009955,CUST-00227,2026-06-19,Completed,Multan
ORD-009956,CUST-00784,2026-06-19,Completed,Hyderabad
ORD-009957,CUST-00578,2026-06-19,Returned,Rawalpindi
ORD-009958,CUST-00837,2026-06-19,Completed,Lahore
ORD-009959,CUST-01465,2026-06-19,Completed,Quetta
ORD-009960,CUST-00193,2026-06-19,Completed,Karachi
ORD-009961,CUST-00865,2026-06-19,Cancelled,Peshawar
ORD-009962,CUST-01232,2026-06-19,Completed,Rawalpindi
ORD-009963,CUST-00601,2026-06-19,Completed,Islamabad
ORD-009964,CUST-00270,2026-06-19,Completed,Sukkur
ORD-009965,CUST-00275,2026-06-20,Pending,Karachi
ORD-009966,CUST-01330,2026-06-20,Completed,Lahore
ORD-009967,CUST-00116,2026-06-20,Completed,Karachi
ORD-009968,CUST-01285,2026-06-20,Completed,Rawalpindi
ORD-009969,CUST-00617,2026-06-20,Completed,Lahore
ORD-009970,CUST-00508,2026-06-20,Completed,Karachi
ORD-009971,CUST-00450,2026-06-20,Pending,Bahawalpur
ORD-009972,CUST-01299,2026-06-20,Completed,Quetta
ORD-009973,CUST-00758,2026-06-20,Completed,Karachi
ORD-009974,CUST-01027,2026-06-20,Completed,Bahawalpur
ORD-009975,CUST-01108,2026-06-20,Pending,Lahore
ORD-009976,CUST-01113,2026-06-20,Completed,Sialkot
ORD-009977,CUST-01384,2026-06-21,Returned,Islamabad
ORD-009978,CUST-00999,2026-06-21,Completed,Faisalabad
ORD-009979,CUST-00117,2026-06-21,Returned,Gujranwala
ORD-009980,CUST-00319,2026-06-21,Completed,Sukkur
ORD-009981,CUST-00270,2026-06-21,Pending,Sukkur
ORD-009982,CUST-00413,2026-06-21,Completed,Bahawalpur
ORD-009983,CUST-00087,2026-06-22,Returned,Lahore
ORD-009984,CUST-00246,2026-06-22,Completed,Islamabad
ORD-009985,CUST-00515,2026-06-22,Completed,Islamabad
ORD-009986,CUST-00464,2026-06-22,Completed,Islamabad
ORD-009987,CUST-00064,2026-06-22,Returned,Karachi
ORD-009988,CUST-01420,2026-06-22,Completed,Karachi
ORD-009989,CUST-01420,2026-06-22,Cancelled,Karachi
ORD-009990,CUST-01202,2026-06-22,Completed,Lahore
ORD-009991,CUST-00513,2026-06-22,Completed,Gujranwala
ORD-009992,CUST-01207,2026-06-22,Completed,Lahore
ORD-009993,CUST-01007,2026-06-22,Completed,Karachi
ORD-009994,CUST-00846,2026-06-22,Completed,Lahore
ORD-009995,CUST-01235,2026-06-22,Completed,Rawalpindi
ORD-009996,CUST-01318,2026-06-22,Returned,Peshawar
ORD-009997,CUST-00769,2026-06-22,Completed,Sahiwal
ORD-009998,CUST-00583,2026-06-22,Completed,Abbottabad
ORD-009999,CUST-00095,2026-06-22,Completed,Quetta
ORD-010000,CUST-00291,2026-06-22,Completed,Islamabad
ORD-010001,CUST-01449,2026-06-22,Completed,Karachi
ORD-010002,CUST-00579,2026-06-22,Returned,Quetta
ORD-010003,CUST-00335,2026-06-22,Completed,Karachi
ORD-010004,CUST-00681,2026-06-22,Completed,Karachi
ORD-010005,CUST-01262,2026-06-22,Completed,Karachi
ORD-010006,CUST-01263,2026-06-22,Pending,Mardan
ORD-010007,CUST-01030,2026-06-23,Completed,Lahore
ORD-010008,CUST-00224,2026-06-23,Completed,Karachi
ORD-010009,CUST-00499,2026-06-23,Completed,Mardan
ORD-010010,CUST-00936,2026-06-23,Completed,Peshawar
ORD-010011,CUST-00740,2026-06-23,Cancelled,Hyderabad
ORD-010012,CUST-01042,2026-06-23,Completed,Lahore
ORD-010013,CUST-00299,2026-06-23,Completed,Multan
ORD-010014,CUST-01074,2026-06-23,Completed,Lahore
ORD-010015,CUST-00697,2026-06-23,Cancelled,Gujranwala
ORD-010016,CUST-01402,2026-06-23,Completed,Rawalpindi
ORD-010017,CUST-00435,2026-06-23,Completed,Lahore
ORD-010018,CUST-00099,2026-06-23,Completed,Sukkur
ORD-010019,CUST-01113,2026-06-23,Completed,Hyderabad
ORD-010020,CUST-00072,2026-06-24,Completed,Karachi
ORD-010021,CUST-01344,2026-06-24,Completed,Karachi
ORD-010022,CUST-00279,2026-06-24,Completed,Rawalpindi
ORD-010023,CUST-01224,2026-06-24,Completed,Peshawar
ORD-010024,CUST-00009,2026-06-24,Cancelled,Peshawar
ORD-010025,CUST-00748,2026-06-24,Pending,Peshawar
ORD-010026,CUST-00901,2026-06-24,Returned,Karachi
ORD-010027,CUST-00618,2026-06-24,Completed,Faisalabad
ORD-010028,CUST-00640,2026-06-24,Pending,Islamabad
ORD-010029,CUST-00274,2026-06-24,Completed,Faisalabad
ORD-010030,CUST-00961,2026-06-24,Completed,Karachi
ORD-010031,CUST-01079,2026-06-24,Completed,Islamabad
ORD-010032,CUST-00636,2026-06-24,Completed,Mirpur Khas
ORD-010033,CUST-00612,2026-06-24,Completed,Sargodha
ORD-010034,CUST-01010,2026-06-24,Completed,Faisalabad
ORD-010035,CUST-01378,2026-06-24,Completed,Karachi
ORD-010036,CUST-00882,2026-06-24,Completed,Lahore
ORD-010037,CUST-00475,2026-06-24,Completed,Peshawar
ORD-010038,CUST-00120,2026-06-24,Completed,Sargodha
ORD-010039,CUST-00464,2026-06-24,Completed,Islamabad
ORD-010040,CUST-00836,2026-06-25,Completed,Lahore
ORD-010041,CUST-00196,2026-06-25,Completed,Sahiwal
ORD-010042,CUST-00399,2026-06-25,Completed,Bahawalpur
ORD-010043,CUST-01039,2026-06-25,Completed,Islamabad
ORD-010044,CUST-00846,2026-06-25,Completed,Lahore
ORD-010045,CUST-01338,2026-06-25,Completed,Karachi
ORD-010046,CUST-00358,2026-06-25,Completed,Multan
ORD-010047,CUST-00829,2026-06-25,Completed,Lahore
ORD-010048,CUST-00442,2026-06-25,Completed,Lahore
ORD-010049,CUST-01075,2026-06-25,Pending,Gujranwala
ORD-010050,CUST-00442,2026-06-25,Returned,Abbottabad
ORD-010051,CUST-00529,2026-06-25,Pending,Peshawar
ORD-010052,CUST-00648,2026-06-25,Completed,Gwadar
ORD-010053,CUST-01356,2026-06-25,Returned,Rahim Yar Khan
ORD-010054,CUST-01483,2026-06-25,Completed,Lahore
ORD-010055,CUST-00565,2026-06-25,Completed,Gujranwala
ORD-010056,CUST-00488,2026-06-25,Completed,Islamabad
ORD-010057,CUST-00284,2026-06-25,Pending,Karachi
ORD-010058,CUST-00967,2026-06-25,Completed,Sargodha
ORD-010059,CUST-00127,2026-06-25,Completed,Islamabad
ORD-010060,CUST-00794,2026-06-25,Completed,Lahore
ORD-010061,CUST-01069,2026-06-26,Completed,Gwadar
ORD-010062,CUST-01036,2026-06-26,Completed,Lahore
ORD-010063,CUST-00377,2026-06-26,Completed,Peshawar
ORD-010064,CUST-01129,2026-06-26,Completed,Rawalpindi
ORD-010065,CUST-00731,2026-06-26,Completed,Gujranwala
ORD-010066,CUST-00660,2026-06-26,Pending,Islamabad
ORD-010067,CUST-01079,2026-06-26,Completed,Karachi
ORD-010068,CUST-01051,2026-06-26,Completed,Lahore
ORD-010069,CUST-00825,2026-06-26,Completed,Lahore
ORD-010070,CUST-01301,2026-06-26,Completed,Mirpur Khas
ORD-010071,CUST-00688,2026-06-26,Completed,Karachi
ORD-010072,CUST-00568,2026-06-26,Completed,Lahore
ORD-010073,CUST-01252,2026-06-26,Completed,Lahore
ORD-010074,CUST-01366,2026-06-26,Completed,Rahim Yar Khan
ORD-010075,CUST-01020,2026-06-26,Completed,Rawalpindi
ORD-010076,CUST-01102,2026-06-26,Completed,Lahore
ORD-010077,CUST-00650,2026-06-26,Completed,Karachi
ORD-010078,CUST-00008,2026-06-26,Completed,Lahore
ORD-010079,CUST-00254,2026-06-27,Cancelled,Karachi
ORD-010080,CUST-00373,2026-06-27,Completed,Sargodha
ORD-010081,CUST-01338,2026-06-27,Completed,Karachi
ORD-010082,CUST-01380,2026-06-27,Returned,Multan
ORD-010083,CUST-00330,2026-06-27,Completed,Rawalpindi
ORD-010084,CUST-00027,2026-06-27,Pending,Lahore
ORD-010085,CUST-01311,2026-06-27,Completed,Mardan
ORD-010086,CUST-01233,2026-06-27,Cancelled,Hyderabad
ORD-010087,CUST-01334,2026-06-27,Completed,Lahore
ORD-010088,CUST-00266,2026-06-27,Pending,Faisalabad
ORD-010089,CUST-01195,2026-06-27,Completed,Karachi
ORD-010090,CUST-00411,2026-06-27,Completed,Karachi
ORD-010091,CUST-00826,2026-06-27,Completed,Islamabad
ORD-010092,CUST-00153,2026-06-27,Completed,Lahore
ORD-010093,CUST-00375,2026-06-27,Completed,Hyderabad
ORD-010094,CUST-00901,2026-06-27,Completed,Lahore
ORD-010095,CUST-00659,2026-06-27,Cancelled,Karachi
ORD-010096,CUST-00850,2026-06-27,Completed,Quetta
ORD-010097,CUST-01409,2026-06-27,Completed,Islamabad
ORD-010098,CUST-00798,2026-06-28,Completed,Rawalpindi
ORD-010099,CUST-00214,2026-06-28,Completed,Islamabad
ORD-010100,CUST-00641,2026-06-28,Completed,Lahore
ORD-010101,CUST-01002,2026-06-28,Cancelled,Bahawalpur
ORD-010102,CUST-00331,2026-06-28,Completed,Lahore
ORD-010103,CUST-01331,2026-06-28,Returned,Quetta
ORD-010104,CUST-01031,2026-06-28,Completed,Lahore
ORD-010105,CUST-00456,2026-06-28,Completed,Lahore
ORD-010106,CUST-00731,2026-06-28,Completed,Rawalpindi
ORD-010107,CUST-00279,2026-06-28,Completed,Rawalpindi
ORD-010108,CUST-00895,2026-06-28,Completed,Islamabad
ORD-010109,CUST-00855,2026-06-28,Completed,Karachi
ORD-010110,CUST-00268,2026-06-28,Completed,Sialkot
ORD-010111,CUST-00435,2026-06-28,Completed,Lahore
ORD-010112,CUST-00969,2026-06-28,Cancelled,Karachi
ORD-010113,CUST-00749,2026-06-28,Completed,Karachi
ORD-010114,CUST-01330,2026-06-28,Completed,Lahore
ORD-010115,CUST-00695,2026-06-28,Completed,Hyderabad
ORD-010116,CUST-01341,2026-06-29,Completed,Karachi
ORD-010117,CUST-01126,2026-06-29,Completed,Lahore
ORD-010118,CUST-00974,2026-06-29,Pending,Peshawar
ORD-010119,CUST-00377,2026-06-29,Completed,Karachi
ORD-010120,CUST-00011,2026-06-29,Completed,Rawalpindi
ORD-010121,CUST-00022,2026-06-29,Completed,Lahore
ORD-010122,CUST-00394,2026-06-29,Completed,Rawalpindi
ORD-010123,CUST-01246,2026-06-29,Completed,Multan
ORD-010124,CUST-00097,2026-06-29,Completed,Lahore
ORD-010125,CUST-01413,2026-06-29,Completed,Hyderabad
ORD-010126,CUST-01263,2026-06-29,Completed,Mardan
ORD-010127,CUST-01100,2026-06-29,Pending,Rawalpindi
ORD-010128,CUST-00274,2026-06-29,Pending,Faisalabad
ORD-010129,CUST-01120,2026-06-29,Completed,Lahore
ORD-010130,CUST-00028,2026-06-29,Completed,Quetta
ORD-010131,CUST-00171,2026-06-29,Completed,Lahore
ORD-010132,CUST-00281,2026-06-29,Completed,Sukkur
ORD-010133,CUST-00236,2026-06-29,Cancelled,Karachi
ORD-010134,CUST-00027,2026-06-29,Completed,Lahore
ORD-010135,CUST-01171,2026-06-29,Pending,Lahore
ORD-010136,CUST-00375,2026-06-29,Completed,Hyderabad
ORD-010137,CUST-01282,2026-06-29,Completed,Islamabad
ORD-010138,CUST-00422,2026-06-30,Completed,Multan
ORD-010139,CUST-00832,2026-06-30,Completed,Abbottabad
ORD-010140,CUST-00986,2026-06-30,Completed,Sialkot
ORD-010141,CUST-00271,2026-06-30,Completed,Rawalpindi
ORD-010142,CUST-01465,2026-06-30,Completed,Quetta
ORD-010143,CUST-00090,2026-06-30,Completed,Islamabad
ORD-010144,CUST-01105,2026-06-30,Completed,Faisalabad
ORD-010145,CUST-00941,2026-06-30,Completed,Karachi
ORD-010146,CUST-01330,2026-06-30,Completed,Lahore
ORD-010147,CUST-00137,2026-06-30,Completed,Multan
ORD-010148,CUST-00164,2026-06-30,Returned,Lahore
ORD-010149,CUST-00011,2026-06-30,Pending,Karachi
ORD-010150,CUST-01078,2026-06-30,Completed,Karachi
ORD-010151,CUST-00015,2026-06-30,Completed,Islamabad
ORD-010152,CUST-00210,2026-06-30,Completed,Multan
ORD-010153,CUST-00056,2026-06-30,Completed,Karachi
ORD-010154,CUST-01461,2026-06-30,Completed,Faisalabad
ORD-010155,CUST-00345,2026-07-01,Completed,Multan
ORD-010156,CUST-00477,2026-07-01,Completed,Rawalpindi
ORD-010157,CUST-00584,2026-07-01,Completed,Rawalpindi
ORD-010158,CUST-00467,2026-07-01,Returned,Faisalabad
ORD-010159,CUST-00475,2026-07-01,Completed,Bahawalpur
ORD-010160,CUST-01451,2026-07-01,Completed,Karachi
ORD-010161,CUST-01099,2026-07-01,Completed,Gujranwala
ORD-010162,CUST-00352,2026-07-01,Returned,Multan
ORD-010163,CUST-00568,2026-07-01,Returned,Quetta
ORD-010164,CUST-01270,2026-07-01,Completed,Karachi
ORD-010165,CUST-01390,2026-07-01,Completed,Islamabad
ORD-010166,CUST-01193,2026-07-01,Completed,Karachi
ORD-010167,CUST-00181,2026-07-01,Completed,Islamabad
ORD-010168,CUST-00408,2026-07-01,Completed,Islamabad
ORD-010169,CUST-00520,2026-07-01,Completed,Karachi
ORD-010170,CUST-00617,2026-07-02,Completed,Lahore
ORD-010171,CUST-01286,2026-07-02,Completed,Karachi
ORD-010172,CUST-00876,2026-07-02,Completed,Lahore
ORD-010173,CUST-00295,2026-07-02,Cancelled,Sargodha
ORD-010174,CUST-01040,2026-07-02,Completed,Quetta
ORD-010175,CUST-01276,2026-07-02,Completed,Karachi
ORD-010176,CUST-00586,2026-07-02,Completed,Sargodha
ORD-010177,CUST-01487,2026-07-02,Completed,Karachi
ORD-010178,CUST-01334,2026-07-02,Completed,Lahore
ORD-010179,CUST-01003,2026-07-02,Completed,Karachi
ORD-010180,CUST-01007,2026-07-02,Completed,Karachi
ORD-010181,CUST-00224,2026-07-02,Completed,Bahawalpur
ORD-010182,CUST-01118,2026-07-02,Completed,Lahore
ORD-010183,CUST-01198,2026-07-02,Completed,Faisalabad
ORD-010184,CUST-01247,2026-07-02,Completed,Islamabad
ORD-010185,CUST-01204,2026-07-02,Completed,Faisalabad
ORD-010186,CUST-00860,2026-07-03,Completed,Islamabad
ORD-010187,CUST-00916,2026-07-03,Completed,Sahiwal
ORD-010188,CUST-01216,2026-07-03,Completed,Sialkot
ORD-010189,CUST-01493,2026-07-03,Completed,Bahawalpur
ORD-010190,CUST-00578,2026-07-03,Completed,Rawalpindi
ORD-010191,CUST-00878,2026-07-03,Completed,Rawalpindi
ORD-010192,CUST-00289,2026-07-03,Cancelled,Karachi
ORD-010193,CUST-00163,2026-07-03,Completed,Faisalabad
ORD-010194,CUST-01448,2026-07-03,Returned,Karachi
ORD-010195,CUST-00462,2026-07-03,Completed,Lahore
ORD-010196,CUST-00843,2026-07-03,Completed,Sialkot
ORD-010197,CUST-01061,2026-07-03,Returned,Islamabad
ORD-010198,CUST-00925,2026-07-03,Completed,Islamabad
ORD-010199,CUST-00319,2026-07-03,Completed,Sukkur
ORD-010200,CUST-00597,2026-07-03,Completed,Lahore
ORD-010201,CUST-01049,2026-07-03,Completed,Gujranwala
ORD-010202,CUST-01085,2026-07-03,Returned,Lahore
ORD-010203,CUST-01312,2026-07-03,Completed,Islamabad
ORD-010204,CUST-00053,2026-07-03,Completed,Sahiwal
ORD-010205,CUST-00322,2026-07-04,Completed,Gwadar
ORD-010206,CUST-00725,2026-07-04,Completed,Islamabad
ORD-010207,CUST-01138,2026-07-04,Completed,Karachi
ORD-010208,CUST-00920,2026-07-04,Completed,Lahore
ORD-010209,CUST-00697,2026-07-04,Completed,Islamabad
ORD-010210,CUST-00087,2026-07-04,Completed,Lahore
ORD-010211,CUST-01057,2026-07-04,Returned,Lahore
ORD-010212,CUST-00091,2026-07-04,Returned,Gujranwala
ORD-010213,CUST-00351,2026-07-04,Returned,Gwadar
ORD-010214,CUST-01204,2026-07-04,Completed,Faisalabad
ORD-010215,CUST-00535,2026-07-04,Completed,Multan
ORD-010216,CUST-00215,2026-07-04,Completed,Gwadar
ORD-010217,CUST-00460,2026-07-04,Completed,Lahore
ORD-010218,CUST-01108,2026-07-04,Completed,Lahore
ORD-010219,CUST-01030,2026-07-04,Completed,Lahore
ORD-010220,CUST-00712,2026-07-04,Completed,Karachi
ORD-010221,CUST-00527,2026-07-04,Completed,Lahore
ORD-010222,CUST-01474,2026-07-04,Completed,Lahore
ORD-010223,CUST-00680,2026-07-04,Completed,Gwadar
ORD-010224,CUST-00611,2026-07-04,Completed,Faisalabad
ORD-010225,CUST-00878,2026-07-04,Completed,Rawalpindi
ORD-010226,CUST-01197,2026-07-04,Completed,Multan
ORD-010227,CUST-00419,2026-07-05,Completed,Lahore
ORD-010228,CUST-00363,2026-07-05,Completed,Faisalabad
ORD-010229,CUST-00709,2026-07-05,Completed,Lahore
ORD-010230,CUST-01254,2026-07-05,Cancelled,Bahawalpur
ORD-010231,CUST-01220,2026-07-05,Completed,Lahore
ORD-010232,CUST-00475,2026-07-05,Completed,Bahawalpur
ORD-010233,CUST-01156,2026-07-05,Completed,Lahore
ORD-010234,CUST-00888,2026-07-05,Returned,Rawalpindi
ORD-010235,CUST-01130,2026-07-05,Completed,Lahore
ORD-010236,CUST-01088,2026-07-05,Completed,Lahore
ORD-010237,CUST-00789,2026-07-05,Completed,Faisalabad
ORD-010238,CUST-00654,2026-07-05,Completed,Lahore
ORD-010239,CUST-00032,2026-07-05,Completed,Rawalpindi
ORD-010240,CUST-01022,2026-07-06,Completed,Quetta
ORD-010241,CUST-00958,2026-07-06,Completed,Rahim Yar Khan
ORD-010242,CUST-00944,2026-07-06,Completed,Karachi
ORD-010243,CUST-01085,2026-07-06,Completed,Lahore
ORD-010244,CUST-01439,2026-07-06,Completed,Rawalpindi
ORD-010245,CUST-00266,2026-07-06,Completed,Faisalabad
ORD-010246,CUST-00873,2026-07-06,Completed,Faisalabad
ORD-010247,CUST-00825,2026-07-06,Cancelled,Lahore
ORD-010248,CUST-00292,2026-07-06,Completed,Gwadar
ORD-010249,CUST-00803,2026-07-06,Completed,Lahore
ORD-010250,CUST-00409,2026-07-06,Completed,Peshawar
ORD-010251,CUST-00747,2026-07-06,Completed,Gujranwala
ORD-010252,CUST-00347,2026-07-06,Pending,Karachi
ORD-010253,CUST-01394,2026-07-06,Completed,Quetta
ORD-010254,CUST-00814,2026-07-06,Completed,Peshawar
ORD-010255,CUST-00273,2026-07-06,Completed,Multan
ORD-010256,CUST-00522,2026-07-06,Returned,Quetta
ORD-010257,CUST-00784,2026-07-07,Completed,Hyderabad
ORD-010258,CUST-00489,2026-07-07,Completed,Karachi
ORD-010259,CUST-01369,2026-07-07,Completed,Faisalabad
ORD-010260,CUST-01420,2026-07-07,Completed,Karachi
ORD-010261,CUST-00244,2026-07-07,Completed,Sukkur
ORD-010262,CUST-01055,2026-07-07,Completed,Bahawalpur
ORD-010263,CUST-00528,2026-07-07,Completed,Karachi
ORD-010264,CUST-00734,2026-07-07,Completed,Faisalabad
ORD-010265,CUST-01256,2026-07-07,Completed,Karachi
ORD-010266,CUST-00045,2026-07-07,Completed,Karachi
ORD-010267,CUST-00055,2026-07-07,Completed,Lahore
ORD-010268,CUST-01078,2026-07-07,Completed,Bahawalpur
ORD-010269,CUST-01033,2026-07-07,Completed,Faisalabad
ORD-010270,CUST-00143,2026-07-07,Cancelled,Peshawar
ORD-010271,CUST-01027,2026-07-07,Cancelled,Islamabad
ORD-010272,CUST-01393,2026-07-07,Completed,Peshawar
ORD-010273,CUST-01275,2026-07-07,Returned,Faisalabad
ORD-010274,CUST-00569,2026-07-07,Returned,Sargodha
ORD-010275,CUST-00795,2026-07-07,Pending,Sargodha
ORD-010276,CUST-00286,2026-07-08,Cancelled,Karachi
ORD-010277,CUST-00099,2026-07-08,Completed,Sukkur
ORD-010278,CUST-00907,2026-07-08,Completed,Lahore
ORD-010279,CUST-00584,2026-07-08,Pending,Rawalpindi
ORD-010280,CUST-01117,2026-07-08,Completed,Islamabad
ORD-010281,CUST-00726,2026-07-08,Pending,Lahore
ORD-010282,CUST-01050,2026-07-08,Completed,Gujranwala
ORD-010283,CUST-00418,2026-07-08,Pending,Sialkot
ORD-010284,CUST-00413,2026-07-08,Completed,Bahawalpur
ORD-010285,CUST-00310,2026-07-08,Completed,Islamabad
ORD-010286,CUST-01176,2026-07-08,Completed,Sialkot
ORD-010287,CUST-00156,2026-07-08,Completed,Abbottabad
ORD-010288,CUST-01473,2026-07-08,Pending,Rawalpindi
ORD-010289,CUST-00082,2026-07-08,Completed,Lahore
ORD-010290,CUST-00354,2026-07-08,Completed,Rawalpindi
ORD-010291,CUST-00863,2026-07-08,Pending,Lahore
ORD-010292,CUST-00344,2026-07-09,Completed,Islamabad
ORD-010293,CUST-00526,2026-07-09,Pending,Lahore
ORD-010294,CUST-01171,2026-07-09,Completed,Lahore
ORD-010295,CUST-00184,2026-07-09,Pending,Rawalpindi
ORD-010296,CUST-00203,2026-07-09,Completed,Karachi
ORD-010297,CUST-00586,2026-07-09,Cancelled,Sargodha
ORD-010298,CUST-00864,2026-07-09,Returned,Lahore
ORD-010299,CUST-00930,2026-07-09,Completed,Karachi
ORD-010300,CUST-00532,2026-07-09,Completed,Karachi
ORD-010301,CUST-00919,2026-07-09,Completed,Karachi
ORD-010302,CUST-01461,2026-07-09,Completed,Faisalabad
ORD-010303,CUST-01246,2026-07-09,Cancelled,Multan
ORD-010304,CUST-01255,2026-07-09,Cancelled,Lahore
ORD-010305,CUST-00057,2026-07-09,Returned,Lahore
ORD-010306,CUST-00211,2026-07-09,Completed,Lahore
ORD-010307,CUST-01007,2026-07-09,Completed,Karachi
ORD-010308,CUST-00030,2026-07-09,Completed,Rahim Yar Khan
ORD-010309,CUST-00699,2026-07-09,Completed,Lahore
ORD-010310,CUST-00610,2026-07-09,Completed,Multan
ORD-010311,CUST-00819,2026-07-09,Completed,Karachi
ORD-010312,CUST-01100,2026-07-09,Completed,Rawalpindi
ORD-010313,CUST-00703,2026-07-09,Cancelled,Islamabad
ORD-010314,CUST-00473,2026-07-09,Completed,Islamabad
ORD-010315,CUST-00712,2026-07-09,Completed,Gujranwala
ORD-010316,CUST-00032,2026-07-09,Completed,Rawalpindi
ORD-010317,CUST-01195,2026-07-10,Completed,Karachi
ORD-010318,CUST-00921,2026-07-10,Completed,Karachi
ORD-010319,CUST-00901,2026-07-10,Completed,Karachi
ORD-010320,CUST-00798,2026-07-10,Completed,Karachi
ORD-010321,CUST-01147,2026-07-10,Completed,Lahore
ORD-010322,CUST-00846,2026-07-10,Completed,Lahore
ORD-010323,CUST-00807,2026-07-10,Completed,Islamabad
ORD-010324,CUST-00479,2026-07-10,Completed,Rahim Yar Khan
ORD-010325,CUST-00920,2026-07-10,Completed,Faisalabad
ORD-010326,CUST-01019,2026-07-10,Completed,Karachi
ORD-010327,CUST-00326,2026-07-10,Completed,Multan
ORD-010328,CUST-01094,2026-07-10,Completed,Lahore
ORD-010329,CUST-01490,2026-07-10,Completed,Rawalpindi
ORD-010330,CUST-00569,2026-07-10,Completed,Lahore
ORD-010331,CUST-01076,2026-07-10,Cancelled,Islamabad
ORD-010332,CUST-00867,2026-07-10,Pending,Lahore
ORD-010333,CUST-00094,2026-07-10,Completed,Karachi
ORD-010334,CUST-01489,2026-07-10,Pending,Karachi
ORD-010335,CUST-00210,2026-07-10,Pending,Karachi
ORD-010336,CUST-00654,2026-07-10,Completed,Karachi
ORD-010337,CUST-00032,2026-07-11,Cancelled,Rawalpindi
ORD-010338,CUST-00658,2026-07-11,Completed,Lahore
ORD-010339,CUST-00966,2026-07-11,Returned,Lahore
ORD-010340,CUST-00470,2026-07-11,Completed,Lahore
ORD-010341,CUST-00172,2026-07-11,Completed,Islamabad
ORD-010342,CUST-00868,2026-07-11,Completed,Lahore
ORD-010343,CUST-00055,2026-07-11,Completed,Lahore
ORD-010344,CUST-00955,2026-07-11,Cancelled,Lahore
ORD-010345,CUST-01166,2026-07-11,Pending,Lahore
ORD-010346,CUST-00624,2026-07-11,Cancelled,Sialkot
ORD-010347,CUST-00093,2026-07-11,Completed,Gujranwala
ORD-010348,CUST-01216,2026-07-11,Pending,Sialkot
ORD-010349,CUST-00971,2026-07-11,Completed,Lahore
ORD-010350,CUST-00355,2026-07-11,Completed,Sahiwal
ORD-010351,CUST-00014,2026-07-11,Completed,Gwadar
ORD-010352,CUST-01369,2026-07-12,Completed,Faisalabad
ORD-010353,CUST-00805,2026-07-12,Returned,Karachi
ORD-010354,CUST-00823,2026-07-12,Completed,Mirpur Khas
ORD-010355,CUST-01009,2026-07-12,Completed,Karachi
ORD-010356,CUST-00483,2026-07-12,Completed,Faisalabad
ORD-010357,CUST-00476,2026-07-12,Completed,Hyderabad
ORD-010358,CUST-00778,2026-07-12,Completed,Faisalabad
ORD-010359,CUST-00734,2026-07-12,Pending,Lahore
ORD-010360,CUST-01495,2026-07-12,Completed,Faisalabad
ORD-010361,CUST-00218,2026-07-12,Returned,Faisalabad
ORD-010362,CUST-00918,2026-07-13,Completed,Islamabad
ORD-010363,CUST-01087,2026-07-13,Completed,Karachi
ORD-010364,CUST-01402,2026-07-13,Completed,Rawalpindi
ORD-010365,CUST-00402,2026-07-13,Completed,Hyderabad
ORD-010366,CUST-00087,2026-07-13,Cancelled,Lahore
ORD-010367,CUST-00218,2026-07-13,Completed,Bahawalpur
ORD-010368,CUST-00652,2026-07-13,Completed,Multan
ORD-010369,CUST-00169,2026-07-13,Completed,Gujranwala
ORD-010370,CUST-01042,2026-07-13,Completed,Lahore
ORD-010371,CUST-01294,2026-07-13,Returned,Sargodha
ORD-010372,CUST-00571,2026-07-13,Returned,Sukkur
ORD-010373,CUST-01482,2026-07-13,Completed,Mardan
ORD-010374,CUST-01301,2026-07-13,Completed,Gujranwala
ORD-010375,CUST-00164,2026-07-13,Completed,Lahore
ORD-010376,CUST-00329,2026-07-13,Completed,Multan
ORD-010377,CUST-00835,2026-07-13,Completed,Lahore
ORD-010378,CUST-01285,2026-07-13,Pending,Karachi
ORD-010379,CUST-00367,2026-07-13,Completed,Gwadar
ORD-010380,CUST-00927,2026-07-13,Completed,Multan
ORD-010381,CUST-01260,2026-07-13,Returned,Karachi
ORD-010382,CUST-01384,2026-07-13,Completed,Islamabad
ORD-010383,CUST-01349,2026-07-13,Completed,Karachi
ORD-010384,CUST-01303,2026-07-13,Completed,Karachi
ORD-010385,CUST-00002,2026-07-14,Pending,Islamabad
ORD-010386,CUST-01378,2026-07-14,Completed,Karachi
ORD-010387,CUST-00957,2026-07-14,Completed,Faisalabad
ORD-010388,CUST-00708,2026-07-14,Completed,Lahore
ORD-010389,CUST-00643,2026-07-14,Returned,Karachi
ORD-010390,CUST-00300,2026-07-14,Pending,Multan
ORD-010391,CUST-01060,2026-07-14,Completed,Sialkot
ORD-010392,CUST-00041,2026-07-14,Completed,Rawalpindi
ORD-010393,CUST-00710,2026-07-14,Cancelled,Gwadar
ORD-010394,CUST-00588,2026-07-14,Completed,Peshawar
ORD-010395,CUST-01129,2026-07-14,Completed,Lahore
ORD-010396,CUST-00995,2026-07-14,Completed,Karachi
ORD-010397,CUST-01196,2026-07-14,Completed,Lahore
ORD-010398,CUST-00474,2026-07-14,Completed,Karachi
ORD-010399,CUST-01451,2026-07-14,Returned,Lahore
ORD-010400,CUST-00522,2026-07-14,Completed,Quetta
ORD-010401,CUST-00024,2026-07-15,Completed,Rawalpindi
ORD-010402,CUST-01380,2026-07-15,Completed,Multan
ORD-010403,CUST-00764,2026-07-15,Cancelled,Multan
ORD-010404,CUST-00842,2026-07-15,Completed,Sargodha
ORD-010405,CUST-00749,2026-07-15,Returned,Karachi
ORD-010406,CUST-01207,2026-07-15,Completed,Lahore
ORD-010407,CUST-00933,2026-07-15,Returned,Islamabad
ORD-010408,CUST-01282,2026-07-15,Completed,Islamabad
ORD-010409,CUST-00959,2026-07-15,Cancelled,Rawalpindi
ORD-010410,CUST-01492,2026-07-15,Completed,Karachi
ORD-010411,CUST-00340,2026-07-15,Completed,Gwadar
ORD-010412,CUST-00269,2026-07-15,Cancelled,Islamabad
ORD-010413,CUST-00869,2026-07-15,Returned,Karachi
ORD-010414,CUST-00895,2026-07-15,Completed,Islamabad
ORD-010415,CUST-00433,2026-07-15,Completed,Lahore
ORD-010416,CUST-00289,2026-07-15,Completed,Karachi
ORD-010417,CUST-00585,2026-07-15,Completed,Rawalpindi
ORD-010418,CUST-01056,2026-07-16,Completed,Karachi
ORD-010419,CUST-00331,2026-07-16,Completed,Lahore
ORD-010420,CUST-01019,2026-07-16,Completed,Karachi
ORD-010421,CUST-01285,2026-07-16,Completed,Multan
ORD-010422,CUST-01330,2026-07-16,Completed,Lahore
ORD-010423,CUST-01205,2026-07-16,Completed,Karachi
ORD-010424,CUST-00700,2026-07-16,Completed,Karachi
ORD-010425,CUST-00923,2026-07-16,Completed,Multan
ORD-010426,CUST-00411,2026-07-16,Completed,Karachi
ORD-010427,CUST-00557,2026-07-16,Completed,Gwadar
ORD-010428,CUST-00175,2026-07-16,Returned,Hyderabad
ORD-010429,CUST-00971,2026-07-16,Completed,Lahore
ORD-010430,CUST-00992,2026-07-16,Completed,Gujranwala
ORD-010431,CUST-01224,2026-07-16,Completed,Lahore
ORD-010432,CUST-00962,2026-07-16,Completed,Karachi
ORD-010433,CUST-00571,2026-07-16,Completed,Sukkur
ORD-010434,CUST-01280,2026-07-16,Completed,Rawalpindi
ORD-010435,CUST-00294,2026-07-16,Completed,Lahore
ORD-010436,CUST-00766,2026-07-17,Completed,Lahore
ORD-010437,CUST-00904,2026-07-17,Pending,Islamabad
ORD-010438,CUST-01180,2026-07-17,Completed,Lahore
ORD-010439,CUST-01357,2026-07-17,Completed,Gujranwala
ORD-010440,CUST-00999,2026-07-17,Completed,Rahim Yar Khan
ORD-010441,CUST-01281,2026-07-17,Pending,Lahore
ORD-010442,CUST-00724,2026-07-17,Completed,Karachi
ORD-010443,CUST-00097,2026-07-17,Completed,Karachi
ORD-010444,CUST-01023,2026-07-17,Completed,Quetta
ORD-010445,CUST-01211,2026-07-17,Completed,Quetta
ORD-010446,CUST-01000,2026-07-17,Completed,Karachi
ORD-010447,CUST-00489,2026-07-17,Completed,Karachi
ORD-010448,CUST-00977,2026-07-17,Completed,Karachi
ORD-010449,CUST-00747,2026-07-17,Completed,Gujranwala
ORD-010450,CUST-01094,2026-07-17,Completed,Lahore
ORD-010451,CUST-01203,2026-07-17,Completed,Quetta
ORD-010452,CUST-01380,2026-07-17,Completed,Peshawar
ORD-010453,CUST-00388,2026-07-17,Returned,Karachi
ORD-010454,CUST-01314,2026-07-17,Returned,Rawalpindi
ORD-010455,CUST-00489,2026-07-17,Completed,Bahawalpur
ORD-010456,CUST-00494,2026-07-17,Pending,Rahim Yar Khan
ORD-010457,CUST-01265,2026-07-17,Completed,Lahore
ORD-010458,CUST-00089,2026-07-17,Completed,Multan
ORD-010459,CUST-00567,2026-07-17,Returned,Gujranwala
ORD-010460,CUST-00876,2026-07-17,Completed,Islamabad
ORD-010461,CUST-00394,2026-07-17,Completed,Lahore
ORD-010462,CUST-00930,2026-07-17,Cancelled,Rawalpindi
ORD-010463,CUST-00681,2026-07-18,Returned,Karachi
ORD-010464,CUST-01186,2026-07-18,Cancelled,Peshawar
ORD-010465,CUST-01080,2026-07-18,Completed,Islamabad
ORD-010466,CUST-00532,2026-07-18,Completed,Karachi
ORD-010467,CUST-00044,2026-07-18,Completed,Quetta
ORD-010468,CUST-00879,2026-07-18,Completed,Lahore
ORD-010469,CUST-00708,2026-07-18,Completed,Lahore
ORD-010470,CUST-00049,2026-07-18,Completed,Lahore
ORD-010471,CUST-00251,2026-07-18,Pending,Lahore
ORD-010472,CUST-00139,2026-07-18,Completed,Islamabad
ORD-010473,CUST-00647,2026-07-18,Cancelled,Faisalabad
ORD-010474,CUST-01142,2026-07-18,Completed,Karachi
ORD-010475,CUST-00964,2026-07-18,Completed,Lahore
ORD-010476,CUST-00216,2026-07-18,Returned,Sargodha
ORD-010477,CUST-01150,2026-07-18,Returned,Karachi
ORD-010478,CUST-00469,2026-07-18,Completed,Bahawalpur
ORD-010479,CUST-00281,2026-07-18,Completed,Sukkur
ORD-010480,CUST-00869,2026-07-18,Completed,Karachi
ORD-010481,CUST-01220,2026-07-18,Completed,Lahore
ORD-010482,CUST-00635,2026-07-18,Completed,Abbottabad
ORD-010483,CUST-00647,2026-07-19,Pending,Faisalabad
ORD-010484,CUST-01007,2026-07-19,Completed,Karachi
ORD-010485,CUST-00007,2026-07-19,Completed,Lahore
ORD-010486,CUST-01490,2026-07-19,Completed,Lahore
ORD-010487,CUST-01411,2026-07-19,Completed,Sahiwal
ORD-010488,CUST-01203,2026-07-19,Completed,Quetta
ORD-010489,CUST-00426,2026-07-19,Completed,Karachi
ORD-010490,CUST-00139,2026-07-19,Completed,Islamabad
ORD-010491,CUST-00287,2026-07-19,Completed,Rawalpindi
ORD-010492,CUST-01150,2026-07-19,Completed,Bahawalpur
ORD-010493,CUST-01142,2026-07-19,Completed,Karachi
ORD-010494,CUST-00531,2026-07-19,Completed,Hyderabad
ORD-010495,CUST-01004,2026-07-19,Pending,Lahore
ORD-010496,CUST-00632,2026-07-20,Completed,Hyderabad
ORD-010497,CUST-00522,2026-07-20,Completed,Quetta
ORD-010498,CUST-01004,2026-07-20,Returned,Karachi
ORD-010499,CUST-01350,2026-07-20,Completed,Quetta
ORD-010500,CUST-00558,2026-07-20,Completed,Rawalpindi
ORD-010501,CUST-00290,2026-07-20,Completed,Faisalabad
ORD-010502,CUST-00794,2026-07-20,Cancelled,Lahore
ORD-010503,CUST-00963,2026-07-20,Completed,Lahore
ORD-010504,CUST-00205,2026-07-20,Completed,Sukkur
ORD-010505,CUST-00743,2026-07-20,Pending,Rawalpindi
ORD-010506,CUST-00977,2026-07-20,Returned,Karachi
ORD-010507,CUST-00881,2026-07-20,Completed,Sukkur
ORD-010508,CUST-00828,2026-07-20,Cancelled,Islamabad
ORD-010509,CUST-00285,2026-07-20,Completed,Multan
ORD-010510,CUST-00210,2026-07-20,Completed,Multan
ORD-010511,CUST-00672,2026-07-20,Completed,Karachi
ORD-010512,CUST-01169,2026-07-20,Completed,Lahore
ORD-010513,CUST-00273,2026-07-20,Completed,Islamabad
ORD-010514,CUST-00307,2026-07-20,Returned,Multan
ORD-010515,CUST-01086,2026-07-20,Completed,Lahore
ORD-010516,CUST-01413,2026-07-20,Completed,Lahore
ORD-010517,CUST-01032,2026-07-20,Completed,Rawalpindi
ORD-010518,CUST-01292,2026-07-21,Cancelled,Lahore
ORD-010519,CUST-01256,2026-07-21,Completed,Karachi
ORD-010520,CUST-00073,2026-07-21,Cancelled,Rahim Yar Khan
ORD-010521,CUST-00244,2026-07-21,Completed,Rawalpindi
ORD-010522,CUST-00538,2026-07-21,Cancelled,Mirpur Khas
ORD-010523,CUST-01496,2026-07-21,Completed,Abbottabad
ORD-010524,CUST-01113,2026-07-21,Completed,Sialkot
ORD-010525,CUST-01225,2026-07-21,Completed,Lahore
ORD-010526,CUST-00977,2026-07-21,Returned,Faisalabad
ORD-010527,CUST-01287,2026-07-21,Completed,Gujranwala
ORD-010528,CUST-00083,2026-07-21,Returned,Quetta
ORD-010529,CUST-00654,2026-07-21,Completed,Karachi
ORD-010530,CUST-01229,2026-07-21,Completed,Karachi
ORD-010531,CUST-00871,2026-07-21,Completed,Multan
ORD-010532,CUST-01026,2026-07-21,Completed,Mardan
ORD-010533,CUST-01000,2026-07-21,Completed,Karachi
ORD-010534,CUST-00028,2026-07-21,Completed,Rawalpindi
ORD-010535,CUST-01298,2026-07-21,Pending,Islamabad
ORD-010536,CUST-01423,2026-07-21,Completed,Sahiwal
ORD-010537,CUST-00003,2026-07-21,Completed,Sargodha
ORD-010538,CUST-00889,2026-07-21,Completed,Lahore
ORD-010539,CUST-01325,2026-07-21,Completed,Karachi
ORD-010540,CUST-00678,2026-07-21,Returned,Karachi
ORD-010541,CUST-01299,2026-07-22,Returned,Quetta
ORD-010542,CUST-00243,2026-07-22,Completed,Hyderabad
ORD-010543,CUST-00595,2026-07-22,Completed,Karachi
ORD-010544,CUST-00783,2026-07-22,Completed,Islamabad
ORD-010545,CUST-01336,2026-07-22,Pending,Islamabad
ORD-010546,CUST-00604,2026-07-22,Completed,Karachi
ORD-010547,CUST-00453,2026-07-22,Completed,Islamabad
ORD-010548,CUST-01091,2026-07-22,Completed,Lahore
ORD-010549,CUST-01155,2026-07-22,Completed,Sargodha
ORD-010550,CUST-00830,2026-07-22,Completed,Karachi
ORD-010551,CUST-00878,2026-07-22,Completed,Rawalpindi
ORD-010552,CUST-00388,2026-07-22,Cancelled,Lahore
ORD-010553,CUST-00734,2026-07-22,Completed,Lahore
ORD-010554,CUST-00097,2026-07-22,Completed,Lahore
ORD-010555,CUST-00343,2026-07-22,Completed,Rawalpindi
ORD-010556,CUST-01371,2026-07-22,Completed,Faisalabad
ORD-010557,CUST-00464,2026-07-22,Completed,Islamabad
ORD-010558,CUST-00856,2026-07-22,Cancelled,Karachi
ORD-010559,CUST-00924,2026-07-22,Completed,Peshawar
ORD-010560,CUST-01379,2026-07-22,Completed,Karachi
ORD-010561,CUST-01149,2026-07-22,Completed,Islamabad
ORD-010562,CUST-00610,2026-07-23,Completed,Hyderabad
ORD-010563,CUST-01424,2026-07-23,Completed,Lahore
ORD-010564,CUST-00015,2026-07-23,Completed,Islamabad
ORD-010565,CUST-00498,2026-07-23,Returned,Karachi
ORD-010566,CUST-00464,2026-07-23,Completed,Islamabad
ORD-010567,CUST-00850,2026-07-23,Completed,Quetta
ORD-010568,CUST-00882,2026-07-23,Returned,Lahore
ORD-010569,CUST-00582,2026-07-23,Returned,Karachi
ORD-010570,CUST-01190,2026-07-23,Returned,Quetta
ORD-010571,CUST-00281,2026-07-23,Completed,Sukkur
ORD-010572,CUST-01225,2026-07-23,Cancelled,Rawalpindi
ORD-010573,CUST-00993,2026-07-23,Completed,Gujranwala
ORD-010574,CUST-01020,2026-07-23,Completed,Gujranwala
ORD-010575,CUST-00261,2026-07-23,Completed,Lahore
ORD-010576,CUST-00562,2026-07-24,Completed,Rawalpindi
ORD-010577,CUST-00746,2026-07-24,Completed,Mirpur Khas
ORD-010578,CUST-01130,2026-07-24,Completed,Lahore
ORD-010579,CUST-00441,2026-07-24,Completed,Faisalabad
ORD-010580,CUST-01479,2026-07-24,Returned,Multan
ORD-010581,CUST-00253,2026-07-24,Completed,Lahore
ORD-010582,CUST-01482,2026-07-24,Completed,Mardan
ORD-010583,CUST-01285,2026-07-24,Completed,Lahore
ORD-010584,CUST-01469,2026-07-24,Completed,Faisalabad
ORD-010585,CUST-00744,2026-07-24,Pending,Karachi
ORD-010586,CUST-01147,2026-07-24,Completed,Lahore
ORD-010587,CUST-01335,2026-07-24,Completed,Lahore
ORD-010588,CUST-00020,2026-07-24,Completed,Bahawalpur
ORD-010589,CUST-00121,2026-07-24,Completed,Karachi
ORD-010590,CUST-00290,2026-07-24,Returned,Sukkur
ORD-010591,CUST-00995,2026-07-24,Cancelled,Karachi
ORD-010592,CUST-00683,2026-07-24,Completed,Abbottabad
ORD-010593,CUST-00975,2026-07-24,Completed,Rahim Yar Khan
ORD-010594,CUST-00618,2026-07-24,Returned,Faisalabad
ORD-010595,CUST-00651,2026-07-24,Pending,Karachi
ORD-010596,CUST-01231,2026-07-24,Completed,Bahawalpur
ORD-010597,CUST-01294,2026-07-24,Completed,Sargodha
ORD-010598,CUST-00400,2026-07-24,Completed,Rawalpindi
ORD-010599,CUST-00246,2026-07-24,Completed,Rawalpindi
ORD-010600,CUST-00927,2026-07-24,Returned,Multan
ORD-010601,CUST-01099,2026-07-24,Completed,Karachi
ORD-010602,CUST-00900,2026-07-25,Returned,Gujranwala
ORD-010603,CUST-01108,2026-07-25,Returned,Lahore
ORD-010604,CUST-00690,2026-07-25,Completed,Gujranwala
ORD-010605,CUST-00888,2026-07-25,Completed,Rawalpindi
ORD-010606,CUST-00187,2026-07-25,Completed,Karachi
ORD-010607,CUST-00342,2026-07-25,Completed,Lahore
ORD-010608,CUST-00441,2026-07-25,Pending,Multan
ORD-010609,CUST-01020,2026-07-25,Completed,Karachi
ORD-010610,CUST-01079,2026-07-25,Cancelled,Lahore
ORD-010611,CUST-01150,2026-07-25,Completed,Bahawalpur
ORD-010612,CUST-00108,2026-07-25,Returned,Karachi
ORD-010613,CUST-00809,2026-07-25,Completed,Lahore
ORD-010614,CUST-01226,2026-07-25,Completed,Lahore
ORD-010615,CUST-00846,2026-07-25,Completed,Lahore
ORD-010616,CUST-01380,2026-07-25,Pending,Multan
ORD-010617,CUST-00790,2026-07-25,Completed,Multan
ORD-010618,CUST-00635,2026-07-25,Completed,Abbottabad
ORD-010619,CUST-00793,2026-07-25,Completed,Peshawar
ORD-010620,CUST-00886,2026-07-26,Completed,Islamabad
ORD-010621,CUST-00342,2026-07-26,Completed,Rawalpindi
ORD-010622,CUST-00314,2026-07-26,Completed,Sialkot
ORD-010623,CUST-00310,2026-07-26,Cancelled,Rawalpindi
ORD-010624,CUST-00575,2026-07-26,Completed,Karachi
ORD-010625,CUST-00375,2026-07-26,Completed,Hyderabad
ORD-010626,CUST-00064,2026-07-26,Completed,Lahore
ORD-010627,CUST-00565,2026-07-26,Completed,Gujranwala
ORD-010628,CUST-00131,2026-07-26,Completed,Lahore
ORD-010629,CUST-00874,2026-07-27,Completed,Islamabad
ORD-010630,CUST-00041,2026-07-27,Completed,Rawalpindi
ORD-010631,CUST-00248,2026-07-27,Returned,Lahore
ORD-010632,CUST-01469,2026-07-27,Returned,Faisalabad
ORD-010633,CUST-01356,2026-07-27,Completed,Lahore
ORD-010634,CUST-01285,2026-07-27,Completed,Rawalpindi
ORD-010635,CUST-00219,2026-07-27,Completed,Karachi
ORD-010636,CUST-01304,2026-07-27,Completed,Quetta
ORD-010637,CUST-01386,2026-07-27,Cancelled,Karachi
ORD-010638,CUST-01205,2026-07-27,Returned,Sahiwal
ORD-010639,CUST-00936,2026-07-27,Completed,Gujranwala
ORD-010640,CUST-01036,2026-07-27,Completed,Karachi
ORD-010641,CUST-00864,2026-07-27,Completed,Lahore
ORD-010642,CUST-00959,2026-07-27,Completed,Rawalpindi
ORD-010643,CUST-00895,2026-07-27,Completed,Islamabad
ORD-010644,CUST-01355,2026-07-27,Completed,Hyderabad
ORD-010645,CUST-00584,2026-07-27,Completed,Rawalpindi
ORD-010646,CUST-01043,2026-07-27,Completed,Islamabad
ORD-010647,CUST-00120,2026-07-27,Completed,Sargodha
ORD-010648,CUST-00023,2026-07-27,Completed,Lahore
ORD-010649,CUST-00738,2026-07-27,Completed,Sargodha
ORD-010650,CUST-00261,2026-07-27,Returned,Rawalpindi
ORD-010651,CUST-01130,2026-07-27,Completed,Gwadar
ORD-010652,CUST-00099,2026-07-27,Completed,Sukkur
ORD-010653,CUST-00175,2026-07-27,Completed,Hyderabad
ORD-010654,CUST-00567,2026-07-27,Pending,Bahawalpur
ORD-010655,CUST-00253,2026-07-27,Completed,Lahore
ORD-010656,CUST-01085,2026-07-28,Completed,Lahore
ORD-010657,CUST-00738,2026-07-28,Returned,Karachi
ORD-010658,CUST-01356,2026-07-28,Returned,Gujranwala
ORD-010659,CUST-01149,2026-07-28,Completed,Islamabad
ORD-010660,CUST-01350,2026-07-28,Completed,Quetta
ORD-010661,CUST-00041,2026-07-28,Completed,Rawalpindi
ORD-010662,CUST-01079,2026-07-28,Completed,Karachi
ORD-010663,CUST-00450,2026-07-28,Completed,Rahim Yar Khan
ORD-010664,CUST-00108,2026-07-28,Pending,Lahore
ORD-010665,CUST-00333,2026-07-28,Completed,Lahore
ORD-010666,CUST-00524,2026-07-28,Completed,Rawalpindi
ORD-010667,CUST-00726,2026-07-28,Pending,Sargodha
ORD-010668,CUST-00462,2026-07-28,Completed,Karachi
ORD-010669,CUST-00027,2026-07-28,Completed,Sialkot
ORD-010670,CUST-00738,2026-07-28,Completed,Sargodha
ORD-010671,CUST-00219,2026-07-28,Completed,Karachi
ORD-010672,CUST-00399,2026-07-28,Completed,Bahawalpur
ORD-010673,CUST-00239,2026-07-28,Completed,Faisalabad
ORD-010674,CUST-00327,2026-07-28,Completed,Lahore
ORD-010675,CUST-01411,2026-07-28,Pending,Sahiwal
ORD-010676,CUST-00190,2026-07-28,Completed,Lahore
ORD-010677,CUST-00638,2026-07-28,Returned,Lahore
ORD-010678,CUST-01100,2026-07-28,Completed,Rawalpindi
ORD-010679,CUST-01146,2026-07-28,Completed,Lahore
ORD-010680,CUST-01317,2026-07-28,Completed,Lahore
ORD-010681,CUST-01031,2026-07-29,Completed,Lahore
ORD-010682,CUST-00828,2026-07-29,Cancelled,Islamabad
ORD-010683,CUST-01492,2026-07-29,Completed,Karachi
ORD-010684,CUST-01150,2026-07-29,Completed,Bahawalpur
ORD-010685,CUST-00363,2026-07-29,Completed,Faisalabad
ORD-010686,CUST-01040,2026-07-29,Completed,Quetta
ORD-010687,CUST-01043,2026-07-29,Completed,Islamabad
ORD-010688,CUST-01449,2026-07-29,Completed,Gujranwala
ORD-010689,CUST-01423,2026-07-29,Pending,Karachi
ORD-010690,CUST-00867,2026-07-29,Completed,Mirpur Khas
ORD-010691,CUST-00673,2026-07-29,Pending,Karachi
ORD-010692,CUST-00569,2026-07-29,Completed,Lahore
ORD-010693,CUST-01006,2026-07-29,Pending,Karachi
ORD-010694,CUST-00022,2026-07-29,Completed,Lahore
ORD-010695,CUST-01278,2026-07-29,Completed,Sahiwal
ORD-010696,CUST-01058,2026-07-29,Cancelled,Lahore
ORD-010697,CUST-01071,2026-07-29,Completed,Karachi
ORD-010698,CUST-01437,2026-07-29,Completed,Karachi
ORD-010699,CUST-00929,2026-07-29,Cancelled,Karachi
ORD-010700,CUST-01328,2026-07-29,Completed,Islamabad
ORD-010701,CUST-01102,2026-07-29,Completed,Lahore
ORD-010702,CUST-00784,2026-07-30,Completed,Hyderabad
ORD-010703,CUST-01461,2026-07-30,Completed,Gujranwala
ORD-010704,CUST-00665,2026-07-30,Completed,Lahore
ORD-010705,CUST-00892,2026-07-30,Completed,Karachi
ORD-010706,CUST-00904,2026-07-30,Completed,Faisalabad
ORD-010707,CUST-00263,2026-07-30,Completed,Hyderabad
ORD-010708,CUST-00597,2026-07-30,Pending,Lahore
ORD-010709,CUST-00863,2026-07-30,Completed,Islamabad
ORD-010710,CUST-01240,2026-07-30,Completed,Lahore
ORD-010711,CUST-00964,2026-07-30,Returned,Lahore
ORD-010712,CUST-00477,2026-07-30,Completed,Rawalpindi
ORD-010713,CUST-00181,2026-07-30,Completed,Islamabad
ORD-010714,CUST-01049,2026-07-30,Completed,Gujranwala
ORD-010715,CUST-00888,2026-07-30,Returned,Rawalpindi
ORD-010716,CUST-01205,2026-07-30,Completed,Sahiwal
ORD-010717,CUST-00604,2026-07-30,Returned,Karachi
ORD-010718,CUST-00628,2026-07-30,Completed,Lahore
ORD-010719,CUST-00828,2026-07-30,Completed,Islamabad
ORD-010720,CUST-01301,2026-07-30,Completed,Mirpur Khas
ORD-010721,CUST-00049,2026-07-31,Completed,Quetta
ORD-010722,CUST-01051,2026-07-31,Completed,Lahore
ORD-010723,CUST-00028,2026-07-31,Completed,Rawalpindi
ORD-010724,CUST-00991,2026-07-31,Returned,Sialkot
ORD-010725,CUST-00624,2026-07-31,Completed,Sialkot
ORD-010726,CUST-00791,2026-07-31,Completed,Faisalabad
ORD-010727,CUST-00460,2026-07-31,Completed,Lahore
ORD-010728,CUST-01340,2026-07-31,Returned,Sargodha
ORD-010729,CUST-01256,2026-07-31,Completed,Hyderabad
ORD-010730,CUST-01116,2026-07-31,Completed,Mardan
ORD-010731,CUST-01098,2026-07-31,Completed,Mardan
ORD-010732,CUST-01142,2026-07-31,Pending,Sialkot
ORD-010733,CUST-00380,2026-07-31,Completed,Sialkot
ORD-010734,CUST-00712,2026-07-31,Completed,Gujranwala
ORD-010735,CUST-01076,2026-07-31,Completed,Islamabad
ORD-010736,CUST-00325,2026-07-31,Completed,Lahore
ORD-010737,CUST-00737,2026-07-31,Completed,Karachi
ORD-010738,CUST-01092,2026-07-31,Completed,Quetta
ORD-010739,CUST-00624,2026-07-31,Completed,Sialkot
ORD-010740,CUST-00798,2026-07-31,Pending,Bahawalpur
ORD-010741,CUST-00591,2026-08-01,Cancelled,Quetta
ORD-010742,CUST-00498,2026-08-01,Completed,Karachi
ORD-010743,CUST-00027,2026-08-01,Completed,Lahore
ORD-010744,CUST-00654,2026-08-01,Completed,Karachi
ORD-010745,CUST-00632,2026-08-01,Completed,Hyderabad
ORD-010746,CUST-01325,2026-08-01,Completed,Karachi
ORD-010747,CUST-01202,2026-08-01,Completed,Lahore
ORD-010748,CUST-00853,2026-08-01,Completed,Quetta
ORD-010749,CUST-00790,2026-08-01,Completed,Multan
ORD-010750,CUST-00605,2026-08-01,Completed,Karachi
ORD-010751,CUST-01472,2026-08-01,Pending,Sahiwal
ORD-010752,CUST-01402,2026-08-01,Completed,Rawalpindi
ORD-010753,CUST-00573,2026-08-01,Completed,Karachi
ORD-010754,CUST-01080,2026-08-01,Completed,Islamabad
ORD-010755,CUST-00974,2026-08-01,Completed,Peshawar
ORD-010756,CUST-00333,2026-08-01,Completed,Abbottabad
ORD-010757,CUST-01037,2026-08-01,Completed,Lahore
ORD-010758,CUST-00265,2026-08-01,Completed,Multan
ORD-010759,CUST-00216,2026-08-01,Pending,Rahim Yar Khan
ORD-010760,CUST-00845,2026-08-02,Completed,Karachi
ORD-010761,CUST-00651,2026-08-02,Completed,Lahore
ORD-010762,CUST-00526,2026-08-02,Completed,Lahore
ORD-010763,CUST-00002,2026-08-02,Completed,Islamabad
ORD-010764,CUST-01058,2026-08-02,Completed,Lahore
ORD-010765,CUST-00043,2026-08-02,Completed,Lahore
ORD-010766,CUST-00212,2026-08-02,Completed,Karachi
ORD-010767,CUST-00306,2026-08-02,Completed,Sukkur
ORD-010768,CUST-00076,2026-08-02,Cancelled,Gujranwala
ORD-010769,CUST-01136,2026-08-03,Returned,Karachi
ORD-010770,CUST-01272,2026-08-03,Completed,Islamabad
ORD-010771,CUST-01202,2026-08-03,Completed,Lahore
ORD-010772,CUST-00731,2026-08-03,Cancelled,Rawalpindi
ORD-010773,CUST-01486,2026-08-03,Completed,Karachi
ORD-010774,CUST-01448,2026-08-03,Completed,Karachi
ORD-010775,CUST-01347,2026-08-03,Completed,Lahore
ORD-010776,CUST-00166,2026-08-03,Completed,Lahore
ORD-010777,CUST-01235,2026-08-03,Completed,Rawalpindi
ORD-010778,CUST-01256,2026-08-03,Completed,Karachi
ORD-010779,CUST-01284,2026-08-03,Completed,Sukkur
ORD-010780,CUST-00211,2026-08-03,Completed,Lahore
ORD-010781,CUST-01100,2026-08-03,Completed,Rawalpindi
ORD-010782,CUST-01448,2026-08-03,Completed,Karachi
ORD-010783,CUST-00683,2026-08-03,Cancelled,Abbottabad
ORD-010784,CUST-00936,2026-08-03,Returned,Gujranwala
ORD-010785,CUST-00029,2026-08-03,Completed,Lahore
ORD-010786,CUST-01353,2026-08-03,Completed,Lahore
ORD-010787,CUST-01313,2026-08-03,Completed,Lahore
ORD-010788,CUST-00340,2026-08-03,Completed,Gwadar
ORD-010789,CUST-00882,2026-08-03,Completed,Lahore
ORD-010790,CUST-01051,2026-08-03,Completed,Lahore
ORD-010791,CUST-01188,2026-08-03,Returned,Karachi
ORD-010792,CUST-00849,2026-08-04,Completed,Islamabad
ORD-010793,CUST-00712,2026-08-04,Completed,Gujranwala
ORD-010794,CUST-00289,2026-08-04,Completed,Karachi
ORD-010795,CUST-00563,2026-08-04,Returned,Hyderabad
ORD-010796,CUST-00975,2026-08-04,Completed,Rahim Yar Khan
ORD-010797,CUST-00439,2026-08-04,Completed,Karachi
ORD-010798,CUST-00816,2026-08-04,Completed,Lahore
ORD-010799,CUST-01366,2026-08-04,Completed,Karachi
ORD-010800,CUST-01317,2026-08-04,Completed,Lahore
ORD-010801,CUST-01402,2026-08-04,Returned,Rawalpindi
ORD-010802,CUST-01077,2026-08-04,Completed,Sargodha
ORD-010803,CUST-01083,2026-08-04,Pending,Rawalpindi
ORD-010804,CUST-00019,2026-08-04,Completed,Lahore
ORD-010805,CUST-01280,2026-08-04,Completed,Rawalpindi
ORD-010806,CUST-01128,2026-08-04,Completed,Lahore
ORD-010807,CUST-00425,2026-08-04,Completed,Gujranwala
ORD-010808,CUST-01409,2026-08-04,Completed,Islamabad
ORD-010809,CUST-01235,2026-08-05,Completed,Rawalpindi
ORD-010810,CUST-00115,2026-08-05,Returned,Islamabad
ORD-010811,CUST-01290,2026-08-05,Completed,Rawalpindi
ORD-010812,CUST-01285,2026-08-05,Completed,Faisalabad
ORD-010813,CUST-00973,2026-08-05,Completed,Lahore
ORD-010814,CUST-00837,2026-08-05,Completed,Lahore
ORD-010815,CUST-01108,2026-08-05,Completed,Lahore
ORD-010816,CUST-00819,2026-08-05,Returned,Karachi
ORD-010817,CUST-00158,2026-08-05,Returned,Rawalpindi
ORD-010818,CUST-01299,2026-08-05,Completed,Quetta
ORD-010819,CUST-00567,2026-08-05,Completed,Bahawalpur
ORD-010820,CUST-00562,2026-08-05,Completed,Multan
ORD-010821,CUST-00286,2026-08-05,Completed,Karachi
ORD-010822,CUST-00900,2026-08-05,Completed,Gujranwala
ORD-010823,CUST-00748,2026-08-05,Completed,Peshawar
ORD-010824,CUST-00749,2026-08-05,Cancelled,Karachi
ORD-010825,CUST-01248,2026-08-05,Completed,Karachi
ORD-010826,CUST-00090,2026-08-05,Completed,Karachi
ORD-010827,CUST-00244,2026-08-05,Cancelled,Rawalpindi
ORD-010828,CUST-01040,2026-08-05,Completed,Quetta
ORD-010829,CUST-00097,2026-08-05,Returned,Lahore
ORD-010830,CUST-01075,2026-08-05,Completed,Gujranwala
ORD-010831,CUST-00500,2026-08-05,Pending,Islamabad
ORD-010832,CUST-01071,2026-08-05,Completed,Karachi
ORD-010833,CUST-00605,2026-08-05,Completed,Karachi
ORD-010834,CUST-00568,2026-08-05,Pending,Lahore
ORD-010835,CUST-00168,2026-08-05,Completed,Hyderabad
ORD-010836,CUST-01293,2026-08-05,Completed,Bahawalpur
ORD-010837,CUST-00857,2026-08-05,Pending,Lahore
ORD-010838,CUST-00400,2026-08-05,Completed,Rawalpindi
ORD-010839,CUST-00214,2026-08-05,Pending,Lahore
ORD-010840,CUST-00169,2026-08-05,Cancelled,Multan
ORD-010841,CUST-01316,2026-08-05,Completed,Multan
ORD-010842,CUST-01285,2026-08-06,Returned,Rawalpindi
ORD-010843,CUST-00764,2026-08-06,Completed,Multan
ORD-010844,CUST-00971,2026-08-06,Pending,Karachi
ORD-010845,CUST-00150,2026-08-06,Completed,Sahiwal
ORD-010846,CUST-01234,2026-08-06,Completed,Lahore
ORD-010847,CUST-00142,2026-08-06,Cancelled,Sialkot
ORD-010848,CUST-00258,2026-08-06,Completed,Mirpur Khas
ORD-010849,CUST-00330,2026-08-06,Completed,Lahore
ORD-010850,CUST-01386,2026-08-06,Completed,Hyderabad
ORD-010851,CUST-00490,2026-08-06,Returned,Lahore
ORD-010852,CUST-00254,2026-08-06,Completed,Karachi
ORD-010853,CUST-00693,2026-08-06,Returned,Islamabad
ORD-010854,CUST-01447,2026-08-06,Pending,Karachi
ORD-010855,CUST-00692,2026-08-06,Returned,Karachi
ORD-010856,CUST-01225,2026-08-06,Completed,Lahore
ORD-010857,CUST-00971,2026-08-06,Completed,Lahore
ORD-010858,CUST-01458,2026-08-06,Completed,Islamabad
ORD-010859,CUST-01181,2026-08-06,Completed,Rawalpindi
ORD-010860,CUST-01078,2026-08-06,Completed,Bahawalpur
ORD-010861,CUST-00279,2026-08-06,Completed,Rawalpindi
ORD-010862,CUST-01315,2026-08-06,Pending,Rawalpindi
ORD-010863,CUST-00466,2026-08-06,Completed,Sialkot
ORD-010864,CUST-00389,2026-08-06,Completed,Sargodha
ORD-010865,CUST-00243,2026-08-07,Completed,Hyderabad
ORD-010866,CUST-00565,2026-08-07,Completed,Gujranwala
ORD-010867,CUST-00906,2026-08-07,Completed,Karachi
ORD-010868,CUST-00546,2026-08-07,Completed,Islamabad
ORD-010869,CUST-01114,2026-08-07,Cancelled,Karachi
ORD-010870,CUST-00729,2026-08-07,Pending,Bahawalpur
ORD-010871,CUST-00843,2026-08-07,Returned,Sialkot
ORD-010872,CUST-00981,2026-08-07,Cancelled,Faisalabad
ORD-010873,CUST-00512,2026-08-07,Completed,Rawalpindi
ORD-010874,CUST-00865,2026-08-07,Completed,Peshawar
ORD-010875,CUST-01085,2026-08-07,Pending,Lahore
ORD-010876,CUST-01406,2026-08-07,Completed,Quetta
ORD-010877,CUST-00607,2026-08-07,Cancelled,Peshawar
ORD-010878,CUST-01240,2026-08-07,Completed,Lahore
ORD-010879,CUST-00640,2026-08-08,Completed,Karachi
ORD-010880,CUST-00169,2026-08-08,Completed,Multan
ORD-010881,CUST-00758,2026-08-08,Completed,Karachi
ORD-010882,CUST-01040,2026-08-08,Completed,Quetta
ORD-010883,CUST-01473,2026-08-08,Cancelled,Rawalpindi
ORD-010884,CUST-00273,2026-08-08,Completed,Sukkur
ORD-010885,CUST-00543,2026-08-08,Completed,Faisalabad
ORD-010886,CUST-01358,2026-08-08,Completed,Multan
ORD-010887,CUST-00309,2026-08-08,Completed,Bahawalpur
ORD-010888,CUST-01130,2026-08-08,Completed,Lahore
ORD-010889,CUST-01266,2026-08-08,Completed,Islamabad
ORD-010890,CUST-01027,2026-08-08,Completed,Lahore
ORD-010891,CUST-01027,2026-08-08,Completed,Lahore
ORD-010892,CUST-00228,2026-08-08,Completed,Peshawar
ORD-010893,CUST-00709,2026-08-08,Pending,Mirpur Khas
ORD-010894,CUST-01178,2026-08-08,Completed,Karachi
ORD-010895,CUST-01270,2026-08-08,Completed,Peshawar
ORD-010896,CUST-00968,2026-08-08,Completed,Karachi
ORD-010897,CUST-00997,2026-08-08,Completed,Islamabad
ORD-010898,CUST-00807,2026-08-08,Completed,Islamabad
ORD-010899,CUST-00840,2026-08-08,Completed,Peshawar
ORD-010900,CUST-00869,2026-08-08,Completed,Karachi
ORD-010901,CUST-01469,2026-08-08,Cancelled,Faisalabad
ORD-010902,CUST-01054,2026-08-08,Completed,Karachi
ORD-010903,CUST-00739,2026-08-08,Completed,Faisalabad
ORD-010904,CUST-00778,2026-08-08,Completed,Faisalabad
ORD-010905,CUST-00612,2026-08-08,Completed,Islamabad
ORD-010906,CUST-01124,2026-08-08,Returned,Sukkur
ORD-010907,CUST-00814,2026-08-08,Pending,Faisalabad
ORD-010908,CUST-00330,2026-08-08,Completed,Rawalpindi
ORD-010909,CUST-00489,2026-08-08,Completed,Karachi
ORD-010910,CUST-00054,2026-08-08,Pending,Karachi
ORD-010911,CUST-01217,2026-08-08,Completed,Karachi
ORD-010912,CUST-00094,2026-08-08,Completed,Karachi
ORD-010913,CUST-00963,2026-08-09,Pending,Lahore
ORD-010914,CUST-01343,2026-08-09,Completed,Faisalabad
ORD-010915,CUST-00512,2026-08-09,Completed,Rawalpindi
ORD-010916,CUST-00015,2026-08-09,Completed,Multan
ORD-010917,CUST-00108,2026-08-09,Cancelled,Karachi
ORD-010918,CUST-00627,2026-08-09,Completed,Sialkot
ORD-010919,CUST-01485,2026-08-09,Completed,Bahawalpur
ORD-010920,CUST-00648,2026-08-09,Completed,Gwadar
ORD-010921,CUST-00434,2026-08-09,Pending,Lahore
ORD-010922,CUST-01024,2026-08-09,Completed,Karachi
ORD-010923,CUST-00395,2026-08-10,Returned,Islamabad
ORD-010924,CUST-00436,2026-08-10,Completed,Karachi
ORD-010925,CUST-01270,2026-08-10,Completed,Peshawar
ORD-010926,CUST-00435,2026-08-10,Completed,Lahore
ORD-010927,CUST-01401,2026-08-10,Completed,Lahore
ORD-010928,CUST-00568,2026-08-10,Completed,Lahore
ORD-010929,CUST-01272,2026-08-10,Returned,Islamabad
ORD-010930,CUST-00392,2026-08-10,Completed,Lahore
ORD-010931,CUST-00392,2026-08-10,Completed,Sialkot
ORD-010932,CUST-00827,2026-08-10,Returned,Rawalpindi
ORD-010933,CUST-01410,2026-08-10,Completed,Karachi
ORD-010934,CUST-01290,2026-08-10,Completed,Karachi
ORD-010935,CUST-00911,2026-08-10,Returned,Karachi
ORD-010936,CUST-00964,2026-08-10,Completed,Lahore
ORD-010937,CUST-00115,2026-08-10,Returned,Islamabad
ORD-010938,CUST-00625,2026-08-10,Completed,Islamabad
ORD-010939,CUST-00540,2026-08-10,Pending,Lahore
ORD-010940,CUST-01341,2026-08-10,Completed,Karachi
ORD-010941,CUST-00618,2026-08-10,Completed,Bahawalpur
ORD-010942,CUST-00487,2026-08-10,Completed,Sialkot
ORD-010943,CUST-00729,2026-08-10,Completed,Gujranwala
ORD-010944,CUST-01113,2026-08-10,Pending,Sialkot
ORD-010945,CUST-00091,2026-08-10,Cancelled,Gujranwala
ORD-010946,CUST-00642,2026-08-10,Completed,Abbottabad
ORD-010947,CUST-01113,2026-08-11,Cancelled,Sialkot
ORD-010948,CUST-00961,2026-08-11,Cancelled,Islamabad
ORD-010949,CUST-01004,2026-08-11,Completed,Karachi
ORD-010950,CUST-00818,2026-08-11,Cancelled,Islamabad
ORD-010951,CUST-01043,2026-08-11,Pending,Islamabad
ORD-010952,CUST-01110,2026-08-11,Cancelled,Faisalabad
ORD-010953,CUST-00669,2026-08-11,Returned,Lahore
ORD-010954,CUST-00837,2026-08-11,Completed,Lahore
ORD-010955,CUST-00230,2026-08-11,Completed,Lahore
ORD-010956,CUST-00721,2026-08-11,Completed,Islamabad
ORD-010957,CUST-01297,2026-08-11,Cancelled,Quetta
ORD-010958,CUST-01069,2026-08-11,Completed,Gwadar
ORD-010959,CUST-00673,2026-08-11,Completed,Karachi
ORD-010960,CUST-00433,2026-08-11,Pending,Lahore
ORD-010961,CUST-00330,2026-08-11,Completed,Mardan
ORD-010962,CUST-00980,2026-08-11,Cancelled,Karachi
ORD-010963,CUST-00895,2026-08-11,Completed,Islamabad
ORD-010964,CUST-00824,2026-08-11,Completed,Karachi
ORD-010965,CUST-01226,2026-08-11,Completed,Lahore
ORD-010966,CUST-01058,2026-08-11,Pending,Lahore
ORD-010967,CUST-00067,2026-08-11,Completed,Rawalpindi
ORD-010968,CUST-00870,2026-08-11,Completed,Lahore
ORD-010969,CUST-00331,2026-08-11,Completed,Lahore
ORD-010970,CUST-00700,2026-08-11,Completed,Karachi
ORD-010971,CUST-01205,2026-08-11,Completed,Sahiwal
ORD-010972,CUST-00613,2026-08-11,Completed,Peshawar
ORD-010973,CUST-00181,2026-08-12,Returned,Islamabad
ORD-010974,CUST-01164,2026-08-12,Completed,Karachi
ORD-010975,CUST-01000,2026-08-12,Pending,Karachi
ORD-010976,CUST-00737,2026-08-12,Completed,Lahore
ORD-010977,CUST-00460,2026-08-12,Completed,Lahore
ORD-010978,CUST-01452,2026-08-12,Completed,Rawalpindi
ORD-010979,CUST-01026,2026-08-12,Cancelled,Gujranwala
ORD-010980,CUST-01469,2026-08-12,Cancelled,Faisalabad
ORD-010981,CUST-00097,2026-08-12,Completed,Lahore
ORD-010982,CUST-00347,2026-08-12,Completed,Islamabad
ORD-010983,CUST-01350,2026-08-12,Completed,Quetta
ORD-010984,CUST-01131,2026-08-12,Cancelled,Lahore
ORD-010985,CUST-00778,2026-08-12,Completed,Faisalabad
ORD-010986,CUST-01064,2026-08-12,Completed,Rawalpindi
ORD-010987,CUST-01434,2026-08-12,Completed,Quetta
ORD-010988,CUST-01413,2026-08-12,Returned,Hyderabad
ORD-010989,CUST-01207,2026-08-12,Returned,Lahore
ORD-010990,CUST-01202,2026-08-12,Completed,Lahore
ORD-010991,CUST-00865,2026-08-12,Completed,Peshawar
ORD-010992,CUST-01056,2026-08-12,Completed,Karachi
ORD-010993,CUST-00868,2026-08-12,Completed,Lahore
ORD-010994,CUST-01130,2026-08-12,Completed,Lahore
ORD-010995,CUST-01420,2026-08-13,Completed,Karachi
ORD-010996,CUST-01217,2026-08-13,Completed,Karachi
ORD-010997,CUST-00668,2026-08-13,Completed,Bahawalpur
ORD-010998,CUST-00003,2026-08-13,Completed,Sargodha
ORD-010999,CUST-00940,2026-08-13,Completed,Abbottabad
ORD-011000,CUST-00326,2026-08-13,Completed,Multan
ORD-011001,CUST-01313,2026-08-13,Cancelled,Lahore
ORD-011002,CUST-00855,2026-08-13,Completed,Karachi
ORD-011003,CUST-00600,2026-08-13,Completed,Peshawar
ORD-011004,CUST-01080,2026-08-13,Completed,Lahore
ORD-011005,CUST-00041,2026-08-13,Completed,Hyderabad
ORD-011006,CUST-01409,2026-08-13,Returned,Peshawar
ORD-011007,CUST-00597,2026-08-13,Returned,Lahore
ORD-011008,CUST-00430,2026-08-13,Cancelled,Faisalabad
ORD-011009,CUST-00473,2026-08-13,Completed,Islamabad
ORD-011010,CUST-01492,2026-08-13,Completed,Karachi
ORD-011011,CUST-01317,2026-08-13,Completed,Lahore
ORD-011012,CUST-00656,2026-08-13,Completed,Sialkot
ORD-011013,CUST-00996,2026-08-14,Cancelled,Bahawalpur
ORD-011014,CUST-00625,2026-08-14,Completed,Islamabad
ORD-011015,CUST-00175,2026-08-14,Completed,Hyderabad
ORD-011016,CUST-00420,2026-08-14,Completed,Karachi
ORD-011017,CUST-00487,2026-08-14,Completed,Sialkot
ORD-011018,CUST-01129,2026-08-14,Returned,Rawalpindi
ORD-011019,CUST-00115,2026-08-14,Completed,Islamabad
ORD-011020,CUST-00430,2026-08-14,Completed,Faisalabad
ORD-011021,CUST-00617,2026-08-14,Completed,Peshawar
ORD-011022,CUST-01473,2026-08-14,Completed,Rawalpindi
ORD-011023,CUST-00695,2026-08-14,Completed,Hyderabad
ORD-011024,CUST-01313,2026-08-14,Pending,Peshawar
ORD-011025,CUST-00074,2026-08-14,Completed,Sialkot
ORD-011026,CUST-00060,2026-08-14,Completed,Karachi
ORD-011027,CUST-00828,2026-08-14,Returned,Islamabad
ORD-011028,CUST-00061,2026-08-14,Completed,Lahore
ORD-011029,CUST-01307,2026-08-14,Pending,Karachi
ORD-011030,CUST-00327,2026-08-14,Completed,Faisalabad
ORD-011031,CUST-00460,2026-08-14,Completed,Lahore
ORD-011032,CUST-00253,2026-08-14,Completed,Hyderabad
ORD-011033,CUST-00721,2026-08-14,Completed,Islamabad
ORD-011034,CUST-01275,2026-08-14,Completed,Sargodha
ORD-011035,CUST-00799,2026-08-14,Completed,Karachi
ORD-011036,CUST-00056,2026-08-14,Pending,Karachi
ORD-011037,CUST-00046,2026-08-15,Completed,Gujranwala
ORD-011038,CUST-01350,2026-08-15,Pending,Quetta
ORD-011039,CUST-00738,2026-08-15,Pending,Sargodha
ORD-011040,CUST-00209,2026-08-15,Returned,Rawalpindi
ORD-011041,CUST-01485,2026-08-15,Cancelled,Bahawalpur
ORD-011042,CUST-00861,2026-08-15,Completed,Lahore
ORD-011043,CUST-00532,2026-08-15,Completed,Karachi
ORD-011044,CUST-00007,2026-08-15,Cancelled,Gujranwala
ORD-011045,CUST-00163,2026-08-15,Completed,Multan
ORD-011046,CUST-01366,2026-08-15,Completed,Islamabad
ORD-011047,CUST-01037,2026-08-15,Pending,Karachi
ORD-011048,CUST-00584,2026-08-15,Completed,Sukkur
ORD-011049,CUST-00567,2026-08-15,Cancelled,Bahawalpur
ORD-011050,CUST-00633,2026-08-15,Returned,Islamabad
ORD-011051,CUST-00492,2026-08-15,Completed,Sukkur
ORD-011052,CUST-00927,2026-08-15,Returned,Multan
ORD-011053,CUST-01099,2026-08-15,Completed,Karachi
ORD-011054,CUST-00955,2026-08-15,Pending,Gwadar
ORD-011055,CUST-00671,2026-08-15,Completed,Lahore
ORD-011056,CUST-01421,2026-08-15,Completed,Sargodha
ORD-011057,CUST-00840,2026-08-15,Cancelled,Peshawar
ORD-011058,CUST-00926,2026-08-15,Completed,Karachi
ORD-011059,CUST-01029,2026-08-15,Returned,Lahore
ORD-011060,CUST-00870,2026-08-15,Pending,Lahore
ORD-011061,CUST-00444,2026-08-16,Completed,Karachi
ORD-011062,CUST-00288,2026-08-16,Returned,Rawalpindi
ORD-011063,CUST-00902,2026-08-16,Pending,Lahore
ORD-011064,CUST-01223,2026-08-16,Completed,Abbottabad
ORD-011065,CUST-00020,2026-08-16,Cancelled,Bahawalpur
ORD-011066,CUST-00936,2026-08-16,Completed,Gujranwala
ORD-011067,CUST-00981,2026-08-16,Completed,Faisalabad
ORD-011068,CUST-00005,2026-08-16,Completed,Faisalabad
ORD-011069,CUST-00688,2026-08-16,Completed,Lahore
ORD-011070,CUST-00662,2026-08-16,Completed,Lahore
ORD-011071,CUST-01257,2026-08-16,Completed,Lahore
ORD-011072,CUST-01407,2026-08-16,Completed,Gujranwala
ORD-011073,CUST-00847,2026-08-16,Completed,Faisalabad
ORD-011074,CUST-00228,2026-08-16,Completed,Peshawar
ORD-011075,CUST-00660,2026-08-16,Completed,Islamabad
ORD-011076,CUST-00067,2026-08-16,Pending,Rawalpindi
ORD-011077,CUST-01195,2026-08-17,Completed,Karachi
ORD-011078,CUST-00512,2026-08-17,Completed,Rawalpindi
ORD-011079,CUST-01366,2026-08-17,Completed,Rahim Yar Khan
ORD-011080,CUST-01200,2026-08-17,Completed,Sargodha
ORD-011081,CUST-00474,2026-08-17,Completed,Lahore
ORD-011082,CUST-00329,2026-08-17,Cancelled,Multan
ORD-011083,CUST-00910,2026-08-17,Completed,Karachi
ORD-011084,CUST-00807,2026-08-17,Completed,Rawalpindi
ORD-011085,CUST-01167,2026-08-17,Completed,Bahawalpur
ORD-011086,CUST-00240,2026-08-17,Completed,Peshawar
ORD-011087,CUST-00350,2026-08-17,Completed,Sialkot
ORD-011088,CUST-01181,2026-08-17,Completed,Rawalpindi
ORD-011089,CUST-00211,2026-08-17,Completed,Karachi
ORD-011090,CUST-01452,2026-08-17,Completed,Rawalpindi
ORD-011091,CUST-01214,2026-08-17,Completed,Karachi
ORD-011092,CUST-00210,2026-08-17,Completed,Multan
ORD-011093,CUST-01254,2026-08-17,Completed,Bahawalpur
ORD-011094,CUST-00881,2026-08-17,Returned,Sukkur
ORD-011095,CUST-00553,2026-08-17,Completed,Faisalabad
ORD-011096,CUST-00681,2026-08-17,Completed,Karachi
ORD-011097,CUST-01189,2026-08-17,Completed,Gujranwala
ORD-011098,CUST-00702,2026-08-17,Completed,Karachi
ORD-011099,CUST-00007,2026-08-17,Completed,Sialkot
ORD-011100,CUST-01449,2026-08-17,Cancelled,Karachi
ORD-011101,CUST-00637,2026-08-17,Completed,Karachi
ORD-011102,CUST-00712,2026-08-17,Completed,Gujranwala
ORD-011103,CUST-00683,2026-08-17,Completed,Abbottabad
ORD-011104,CUST-00637,2026-08-17,Completed,Karachi
ORD-011105,CUST-01390,2026-08-17,Completed,Gujranwala
ORD-011106,CUST-00361,2026-08-18,Completed,Quetta
ORD-011107,CUST-00423,2026-08-18,Completed,Karachi
ORD-011108,CUST-01223,2026-08-18,Completed,Faisalabad
ORD-011109,CUST-01352,2026-08-18,Completed,Karachi
ORD-011110,CUST-01266,2026-08-18,Returned,Lahore
ORD-011111,CUST-00058,2026-08-18,Completed,Multan
ORD-011112,CUST-00088,2026-08-18,Completed,Lahore
ORD-011113,CUST-00483,2026-08-18,Pending,Faisalabad
ORD-011114,CUST-00526,2026-08-18,Returned,Lahore
ORD-011115,CUST-00162,2026-08-18,Completed,Lahore
ORD-011116,CUST-00567,2026-08-18,Completed,Bahawalpur
ORD-011117,CUST-01327,2026-08-18,Pending,Abbottabad
ORD-011118,CUST-00279,2026-08-18,Completed,Rawalpindi
ORD-011119,CUST-00654,2026-08-18,Completed,Karachi
ORD-011120,CUST-01261,2026-08-18,Completed,Lahore
ORD-011121,CUST-01022,2026-08-18,Cancelled,Quetta
ORD-011122,CUST-01120,2026-08-18,Completed,Lahore
ORD-011123,CUST-00130,2026-08-18,Completed,Gujranwala
ORD-011124,CUST-01179,2026-08-18,Completed,Rawalpindi
ORD-011125,CUST-00504,2026-08-18,Completed,Karachi
ORD-011126,CUST-00615,2026-08-18,Completed,Mirpur Khas
ORD-011127,CUST-00321,2026-08-18,Completed,Sialkot
ORD-011128,CUST-00702,2026-08-18,Completed,Bahawalpur
ORD-011129,CUST-00946,2026-08-18,Completed,Peshawar
ORD-011130,CUST-01281,2026-08-18,Completed,Quetta
ORD-011131,CUST-00697,2026-08-18,Returned,Islamabad
ORD-011132,CUST-00927,2026-08-18,Completed,Multan
ORD-011133,CUST-00386,2026-08-18,Completed,Peshawar
ORD-011134,CUST-01216,2026-08-19,Completed,Sialkot
ORD-011135,CUST-00408,2026-08-19,Completed,Karachi
ORD-011136,CUST-00920,2026-08-19,Completed,Faisalabad
ORD-011137,CUST-00140,2026-08-19,Completed,Sahiwal
ORD-011138,CUST-00137,2026-08-19,Completed,Lahore
ORD-011139,CUST-00863,2026-08-19,Completed,Lahore
ORD-011140,CUST-00244,2026-08-19,Completed,Rawalpindi
ORD-011141,CUST-00657,2026-08-19,Completed,Faisalabad
ORD-011142,CUST-00395,2026-08-19,Completed,Karachi
ORD-011143,CUST-01369,2026-08-19,Completed,Faisalabad
ORD-011144,CUST-01151,2026-08-19,Returned,Islamabad
ORD-011145,CUST-00933,2026-08-19,Completed,Islamabad
ORD-011146,CUST-01243,2026-08-19,Completed,Quetta
ORD-011147,CUST-00850,2026-08-19,Completed,Quetta
ORD-011148,CUST-00477,2026-08-19,Returned,Rawalpindi
ORD-011149,CUST-00986,2026-08-19,Completed,Karachi
ORD-011150,CUST-00450,2026-08-19,Completed,Bahawalpur
ORD-011151,CUST-00891,2026-08-20,Completed,Hyderabad
ORD-011152,CUST-00710,2026-08-20,Completed,Gwadar
ORD-011153,CUST-00712,2026-08-20,Completed,Gujranwala
ORD-011154,CUST-00281,2026-08-20,Completed,Sukkur
ORD-011155,CUST-00801,2026-08-20,Completed,Karachi
ORD-011156,CUST-00929,2026-08-20,Completed,Karachi
ORD-011157,CUST-00461,2026-08-20,Completed,Multan
ORD-011158,CUST-00079,2026-08-20,Completed,Peshawar
ORD-011159,CUST-00152,2026-08-20,Completed,Hyderabad
ORD-011160,CUST-00975,2026-08-20,Completed,Rahim Yar Khan
ORD-011161,CUST-00075,2026-08-20,Completed,Islamabad
ORD-011162,CUST-01145,2026-08-20,Completed,Rahim Yar Khan
ORD-011163,CUST-01233,2026-08-20,Cancelled,Hyderabad
ORD-011164,CUST-00117,2026-08-20,Pending,Faisalabad
ORD-011165,CUST-01255,2026-08-20,Cancelled,Lahore
ORD-011166,CUST-00740,2026-08-20,Completed,Sialkot
ORD-011167,CUST-01106,2026-08-20,Completed,Lahore
ORD-011168,CUST-00615,2026-08-20,Completed,Mirpur Khas
ORD-011169,CUST-00936,2026-08-20,Completed,Gujranwala
ORD-011170,CUST-00777,2026-08-20,Completed,Hyderabad
ORD-011171,CUST-00774,2026-08-20,Cancelled,Karachi
ORD-011172,CUST-01266,2026-08-20,Completed,Lahore
ORD-011173,CUST-00724,2026-08-20,Completed,Karachi
ORD-011174,CUST-00772,2026-08-20,Returned,Rahim Yar Khan
ORD-011175,CUST-00866,2026-08-20,Completed,Hyderabad
ORD-011176,CUST-00691,2026-08-20,Returned,Karachi
ORD-011177,CUST-00683,2026-08-20,Completed,Abbottabad
ORD-011178,CUST-00187,2026-08-20,Completed,Karachi
ORD-011179,CUST-00004,2026-08-21,Completed,Quetta
ORD-011180,CUST-01085,2026-08-21,Completed,Lahore
ORD-011181,CUST-00519,2026-08-21,Completed,Faisalabad
ORD-011182,CUST-00640,2026-08-21,Completed,Islamabad
ORD-011183,CUST-01439,2026-08-21,Completed,Rawalpindi
ORD-011184,CUST-00801,2026-08-21,Completed,Peshawar
ORD-011185,CUST-00957,2026-08-21,Completed,Faisalabad
ORD-011186,CUST-00886,2026-08-21,Completed,Islamabad
ORD-011187,CUST-00792,2026-08-21,Completed,Lahore
ORD-011188,CUST-01294,2026-08-21,Completed,Sargodha
ORD-011189,CUST-01252,2026-08-21,Completed,Lahore
ORD-011190,CUST-00882,2026-08-21,Completed,Lahore
ORD-011191,CUST-00964,2026-08-21,Completed,Lahore
ORD-011192,CUST-00051,2026-08-22,Completed,Lahore
ORD-011193,CUST-00641,2026-08-22,Pending,Lahore
ORD-011194,CUST-00641,2026-08-22,Completed,Lahore
ORD-011195,CUST-00074,2026-08-22,Completed,Gujranwala
ORD-011196,CUST-01200,2026-08-22,Completed,Sargodha
ORD-011197,CUST-01410,2026-08-22,Completed,Karachi
ORD-011198,CUST-01178,2026-08-22,Completed,Karachi
ORD-011199,CUST-00400,2026-08-22,Completed,Rawalpindi
ORD-011200,CUST-00642,2026-08-22,Completed,Abbottabad
ORD-011201,CUST-01027,2026-08-22,Completed,Lahore
ORD-011202,CUST-01060,2026-08-22,Completed,Sialkot
ORD-011203,CUST-01294,2026-08-22,Cancelled,Sargodha
ORD-011204,CUST-00181,2026-08-22,Completed,Islamabad
ORD-011205,CUST-00003,2026-08-22,Pending,Sargodha
ORD-011206,CUST-00196,2026-08-22,Completed,Sahiwal
ORD-011207,CUST-00020,2026-08-22,Completed,Bahawalpur
ORD-011208,CUST-01226,2026-08-22,Returned,Lahore
ORD-011209,CUST-00778,2026-08-23,Returned,Rawalpindi
ORD-011210,CUST-00214,2026-08-23,Completed,Islamabad
ORD-011211,CUST-01413,2026-08-23,Completed,Hyderabad
ORD-011212,CUST-00108,2026-08-23,Completed,Karachi
ORD-011213,CUST-01120,2026-08-23,Completed,Hyderabad
ORD-011214,CUST-00420,2026-08-23,Completed,Karachi
ORD-011215,CUST-00767,2026-08-23,Completed,Hyderabad
ORD-011216,CUST-00546,2026-08-23,Completed,Multan
ORD-011217,CUST-01083,2026-08-23,Returned,Rawalpindi
ORD-011218,CUST-00687,2026-08-23,Completed,Karachi
ORD-011219,CUST-00651,2026-08-23,Completed,Karachi
ORD-011220,CUST-01030,2026-08-23,Completed,Lahore
ORD-011221,CUST-00873,2026-08-23,Completed,Faisalabad
ORD-011222,CUST-01050,2026-08-24,Completed,Gujranwala
ORD-011223,CUST-00423,2026-08-24,Completed,Lahore
ORD-011224,CUST-01049,2026-08-24,Completed,Gujranwala
ORD-011225,CUST-00059,2026-08-24,Completed,Peshawar
ORD-011226,CUST-01417,2026-08-24,Completed,Lahore
ORD-011227,CUST-01210,2026-08-24,Completed,Multan
ORD-011228,CUST-00597,2026-08-24,Completed,Peshawar
ORD-011229,CUST-01184,2026-08-24,Completed,Lahore
ORD-011230,CUST-01299,2026-08-24,Completed,Quetta
ORD-011231,CUST-01346,2026-08-24,Completed,Lahore
ORD-011232,CUST-00965,2026-08-24,Completed,Rawalpindi
ORD-011233,CUST-01204,2026-08-24,Completed,Faisalabad
ORD-011234,CUST-01195,2026-08-24,Returned,Karachi
ORD-011235,CUST-00824,2026-08-24,Completed,Karachi
ORD-011236,CUST-01282,2026-08-24,Completed,Islamabad
ORD-011237,CUST-01281,2026-08-24,Completed,Karachi
ORD-011238,CUST-01152,2026-08-24,Completed,Lahore
ORD-011239,CUST-00677,2026-08-24,Completed,Karachi
ORD-011240,CUST-01171,2026-08-24,Completed,Lahore
ORD-011241,CUST-00389,2026-08-24,Completed,Sargodha
ORD-011242,CUST-01447,2026-08-24,Returned,Karachi
ORD-011243,CUST-00557,2026-08-24,Completed,Gwadar
ORD-011244,CUST-00748,2026-08-24,Completed,Peshawar
ORD-011245,CUST-01268,2026-08-24,Completed,Multan
ORD-011246,CUST-01428,2026-08-24,Completed,Rawalpindi
ORD-011247,CUST-01075,2026-08-24,Pending,Gujranwala
ORD-011248,CUST-01447,2026-08-25,Returned,Karachi
ORD-011249,CUST-00274,2026-08-25,Completed,Faisalabad
ORD-011250,CUST-00778,2026-08-25,Completed,Faisalabad
ORD-011251,CUST-01023,2026-08-25,Cancelled,Quetta
ORD-011252,CUST-00218,2026-08-25,Completed,Faisalabad
ORD-011253,CUST-00074,2026-08-25,Completed,Sialkot
ORD-011254,CUST-01110,2026-08-25,Completed,Faisalabad
ORD-011255,CUST-01348,2026-08-25,Completed,Islamabad
ORD-011256,CUST-01113,2026-08-25,Completed,Sialkot
ORD-011257,CUST-00022,2026-08-25,Completed,Lahore
ORD-011258,CUST-01116,2026-08-25,Completed,Mardan
ORD-011259,CUST-00748,2026-08-25,Completed,Peshawar
ORD-011260,CUST-01349,2026-08-25,Completed,Multan
ORD-011261,CUST-00815,2026-08-25,Completed,Sialkot
ORD-011262,CUST-00699,2026-08-25,Completed,Karachi
ORD-011263,CUST-01376,2026-08-25,Completed,Quetta
ORD-011264,CUST-01429,2026-08-25,Completed,Lahore
ORD-011265,CUST-00192,2026-08-25,Completed,Mirpur Khas
ORD-011266,CUST-00582,2026-08-25,Completed,Karachi
ORD-011267,CUST-01003,2026-08-25,Completed,Multan
ORD-011268,CUST-01154,2026-08-26,Completed,Lahore
ORD-011269,CUST-00944,2026-08-26,Completed,Karachi
ORD-011270,CUST-00039,2026-08-26,Returned,Rawalpindi
ORD-011271,CUST-00095,2026-08-26,Completed,Peshawar
ORD-011272,CUST-01380,2026-08-26,Returned,Gujranwala
ORD-011273,CUST-00550,2026-08-26,Completed,Karachi
ORD-011274,CUST-01033,2026-08-26,Pending,Faisalabad
ORD-011275,CUST-01006,2026-08-26,Completed,Faisalabad
ORD-011276,CUST-01049,2026-08-26,Completed,Gujranwala
ORD-011277,CUST-01292,2026-08-26,Completed,Lahore
ORD-011278,CUST-00258,2026-08-26,Returned,Quetta
ORD-011279,CUST-01406,2026-08-26,Completed,Quetta
ORD-011280,CUST-00474,2026-08-26,Completed,Karachi
ORD-011281,CUST-01105,2026-08-26,Completed,Rawalpindi
ORD-011282,CUST-01272,2026-08-26,Completed,Islamabad
ORD-011283,CUST-00471,2026-08-26,Completed,Karachi
ORD-011284,CUST-00458,2026-08-26,Completed,Hyderabad
ORD-011285,CUST-00029,2026-08-26,Completed,Lahore
ORD-011286,CUST-00380,2026-08-26,Completed,Sargodha
ORD-011287,CUST-01217,2026-08-26,Completed,Karachi
ORD-011288,CUST-01086,2026-08-26,Completed,Lahore
ORD-011289,CUST-00271,2026-08-26,Returned,Rawalpindi
ORD-011290,CUST-00814,2026-08-26,Returned,Faisalabad
ORD-011291,CUST-00292,2026-08-26,Completed,Karachi
ORD-011292,CUST-00015,2026-08-27,Completed,Islamabad
ORD-011293,CUST-00680,2026-08-27,Completed,Gwadar
ORD-011294,CUST-01430,2026-08-27,Completed,Karachi
ORD-011295,CUST-00642,2026-08-27,Completed,Abbottabad
ORD-011296,CUST-01151,2026-08-27,Returned,Sargodha
ORD-011297,CUST-01151,2026-08-27,Returned,Sargodha
ORD-011298,CUST-01080,2026-08-27,Completed,Islamabad
ORD-011299,CUST-00483,2026-08-27,Completed,Faisalabad
ORD-011300,CUST-00150,2026-08-27,Completed,Sahiwal
ORD-011301,CUST-01207,2026-08-27,Cancelled,Lahore
ORD-011302,CUST-01293,2026-08-27,Completed,Bahawalpur
ORD-011303,CUST-01318,2026-08-27,Returned,Peshawar
ORD-011304,CUST-00830,2026-08-27,Completed,Karachi
ORD-011305,CUST-00768,2026-08-27,Cancelled,Peshawar
ORD-011306,CUST-00777,2026-08-27,Returned,Hyderabad
ORD-011307,CUST-01370,2026-08-27,Returned,Karachi
ORD-011308,CUST-00055,2026-08-27,Completed,Lahore
ORD-011309,CUST-00840,2026-08-27,Completed,Peshawar
ORD-011310,CUST-00894,2026-08-27,Pending,Rawalpindi
ORD-011311,CUST-00894,2026-08-27,Pending,Rawalpindi
ORD-011312,CUST-01300,2026-08-27,Completed,Rawalpindi
ORD-011313,CUST-01383,2026-08-27,Completed,Lahore
ORD-011314,CUST-01495,2026-08-27,Completed,Faisalabad
ORD-011315,CUST-00741,2026-08-27,Completed,Karachi
ORD-011316,CUST-00798,2026-08-27,Returned,Rawalpindi
ORD-011317,CUST-00949,2026-08-27,Completed,Faisalabad
ORD-011318,CUST-00380,2026-08-27,Cancelled,Sukkur
ORD-011319,CUST-01038,2026-08-27,Completed,Faisalabad
ORD-011320,CUST-00578,2026-08-28,Completed,Rawalpindi
ORD-011321,CUST-00152,2026-08-28,Completed,Hyderabad
ORD-011322,CUST-00162,2026-08-28,Returned,Lahore
ORD-011323,CUST-00667,2026-08-28,Completed,Islamabad
ORD-011324,CUST-01386,2026-08-28,Pending,Faisalabad
ORD-011325,CUST-01027,2026-08-28,Completed,Lahore
ORD-011326,CUST-00096,2026-08-28,Pending,Lahore
ORD-011327,CUST-00971,2026-08-28,Completed,Lahore
ORD-011328,CUST-00692,2026-08-28,Completed,Karachi
ORD-011329,CUST-00114,2026-08-28,Pending,Rawalpindi
ORD-011330,CUST-00256,2026-08-28,Completed,Quetta
ORD-011331,CUST-01113,2026-08-28,Completed,Sialkot
ORD-011332,CUST-00956,2026-08-28,Cancelled,Rawalpindi
ORD-011333,CUST-00258,2026-08-28,Completed,Abbottabad
ORD-011334,CUST-00532,2026-08-28,Completed,Karachi
ORD-011335,CUST-01037,2026-08-28,Pending,Peshawar
ORD-011336,CUST-01211,2026-08-28,Completed,Quetta
ORD-011337,CUST-01270,2026-08-28,Completed,Peshawar
ORD-011338,CUST-00178,2026-08-28,Completed,Karachi
ORD-011339,CUST-00069,2026-08-28,Pending,Faisalabad
ORD-011340,CUST-01443,2026-08-28,Cancelled,Faisalabad
ORD-011341,CUST-01055,2026-08-28,Completed,Faisalabad
ORD-011342,CUST-01446,2026-08-28,Completed,Peshawar
ORD-011343,CUST-00464,2026-08-28,Completed,Islamabad
ORD-011344,CUST-00248,2026-08-28,Completed,Sahiwal
ORD-011345,CUST-00073,2026-08-28,Completed,Rahim Yar Khan
ORD-011346,CUST-00709,2026-08-28,Completed,Gujranwala
ORD-011347,CUST-01378,2026-08-28,Completed,Karachi
ORD-011348,CUST-01142,2026-08-28,Completed,Karachi
ORD-011349,CUST-00049,2026-08-28,Completed,Bahawalpur
ORD-011350,CUST-00999,2026-08-29,Returned,Lahore
ORD-011351,CUST-01293,2026-08-29,Completed,Bahawalpur
ORD-011352,CUST-00797,2026-08-29,Completed,Karachi
ORD-011353,CUST-00697,2026-08-29,Returned,Islamabad
ORD-011354,CUST-00156,2026-08-29,Returned,Abbottabad
ORD-011355,CUST-00624,2026-08-29,Completed,Sialkot
ORD-011356,CUST-00283,2026-08-29,Completed,Gujranwala
ORD-011357,CUST-00196,2026-08-29,Completed,Sahiwal
ORD-011358,CUST-00068,2026-08-29,Pending,Islamabad
ORD-011359,CUST-01382,2026-08-29,Completed,Lahore
ORD-011360,CUST-01078,2026-08-29,Completed,Bahawalpur
ORD-011361,CUST-01280,2026-08-29,Completed,Rawalpindi
ORD-011362,CUST-01365,2026-08-29,Completed,Rawalpindi
ORD-011363,CUST-01284,2026-08-29,Cancelled,Rawalpindi
ORD-011364,CUST-00542,2026-08-29,Completed,Rawalpindi
ORD-011365,CUST-00368,2026-08-29,Pending,Islamabad
ORD-011366,CUST-00526,2026-08-29,Completed,Lahore
ORD-011367,CUST-00677,2026-08-29,Completed,Karachi
ORD-011368,CUST-01284,2026-08-29,Completed,Sukkur
ORD-011369,CUST-01031,2026-08-29,Completed,Lahore
ORD-011370,CUST-00902,2026-08-29,Completed,Lahore
ORD-011371,CUST-01479,2026-08-29,Completed,Multan
ORD-011372,CUST-00496,2026-08-29,Completed,Rahim Yar Khan
ORD-011373,CUST-00616,2026-08-29,Pending,Islamabad
ORD-011374,CUST-00944,2026-08-29,Completed,Karachi
ORD-011375,CUST-01428,2026-08-30,Completed,Rawalpindi
ORD-011376,CUST-00387,2026-08-30,Pending,Karachi
ORD-011377,CUST-00586,2026-08-30,Completed,Sargodha
ORD-011378,CUST-01318,2026-08-30,Completed,Peshawar
ORD-011379,CUST-00464,2026-08-30,Returned,Islamabad
ORD-011380,CUST-00447,2026-08-30,Completed,Lahore
ORD-011381,CUST-00917,2026-08-30,Completed,Lahore
ORD-011382,CUST-00830,2026-08-30,Completed,Karachi
ORD-011383,CUST-00743,2026-08-30,Completed,Rawalpindi
ORD-011384,CUST-00864,2026-08-30,Completed,Lahore
ORD-011385,CUST-00289,2026-08-30,Returned,Karachi
ORD-011386,CUST-00059,2026-08-30,Completed,Karachi
ORD-011387,CUST-00336,2026-08-30,Completed,Peshawar
ORD-011388,CUST-00867,2026-08-30,Completed,Gujranwala
ORD-011389,CUST-01383,2026-08-31,Completed,Sukkur
ORD-011390,CUST-00824,2026-08-31,Completed,Karachi
ORD-011391,CUST-01099,2026-08-31,Cancelled,Karachi
ORD-011392,CUST-00613,2026-08-31,Pending,Peshawar
ORD-011393,CUST-01395,2026-08-31,Completed,Islamabad
ORD-011394,CUST-01329,2026-08-31,Completed,Multan
ORD-011395,CUST-00219,2026-08-31,Pending,Karachi
ORD-011396,CUST-00929,2026-08-31,Cancelled,Sialkot
ORD-011397,CUST-00914,2026-08-31,Completed,Peshawar
ORD-011398,CUST-00973,2026-08-31,Cancelled,Lahore
ORD-011399,CUST-00400,2026-08-31,Completed,Rawalpindi
ORD-011400,CUST-00681,2026-08-31,Completed,Karachi
ORD-011401,CUST-01376,2026-08-31,Completed,Karachi
ORD-011402,CUST-01346,2026-08-31,Completed,Lahore
ORD-011403,CUST-01001,2026-08-31,Completed,Rawalpindi
ORD-011404,CUST-00859,2026-08-31,Completed,Bahawalpur
ORD-011405,CUST-01280,2026-08-31,Completed,Peshawar
ORD-011406,CUST-01179,2026-08-31,Completed,Rawalpindi
ORD-011407,CUST-00055,2026-08-31,Pending,Bahawalpur
ORD-011408,CUST-00901,2026-08-31,Completed,Karachi
ORD-011409,CUST-00508,2026-08-31,Completed,Karachi
ORD-011410,CUST-01020,2026-09-01,Pending,Rahim Yar Khan
ORD-011411,CUST-00181,2026-09-01,Pending,Islamabad
ORD-011412,CUST-01380,2026-09-01,Completed,Multan
ORD-011413,CUST-01383,2026-09-01,Completed,Lahore
ORD-011414,CUST-01079,2026-09-01,Completed,Karachi
ORD-011415,CUST-00275,2026-09-01,Pending,Karachi
ORD-011416,CUST-00016,2026-09-01,Completed,Karachi
ORD-011417,CUST-00927,2026-09-01,Completed,Multan
ORD-011418,CUST-00383,2026-09-01,Completed,Lahore
ORD-011419,CUST-00669,2026-09-01,Pending,Abbottabad
ORD-011420,CUST-00501,2026-09-01,Completed,Karachi
ORD-011421,CUST-01270,2026-09-01,Completed,Peshawar
ORD-011422,CUST-01089,2026-09-01,Completed,Rawalpindi
ORD-011423,CUST-01460,2026-09-01,Pending,Bahawalpur
ORD-011424,CUST-00578,2026-09-01,Completed,Rawalpindi
ORD-011425,CUST-01120,2026-09-01,Pending,Islamabad
ORD-011426,CUST-00360,2026-09-01,Completed,Karachi
ORD-011427,CUST-00354,2026-09-01,Pending,Rawalpindi
ORD-011428,CUST-00432,2026-09-01,Pending,Sargodha
ORD-011429,CUST-00964,2026-09-01,Pending,Lahore
ORD-011430,CUST-01385,2026-09-01,Completed,Abbottabad
ORD-011431,CUST-00876,2026-09-01,Pending,Lahore
ORD-011432,CUST-01138,2026-09-02,Pending,Hyderabad
ORD-011433,CUST-00561,2026-09-02,Pending,Lahore
ORD-011434,CUST-00532,2026-09-02,Completed,Peshawar
ORD-011435,CUST-00014,2026-09-02,Pending,Mirpur Khas
ORD-011436,CUST-01105,2026-09-02,Pending,Rahim Yar Khan
ORD-011437,CUST-01410,2026-09-02,Completed,Karachi
ORD-011438,CUST-00027,2026-09-02,Pending,Lahore
ORD-011439,CUST-01365,2026-09-02,Completed,Rawalpindi
ORD-011440,CUST-00908,2026-09-02,Pending,Gujranwala
ORD-011441,CUST-01401,2026-09-02,Pending,Lahore
ORD-011442,CUST-00459,2026-09-02,Completed,Lahore
ORD-011443,CUST-01250,2026-09-02,Completed,Lahore
ORD-011444,CUST-00466,2026-09-02,Pending,Sialkot
ORD-011445,CUST-01022,2026-09-02,Completed,Quetta
ORD-011446,CUST-00529,2026-09-02,Pending,Peshawar
ORD-011447,CUST-00210,2026-09-02,Pending,Multan
ORD-011448,CUST-00441,2026-09-02,Pending,Multan
ORD-011449,CUST-01149,2026-09-02,Pending,Islamabad
ORD-011450,CUST-00224,2026-09-02,Completed,Karachi
ORD-011451,CUST-01498,2026-09-02,Pending,Karachi
ORD-011452,CUST-00944,2026-09-02,Pending,Abbottabad
ORD-011453,CUST-00215,2026-09-02,Completed,Gwadar
ORD-011454,CUST-00717,2026-09-03,Completed,Multan
ORD-011455,CUST-00660,2026-09-03,Completed,Islamabad
ORD-011456,CUST-00798,2026-09-03,Completed,Karachi
ORD-011457,CUST-01272,2026-09-03,Completed,Islamabad
ORD-011458,CUST-01434,2026-09-03,Completed,Quetta
ORD-011459,CUST-01006,2026-09-03,Pending,Rawalpindi
ORD-011460,CUST-00529,2026-09-03,Pending,Peshawar
ORD-011461,CUST-01183,2026-09-03,Completed,Gujranwala
ORD-011462,CUST-01315,2026-09-03,Completed,Rawalpindi
ORD-011463,CUST-00317,2026-09-03,Completed,Gujranwala
ORD-011464,CUST-00959,2026-09-03,Completed,Rawalpindi
ORD-011465,CUST-01364,2026-09-03,Completed,Karachi
ORD-011466,CUST-00063,2026-09-03,Pending,Lahore
ORD-011467,CUST-00475,2026-09-03,Pending,Gwadar
ORD-011468,CUST-00597,2026-09-03,Pending,Lahore
ORD-011469,CUST-00392,2026-09-03,Completed,Lahore
ORD-011470,CUST-01063,2026-09-03,Completed,Lahore
ORD-011471,CUST-00121,2026-09-03,Returned,Karachi
ORD-011472,CUST-00957,2026-09-03,Pending,Faisalabad
ORD-011473,CUST-00995,2026-09-04,Completed,Karachi
ORD-011474,CUST-00532,2026-09-04,Pending,Karachi
ORD-011475,CUST-00578,2026-09-04,Pending,Rawalpindi
ORD-011476,CUST-00811,2026-09-04,Completed,Gwadar
ORD-011477,CUST-00329,2026-09-04,Pending,Peshawar
ORD-011478,CUST-00615,2026-09-04,Pending,Mirpur Khas
ORD-011479,CUST-00924,2026-09-04,Pending,Peshawar
ORD-011480,CUST-01449,2026-09-04,Pending,Karachi
ORD-011481,CUST-01293,2026-09-04,Pending,Bahawalpur
ORD-011482,CUST-00030,2026-09-04,Pending,Sargodha
ORD-011483,CUST-00974,2026-09-04,Pending,Peshawar
ORD-011484,CUST-00977,2026-09-04,Completed,Karachi
ORD-011485,CUST-00067,2026-09-04,Completed,Rawalpindi
ORD-011486,CUST-00286,2026-09-04,Completed,Lahore
ORD-011487,CUST-01275,2026-09-04,Completed,Sargodha
ORD-011488,CUST-00020,2026-09-04,Completed,Bahawalpur
ORD-011489,CUST-00644,2026-09-04,Pending,Sukkur
ORD-011490,CUST-01423,2026-09-04,Pending,Karachi
ORD-011491,CUST-00565,2026-09-04,Completed,Gujranwala
ORD-011492,CUST-01023,2026-09-04,Pending,Quetta
ORD-011493,CUST-01195,2026-09-04,Completed,Karachi
ORD-011494,CUST-00425,2026-09-04,Pending,Gujranwala
ORD-011495,CUST-00717,2026-09-04,Completed,Gujranwala
ORD-011496,CUST-00784,2026-09-04,Completed,Hyderabad
ORD-011497,CUST-00763,2026-09-04,Returned,Karachi
ORD-011498,CUST-00562,2026-09-05,Completed,Rawalpindi
ORD-011499,CUST-00055,2026-09-05,Completed,Lahore
ORD-011500,CUST-00015,2026-09-05,Pending,Islamabad
ORD-011501,CUST-00212,2026-09-05,Completed,Karachi
ORD-011502,CUST-01401,2026-09-05,Completed,Lahore
ORD-011503,CUST-00462,2026-09-05,Pending,Karachi
ORD-011504,CUST-00377,2026-09-05,Completed,Faisalabad
ORD-011505,CUST-00782,2026-09-05,Returned,Karachi
ORD-011506,CUST-00569,2026-09-05,Pending,Lahore
ORD-011507,CUST-01056,2026-09-05,Completed,Abbottabad
ORD-011508,CUST-00591,2026-09-05,Completed,Bahawalpur
ORD-011509,CUST-00981,2026-09-05,Pending,Multan
ORD-011510,CUST-00725,2026-09-05,Completed,Peshawar
ORD-011511,CUST-01376,2026-09-05,Completed,Quetta
ORD-011512,CUST-00245,2026-09-05,Pending,Hyderabad
ORD-011513,CUST-00685,2026-09-05,Completed,Karachi
ORD-011514,CUST-01093,2026-09-05,Completed,Karachi
ORD-011515,CUST-01292,2026-09-06,Completed,Lahore
ORD-011516,CUST-00950,2026-09-06,Completed,Lahore
ORD-011517,CUST-00367,2026-09-06,Cancelled,Gwadar
ORD-011518,CUST-00234,2026-09-06,Completed,Karachi
ORD-011519,CUST-01476,2026-09-06,Completed,Rawalpindi
ORD-011520,CUST-00440,2026-09-06,Completed,Bahawalpur
ORD-011521,CUST-01398,2026-09-06,Cancelled,Sukkur
ORD-011522,CUST-00403,2026-09-06,Completed,Karachi
ORD-011523,CUST-01388,2026-09-07,Returned,Hyderabad
ORD-011524,CUST-00631,2026-09-07,Completed,Islamabad
ORD-011525,CUST-00630,2026-09-07,Pending,Karachi
ORD-011526,CUST-00764,2026-09-07,Returned,Sahiwal
ORD-011527,CUST-01167,2026-09-07,Completed,Bahawalpur
ORD-011528,CUST-00163,2026-09-07,Pending,Multan
ORD-011529,CUST-01392,2026-09-07,Completed,Karachi
ORD-011530,CUST-00290,2026-09-07,Pending,Sukkur
ORD-011531,CUST-01383,2026-09-07,Returned,Rawalpindi
ORD-011532,CUST-00409,2026-09-07,Completed,Peshawar
ORD-011533,CUST-01061,2026-09-07,Completed,Islamabad
ORD-011534,CUST-00575,2026-09-07,Completed,Karachi
ORD-011535,CUST-00153,2026-09-07,Completed,Lahore
ORD-011536,CUST-01114,2026-09-07,Completed,Karachi
ORD-011537,CUST-00518,2026-09-07,Completed,Lahore
ORD-011538,CUST-00909,2026-09-07,Completed,Lahore
ORD-011539,CUST-00665,2026-09-07,Pending,Lahore
ORD-011540,CUST-01085,2026-09-07,Pending,Lahore
ORD-011541,CUST-00716,2026-09-07,Pending,Gujranwala
ORD-011542,CUST-01439,2026-09-07,Completed,Rawalpindi
ORD-011543,CUST-00069,2026-09-07,Completed,Faisalabad
ORD-011544,CUST-00907,2026-09-07,Pending,Bahawalpur
ORD-011545,CUST-00788,2026-09-07,Pending,Hyderabad
ORD-011546,CUST-00665,2026-09-07,Completed,Karachi
ORD-011547,CUST-01207,2026-09-07,Completed,Lahore
ORD-011548,CUST-00588,2026-09-08,Completed,Peshawar
ORD-011549,CUST-00857,2026-09-08,Returned,Bahawalpur
ORD-011550,CUST-00793,2026-09-08,Completed,Peshawar
ORD-011551,CUST-01068,2026-09-08,Pending,Karachi
ORD-011552,CUST-00642,2026-09-08,Completed,Abbottabad
ORD-011553,CUST-00752,2026-09-08,Returned,Rawalpindi
ORD-011554,CUST-00715,2026-09-08,Completed,Rawalpindi
ORD-011555,CUST-01474,2026-09-08,Completed,Gujranwala
ORD-011556,CUST-00591,2026-09-08,Pending,Quetta
ORD-011557,CUST-00416,2026-09-08,Completed,Karachi
ORD-011558,CUST-00792,2026-09-08,Cancelled,Lahore
ORD-011559,CUST-00958,2026-09-08,Cancelled,Rahim Yar Khan
ORD-011560,CUST-01472,2026-09-08,Completed,Bahawalpur
ORD-011561,CUST-00780,2026-09-08,Completed,Faisalabad
ORD-011562,CUST-00683,2026-09-08,Completed,Abbottabad
ORD-011563,CUST-00137,2026-09-08,Pending,Lahore
ORD-011564,CUST-01093,2026-09-08,Pending,Lahore
ORD-011565,CUST-01492,2026-09-08,Completed,Karachi
ORD-011566,CUST-00490,2026-09-08,Completed,Lahore
ORD-011567,CUST-00892,2026-09-08,Pending,Karachi
ORD-011568,CUST-00492,2026-09-08,Completed,Rawalpindi
ORD-011569,CUST-00183,2026-09-08,Returned,Karachi
ORD-011570,CUST-00004,2026-09-08,Pending,Sargodha
ORD-011571,CUST-01261,2026-09-08,Completed,Lahore
ORD-011572,CUST-00354,2026-09-08,Completed,Rawalpindi
ORD-011573,CUST-01250,2026-09-08,Completed,Lahore
ORD-011574,CUST-01386,2026-09-09,Completed,Faisalabad
ORD-011575,CUST-00354,2026-09-09,Returned,Rawalpindi
ORD-011576,CUST-00087,2026-09-09,Completed,Lahore
ORD-011577,CUST-00977,2026-09-09,Completed,Karachi
ORD-011578,CUST-00531,2026-09-09,Completed,Hyderabad
ORD-011579,CUST-01288,2026-09-09,Completed,Lahore
ORD-011580,CUST-01450,2026-09-09,Returned,Bahawalpur
ORD-011581,CUST-00473,2026-09-09,Completed,Gujranwala
ORD-011582,CUST-01144,2026-09-09,Pending,Faisalabad
ORD-011583,CUST-00974,2026-09-09,Pending,Peshawar
ORD-011584,CUST-01267,2026-09-09,Completed,Lahore
ORD-011585,CUST-00546,2026-09-09,Completed,Rawalpindi
ORD-011586,CUST-00477,2026-09-09,Pending,Islamabad
ORD-011587,CUST-01118,2026-09-09,Pending,Mardan
ORD-011588,CUST-01484,2026-09-09,Pending,Lahore
ORD-011589,CUST-00812,2026-09-09,Pending,Abbottabad
ORD-011590,CUST-00272,2026-09-09,Completed,Quetta
ORD-011591,CUST-00063,2026-09-09,Pending,Lahore
ORD-011592,CUST-01040,2026-09-09,Completed,Quetta
ORD-011593,CUST-01188,2026-09-09,Cancelled,Karachi
ORD-011594,CUST-01098,2026-09-09,Pending,Gujranwala
ORD-011595,CUST-00986,2026-09-09,Pending,Karachi
ORD-011596,CUST-00408,2026-09-09,Completed,Karachi
ORD-011597,CUST-00519,2026-09-09,Pending,Faisalabad
ORD-011598,CUST-00224,2026-09-09,Pending,Karachi
ORD-011599,CUST-01076,2026-09-09,Pending,Islamabad
ORD-011600,CUST-01299,2026-09-09,Pending,Quetta
ORD-011601,CUST-00307,2026-09-09,Pending,Multan
ORD-011602,CUST-00409,2026-09-09,Completed,Peshawar
ORD-011603,CUST-00048,2026-09-09,Completed,Mardan
ORD-011604,CUST-00862,2026-09-10,Pending,Peshawar
ORD-011605,CUST-00564,2026-09-10,Pending,Karachi
ORD-011606,CUST-00330,2026-09-10,Pending,Rawalpindi
ORD-011607,CUST-00876,2026-09-10,Completed,Lahore
ORD-011608,CUST-00876,2026-09-10,Pending,Lahore
ORD-011609,CUST-00758,2026-09-10,Completed,Karachi
ORD-011610,CUST-01316,2026-09-10,Completed,Mardan
ORD-011611,CUST-00208,2026-09-10,Pending,Rawalpindi
ORD-011612,CUST-01031,2026-09-10,Completed,Lahore
ORD-011613,CUST-00873,2026-09-10,Completed,Faisalabad
ORD-011614,CUST-01256,2026-09-10,Pending,Karachi
ORD-011615,CUST-01416,2026-09-10,Returned,Gujranwala
ORD-011616,CUST-01338,2026-09-10,Pending,Karachi
ORD-011617,CUST-01378,2026-09-10,Completed,Karachi
ORD-011618,CUST-01490,2026-09-10,Returned,Lahore
ORD-011619,CUST-00422,2026-09-10,Completed,Sialkot
ORD-011620,CUST-01082,2026-09-10,Pending,Multan
ORD-011621,CUST-01429,2026-09-10,Pending,Lahore
ORD-011622,CUST-00573,2026-09-10,Pending,Karachi
ORD-011623,CUST-01023,2026-09-10,Pending,Lahore
ORD-011624,CUST-00665,2026-09-10,Pending,Lahore
ORD-011625,CUST-00073,2026-09-10,Pending,Rahim Yar Khan
ORD-011626,CUST-00377,2026-09-10,Returned,Karachi
ORD-011627,CUST-00648,2026-09-10,Cancelled,Gwadar
ORD-011628,CUST-01363,2026-09-11,Completed,Islamabad
ORD-011629,CUST-00376,2026-09-11,Completed,Islamabad
ORD-011630,CUST-00701,2026-09-11,Pending,Sargodha
ORD-011631,CUST-00752,2026-09-11,Completed,Karachi
ORD-011632,CUST-00789,2026-09-11,Pending,Faisalabad
ORD-011633,CUST-01370,2026-09-11,Pending,Karachi
ORD-011634,CUST-01360,2026-09-11,Pending,Islamabad
ORD-011635,CUST-00982,2026-09-11,Completed,Karachi
ORD-011636,CUST-00209,2026-09-11,Completed,Rawalpindi
ORD-011637,CUST-01279,2026-09-11,Pending,Lahore
ORD-011638,CUST-00022,2026-09-11,Completed,Lahore
ORD-011639,CUST-01256,2026-09-11,Returned,Karachi
ORD-011640,CUST-00957,2026-09-11,Pending,Faisalabad
ORD-011641,CUST-00088,2026-09-11,Pending,Faisalabad
ORD-011642,CUST-01253,2026-09-11,Completed,Rawalpindi
ORD-011643,CUST-00956,2026-09-11,Pending,Karachi
ORD-011644,CUST-01082,2026-09-11,Completed,Multan
ORD-011645,CUST-00966,2026-09-11,Completed,Karachi
ORD-011646,CUST-00270,2026-09-11,Completed,Karachi
ORD-011647,CUST-00815,2026-09-11,Pending,Sialkot
ORD-011648,CUST-00529,2026-09-11,Pending,Peshawar
ORD-011649,CUST-00226,2026-09-11,Pending,Islamabad
ORD-011650,CUST-00392,2026-09-11,Pending,Karachi
ORD-011651,CUST-01288,2026-09-11,Pending,Karachi
ORD-011652,CUST-01261,2026-09-11,Pending,Lahore
ORD-011653,CUST-01105,2026-09-11,Completed,Faisalabad
ORD-011654,CUST-00416,2026-09-12,Cancelled,Hyderabad
ORD-011655,CUST-00712,2026-09-12,Pending,Gujranwala
ORD-011656,CUST-00288,2026-09-12,Pending,Rawalpindi
ORD-011657,CUST-00276,2026-09-12,Completed,Lahore
ORD-011658,CUST-00981,2026-09-12,Completed,Faisalabad
ORD-011659,CUST-00741,2026-09-12,Completed,Karachi
ORD-011660,CUST-00729,2026-09-12,Completed,Bahawalpur
ORD-011661,CUST-01393,2026-09-12,Completed,Peshawar
ORD-011662,CUST-00884,2026-09-12,Pending,Sahiwal
ORD-011663,CUST-00567,2026-09-12,Pending,Bahawalpur
ORD-011664,CUST-00198,2026-09-12,Pending,Peshawar
ORD-011665,CUST-01064,2026-09-12,Pending,Lahore
ORD-011666,CUST-00072,2026-09-12,Pending,Karachi
ORD-011667,CUST-01247,2026-09-12,Pending,Islamabad
ORD-011668,CUST-01402,2026-09-12,Completed,Rawalpindi
ORD-011669,CUST-01268,2026-09-12,Completed,Sialkot
ORD-011670,CUST-00475,2026-09-12,Pending,Hyderabad
ORD-011671,CUST-00201,2026-09-12,Pending,Lahore
ORD-011672,CUST-00661,2026-09-12,Pending,Lahore
ORD-011673,CUST-01189,2026-09-12,Completed,Gujranwala
ORD-011674,CUST-00321,2026-09-12,Pending,Sialkot
ORD-011675,CUST-01281,2026-09-13,Completed,Quetta
ORD-011676,CUST-00879,2026-09-13,Completed,Islamabad
ORD-011677,CUST-01270,2026-09-13,Completed,Peshawar
ORD-011678,CUST-00600,2026-09-13,Completed,Sahiwal
ORD-011679,CUST-00005,2026-09-13,Returned,Faisalabad
ORD-011680,CUST-00116,2026-09-13,Pending,Karachi
ORD-011681,CUST-00196,2026-09-13,Completed,Sahiwal
ORD-011682,CUST-00692,2026-09-13,Completed,Karachi
ORD-011683,CUST-00530,2026-09-13,Completed,Lahore
ORD-011684,CUST-00346,2026-09-13,Completed,Gujranwala
ORD-011685,CUST-00624,2026-09-13,Completed,Sialkot
ORD-011686,CUST-00969,2026-09-13,Cancelled,Lahore
ORD-011687,CUST-01423,2026-09-13,Pending,Lahore
ORD-011688,CUST-00345,2026-09-14,Completed,Rahim Yar Khan
ORD-011689,CUST-00902,2026-09-14,Pending,Lahore
ORD-011690,CUST-00629,2026-09-14,Pending,Bahawalpur
ORD-011691,CUST-00608,2026-09-14,Pending,Quetta
ORD-011692,CUST-00837,2026-09-14,Returned,Lahore
ORD-011693,CUST-01100,2026-09-14,Pending,Rawalpindi
ORD-011694,CUST-00760,2026-09-14,Completed,Rawalpindi
ORD-011695,CUST-00293,2026-09-14,Pending,Islamabad
ORD-011696,CUST-00018,2026-09-14,Pending,Gujranwala
ORD-011697,CUST-00261,2026-09-14,Pending,Rawalpindi
ORD-011698,CUST-00139,2026-09-14,Completed,Peshawar
ORD-011699,CUST-00879,2026-09-14,Pending,Faisalabad
ORD-011700,CUST-01171,2026-09-14,Cancelled,Lahore
ORD-011701,CUST-00839,2026-09-14,Completed,Faisalabad
ORD-011702,CUST-01199,2026-09-14,Completed,Mirpur Khas
ORD-011703,CUST-00648,2026-09-14,Pending,Gwadar
ORD-011704,CUST-00871,2026-09-14,Returned,Multan
ORD-011705,CUST-00067,2026-09-14,Pending,Rawalpindi
ORD-011706,CUST-01165,2026-09-14,Completed,Karachi
ORD-011707,CUST-01419,2026-09-14,Pending,Sahiwal
ORD-011708,CUST-00677,2026-09-14,Pending,Karachi
ORD-011709,CUST-01500,2026-09-14,Returned,Karachi
ORD-011710,CUST-00563,2026-09-14,Completed,Hyderabad
ORD-011711,CUST-00781,2026-09-14,Pending,Lahore
ORD-011712,CUST-01119,2026-09-14,Completed,Rahim Yar Khan
ORD-011713,CUST-00213,2026-09-14,Completed,Lahore
ORD-011714,CUST-01243,2026-09-14,Completed,Quetta
ORD-011715,CUST-00319,2026-09-14,Pending,Sukkur
ORD-011716,CUST-00441,2026-09-14,Completed,Multan
ORD-011717,CUST-01023,2026-09-14,Completed,Quetta
ORD-011718,CUST-00409,2026-09-14,Completed,Peshawar
ORD-011719,CUST-00483,2026-09-15,Completed,Faisalabad
ORD-011720,CUST-01037,2026-09-15,Completed,Karachi
ORD-011721,CUST-01335,2026-09-15,Pending,Lahore
ORD-011722,CUST-00574,2026-09-15,Pending,Hyderabad
ORD-011723,CUST-01012,2026-09-15,Pending,Karachi
ORD-011724,CUST-00738,2026-09-15,Completed,Sargodha
ORD-011725,CUST-01340,2026-09-15,Completed,Sargodha
ORD-011726,CUST-00879,2026-09-15,Pending,Lahore
ORD-011727,CUST-00367,2026-09-15,Completed,Gwadar
ORD-011728,CUST-00003,2026-09-15,Cancelled,Sargodha
ORD-011729,CUST-00153,2026-09-15,Completed,Karachi
ORD-011730,CUST-01100,2026-09-15,Cancelled,Peshawar
ORD-011731,CUST-00625,2026-09-15,Cancelled,Islamabad
ORD-011732,CUST-00812,2026-09-15,Completed,Abbottabad
ORD-011733,CUST-00498,2026-09-15,Pending,Karachi
ORD-011734,CUST-00325,2026-09-15,Pending,Lahore
ORD-011735,CUST-00436,2026-09-15,Pending,Peshawar
ORD-011736,CUST-01136,2026-09-15,Pending,Karachi
ORD-011737,CUST-00200,2026-09-15,Completed,Islamabad
ORD-011738,CUST-01139,2026-09-16,Pending,Sukkur
ORD-011739,CUST-00801,2026-09-16,Completed,Peshawar
ORD-011740,CUST-00030,2026-09-16,Completed,Rahim Yar Khan
ORD-011741,CUST-01005,2026-09-16,Completed,Hyderabad
ORD-011742,CUST-01210,2026-09-16,Returned,Multan
ORD-011743,CUST-00299,2026-09-16,Pending,Multan
ORD-011744,CUST-00907,2026-09-16,Pending,Lahore
ORD-011745,CUST-01203,2026-09-16,Completed,Quetta
ORD-011746,CUST-00571,2026-09-16,Completed,Sukkur
ORD-011747,CUST-00270,2026-09-16,Pending,Sukkur
ORD-011748,CUST-00724,2026-09-16,Pending,Karachi
ORD-011749,CUST-00559,2026-09-16,Pending,Faisalabad
ORD-011750,CUST-00933,2026-09-16,Returned,Islamabad
ORD-011751,CUST-00221,2026-09-16,Completed,Karachi
ORD-011752,CUST-01037,2026-09-16,Completed,Karachi
ORD-011753,CUST-00857,2026-09-16,Pending,Lahore
ORD-011754,CUST-00111,2026-09-16,Pending,Mardan
ORD-011755,CUST-00159,2026-09-16,Pending,Faisalabad
ORD-011756,CUST-00529,2026-09-16,Completed,Peshawar
ORD-011757,CUST-00681,2026-09-16,Pending,Karachi
ORD-011758,CUST-00538,2026-09-16,Completed,Mirpur Khas
ORD-011759,CUST-01248,2026-09-16,Completed,Karachi
ORD-011760,CUST-00278,2026-09-16,Returned,Karachi
ORD-011761,CUST-00084,2026-09-16,Completed,Gwadar
ORD-011762,CUST-00113,2026-09-16,Completed,Lahore
ORD-011763,CUST-01246,2026-09-17,Completed,Multan
ORD-011764,CUST-01147,2026-09-17,Completed,Lahore
ORD-011765,CUST-00352,2026-09-17,Pending,Multan
ORD-011766,CUST-00335,2026-09-17,Completed,Karachi
ORD-011767,CUST-00860,2026-09-17,Completed,Islamabad
ORD-011768,CUST-00181,2026-09-17,Completed,Islamabad
ORD-011769,CUST-00278,2026-09-17,Completed,Karachi
ORD-011770,CUST-01449,2026-09-17,Completed,Abbottabad
ORD-011771,CUST-00791,2026-09-17,Pending,Rawalpindi
ORD-011772,CUST-00660,2026-09-17,Pending,Mardan
ORD-011773,CUST-00771,2026-09-17,Completed,Gujranwala
ORD-011774,CUST-01255,2026-09-17,Cancelled,Lahore
ORD-011775,CUST-00509,2026-09-17,Completed,Faisalabad
ORD-011776,CUST-01278,2026-09-17,Completed,Sahiwal
ORD-011777,CUST-00234,2026-09-17,Pending,Karachi
ORD-011778,CUST-00512,2026-09-17,Pending,Rawalpindi
ORD-011779,CUST-00784,2026-09-17,Completed,Hyderabad
ORD-011780,CUST-00809,2026-09-17,Completed,Sukkur
ORD-011781,CUST-00648,2026-09-17,Completed,Karachi
ORD-011782,CUST-00704,2026-09-17,Cancelled,Lahore
ORD-011783,CUST-00253,2026-09-17,Returned,Lahore
ORD-011784,CUST-00535,2026-09-17,Pending,Multan
ORD-011785,CUST-00110,2026-09-17,Returned,Lahore
ORD-011786,CUST-00878,2026-09-17,Completed,Lahore
ORD-011787,CUST-00870,2026-09-17,Completed,Sialkot
ORD-011788,CUST-00529,2026-09-18,Pending,Peshawar
ORD-011789,CUST-00929,2026-09-18,Completed,Karachi
ORD-011790,CUST-01040,2026-09-18,Completed,Quetta
ORD-011791,CUST-00355,2026-09-18,Completed,Karachi
ORD-011792,CUST-01082,2026-09-18,Pending,Hyderabad
ORD-011793,CUST-00055,2026-09-18,Returned,Lahore
ORD-011794,CUST-00501,2026-09-18,Completed,Karachi
ORD-011795,CUST-00526,2026-09-18,Completed,Lahore
ORD-011796,CUST-01388,2026-09-18,Pending,Bahawalpur
ORD-011797,CUST-00225,2026-09-18,Completed,Lahore
ORD-011798,CUST-00924,2026-09-18,Completed,Karachi
ORD-011799,CUST-00022,2026-09-18,Pending,Peshawar
ORD-011800,CUST-01447,2026-09-18,Completed,Karachi
ORD-011801,CUST-00822,2026-09-18,Completed,Lahore
ORD-011802,CUST-00183,2026-09-18,Completed,Karachi
ORD-011803,CUST-00326,2026-09-18,Completed,Multan
ORD-011804,CUST-00583,2026-09-18,Completed,Gujranwala
ORD-011805,CUST-01299,2026-09-18,Returned,Quetta
ORD-011806,CUST-00701,2026-09-18,Returned,Sargodha
ORD-011807,CUST-00964,2026-09-18,Completed,Lahore
ORD-011808,CUST-00593,2026-09-18,Completed,Lahore
ORD-011809,CUST-01100,2026-09-18,Completed,Rawalpindi
ORD-011810,CUST-00062,2026-09-18,Completed,Peshawar
ORD-011811,CUST-01255,2026-09-18,Pending,Rawalpindi
ORD-011812,CUST-00159,2026-09-18,Completed,Faisalabad
ORD-011813,CUST-01120,2026-09-18,Pending,Lahore
ORD-011814,CUST-00746,2026-09-18,Cancelled,Mirpur Khas
ORD-011815,CUST-00355,2026-09-18,Completed,Karachi
ORD-011816,CUST-00575,2026-09-19,Pending,Karachi
ORD-011817,CUST-00904,2026-09-19,Completed,Faisalabad
ORD-011818,CUST-01233,2026-09-19,Completed,Hyderabad
ORD-011819,CUST-00657,2026-09-19,Pending,Faisalabad
ORD-011820,CUST-00126,2026-09-19,Pending,Faisalabad
ORD-011821,CUST-00067,2026-09-19,Completed,Rawalpindi
ORD-011822,CUST-01000,2026-09-19,Completed,Karachi
ORD-011823,CUST-00488,2026-09-19,Pending,Islamabad
ORD-011824,CUST-00228,2026-09-19,Pending,Peshawar
ORD-011825,CUST-00060,2026-09-19,Pending,Karachi
ORD-011826,CUST-00977,2026-09-19,Pending,Karachi
ORD-011827,CUST-00280,2026-09-19,Pending,Lahore
ORD-011828,CUST-01451,2026-09-19,Pending,Lahore
ORD-011829,CUST-00858,2026-09-19,Pending,Peshawar
ORD-011830,CUST-00625,2026-09-19,Completed,Islamabad
ORD-011831,CUST-01053,2026-09-19,Completed,Quetta
ORD-011832,CUST-00712,2026-09-19,Completed,Gujranwala
ORD-011833,CUST-00325,2026-09-19,Completed,Islamabad
ORD-011834,CUST-00882,2026-09-19,Completed,Lahore
ORD-011835,CUST-01211,2026-09-19,Pending,Quetta
ORD-011836,CUST-00588,2026-09-19,Pending,Peshawar
ORD-011837,CUST-01393,2026-09-19,Pending,Peshawar
ORD-011838,CUST-00747,2026-09-19,Completed,Gujranwala
ORD-011839,CUST-01094,2026-09-19,Pending,Lahore
ORD-011840,CUST-01316,2026-09-19,Completed,Mardan
ORD-011841,CUST-01409,2026-09-19,Pending,Islamabad
ORD-011842,CUST-01389,2026-09-19,Completed,Lahore
ORD-011843,CUST-01036,2026-09-20,Completed,Karachi
ORD-011844,CUST-01451,2026-09-20,Pending,Lahore
ORD-011845,CUST-00519,2026-09-20,Completed,Faisalabad
ORD-011846,CUST-00420,2026-09-20,Pending,Karachi
ORD-011847,CUST-01392,2026-09-20,Completed,Multan
ORD-011848,CUST-00364,2026-09-20,Completed,Karachi
ORD-011849,CUST-00284,2026-09-20,Completed,Karachi
ORD-011850,CUST-00710,2026-09-20,Cancelled,Gwadar
ORD-011851,CUST-00886,2026-09-20,Pending,Rawalpindi
ORD-011852,CUST-01311,2026-09-20,Pending,Karachi
ORD-011853,CUST-00244,2026-09-20,Pending,Rawalpindi
ORD-011854,CUST-01047,2026-09-20,Pending,Quetta
ORD-011855,CUST-01282,2026-09-20,Pending,Islamabad
ORD-011856,CUST-00708,2026-09-21,Pending,Lahore
ORD-011857,CUST-00062,2026-09-21,Pending,Sukkur
ORD-011858,CUST-01261,2026-09-21,Completed,Mirpur Khas
ORD-011859,CUST-01487,2026-09-21,Cancelled,Karachi
ORD-011860,CUST-01057,2026-09-21,Pending,Lahore
ORD-011861,CUST-01020,2026-09-21,Returned,Karachi
ORD-011862,CUST-00272,2026-09-21,Completed,Quetta
ORD-011863,CUST-00287,2026-09-21,Completed,Rawalpindi
ORD-011864,CUST-00931,2026-09-21,Cancelled,Lahore
ORD-011865,CUST-00106,2026-09-21,Cancelled,Karachi
ORD-011866,CUST-00879,2026-09-21,Pending,Lahore
ORD-011867,CUST-00894,2026-09-21,Pending,Rawalpindi
ORD-011868,CUST-01315,2026-09-21,Pending,Rawalpindi
ORD-011869,CUST-01392,2026-09-21,Pending,Multan
ORD-011870,CUST-01060,2026-09-21,Completed,Sialkot
ORD-011871,CUST-00164,2026-09-21,Completed,Lahore
ORD-011872,CUST-01447,2026-09-21,Cancelled,Karachi
ORD-011873,CUST-00475,2026-09-21,Pending,Karachi
ORD-011874,CUST-01434,2026-09-21,Completed,Quetta
ORD-011875,CUST-00495,2026-09-21,Pending,Peshawar
ORD-011876,CUST-00155,2026-09-21,Completed,Karachi
ORD-011877,CUST-01118,2026-09-21,Pending,Mardan
ORD-011878,CUST-01480,2026-09-21,Completed,Karachi
ORD-011879,CUST-01080,2026-09-21,Pending,Islamabad
ORD-011880,CUST-00166,2026-09-22,Completed,Lahore
ORD-011881,CUST-01037,2026-09-22,Cancelled,Karachi
ORD-011882,CUST-00041,2026-09-22,Pending,Rawalpindi
ORD-011883,CUST-00721,2026-09-22,Completed,Islamabad
ORD-011884,CUST-00781,2026-09-22,Pending,Lahore
ORD-011885,CUST-01024,2026-09-22,Pending,Faisalabad
ORD-011886,CUST-00169,2026-09-22,Returned,Multan
ORD-011887,CUST-01111,2026-09-22,Returned,Karachi
ORD-011888,CUST-01270,2026-09-22,Completed,Peshawar
ORD-011889,CUST-01361,2026-09-22,Completed,Bahawalpur
ORD-011890,CUST-00041,2026-09-22,Pending,Rawalpindi
ORD-011891,CUST-00330,2026-09-22,Completed,Rawalpindi
ORD-011892,CUST-00009,2026-09-22,Pending,Peshawar
ORD-011893,CUST-00239,2026-09-22,Completed,Faisalabad
ORD-011894,CUST-00046,2026-09-22,Completed,Sialkot
ORD-011895,CUST-00605,2026-09-22,Pending,Karachi
ORD-011896,CUST-00929,2026-09-22,Completed,Karachi
ORD-011897,CUST-00604,2026-09-22,Completed,Karachi
ORD-011898,CUST-00120,2026-09-22,Cancelled,Sargodha
ORD-011899,CUST-00605,2026-09-22,Pending,Karachi
ORD-011900,CUST-00846,2026-09-22,Cancelled,Islamabad
ORD-011901,CUST-01294,2026-09-22,Completed,Sargodha
ORD-011902,CUST-01294,2026-09-22,Pending,Islamabad
ORD-011903,CUST-00408,2026-09-23,Completed,Karachi
ORD-011904,CUST-01138,2026-09-23,Returned,Hyderabad
ORD-011905,CUST-01197,2026-09-23,Completed,Islamabad
ORD-011906,CUST-00601,2026-09-23,Pending,Islamabad
ORD-011907,CUST-00503,2026-09-23,Completed,Lahore
ORD-011908,CUST-00780,2026-09-23,Completed,Faisalabad
ORD-011909,CUST-00186,2026-09-23,Completed,Rawalpindi
ORD-011910,CUST-01371,2026-09-23,Pending,Faisalabad
ORD-011911,CUST-00477,2026-09-23,Completed,Rawalpindi
ORD-011912,CUST-00263,2026-09-23,Pending,Karachi
ORD-011913,CUST-00618,2026-09-23,Pending,Faisalabad
ORD-011914,CUST-00065,2026-09-23,Pending,Multan
ORD-011915,CUST-00116,2026-09-23,Pending,Karachi
ORD-011916,CUST-01395,2026-09-23,Cancelled,Islamabad
ORD-011917,CUST-00510,2026-09-23,Pending,Quetta
ORD-011918,CUST-01238,2026-09-23,Completed,Multan
ORD-011919,CUST-01235,2026-09-23,Pending,Rawalpindi
ORD-011920,CUST-00734,2026-09-23,Pending,Lahore
ORD-011921,CUST-00698,2026-09-23,Pending,Sialkot
ORD-011922,CUST-00435,2026-09-23,Completed,Lahore
ORD-011923,CUST-00743,2026-09-23,Pending,Rawalpindi
ORD-011924,CUST-01239,2026-09-23,Pending,Lahore
ORD-011925,CUST-00567,2026-09-23,Completed,Bahawalpur
ORD-011926,CUST-00436,2026-09-23,Cancelled,Sialkot
ORD-011927,CUST-00700,2026-09-23,Pending,Islamabad
ORD-011928,CUST-01418,2026-09-23,Completed,Peshawar
ORD-011929,CUST-01055,2026-09-24,Pending,Islamabad
ORD-011930,CUST-00126,2026-09-24,Pending,Multan
ORD-011931,CUST-01293,2026-09-24,Cancelled,Bahawalpur
ORD-011932,CUST-00847,2026-09-24,Cancelled,Faisalabad
ORD-011933,CUST-01364,2026-09-24,Completed,Karachi
ORD-011934,CUST-01002,2026-09-24,Completed,Lahore
ORD-011935,CUST-00139,2026-09-24,Pending,Islamabad
ORD-011936,CUST-00490,2026-09-24,Completed,Lahore
ORD-011937,CUST-01199,2026-09-24,Completed,Mirpur Khas
ORD-011938,CUST-00531,2026-09-24,Completed,Hyderabad
ORD-011939,CUST-01275,2026-09-24,Cancelled,Sargodha
ORD-011940,CUST-00244,2026-09-24,Completed,Rawalpindi
ORD-011941,CUST-00867,2026-09-24,Completed,Lahore
ORD-011942,CUST-01075,2026-09-24,Completed,Gujranwala
ORD-011943,CUST-01058,2026-09-24,Completed,Lahore
ORD-011944,CUST-00448,2026-09-24,Returned,Faisalabad
ORD-011945,CUST-00297,2026-09-24,Completed,Peshawar
ORD-011946,CUST-00045,2026-09-24,Pending,Karachi
ORD-011947,CUST-00501,2026-09-24,Pending,Karachi
ORD-011948,CUST-00636,2026-09-24,Completed,Quetta
ORD-011949,CUST-00099,2026-09-24,Cancelled,Sukkur
ORD-011950,CUST-00007,2026-09-24,Completed,Lahore
ORD-011951,CUST-01038,2026-09-24,Pending,Karachi
ORD-011952,CUST-00352,2026-09-25,Pending,Multan
ORD-011953,CUST-00910,2026-09-25,Pending,Karachi
ORD-011954,CUST-00016,2026-09-25,Cancelled,Karachi
ORD-011955,CUST-00865,2026-09-25,Completed,Peshawar
ORD-011956,CUST-00922,2026-09-25,Completed,Gujranwala
ORD-011957,CUST-01071,2026-09-25,Completed,Islamabad
ORD-011958,CUST-00578,2026-09-25,Completed,Rawalpindi
ORD-011959,CUST-00699,2026-09-25,Pending,Karachi
ORD-011960,CUST-00889,2026-09-25,Pending,Faisalabad
ORD-011961,CUST-00840,2026-09-25,Completed,Peshawar
ORD-011962,CUST-01168,2026-09-25,Pending,Gujranwala
ORD-011963,CUST-00243,2026-09-25,Completed,Hyderabad
ORD-011964,CUST-01142,2026-09-25,Completed,Karachi
ORD-011965,CUST-00218,2026-09-25,Completed,Faisalabad
ORD-011966,CUST-00789,2026-09-25,Completed,Faisalabad
ORD-011967,CUST-00765,2026-09-25,Completed,Peshawar
ORD-011968,CUST-01125,2026-09-25,Pending,Quetta
ORD-011969,CUST-01444,2026-09-25,Pending,Karachi
ORD-011970,CUST-00354,2026-09-25,Completed,Islamabad
ORD-011971,CUST-00633,2026-09-25,Completed,Islamabad
ORD-011972,CUST-00743,2026-09-25,Pending,Rawalpindi
ORD-011973,CUST-00060,2026-09-25,Pending,Lahore
ORD-011974,CUST-00776,2026-09-26,Pending,Hyderabad
ORD-011975,CUST-00401,2026-09-26,Pending,Peshawar
ORD-011976,CUST-00501,2026-09-26,Completed,Karachi
ORD-011977,CUST-00582,2026-09-26,Completed,Rawalpindi
ORD-011978,CUST-00908,2026-09-26,Completed,Gujranwala
ORD-011979,CUST-01317,2026-09-26,Completed,Lahore
ORD-011980,CUST-01100,2026-09-26,Pending,Rawalpindi
ORD-011981,CUST-00101,2026-09-26,Completed,Sukkur
ORD-011982,CUST-00741,2026-09-26,Completed,Karachi
ORD-011983,CUST-00657,2026-09-26,Pending,Faisalabad
ORD-011984,CUST-01049,2026-09-26,Completed,Gujranwala
ORD-011985,CUST-01079,2026-09-26,Cancelled,Lahore
ORD-011986,CUST-01350,2026-09-26,Completed,Quetta
ORD-011987,CUST-00964,2026-09-26,Pending,Hyderabad
ORD-011988,CUST-00822,2026-09-26,Completed,Lahore
ORD-011989,CUST-00020,2026-09-26,Completed,Bahawalpur
ORD-011990,CUST-00168,2026-09-26,Pending,Hyderabad
ORD-011991,CUST-00602,2026-09-26,Pending,Faisalabad
ORD-011992,CUST-01223,2026-09-26,Pending,Abbottabad
ORD-011993,CUST-00422,2026-09-26,Pending,Karachi
ORD-011994,CUST-01380,2026-09-26,Pending,Multan
ORD-011995,CUST-01008,2026-09-26,Completed,Multan
ORD-011996,CUST-01055,2026-09-26,Completed,Islamabad
ORD-011997,CUST-00944,2026-09-26,Completed,Multan
ORD-011998,CUST-01301,2026-09-26,Cancelled,Lahore
ORD-011999,CUST-01156,2026-09-26,Pending,Gujranwala
ORD-012000,CUST-00243,2026-09-26,Completed,Hyderabad
