payment_id,order_id,payment_method,payment_status,payment_date
PAY-000001,ORD-000001,JazzCash,Paid,2024-10-03
PAY-000002,ORD-000002,Credit Card,Refunded,2024-10-03
PAY-000003,ORD-000003,JazzCash,Paid,2024-10-02
PAY-000004,ORD-000004,Cash on Delivery,Paid,2024-10-05
PAY-000005,ORD-000005,Cash on Delivery,Paid,2024-10-05
PAY-000006,ORD-000006,Credit Card,Paid,2024-10-01
PAY-000007,ORD-000007,Bank Transfer,Paid,2024-10-06
PAY-000008,ORD-000008,JazzCash,Paid,2024-10-02
PAY-000009,ORD-000009,Credit Card,Paid,2024-10-02
PAY-000010,ORD-000010,Debit Card,Pending,2024-10-01
PAY-000011,ORD-000011,Cash on Delivery,Paid,2024-10-04
PAY-000012,ORD-000012,Credit Card,Refunded,2024-10-01
PAY-000013,ORD-000013,Cash on Delivery,Paid,2024-10-02
PAY-000014,ORD-000014,Cash on Delivery,Paid,2024-10-07
PAY-000015,ORD-000015,JazzCash,Paid,2024-10-02
PAY-000016,ORD-000016,Debit Card,Paid,2024-10-02
PAY-000017,ORD-000017,Credit Card,Paid,2024-10-03
PAY-000018,ORD-000018,Cash on Delivery,Paid,2024-10-04
PAY-000019,ORD-000019,Cash on Delivery,Paid,2024-10-05
PAY-000020,ORD-000020,Credit Card,Paid,2024-10-02
PAY-000021,ORD-000021,Credit Card,Paid,2024-10-02
PAY-000022,ORD-000022,Cash on Delivery,Paid,2024-10-06
PAY-000023,ORD-000023,Credit Card,Refunded,2024-10-02
PAY-000024,ORD-000024,Bank Transfer,Paid,2024-10-03
PAY-000025,ORD-000025,EasyPaisa,Paid,2024-10-03
PAY-000026,ORD-000026,Credit Card,Paid,2024-10-02
PAY-000027,ORD-000027,Credit Card,Refunded,2024-10-03
PAY-000028,ORD-000028,JazzCash,Failed,2024-10-04
PAY-000029,ORD-000029,Cash on Delivery,Paid,2024-10-06
PAY-000030,ORD-000030,JazzCash,Paid,2024-10-04
PAY-000031,ORD-000031,Cash on Delivery,Refunded,2024-10-08
PAY-000032,ORD-000032,Credit Card,Paid,2024-10-05
PAY-000033,ORD-000033,Credit Card,Pending,2024-10-03
PAY-000034,ORD-000034,JazzCash,Paid,2024-10-03
PAY-000035,ORD-000035,JazzCash,Paid,2024-10-03
PAY-000036,ORD-000036,Bank Transfer,Paid,2024-10-09
PAY-000037,ORD-000037,EasyPaisa,Paid,2024-10-04
PAY-000038,ORD-000038,Debit Card,Paid,2024-10-03
PAY-000039,ORD-000039,JazzCash,Paid,2024-10-03
PAY-000040,ORD-000040,Bank Transfer,Refunded,2024-10-06
PAY-000041,ORD-000041,Credit Card,Paid,2024-10-05
PAY-000042,ORD-000042,Cash on Delivery,Pending,2024-10-09
PAY-000043,ORD-000043,EasyPaisa,Paid,2024-10-06
PAY-000044,ORD-000044,Debit Card,Paid,2024-10-06
PAY-000045,ORD-000045,Credit Card,Paid,2024-10-06
PAY-000046,ORD-000046,Cash on Delivery,Refunded,2024-10-08
PAY-000047,ORD-000047,Credit Card,Paid,2024-10-04
PAY-000048,ORD-000048,Debit Card,Refunded,2024-10-04
PAY-000049,ORD-000049,Cash on Delivery,Paid,2024-10-09
PAY-000050,ORD-000050,Debit Card,Paid,2024-10-07
PAY-000051,ORD-000051,Debit Card,Refunded,2024-10-07
PAY-000052,ORD-000052,Debit Card,Paid,2024-10-05
PAY-000053,ORD-000053,Cash on Delivery,Paid,2024-10-08
PAY-000054,ORD-000054,Cash on Delivery,Paid,2024-10-06
PAY-000055,ORD-000055,JazzCash,Refunded,2024-10-06
PAY-000056,ORD-000056,Credit Card,Pending,2024-10-06
PAY-000057,ORD-000057,Cash on Delivery,Paid,2024-10-09
PAY-000058,ORD-000058,Credit Card,Paid,2024-10-06
PAY-000059,ORD-000059,EasyPaisa,Pending,2024-10-06
PAY-000060,ORD-000060,Credit Card,Paid,2024-10-06
PAY-000061,ORD-000061,Credit Card,Paid,2024-10-06
PAY-000062,ORD-000062,Bank Transfer,Paid,2024-10-07
PAY-000063,ORD-000063,Cash on Delivery,Paid,2024-10-08
PAY-000064,ORD-000064,Debit Card,Failed,2024-10-06
PAY-000065,ORD-000065,Credit Card,Failed,2024-10-09
PAY-000066,ORD-000066,EasyPaisa,Refunded,2024-10-09
PAY-000067,ORD-000067,Cash on Delivery,Paid,2024-10-09
PAY-000068,ORD-000068,Cash on Delivery,Paid,2024-10-08
PAY-000069,ORD-000069,Credit Card,Paid,2024-10-09
PAY-000070,ORD-000070,Credit Card,Paid,2024-10-09
PAY-000071,ORD-000071,Bank Transfer,Paid,2024-10-11
PAY-000072,ORD-000072,JazzCash,Paid,2024-10-07
PAY-000073,ORD-000073,JazzCash,Paid,2024-10-08
PAY-000074,ORD-000074,JazzCash,Paid,2024-10-08
PAY-000075,ORD-000075,Bank Transfer,Failed,2024-10-12
PAY-000076,ORD-000076,Bank Transfer,Paid,2024-10-08
PAY-000077,ORD-000077,Credit Card,Paid,2024-10-07
PAY-000078,ORD-000078,Cash on Delivery,Paid,2024-10-09
PAY-000079,ORD-000079,Credit Card,Paid,2024-10-08
PAY-000080,ORD-000080,Cash on Delivery,Paid,2024-10-12
PAY-000081,ORD-000081,Debit Card,Refunded,2024-10-08
PAY-000082,ORD-000082,Credit Card,Paid,2024-10-08
PAY-000083,ORD-000083,Cash on Delivery,Refunded,2024-10-12
PAY-000084,ORD-000084,EasyPaisa,Refunded,2024-10-09
PAY-000085,ORD-000085,Credit Card,Paid,2024-10-10
PAY-000086,ORD-000086,Cash on Delivery,Paid,2024-10-13
PAY-000087,ORD-000087,Credit Card,Paid,2024-10-10
PAY-000088,ORD-000088,Cash on Delivery,Paid,2024-10-09
PAY-000089,ORD-000089,Cash on Delivery,Paid,2024-10-09
PAY-000090,ORD-000090,Cash on Delivery,Paid,2024-10-11
PAY-000091,ORD-000091,Credit Card,Paid,2024-10-10
PAY-000092,ORD-000092,Cash on Delivery,Paid,2024-10-12
PAY-000093,ORD-000093,Bank Transfer,Paid,2024-10-13
PAY-000094,ORD-000094,Cash on Delivery,Pending,2024-10-12
PAY-000095,ORD-000095,JazzCash,Paid,2024-10-10
PAY-000096,ORD-000096,Bank Transfer,Refunded,2024-10-14
PAY-000097,ORD-000097,Cash on Delivery,Paid,2024-10-15
PAY-000098,ORD-000098,JazzCash,Failed,2024-10-10
PAY-000099,ORD-000099,Debit Card,Paid,2024-10-10
PAY-000100,ORD-000100,Bank Transfer,Paid,2024-10-15
PAY-000101,ORD-000101,EasyPaisa,Paid,2024-10-11
PAY-000102,ORD-000102,Credit Card,Paid,2024-10-09
PAY-000103,ORD-000103,Credit Card,Paid,2024-10-11
PAY-000104,ORD-000104,Credit Card,Paid,2024-10-11
PAY-000105,ORD-000105,Cash on Delivery,Paid,2024-10-13
PAY-000106,ORD-000106,Debit Card,Paid,2024-10-09
PAY-000107,ORD-000107,Credit Card,Paid,2024-10-09
PAY-000108,ORD-000108,Cash on Delivery,Paid,2024-10-11
PAY-000109,ORD-000109,Credit Card,Paid,2024-10-11
PAY-000110,ORD-000110,Credit Card,Paid,2024-10-12
PAY-000111,ORD-000111,EasyPaisa,Paid,2024-10-10
PAY-000112,ORD-000112,Bank Transfer,Refunded,2024-10-14
PAY-000113,ORD-000113,Credit Card,Paid,2024-10-12
PAY-000114,ORD-000114,Cash on Delivery,Paid,2024-10-14
PAY-000115,ORD-000115,EasyPaisa,Paid,2024-10-10
PAY-000116,ORD-000116,Debit Card,Failed,2024-10-12
PAY-000117,ORD-000117,Bank Transfer,Paid,2024-10-14
PAY-000118,ORD-000118,Debit Card,Pending,2024-10-10
PAY-000119,ORD-000119,JazzCash,Paid,2024-10-10
PAY-000120,ORD-000120,Bank Transfer,Refunded,2024-10-11
PAY-000121,ORD-000121,Cash on Delivery,Paid,2024-10-12
PAY-000122,ORD-000122,Credit Card,Paid,2024-10-12
PAY-000123,ORD-000123,Credit Card,Paid,2024-10-13
PAY-000124,ORD-000124,Debit Card,Paid,2024-10-11
PAY-000125,ORD-000125,Cash on Delivery,Paid,2024-10-14
PAY-000126,ORD-000126,Credit Card,Paid,2024-10-13
PAY-000127,ORD-000127,Cash on Delivery,Pending,2024-10-16
PAY-000128,ORD-000128,JazzCash,Paid,2024-10-12
PAY-000129,ORD-000129,Cash on Delivery,Paid,2024-10-16
PAY-000130,ORD-000130,Cash on Delivery,Paid,2024-10-17
PAY-000131,ORD-000131,JazzCash,Paid,2024-10-13
PAY-000132,ORD-000132,Debit Card,Paid,2024-10-12
PAY-000133,ORD-000133,Bank Transfer,Pending,2024-10-14
PAY-000134,ORD-000134,JazzCash,Paid,2024-10-13
PAY-000135,ORD-000135,EasyPaisa,Paid,2024-10-12
PAY-000136,ORD-000136,Credit Card,Paid,2024-10-12
PAY-000137,ORD-000137,Cash on Delivery,Paid,2024-10-14
PAY-000138,ORD-000138,Cash on Delivery,Paid,2024-10-17
PAY-000139,ORD-000139,Cash on Delivery,Paid,2024-10-17
PAY-000140,ORD-000140,JazzCash,Paid,2024-10-14
PAY-000141,ORD-000141,Debit Card,Paid,2024-10-14
PAY-000142,ORD-000142,Cash on Delivery,Refunded,2024-10-18
PAY-000143,ORD-000143,Credit Card,Paid,2024-10-14
PAY-000144,ORD-000144,Credit Card,Pending,2024-10-14
PAY-000145,ORD-000145,Debit Card,Paid,2024-10-13
PAY-000146,ORD-000146,Credit Card,Paid,2024-10-15
PAY-000147,ORD-000147,Bank Transfer,Paid,2024-10-19
PAY-000148,ORD-000148,Credit Card,Pending,2024-10-13
PAY-000149,ORD-000149,JazzCash,Paid,2024-10-14
PAY-000150,ORD-000150,JazzCash,Paid,2024-10-14
PAY-000151,ORD-000151,Cash on Delivery,Paid,2024-10-15
PAY-000152,ORD-000152,Credit Card,Paid,2024-10-15
PAY-000153,ORD-000153,Bank Transfer,Failed,2024-10-18
PAY-000154,ORD-000154,Credit Card,Paid,2024-10-14
PAY-000155,ORD-000155,Credit Card,Refunded,2024-10-15
PAY-000156,ORD-000156,Credit Card,Pending,2024-10-14
PAY-000157,ORD-000157,JazzCash,Paid,2024-10-15
PAY-000158,ORD-000158,Credit Card,Refunded,2024-10-16
PAY-000159,ORD-000159,Credit Card,Paid,2024-10-16
PAY-000160,ORD-000160,Debit Card,Paid,2024-10-14
PAY-000161,ORD-000161,Credit Card,Pending,2024-10-16
PAY-000162,ORD-000162,JazzCash,Paid,2024-10-14
PAY-000163,ORD-000163,Cash on Delivery,Paid,2024-10-15
PAY-000164,ORD-000164,Credit Card,Paid,2024-10-16
PAY-000165,ORD-000165,JazzCash,Paid,2024-10-16
PAY-000166,ORD-000166,JazzCash,Paid,2024-10-15
PAY-000167,ORD-000167,Credit Card,Paid,2024-10-16
PAY-000168,ORD-000168,EasyPaisa,Paid,2024-10-17
PAY-000169,ORD-000169,Credit Card,Pending,2024-10-17
PAY-000170,ORD-000170,Credit Card,Paid,2024-10-17
PAY-000171,ORD-000171,Credit Card,Paid,2024-10-15
PAY-000172,ORD-000172,Cash on Delivery,Refunded,2024-10-20
PAY-000173,ORD-000173,Debit Card,Paid,2024-10-15
PAY-000174,ORD-000174,Credit Card,Paid,2024-10-16
PAY-000175,ORD-000175,Credit Card,Refunded,2024-10-17
PAY-000176,ORD-000176,Cash on Delivery,Paid,2024-10-17
PAY-000177,ORD-000177,Debit Card,Failed,2024-10-16
PAY-000178,ORD-000178,EasyPaisa,Paid,2024-10-16
PAY-000179,ORD-000179,Credit Card,Paid,2024-10-18
PAY-000180,ORD-000180,Cash on Delivery,Failed,2024-10-18
PAY-000181,ORD-000181,Cash on Delivery,Paid,2024-10-21
PAY-000182,ORD-000182,EasyPaisa,Paid,2024-10-17
PAY-000183,ORD-000183,Debit Card,Paid,2024-10-18
PAY-000184,ORD-000184,JazzCash,Paid,2024-10-16
PAY-000185,ORD-000185,Debit Card,Refunded,2024-10-17
PAY-000186,ORD-000186,Debit Card,Refunded,2024-10-17
PAY-000187,ORD-000187,Credit Card,Paid,2024-10-18
PAY-000188,ORD-000188,Cash on Delivery,Pending,2024-10-17
PAY-000189,ORD-000189,Credit Card,Refunded,2024-10-16
PAY-000190,ORD-000190,Credit Card,Refunded,2024-10-16
PAY-000191,ORD-000191,Credit Card,Pending,2024-10-17
PAY-000192,ORD-000192,Credit Card,Paid,2024-10-17
PAY-000193,ORD-000193,EasyPaisa,Paid,2024-10-18
PAY-000194,ORD-000194,Cash on Delivery,Paid,2024-10-19
PAY-000195,ORD-000195,Cash on Delivery,Paid,2024-10-18
PAY-000196,ORD-000196,Credit Card,Paid,2024-10-19
PAY-000197,ORD-000197,EasyPaisa,Paid,2024-10-17
PAY-000198,ORD-000198,JazzCash,Paid,2024-10-17
PAY-000199,ORD-000199,Cash on Delivery,Paid,2024-10-21
PAY-000200,ORD-000200,Bank Transfer,Paid,2024-10-18
PAY-000201,ORD-000201,Credit Card,Paid,2024-10-18
PAY-000202,ORD-000202,Credit Card,Paid,2024-10-19
PAY-000203,ORD-000203,JazzCash,Paid,2024-10-18
PAY-000204,ORD-000204,Cash on Delivery,Paid,2024-10-22
PAY-000205,ORD-000205,JazzCash,Paid,2024-10-19
PAY-000206,ORD-000206,Debit Card,Paid,2024-10-20
PAY-000207,ORD-000207,Cash on Delivery,Paid,2024-10-22
PAY-000208,ORD-000208,JazzCash,Paid,2024-10-18
PAY-000209,ORD-000209,Credit Card,Paid,2024-10-19
PAY-000210,ORD-000210,Credit Card,Paid,2024-10-19
PAY-000211,ORD-000211,Bank Transfer,Paid,2024-10-21
PAY-000212,ORD-000212,Cash on Delivery,Refunded,2024-10-20
PAY-000213,ORD-000213,Cash on Delivery,Paid,2024-10-19
PAY-000214,ORD-000214,EasyPaisa,Paid,2024-10-18
PAY-000215,ORD-000215,Cash on Delivery,Paid,2024-10-24
PAY-000216,ORD-000216,JazzCash,Pending,2024-10-20
PAY-000217,ORD-000217,Credit Card,Paid,2024-10-18
PAY-000218,ORD-000218,Cash on Delivery,Paid,2024-10-25
PAY-000219,ORD-000219,Credit Card,Paid,2024-10-19
PAY-000220,ORD-000220,Bank Transfer,Failed,2024-10-24
PAY-000221,ORD-000221,Credit Card,Failed,2024-10-19
PAY-000222,ORD-000222,Credit Card,Paid,2024-10-20
PAY-000223,ORD-000223,Bank Transfer,Paid,2024-10-20
PAY-000224,ORD-000224,Credit Card,Paid,2024-10-19
PAY-000225,ORD-000225,Cash on Delivery,Paid,2024-10-24
PAY-000226,ORD-000226,Cash on Delivery,Paid,2024-10-25
PAY-000227,ORD-000227,Debit Card,Pending,2024-10-21
PAY-000228,ORD-000228,Credit Card,Paid,2024-10-19
PAY-000229,ORD-000229,JazzCash,Paid,2024-10-21
PAY-000230,ORD-000230,Credit Card,Paid,2024-10-19
PAY-000231,ORD-000231,Cash on Delivery,Paid,2024-10-24
PAY-000232,ORD-000232,Cash on Delivery,Paid,2024-10-21
PAY-000233,ORD-000233,Cash on Delivery,Paid,2024-10-21
PAY-000234,ORD-000234,Cash on Delivery,Paid,2024-10-22
PAY-000235,ORD-000235,Credit Card,Paid,2024-10-19
PAY-000236,ORD-000236,JazzCash,Refunded,2024-10-19
PAY-000237,ORD-000237,Credit Card,Failed,2024-10-20
PAY-000238,ORD-000238,EasyPaisa,Refunded,2024-10-21
PAY-000239,ORD-000239,Debit Card,Paid,2024-10-20
PAY-000240,ORD-000240,Credit Card,Paid,2024-10-20
PAY-000241,ORD-000241,Credit Card,Paid,2024-10-22
PAY-000242,ORD-000242,Debit Card,Paid,2024-10-21
PAY-000243,ORD-000243,EasyPaisa,Failed,2024-10-20
PAY-000244,ORD-000244,Credit Card,Paid,2024-10-21
PAY-000245,ORD-000245,Bank Transfer,Paid,2024-10-23
PAY-000246,ORD-000246,EasyPaisa,Paid,2024-10-21
PAY-000247,ORD-000247,Credit Card,Paid,2024-10-22
PAY-000248,ORD-000248,EasyPaisa,Paid,2024-10-23
PAY-000249,ORD-000249,Debit Card,Paid,2024-10-23
PAY-000250,ORD-000250,Bank Transfer,Paid,2024-10-27
PAY-000251,ORD-000251,Debit Card,Paid,2024-10-22
PAY-000252,ORD-000252,EasyPaisa,Failed,2024-10-23
PAY-000253,ORD-000253,Bank Transfer,Paid,2024-10-27
PAY-000254,ORD-000254,Cash on Delivery,Failed,2024-10-25
PAY-000255,ORD-000255,Credit Card,Refunded,2024-10-24
PAY-000256,ORD-000256,Cash on Delivery,Refunded,2024-10-26
PAY-000257,ORD-000257,Credit Card,Paid,2024-10-24
PAY-000258,ORD-000258,Cash on Delivery,Paid,2024-10-23
PAY-000259,ORD-000259,Debit Card,Paid,2024-10-24
PAY-000260,ORD-000260,Cash on Delivery,Paid,2024-10-23
PAY-000261,ORD-000261,Cash on Delivery,Paid,2024-10-24
PAY-000262,ORD-000262,Cash on Delivery,Paid,2024-10-27
PAY-000263,ORD-000263,Cash on Delivery,Pending,2024-10-24
PAY-000264,ORD-000264,Credit Card,Paid,2024-10-23
PAY-000265,ORD-000265,Cash on Delivery,Paid,2024-10-25
PAY-000266,ORD-000266,Cash on Delivery,Paid,2024-10-23
PAY-000267,ORD-000267,EasyPaisa,Refunded,2024-10-24
PAY-000268,ORD-000268,Cash on Delivery,Paid,2024-10-28
PAY-000269,ORD-000269,EasyPaisa,Paid,2024-10-24
PAY-000270,ORD-000270,Credit Card,Paid,2024-10-24
PAY-000271,ORD-000271,Credit Card,Refunded,2024-10-22
PAY-000272,ORD-000272,JazzCash,Pending,2024-10-22
PAY-000273,ORD-000273,Debit Card,Paid,2024-10-24
PAY-000274,ORD-000274,JazzCash,Pending,2024-10-23
PAY-000275,ORD-000275,EasyPaisa,Paid,2024-10-23
PAY-000276,ORD-000276,Credit Card,Paid,2024-10-24
PAY-000277,ORD-000277,Cash on Delivery,Paid,2024-10-25
PAY-000278,ORD-000278,EasyPaisa,Paid,2024-10-24
PAY-000279,ORD-000279,Credit Card,Refunded,2024-10-25
PAY-000280,ORD-000280,JazzCash,Paid,2024-10-23
PAY-000281,ORD-000281,Bank Transfer,Paid,2024-10-25
PAY-000282,ORD-000282,Credit Card,Paid,2024-10-25
PAY-000283,ORD-000283,Cash on Delivery,Paid,2024-10-26
PAY-000284,ORD-000284,Cash on Delivery,Refunded,2024-10-25
PAY-000285,ORD-000285,Credit Card,Paid,2024-10-25
PAY-000286,ORD-000286,JazzCash,Paid,2024-10-24
PAY-000287,ORD-000287,Debit Card,Paid,2024-10-24
PAY-000288,ORD-000288,JazzCash,Refunded,2024-10-25
PAY-000289,ORD-000289,Credit Card,Pending,2024-10-25
PAY-000290,ORD-000290,JazzCash,Paid,2024-10-24
PAY-000291,ORD-000291,Credit Card,Paid,2024-10-26
PAY-000292,ORD-000292,Cash on Delivery,Pending,2024-10-25
PAY-000293,ORD-000293,Bank Transfer,Paid,2024-10-27
PAY-000294,ORD-000294,Debit Card,Paid,2024-10-26
PAY-000295,ORD-000295,Credit Card,Paid,2024-10-26
PAY-000296,ORD-000296,Credit Card,Pending,2024-10-25
PAY-000297,ORD-000297,Bank Transfer,Failed,2024-10-26
PAY-000298,ORD-000298,Credit Card,Paid,2024-10-25
PAY-000299,ORD-000299,JazzCash,Paid,2024-10-25
PAY-000300,ORD-000300,Bank Transfer,Refunded,2024-10-27
PAY-000301,ORD-000301,Debit Card,Paid,2024-10-26
PAY-000302,ORD-000302,Credit Card,Pending,2024-10-25
PAY-000303,ORD-000303,JazzCash,Paid,2024-10-26
PAY-000304,ORD-000304,Cash on Delivery,Refunded,2024-10-29
PAY-000305,ORD-000305,Debit Card,Refunded,2024-10-25
PAY-000306,ORD-000306,JazzCash,Paid,2024-10-26
PAY-000307,ORD-000307,Bank Transfer,Pending,2024-10-27
PAY-000308,ORD-000308,Debit Card,Paid,2024-10-26
PAY-000309,ORD-000309,Cash on Delivery,Paid,2024-10-27
PAY-000310,ORD-000310,Cash on Delivery,Pending,2024-10-30
PAY-000311,ORD-000311,Cash on Delivery,Refunded,2024-10-31
PAY-000312,ORD-000312,Credit Card,Paid,2024-10-27
PAY-000313,ORD-000313,Bank Transfer,Paid,2024-10-28
PAY-000314,ORD-000314,Credit Card,Paid,2024-10-28
PAY-000315,ORD-000315,Debit Card,Paid,2024-10-28
PAY-000316,ORD-000316,Cash on Delivery,Paid,2024-10-27
PAY-000317,ORD-000317,Bank Transfer,Paid,2024-10-31
PAY-000318,ORD-000318,JazzCash,Refunded,2024-10-28
PAY-000319,ORD-000319,Debit Card,Paid,2024-10-28
PAY-000320,ORD-000320,Cash on Delivery,Refunded,2024-11-01
PAY-000321,ORD-000321,Bank Transfer,Paid,2024-11-01
PAY-000322,ORD-000322,Credit Card,Paid,2024-10-28
PAY-000323,ORD-000323,Credit Card,Paid,2024-10-27
PAY-000324,ORD-000324,Credit Card,Paid,2024-10-27
PAY-000325,ORD-000325,Debit Card,Refunded,2024-10-27
PAY-000326,ORD-000326,Credit Card,Refunded,2024-10-27
PAY-000327,ORD-000327,Cash on Delivery,Paid,2024-10-30
PAY-000328,ORD-000328,Cash on Delivery,Paid,2024-10-31
PAY-000329,ORD-000329,JazzCash,Paid,2024-10-29
PAY-000330,ORD-000330,JazzCash,Paid,2024-10-28
PAY-000331,ORD-000331,Bank Transfer,Paid,2024-10-30
PAY-000332,ORD-000332,Cash on Delivery,Paid,2024-10-29
PAY-000333,ORD-000333,JazzCash,Paid,2024-10-30
PAY-000334,ORD-000334,Debit Card,Paid,2024-10-30
PAY-000335,ORD-000335,EasyPaisa,Paid,2024-10-29
PAY-000336,ORD-000336,Cash on Delivery,Paid,2024-11-01
PAY-000337,ORD-000337,JazzCash,Failed,2024-10-28
PAY-000338,ORD-000338,Credit Card,Refunded,2024-10-28
PAY-000339,ORD-000339,JazzCash,Paid,2024-10-29
PAY-000340,ORD-000340,Credit Card,Paid,2024-10-30
PAY-000341,ORD-000341,Cash on Delivery,Paid,2024-11-04
PAY-000342,ORD-000342,EasyPaisa,Paid,2024-10-31
PAY-000343,ORD-000343,JazzCash,Failed,2024-10-31
PAY-000344,ORD-000344,Credit Card,Paid,2024-10-30
PAY-000345,ORD-000345,EasyPaisa,Paid,2024-10-30
PAY-000346,ORD-000346,Credit Card,Paid,2024-10-30
PAY-000347,ORD-000347,Cash on Delivery,Paid,2024-11-01
PAY-000348,ORD-000348,Credit Card,Paid,2024-10-29
PAY-000349,ORD-000349,Credit Card,Refunded,2024-10-31
PAY-000350,ORD-000350,JazzCash,Paid,2024-10-29
PAY-000351,ORD-000351,JazzCash,Paid,2024-10-30
PAY-000352,ORD-000352,EasyPaisa,Paid,2024-10-31
PAY-000353,ORD-000353,JazzCash,Paid,2024-10-30
PAY-000354,ORD-000354,Cash on Delivery,Pending,2024-11-03
PAY-000355,ORD-000355,Credit Card,Pending,2024-10-30
PAY-000356,ORD-000356,Credit Card,Paid,2024-10-31
PAY-000357,ORD-000357,Debit Card,Refunded,2024-11-01
PAY-000358,ORD-000358,EasyPaisa,Pending,2024-10-30
PAY-000359,ORD-000359,Credit Card,Paid,2024-10-30
PAY-000360,ORD-000360,JazzCash,Pending,2024-10-30
PAY-000361,ORD-000361,Credit Card,Pending,2024-11-01
PAY-000362,ORD-000362,Debit Card,Paid,2024-10-31
PAY-000363,ORD-000363,Debit Card,Paid,2024-10-31
PAY-000364,ORD-000364,Credit Card,Paid,2024-10-30
PAY-000365,ORD-000365,Credit Card,Paid,2024-11-01
PAY-000366,ORD-000366,Credit Card,Pending,2024-11-01
PAY-000367,ORD-000367,Credit Card,Paid,2024-11-02
PAY-000368,ORD-000368,Cash on Delivery,Paid,2024-11-05
PAY-000369,ORD-000369,Cash on Delivery,Paid,2024-11-02
PAY-000370,ORD-000370,EasyPaisa,Pending,2024-10-31
PAY-000371,ORD-000371,EasyPaisa,Refunded,2024-11-01
PAY-000372,ORD-000372,Credit Card,Paid,2024-10-31
PAY-000373,ORD-000373,Bank Transfer,Refunded,2024-11-04
PAY-000374,ORD-000374,Cash on Delivery,Paid,2024-11-06
PAY-000375,ORD-000375,Credit Card,Paid,2024-11-01
PAY-000376,ORD-000376,Debit Card,Paid,2024-10-31
PAY-000377,ORD-000377,Debit Card,Pending,2024-11-01
PAY-000378,ORD-000378,Cash on Delivery,Paid,2024-11-06
PAY-000379,ORD-000379,Debit Card,Paid,2024-11-01
PAY-000380,ORD-000380,Bank Transfer,Paid,2024-11-07
PAY-000381,ORD-000381,JazzCash,Paid,2024-11-03
PAY-000382,ORD-000382,Bank Transfer,Paid,2024-11-02
PAY-000383,ORD-000383,JazzCash,Paid,2024-11-03
PAY-000384,ORD-000384,Cash on Delivery,Refunded,2024-11-03
PAY-000385,ORD-000385,Cash on Delivery,Paid,2024-11-04
PAY-000386,ORD-000386,Cash on Delivery,Paid,2024-11-04
PAY-000387,ORD-000387,EasyPaisa,Paid,2024-11-02
PAY-000388,ORD-000388,Credit Card,Pending,2024-11-02
PAY-000389,ORD-000389,Debit Card,Paid,2024-11-03
PAY-000390,ORD-000390,Debit Card,Pending,2024-11-01
PAY-000391,ORD-000391,JazzCash,Refunded,2024-11-03
PAY-000392,ORD-000392,Credit Card,Paid,2024-11-03
PAY-000393,ORD-000393,Credit Card,Paid,2024-11-02
PAY-000394,ORD-000394,Debit Card,Failed,2024-11-03
PAY-000395,ORD-000395,Cash on Delivery,Paid,2024-11-03
PAY-000396,ORD-000396,Cash on Delivery,Paid,2024-11-03
PAY-000397,ORD-000397,Cash on Delivery,Paid,2024-11-05
PAY-000398,ORD-000398,Debit Card,Paid,2024-11-02
PAY-000399,ORD-000399,Cash on Delivery,Paid,2024-11-06
PAY-000400,ORD-000400,Cash on Delivery,Refunded,2024-11-05
PAY-000401,ORD-000401,EasyPaisa,Refunded,2024-11-03
PAY-000402,ORD-000402,Credit Card,Paid,2024-11-04
PAY-000403,ORD-000403,Debit Card,Paid,2024-11-04
PAY-000404,ORD-000404,Credit Card,Paid,2024-11-03
PAY-000405,ORD-000405,JazzCash,Paid,2024-11-03
PAY-000406,ORD-000406,Cash on Delivery,Paid,2024-11-03
PAY-000407,ORD-000407,Debit Card,Paid,2024-11-03
PAY-000408,ORD-000408,Credit Card,Paid,2024-11-02
PAY-000409,ORD-000409,JazzCash,Paid,2024-11-04
PAY-000410,ORD-000410,Cash on Delivery,Refunded,2024-11-05
PAY-000411,ORD-000411,EasyPaisa,Failed,2024-11-05
PAY-000412,ORD-000412,Bank Transfer,Paid,2024-11-04
PAY-000413,ORD-000413,Credit Card,Paid,2024-11-04
PAY-000414,ORD-000414,Debit Card,Paid,2024-11-03
PAY-000415,ORD-000415,JazzCash,Failed,2024-11-05
PAY-000416,ORD-000416,Debit Card,Paid,2024-11-05
PAY-000417,ORD-000417,Cash on Delivery,Paid,2024-11-05
PAY-000418,ORD-000418,JazzCash,Paid,2024-11-05
PAY-000419,ORD-000419,JazzCash,Refunded,2024-11-04
PAY-000420,ORD-000420,JazzCash,Paid,2024-11-05
PAY-000421,ORD-000421,Cash on Delivery,Refunded,2024-11-06
PAY-000422,ORD-000422,Bank Transfer,Paid,2024-11-10
PAY-000423,ORD-000423,Bank Transfer,Paid,2024-11-05
PAY-000424,ORD-000424,Credit Card,Paid,2024-11-05
PAY-000425,ORD-000425,Credit Card,Paid,2024-11-04
PAY-000426,ORD-000426,JazzCash,Refunded,2024-11-05
PAY-000427,ORD-000427,Bank Transfer,Paid,2024-11-08
PAY-000428,ORD-000428,Cash on Delivery,Paid,2024-11-07
PAY-000429,ORD-000429,Cash on Delivery,Paid,2024-11-07
PAY-000430,ORD-000430,Credit Card,Paid,2024-11-05
PAY-000431,ORD-000431,Credit Card,Paid,2024-11-05
PAY-000432,ORD-000432,Credit Card,Paid,2024-11-06
PAY-000433,ORD-000433,Debit Card,Paid,2024-11-07
PAY-000434,ORD-000434,Cash on Delivery,Failed,2024-11-07
PAY-000435,ORD-000435,Credit Card,Paid,2024-11-06
PAY-000436,ORD-000436,Cash on Delivery,Paid,2024-11-06
PAY-000437,ORD-000437,Credit Card,Paid,2024-11-07
PAY-000438,ORD-000438,Bank Transfer,Paid,2024-11-08
PAY-000439,ORD-000439,Cash on Delivery,Paid,2024-11-11
PAY-000440,ORD-000440,Credit Card,Refunded,2024-11-06
PAY-000441,ORD-000441,Credit Card,Pending,2024-11-06
PAY-000442,ORD-000442,Bank Transfer,Refunded,2024-11-12
PAY-000443,ORD-000443,Cash on Delivery,Paid,2024-11-08
PAY-000444,ORD-000444,Credit Card,Paid,2024-11-08
PAY-000445,ORD-000445,Debit Card,Pending,2024-11-07
PAY-000446,ORD-000446,EasyPaisa,Paid,2024-11-07
PAY-000447,ORD-000447,Debit Card,Paid,2024-11-06
PAY-000448,ORD-000448,EasyPaisa,Refunded,2024-11-06
PAY-000449,ORD-000449,Cash on Delivery,Paid,2024-11-12
PAY-000450,ORD-000450,Credit Card,Paid,2024-11-08
PAY-000451,ORD-000451,Credit Card,Paid,2024-11-08
PAY-000452,ORD-000452,JazzCash,Paid,2024-11-08
PAY-000453,ORD-000453,Debit Card,Paid,2024-11-09
PAY-000454,ORD-000454,Cash on Delivery,Paid,2024-11-10
PAY-000455,ORD-000455,Debit Card,Paid,2024-11-07
PAY-000456,ORD-000456,EasyPaisa,Paid,2024-11-08
PAY-000457,ORD-000457,Cash on Delivery,Paid,2024-11-13
PAY-000458,ORD-000458,JazzCash,Paid,2024-11-07
PAY-000459,ORD-000459,Credit Card,Paid,2024-11-07
PAY-000460,ORD-000460,Debit Card,Paid,2024-11-09
PAY-000461,ORD-000461,Cash on Delivery,Pending,2024-11-10
PAY-000462,ORD-000462,JazzCash,Paid,2024-11-08
PAY-000463,ORD-000463,Cash on Delivery,Paid,2024-11-11
PAY-000464,ORD-000464,JazzCash,Refunded,2024-11-08
PAY-000465,ORD-000465,Credit Card,Paid,2024-11-09
PAY-000466,ORD-000466,EasyPaisa,Refunded,2024-11-08
PAY-000467,ORD-000467,Cash on Delivery,Paid,2024-11-09
PAY-000468,ORD-000468,JazzCash,Paid,2024-11-08
PAY-000469,ORD-000469,Credit Card,Paid,2024-11-08
PAY-000470,ORD-000470,JazzCash,Paid,2024-11-09
PAY-000471,ORD-000471,Credit Card,Paid,2024-11-08
PAY-000472,ORD-000472,Credit Card,Paid,2024-11-09
PAY-000473,ORD-000473,Debit Card,Paid,2024-11-10
PAY-000474,ORD-000474,Cash on Delivery,Refunded,2024-11-10
PAY-000475,ORD-000475,EasyPaisa,Paid,2024-11-09
PAY-000476,ORD-000476,Cash on Delivery,Paid,2024-11-10
PAY-000477,ORD-000477,Debit Card,Paid,2024-11-08
PAY-000478,ORD-000478,Cash on Delivery,Paid,2024-11-09
PAY-000479,ORD-000479,Credit Card,Paid,2024-11-09
PAY-000480,ORD-000480,Debit Card,Paid,2024-11-09
PAY-000481,ORD-000481,Credit Card,Paid,2024-11-10
PAY-000482,ORD-000482,Bank Transfer,Paid,2024-11-11
PAY-000483,ORD-000483,Debit Card,Paid,2024-11-10
PAY-000484,ORD-000484,Credit Card,Paid,2024-11-09
PAY-000485,ORD-000485,Cash on Delivery,Paid,2024-11-10
PAY-000486,ORD-000486,Bank Transfer,Paid,2024-11-10
PAY-000487,ORD-000487,Credit Card,Pending,2024-11-10
PAY-000488,ORD-000488,EasyPaisa,Paid,2024-11-08
PAY-000489,ORD-000489,Debit Card,Paid,2024-11-10
PAY-000490,ORD-000490,Credit Card,Paid,2024-11-08
PAY-000491,ORD-000491,Cash on Delivery,Paid,2024-11-12
PAY-000492,ORD-000492,JazzCash,Refunded,2024-11-10
PAY-000493,ORD-000493,EasyPaisa,Refunded,2024-11-09
PAY-000494,ORD-000494,Credit Card,Paid,2024-11-10
PAY-000495,ORD-000495,Cash on Delivery,Paid,2024-11-11
PAY-000496,ORD-000496,Credit Card,Failed,2024-11-10
PAY-000497,ORD-000497,Cash on Delivery,Failed,2024-11-15
PAY-000498,ORD-000498,Bank Transfer,Paid,2024-11-12
PAY-000499,ORD-000499,Cash on Delivery,Paid,2024-11-12
PAY-000500,ORD-000500,EasyPaisa,Paid,2024-11-10
PAY-000501,ORD-000501,Bank Transfer,Paid,2024-11-12
PAY-000502,ORD-000502,Cash on Delivery,Paid,2024-11-15
PAY-000503,ORD-000503,Debit Card,Paid,2024-11-11
PAY-000504,ORD-000504,EasyPaisa,Paid,2024-11-10
PAY-000505,ORD-000505,Cash on Delivery,Paid,2024-11-12
PAY-000506,ORD-000506,JazzCash,Paid,2024-11-12
PAY-000507,ORD-000507,JazzCash,Paid,2024-11-11
PAY-000508,ORD-000508,JazzCash,Refunded,2024-11-10
PAY-000509,ORD-000509,Cash on Delivery,Paid,2024-11-15
PAY-000510,ORD-000510,JazzCash,Paid,2024-11-10
PAY-000511,ORD-000511,EasyPaisa,Paid,2024-11-13
PAY-000512,ORD-000512,Debit Card,Paid,2024-11-12
PAY-000513,ORD-000513,Credit Card,Paid,2024-11-13
PAY-000514,ORD-000514,Credit Card,Paid,2024-11-11
PAY-000515,ORD-000515,EasyPaisa,Paid,2024-11-12
PAY-000516,ORD-000516,Credit Card,Paid,2024-11-12
PAY-000517,ORD-000517,Credit Card,Refunded,2024-11-12
PAY-000518,ORD-000518,JazzCash,Refunded,2024-11-12
PAY-000519,ORD-000519,Debit Card,Paid,2024-11-13
PAY-000520,ORD-000520,Cash on Delivery,Paid,2024-11-17
PAY-000521,ORD-000521,Credit Card,Paid,2024-11-13
PAY-000522,ORD-000522,Cash on Delivery,Paid,2024-11-15
PAY-000523,ORD-000523,Debit Card,Paid,2024-11-13
PAY-000524,ORD-000524,EasyPaisa,Refunded,2024-11-11
PAY-000525,ORD-000525,JazzCash,Paid,2024-11-12
PAY-000526,ORD-000526,Credit Card,Paid,2024-11-13
PAY-000527,ORD-000527,Credit Card,Refunded,2024-11-13
PAY-000528,ORD-000528,Credit Card,Paid,2024-11-12
PAY-000529,ORD-000529,Credit Card,Refunded,2024-11-14
PAY-000530,ORD-000530,Cash on Delivery,Paid,2024-11-14
PAY-000531,ORD-000531,Cash on Delivery,Paid,2024-11-17
PAY-000532,ORD-000532,Credit Card,Paid,2024-11-12
PAY-000533,ORD-000533,JazzCash,Paid,2024-11-13
PAY-000534,ORD-000534,Credit Card,Failed,2024-11-12
PAY-000535,ORD-000535,Credit Card,Refunded,2024-11-12
PAY-000536,ORD-000536,Credit Card,Refunded,2024-11-12
PAY-000537,ORD-000537,JazzCash,Paid,2024-11-14
PAY-000538,ORD-000538,Credit Card,Paid,2024-11-13
PAY-000539,ORD-000539,Debit Card,Pending,2024-11-14
PAY-000540,ORD-000540,Credit Card,Refunded,2024-11-14
PAY-000541,ORD-000541,JazzCash,Paid,2024-11-13
PAY-000542,ORD-000542,EasyPaisa,Paid,2024-11-13
PAY-000543,ORD-000543,Credit Card,Paid,2024-11-14
PAY-000544,ORD-000544,Cash on Delivery,Paid,2024-11-13
PAY-000545,ORD-000545,Cash on Delivery,Paid,2024-11-18
PAY-000546,ORD-000546,Credit Card,Refunded,2024-11-13
PAY-000547,ORD-000547,Cash on Delivery,Paid,2024-11-15
PAY-000548,ORD-000548,Debit Card,Failed,2024-11-15
PAY-000549,ORD-000549,EasyPaisa,Refunded,2024-11-15
PAY-000550,ORD-000550,Cash on Delivery,Failed,2024-11-15
PAY-000551,ORD-000551,Debit Card,Paid,2024-11-15
PAY-000552,ORD-000552,Cash on Delivery,Paid,2024-11-16
PAY-000553,ORD-000553,EasyPaisa,Paid,2024-11-15
PAY-000554,ORD-000554,Credit Card,Paid,2024-11-14
PAY-000555,ORD-000555,Credit Card,Paid,2024-11-13
PAY-000556,ORD-000556,Debit Card,Paid,2024-11-13
PAY-000557,ORD-000557,JazzCash,Paid,2024-11-15
PAY-000558,ORD-000558,Credit Card,Pending,2024-11-13
PAY-000559,ORD-000559,Credit Card,Paid,2024-11-13
PAY-000560,ORD-000560,Debit Card,Pending,2024-11-15
PAY-000561,ORD-000561,Cash on Delivery,Refunded,2024-11-18
PAY-000562,ORD-000562,Cash on Delivery,Paid,2024-11-15
PAY-000563,ORD-000563,Debit Card,Refunded,2024-11-16
PAY-000564,ORD-000564,EasyPaisa,Paid,2024-11-15
PAY-000565,ORD-000565,Credit Card,Paid,2024-11-15
PAY-000566,ORD-000566,EasyPaisa,Pending,2024-11-16
PAY-000567,ORD-000567,Debit Card,Paid,2024-11-15
PAY-000568,ORD-000568,Debit Card,Paid,2024-11-14
PAY-000569,ORD-000569,Cash on Delivery,Paid,2024-11-19
PAY-000570,ORD-000570,Cash on Delivery,Paid,2024-11-16
PAY-000571,ORD-000571,Cash on Delivery,Paid,2024-11-18
PAY-000572,ORD-000572,JazzCash,Failed,2024-11-16
PAY-000573,ORD-000573,Credit Card,Paid,2024-11-14
PAY-000574,ORD-000574,EasyPaisa,Paid,2024-11-15
PAY-000575,ORD-000575,Debit Card,Paid,2024-11-16
PAY-000576,ORD-000576,EasyPaisa,Paid,2024-11-16
PAY-000577,ORD-000577,Cash on Delivery,Refunded,2024-11-17
PAY-000578,ORD-000578,EasyPaisa,Refunded,2024-11-16
PAY-000579,ORD-000579,Credit Card,Paid,2024-11-17
PAY-000580,ORD-000580,Credit Card,Refunded,2024-11-17
PAY-000581,ORD-000581,Debit Card,Paid,2024-11-17
PAY-000582,ORD-000582,Bank Transfer,Failed,2024-11-19
PAY-000583,ORD-000583,EasyPaisa,Paid,2024-11-15
PAY-000584,ORD-000584,Debit Card,Refunded,2024-11-16
PAY-000585,ORD-000585,Credit Card,Failed,2024-11-16
PAY-000586,ORD-000586,Bank Transfer,Refunded,2024-11-21
PAY-000587,ORD-000587,Cash on Delivery,Paid,2024-11-19
PAY-000588,ORD-000588,Credit Card,Paid,2024-11-18
PAY-000589,ORD-000589,JazzCash,Pending,2024-11-17
PAY-000590,ORD-000590,Cash on Delivery,Paid,2024-11-21
PAY-000591,ORD-000591,EasyPaisa,Paid,2024-11-17
PAY-000592,ORD-000592,Cash on Delivery,Paid,2024-11-20
PAY-000593,ORD-000593,Credit Card,Paid,2024-11-19
PAY-000594,ORD-000594,Debit Card,Paid,2024-11-18
PAY-000595,ORD-000595,EasyPaisa,Paid,2024-11-17
PAY-000596,ORD-000596,Cash on Delivery,Refunded,2024-11-18
PAY-000597,ORD-000597,Debit Card,Refunded,2024-11-18
PAY-000598,ORD-000598,JazzCash,Failed,2024-11-19
PAY-000599,ORD-000599,JazzCash,Paid,2024-11-17
PAY-000600,ORD-000600,JazzCash,Failed,2024-11-18
PAY-000601,ORD-000601,Cash on Delivery,Paid,2024-11-20
PAY-000602,ORD-000602,Credit Card,Paid,2024-11-19
PAY-000603,ORD-000603,Credit Card,Paid,2024-11-17
PAY-000604,ORD-000604,EasyPaisa,Paid,2024-11-19
PAY-000605,ORD-000605,Cash on Delivery,Paid,2024-11-21
PAY-000606,ORD-000606,Cash on Delivery,Paid,2024-11-21
PAY-000607,ORD-000607,Bank Transfer,Failed,2024-11-23
PAY-000608,ORD-000608,Debit Card,Refunded,2024-11-18
PAY-000609,ORD-000609,Debit Card,Paid,2024-11-18
PAY-000610,ORD-000610,Credit Card,Paid,2024-11-20
PAY-000611,ORD-000611,Credit Card,Paid,2024-11-19
PAY-000612,ORD-000612,Debit Card,Paid,2024-11-19
PAY-000613,ORD-000613,EasyPaisa,Refunded,2024-11-19
PAY-000614,ORD-000614,EasyPaisa,Paid,2024-11-18
PAY-000615,ORD-000615,JazzCash,Failed,2024-11-19
PAY-000616,ORD-000616,EasyPaisa,Paid,2024-11-19
PAY-000617,ORD-000617,Debit Card,Paid,2024-11-20
PAY-000618,ORD-000618,Cash on Delivery,Paid,2024-11-20
PAY-000619,ORD-000619,Credit Card,Paid,2024-11-19
PAY-000620,ORD-000620,Credit Card,Paid,2024-11-20
PAY-000621,ORD-000621,Credit Card,Paid,2024-11-20
PAY-000622,ORD-000622,Bank Transfer,Paid,2024-11-23
PAY-000623,ORD-000623,Cash on Delivery,Failed,2024-11-23
PAY-000624,ORD-000624,Bank Transfer,Refunded,2024-11-20
PAY-000625,ORD-000625,JazzCash,Pending,2024-11-21
PAY-000626,ORD-000626,Debit Card,Paid,2024-11-20
PAY-000627,ORD-000627,Cash on Delivery,Paid,2024-11-25
PAY-000628,ORD-000628,Debit Card,Paid,2024-11-19
PAY-000629,ORD-000629,JazzCash,Paid,2024-11-21
PAY-000630,ORD-000630,EasyPaisa,Paid,2024-11-21
PAY-000631,ORD-000631,Credit Card,Paid,2024-11-20
PAY-000632,ORD-000632,JazzCash,Paid,2024-11-19
PAY-000633,ORD-000633,EasyPaisa,Paid,2024-11-21
PAY-000634,ORD-000634,EasyPaisa,Paid,2024-11-21
PAY-000635,ORD-000635,Cash on Delivery,Failed,2024-11-22
PAY-000636,ORD-000636,Credit Card,Paid,2024-11-19
PAY-000637,ORD-000637,Debit Card,Refunded,2024-11-19
PAY-000638,ORD-000638,Cash on Delivery,Paid,2024-11-25
PAY-000639,ORD-000639,Cash on Delivery,Paid,2024-11-26
PAY-000640,ORD-000640,Cash on Delivery,Paid,2024-11-23
PAY-000641,ORD-000641,EasyPaisa,Paid,2024-11-21
PAY-000642,ORD-000642,Cash on Delivery,Refunded,2024-11-23
PAY-000643,ORD-000643,Debit Card,Paid,2024-11-20
PAY-000644,ORD-000644,Cash on Delivery,Paid,2024-11-22
PAY-000645,ORD-000645,Debit Card,Paid,2024-11-22
PAY-000646,ORD-000646,Debit Card,Refunded,2024-11-21
PAY-000647,ORD-000647,Credit Card,Paid,2024-11-21
PAY-000648,ORD-000648,Credit Card,Paid,2024-11-20
PAY-000649,ORD-000649,Debit Card,Paid,2024-11-20
PAY-000650,ORD-000650,JazzCash,Refunded,2024-11-22
PAY-000651,ORD-000651,JazzCash,Paid,2024-11-22
PAY-000652,ORD-000652,JazzCash,Pending,2024-11-22
PAY-000653,ORD-000653,Debit Card,Paid,2024-11-21
PAY-000654,ORD-000654,Credit Card,Paid,2024-11-22
PAY-000655,ORD-000655,Credit Card,Paid,2024-11-21
PAY-000656,ORD-000656,Credit Card,Paid,2024-11-23
PAY-000657,ORD-000657,EasyPaisa,Paid,2024-11-22
PAY-000658,ORD-000658,Credit Card,Failed,2024-11-21
PAY-000659,ORD-000659,EasyPaisa,Paid,2024-11-21
PAY-000660,ORD-000660,Cash on Delivery,Paid,2024-11-23
PAY-000661,ORD-000661,Cash on Delivery,Paid,2024-11-25
PAY-000662,ORD-000662,JazzCash,Paid,2024-11-21
PAY-000663,ORD-000663,Cash on Delivery,Paid,2024-11-24
PAY-000664,ORD-000664,EasyPaisa,Paid,2024-11-22
PAY-000665,ORD-000665,Cash on Delivery,Paid,2024-11-24
PAY-000666,ORD-000666,JazzCash,Paid,2024-11-23
PAY-000667,ORD-000667,Credit Card,Paid,2024-11-21
PAY-000668,ORD-000668,Credit Card,Paid,2024-11-23
PAY-000669,ORD-000669,JazzCash,Paid,2024-11-24
PAY-000670,ORD-000670,Debit Card,Paid,2024-11-22
PAY-000671,ORD-000671,Credit Card,Paid,2024-11-23
PAY-000672,ORD-000672,JazzCash,Paid,2024-11-22
PAY-000673,ORD-000673,Cash on Delivery,Paid,2024-11-26
PAY-000674,ORD-000674,Debit Card,Pending,2024-11-23
PAY-000675,ORD-000675,Cash on Delivery,Paid,2024-11-23
PAY-000676,ORD-000676,Cash on Delivery,Paid,2024-11-26
PAY-000677,ORD-000677,Credit Card,Refunded,2024-11-23
PAY-000678,ORD-000678,Credit Card,Refunded,2024-11-22
PAY-000679,ORD-000679,Credit Card,Refunded,2024-11-24
PAY-000680,ORD-000680,JazzCash,Paid,2024-11-25
PAY-000681,ORD-000681,JazzCash,Pending,2024-11-24
PAY-000682,ORD-000682,Credit Card,Paid,2024-11-23
PAY-000683,ORD-000683,Credit Card,Paid,2024-11-25
PAY-000684,ORD-000684,Cash on Delivery,Paid,2024-11-27
PAY-000685,ORD-000685,Credit Card,Paid,2024-11-24
PAY-000686,ORD-000686,JazzCash,Paid,2024-11-25
PAY-000687,ORD-000687,Cash on Delivery,Paid,2024-11-29
PAY-000688,ORD-000688,Cash on Delivery,Paid,2024-11-26
PAY-000689,ORD-000689,Credit Card,Paid,2024-11-24
PAY-000690,ORD-000690,Credit Card,Pending,2024-11-26
PAY-000691,ORD-000691,Credit Card,Refunded,2024-11-26
PAY-000692,ORD-000692,Cash on Delivery,Refunded,2024-11-27
PAY-000693,ORD-000693,Cash on Delivery,Refunded,2024-11-26
PAY-000694,ORD-000694,Credit Card,Paid,2024-11-26
PAY-000695,ORD-000695,Debit Card,Paid,2024-11-27
PAY-000696,ORD-000696,Cash on Delivery,Paid,2024-11-30
PAY-000697,ORD-000697,JazzCash,Paid,2024-11-25
PAY-000698,ORD-000698,Cash on Delivery,Paid,2024-11-27
PAY-000699,ORD-000699,JazzCash,Refunded,2024-11-26
PAY-000700,ORD-000700,Cash on Delivery,Paid,2024-11-26
PAY-000701,ORD-000701,Cash on Delivery,Paid,2024-11-30
PAY-000702,ORD-000702,Credit Card,Paid,2024-11-25
PAY-000703,ORD-000703,EasyPaisa,Paid,2024-11-27
PAY-000704,ORD-000704,Credit Card,Paid,2024-11-26
PAY-000705,ORD-000705,Credit Card,Paid,2024-11-28
PAY-000706,ORD-000706,Cash on Delivery,Paid,2024-12-01
PAY-000707,ORD-000707,JazzCash,Paid,2024-11-26
PAY-000708,ORD-000708,Cash on Delivery,Paid,2024-12-02
PAY-000709,ORD-000709,Debit Card,Paid,2024-11-26
PAY-000710,ORD-000710,Credit Card,Paid,2024-11-27
PAY-000711,ORD-000711,Bank Transfer,Paid,2024-11-28
PAY-000712,ORD-000712,Cash on Delivery,Refunded,2024-11-28
PAY-000713,ORD-000713,JazzCash,Paid,2024-11-28
PAY-000714,ORD-000714,Credit Card,Paid,2024-11-28
PAY-000715,ORD-000715,JazzCash,Paid,2024-11-27
PAY-000716,ORD-000716,Cash on Delivery,Paid,2024-11-28
PAY-000717,ORD-000717,Debit Card,Paid,2024-11-29
PAY-000718,ORD-000718,JazzCash,Paid,2024-11-27
PAY-000719,ORD-000719,Debit Card,Pending,2024-11-29
PAY-000720,ORD-000720,JazzCash,Paid,2024-11-28
PAY-000721,ORD-000721,Cash on Delivery,Paid,2024-11-28
PAY-000722,ORD-000722,Credit Card,Paid,2024-11-27
PAY-000723,ORD-000723,EasyPaisa,Paid,2024-11-29
PAY-000724,ORD-000724,EasyPaisa,Paid,2024-11-29
PAY-000725,ORD-000725,Debit Card,Paid,2024-11-28
PAY-000726,ORD-000726,Bank Transfer,Paid,2024-12-03
PAY-000727,ORD-000727,Credit Card,Paid,2024-11-27
PAY-000728,ORD-000728,Cash on Delivery,Paid,2024-12-02
PAY-000729,ORD-000729,EasyPaisa,Refunded,2024-11-29
PAY-000730,ORD-000730,JazzCash,Paid,2024-11-27
PAY-000731,ORD-000731,Credit Card,Paid,2024-11-29
PAY-000732,ORD-000732,Cash on Delivery,Paid,2024-12-04
PAY-000733,ORD-000733,EasyPaisa,Paid,2024-11-29
PAY-000734,ORD-000734,Credit Card,Paid,2024-11-30
PAY-000735,ORD-000735,Cash on Delivery,Refunded,2024-12-03
PAY-000736,ORD-000736,Cash on Delivery,Pending,2024-12-02
PAY-000737,ORD-000737,Debit Card,Paid,2024-11-28
PAY-000738,ORD-000738,Cash on Delivery,Paid,2024-12-04
PAY-000739,ORD-000739,Bank Transfer,Paid,2024-12-04
PAY-000740,ORD-000740,Cash on Delivery,Paid,2024-12-04
PAY-000741,ORD-000741,Debit Card,Paid,2024-11-29
PAY-000742,ORD-000742,EasyPaisa,Paid,2024-11-28
PAY-000743,ORD-000743,JazzCash,Refunded,2024-11-29
PAY-000744,ORD-000744,Cash on Delivery,Paid,2024-12-04
PAY-000745,ORD-000745,EasyPaisa,Paid,2024-11-28
PAY-000746,ORD-000746,JazzCash,Paid,2024-11-30
PAY-000747,ORD-000747,Credit Card,Paid,2024-12-01
PAY-000748,ORD-000748,Cash on Delivery,Pending,2024-11-30
PAY-000749,ORD-000749,JazzCash,Refunded,2024-11-29
PAY-000750,ORD-000750,Cash on Delivery,Paid,2024-11-30
PAY-000751,ORD-000751,JazzCash,Paid,2024-12-01
PAY-000752,ORD-000752,EasyPaisa,Refunded,2024-12-01
PAY-000753,ORD-000753,EasyPaisa,Paid,2024-11-29
PAY-000754,ORD-000754,Credit Card,Failed,2024-12-01
PAY-000755,ORD-000755,Cash on Delivery,Failed,2024-12-05
PAY-000756,ORD-000756,Cash on Delivery,Paid,2024-12-01
PAY-000757,ORD-000757,Credit Card,Paid,2024-11-29
PAY-000758,ORD-000758,EasyPaisa,Paid,2024-12-01
PAY-000759,ORD-000759,Bank Transfer,Paid,2024-12-05
PAY-000760,ORD-000760,Debit Card,Paid,2024-12-01
PAY-000761,ORD-000761,JazzCash,Paid,2024-12-01
PAY-000762,ORD-000762,Credit Card,Failed,2024-12-01
PAY-000763,ORD-000763,JazzCash,Paid,2024-12-01
PAY-000764,ORD-000764,Credit Card,Pending,2024-12-01
PAY-000765,ORD-000765,Cash on Delivery,Paid,2024-12-02
PAY-000766,ORD-000766,EasyPaisa,Pending,2024-11-30
PAY-000767,ORD-000767,Cash on Delivery,Paid,2024-12-05
PAY-000768,ORD-000768,JazzCash,Paid,2024-11-30
PAY-000769,ORD-000769,JazzCash,Paid,2024-12-02
PAY-000770,ORD-000770,Bank Transfer,Refunded,2024-12-03
PAY-000771,ORD-000771,Debit Card,Paid,2024-12-02
PAY-000772,ORD-000772,JazzCash,Failed,2024-12-02
PAY-000773,ORD-000773,Cash on Delivery,Paid,2024-12-03
PAY-000774,ORD-000774,Cash on Delivery,Paid,2024-12-03
PAY-000775,ORD-000775,Credit Card,Refunded,2024-12-01
PAY-000776,ORD-000776,JazzCash,Paid,2024-12-01
PAY-000777,ORD-000777,EasyPaisa,Paid,2024-12-02
PAY-000778,ORD-000778,Credit Card,Paid,2024-12-01
PAY-000779,ORD-000779,Cash on Delivery,Paid,2024-12-02
PAY-000780,ORD-000780,EasyPaisa,Paid,2024-12-03
PAY-000781,ORD-000781,Debit Card,Paid,2024-12-03
PAY-000782,ORD-000782,JazzCash,Paid,2024-12-02
PAY-000783,ORD-000783,Debit Card,Paid,2024-12-02
PAY-000784,ORD-000784,Credit Card,Paid,2024-12-02
PAY-000785,ORD-000785,Cash on Delivery,Paid,2024-12-02
PAY-000786,ORD-000786,JazzCash,Failed,2024-12-02
PAY-000787,ORD-000787,Debit Card,Paid,2024-12-04
PAY-000788,ORD-000788,EasyPaisa,Pending,2024-12-03
PAY-000789,ORD-000789,Debit Card,Paid,2024-12-04
PAY-000790,ORD-000790,Credit Card,Paid,2024-12-02
PAY-000791,ORD-000791,JazzCash,Paid,2024-12-03
PAY-000792,ORD-000792,Cash on Delivery,Paid,2024-12-07
PAY-000793,ORD-000793,Debit Card,Paid,2024-12-02
PAY-000794,ORD-000794,JazzCash,Paid,2024-12-02
PAY-000795,ORD-000795,Bank Transfer,Paid,2024-12-03
PAY-000796,ORD-000796,JazzCash,Failed,2024-12-02
PAY-000797,ORD-000797,Cash on Delivery,Paid,2024-12-04
PAY-000798,ORD-000798,Credit Card,Paid,2024-12-02
PAY-000799,ORD-000799,Bank Transfer,Pending,2024-12-05
PAY-000800,ORD-000800,Debit Card,Paid,2024-12-02
PAY-000801,ORD-000801,Debit Card,Paid,2024-12-02
PAY-000802,ORD-000802,Cash on Delivery,Paid,2024-12-06
PAY-000803,ORD-000803,Bank Transfer,Paid,2024-12-09
PAY-000804,ORD-000804,Debit Card,Pending,2024-12-05
PAY-000805,ORD-000805,JazzCash,Paid,2024-12-03
PAY-000806,ORD-000806,Cash on Delivery,Refunded,2024-12-07
PAY-000807,ORD-000807,Credit Card,Refunded,2024-12-05
PAY-000808,ORD-000808,Credit Card,Paid,2024-12-05
PAY-000809,ORD-000809,Cash on Delivery,Paid,2024-12-06
PAY-000810,ORD-000810,Credit Card,Refunded,2024-12-03
PAY-000811,ORD-000811,EasyPaisa,Paid,2024-12-04
PAY-000812,ORD-000812,Bank Transfer,Paid,2024-12-09
PAY-000813,ORD-000813,Cash on Delivery,Paid,2024-12-08
PAY-000814,ORD-000814,JazzCash,Paid,2024-12-03
PAY-000815,ORD-000815,Cash on Delivery,Paid,2024-12-04
PAY-000816,ORD-000816,Cash on Delivery,Paid,2024-12-09
PAY-000817,ORD-000817,JazzCash,Paid,2024-12-03
PAY-000818,ORD-000818,Cash on Delivery,Pending,2024-12-08
PAY-000819,ORD-000819,Debit Card,Paid,2024-12-05
PAY-000820,ORD-000820,EasyPaisa,Paid,2024-12-04
PAY-000821,ORD-000821,Cash on Delivery,Failed,2024-12-07
PAY-000822,ORD-000822,Debit Card,Refunded,2024-12-05
PAY-000823,ORD-000823,Debit Card,Paid,2024-12-05
PAY-000824,ORD-000824,JazzCash,Paid,2024-12-04
PAY-000825,ORD-000825,EasyPaisa,Paid,2024-12-06
PAY-000826,ORD-000826,Debit Card,Refunded,2024-12-06
PAY-000827,ORD-000827,Cash on Delivery,Paid,2024-12-10
PAY-000828,ORD-000828,Credit Card,Paid,2024-12-05
PAY-000829,ORD-000829,Credit Card,Paid,2024-12-07
PAY-000830,ORD-000830,Bank Transfer,Paid,2024-12-08
PAY-000831,ORD-000831,Bank Transfer,Paid,2024-12-10
PAY-000832,ORD-000832,Cash on Delivery,Paid,2024-12-11
PAY-000833,ORD-000833,Debit Card,Paid,2024-12-05
PAY-000834,ORD-000834,Cash on Delivery,Failed,2024-12-08
PAY-000835,ORD-000835,Debit Card,Refunded,2024-12-06
PAY-000836,ORD-000836,Bank Transfer,Paid,2024-12-06
PAY-000837,ORD-000837,Debit Card,Paid,2024-12-06
PAY-000838,ORD-000838,JazzCash,Paid,2024-12-06
PAY-000839,ORD-000839,Cash on Delivery,Paid,2024-12-10
PAY-000840,ORD-000840,Credit Card,Paid,2024-12-08
PAY-000841,ORD-000841,JazzCash,Paid,2024-12-08
PAY-000842,ORD-000842,Cash on Delivery,Refunded,2024-12-08
PAY-000843,ORD-000843,JazzCash,Refunded,2024-12-07
PAY-000844,ORD-000844,Credit Card,Pending,2024-12-06
PAY-000845,ORD-000845,JazzCash,Refunded,2024-12-08
PAY-000846,ORD-000846,Credit Card,Pending,2024-12-07
PAY-000847,ORD-000847,JazzCash,Paid,2024-12-06
PAY-000848,ORD-000848,Cash on Delivery,Paid,2024-12-09
PAY-000849,ORD-000849,Debit Card,Paid,2024-12-06
PAY-000850,ORD-000850,Cash on Delivery,Refunded,2024-12-09
PAY-000851,ORD-000851,JazzCash,Pending,2024-12-07
PAY-000852,ORD-000852,Credit Card,Paid,2024-12-08
PAY-000853,ORD-000853,Cash on Delivery,Paid,2024-12-11
PAY-000854,ORD-000854,Credit Card,Pending,2024-12-06
PAY-000855,ORD-000855,Credit Card,Paid,2024-12-07
PAY-000856,ORD-000856,Cash on Delivery,Paid,2024-12-08
PAY-000857,ORD-000857,Cash on Delivery,Paid,2024-12-11
PAY-000858,ORD-000858,JazzCash,Paid,2024-12-07
PAY-000859,ORD-000859,Debit Card,Paid,2024-12-06
PAY-000860,ORD-000860,JazzCash,Paid,2024-12-07
PAY-000861,ORD-000861,Debit Card,Paid,2024-12-07
PAY-000862,ORD-000862,EasyPaisa,Paid,2024-12-07
PAY-000863,ORD-000863,Cash on Delivery,Failed,2024-12-10
PAY-000864,ORD-000864,EasyPaisa,Paid,2024-12-08
PAY-000865,ORD-000865,Credit Card,Failed,2024-12-08
PAY-000866,ORD-000866,Cash on Delivery,Paid,2024-12-11
PAY-000867,ORD-000867,Credit Card,Paid,2024-12-10
PAY-000868,ORD-000868,Credit Card,Paid,2024-12-10
PAY-000869,ORD-000869,JazzCash,Paid,2024-12-09
PAY-000870,ORD-000870,Credit Card,Paid,2024-12-10
PAY-000871,ORD-000871,Credit Card,Paid,2024-12-08
PAY-000872,ORD-000872,Cash on Delivery,Paid,2024-12-15
PAY-000873,ORD-000873,JazzCash,Refunded,2024-12-10
PAY-000874,ORD-000874,Credit Card,Paid,2024-12-10
PAY-000875,ORD-000875,Bank Transfer,Paid,2024-12-13
PAY-000876,ORD-000876,Debit Card,Paid,2024-12-10
PAY-000877,ORD-000877,Credit Card,Paid,2024-12-11
PAY-000878,ORD-000878,JazzCash,Paid,2024-12-09
PAY-000879,ORD-000879,JazzCash,Paid,2024-12-11
PAY-000880,ORD-000880,Credit Card,Paid,2024-12-11
PAY-000881,ORD-000881,Debit Card,Paid,2024-12-12
PAY-000882,ORD-000882,Credit Card,Paid,2024-12-10
PAY-000883,ORD-000883,Credit Card,Pending,2024-12-10
PAY-000884,ORD-000884,Cash on Delivery,Paid,2024-12-13
PAY-000885,ORD-000885,Bank Transfer,Paid,2024-12-15
PAY-000886,ORD-000886,Bank Transfer,Refunded,2024-12-14
PAY-000887,ORD-000887,Bank Transfer,Refunded,2024-12-15
PAY-000888,ORD-000888,EasyPaisa,Paid,2024-12-11
PAY-000889,ORD-000889,Credit Card,Paid,2024-12-11
PAY-000890,ORD-000890,Credit Card,Paid,2024-12-11
PAY-000891,ORD-000891,Credit Card,Paid,2024-12-11
PAY-000892,ORD-000892,Cash on Delivery,Paid,2024-12-11
PAY-000893,ORD-000893,Credit Card,Paid,2024-12-12
PAY-000894,ORD-000894,Credit Card,Paid,2024-12-10
PAY-000895,ORD-000895,Credit Card,Refunded,2024-12-12
PAY-000896,ORD-000896,Cash on Delivery,Paid,2024-12-14
PAY-000897,ORD-000897,Debit Card,Paid,2024-12-11
PAY-000898,ORD-000898,Debit Card,Paid,2024-12-12
PAY-000899,ORD-000899,Debit Card,Paid,2024-12-11
PAY-000900,ORD-000900,Bank Transfer,Paid,2024-12-13
PAY-000901,ORD-000901,Debit Card,Refunded,2024-12-13
PAY-000902,ORD-000902,JazzCash,Paid,2024-12-12
PAY-000903,ORD-000903,Debit Card,Refunded,2024-12-12
PAY-000904,ORD-000904,JazzCash,Paid,2024-12-12
PAY-000905,ORD-000905,Cash on Delivery,Paid,2024-12-17
PAY-000906,ORD-000906,Debit Card,Paid,2024-12-12
PAY-000907,ORD-000907,Cash on Delivery,Failed,2024-12-15
PAY-000908,ORD-000908,Debit Card,Paid,2024-12-12
PAY-000909,ORD-000909,JazzCash,Paid,2024-12-11
PAY-000910,ORD-000910,Cash on Delivery,Paid,2024-12-13
PAY-000911,ORD-000911,JazzCash,Paid,2024-12-14
PAY-000912,ORD-000912,Credit Card,Paid,2024-12-13
PAY-000913,ORD-000913,Cash on Delivery,Paid,2024-12-13
PAY-000914,ORD-000914,Bank Transfer,Paid,2024-12-16
PAY-000915,ORD-000915,Debit Card,Paid,2024-12-13
PAY-000916,ORD-000916,Cash on Delivery,Refunded,2024-12-16
PAY-000917,ORD-000917,Cash on Delivery,Paid,2024-12-15
PAY-000918,ORD-000918,Cash on Delivery,Paid,2024-12-13
PAY-000919,ORD-000919,Cash on Delivery,Paid,2024-12-14
PAY-000920,ORD-000920,Credit Card,Pending,2024-12-13
PAY-000921,ORD-000921,Credit Card,Paid,2024-12-13
PAY-000922,ORD-000922,Credit Card,Paid,2024-12-13
PAY-000923,ORD-000923,JazzCash,Paid,2024-12-12
PAY-000924,ORD-000924,JazzCash,Paid,2024-12-12
PAY-000925,ORD-000925,Cash on Delivery,Paid,2024-12-13
PAY-000926,ORD-000926,Bank Transfer,Paid,2024-12-14
PAY-000927,ORD-000927,Credit Card,Paid,2024-12-13
PAY-000928,ORD-000928,Cash on Delivery,Pending,2024-12-17
PAY-000929,ORD-000929,JazzCash,Paid,2024-12-13
PAY-000930,ORD-000930,Cash on Delivery,Paid,2024-12-16
PAY-000931,ORD-000931,Bank Transfer,Pending,2024-12-13
PAY-000932,ORD-000932,Credit Card,Paid,2024-12-15
PAY-000933,ORD-000933,Debit Card,Paid,2024-12-15
PAY-000934,ORD-000934,Bank Transfer,Paid,2024-12-18
PAY-000935,ORD-000935,JazzCash,Paid,2024-12-15
PAY-000936,ORD-000936,Credit Card,Paid,2024-12-15
PAY-000937,ORD-000937,Bank Transfer,Paid,2024-12-18
PAY-000938,ORD-000938,Cash on Delivery,Refunded,2024-12-18
PAY-000939,ORD-000939,Credit Card,Refunded,2024-12-15
PAY-000940,ORD-000940,Cash on Delivery,Paid,2024-12-15
PAY-000941,ORD-000941,EasyPaisa,Paid,2024-12-15
PAY-000942,ORD-000942,JazzCash,Pending,2024-12-14
PAY-000943,ORD-000943,EasyPaisa,Refunded,2024-12-14
PAY-000944,ORD-000944,Cash on Delivery,Paid,2024-12-18
PAY-000945,ORD-000945,Cash on Delivery,Refunded,2024-12-17
PAY-000946,ORD-000946,Debit Card,Paid,2024-12-13
PAY-000947,ORD-000947,Debit Card,Paid,2024-12-14
PAY-000948,ORD-000948,Credit Card,Refunded,2024-12-13
PAY-000949,ORD-000949,Credit Card,Paid,2024-12-13
PAY-000950,ORD-000950,EasyPaisa,Paid,2024-12-14
PAY-000951,ORD-000951,Credit Card,Paid,2024-12-15
PAY-000952,ORD-000952,JazzCash,Paid,2024-12-14
PAY-000953,ORD-000953,Credit Card,Paid,2024-12-14
PAY-000954,ORD-000954,Credit Card,Paid,2024-12-16
PAY-000955,ORD-000955,Cash on Delivery,Paid,2024-12-20
PAY-000956,ORD-000956,Credit Card,Pending,2024-12-15
PAY-000957,ORD-000957,Cash on Delivery,Refunded,2024-12-18
PAY-000958,ORD-000958,JazzCash,Paid,2024-12-15
PAY-000959,ORD-000959,Credit Card,Failed,2024-12-14
PAY-000960,ORD-000960,JazzCash,Paid,2024-12-14
PAY-000961,ORD-000961,Debit Card,Paid,2024-12-14
PAY-000962,ORD-000962,EasyPaisa,Paid,2024-12-14
PAY-000963,ORD-000963,Debit Card,Paid,2024-12-15
PAY-000964,ORD-000964,Cash on Delivery,Pending,2024-12-17
PAY-000965,ORD-000965,Debit Card,Paid,2024-12-15
PAY-000966,ORD-000966,JazzCash,Paid,2024-12-16
PAY-000967,ORD-000967,JazzCash,Paid,2024-12-15
PAY-000968,ORD-000968,Credit Card,Paid,2024-12-15
PAY-000969,ORD-000969,Credit Card,Paid,2024-12-16
PAY-000970,ORD-000970,Debit Card,Paid,2024-12-16
PAY-000971,ORD-000971,Cash on Delivery,Paid,2024-12-18
PAY-000972,ORD-000972,JazzCash,Refunded,2024-12-16
PAY-000973,ORD-000973,JazzCash,Failed,2024-12-15
PAY-000974,ORD-000974,Credit Card,Paid,2024-12-16
PAY-000975,ORD-000975,Cash on Delivery,Paid,2024-12-17
PAY-000976,ORD-000976,Credit Card,Paid,2024-12-16
PAY-000977,ORD-000977,JazzCash,Paid,2024-12-18
PAY-000978,ORD-000978,Debit Card,Paid,2024-12-16
PAY-000979,ORD-000979,Bank Transfer,Pending,2024-12-21
PAY-000980,ORD-000980,EasyPaisa,Pending,2024-12-17
PAY-000981,ORD-000981,Cash on Delivery,Paid,2024-12-22
PAY-000982,ORD-000982,JazzCash,Paid,2024-12-16
PAY-000983,ORD-000983,JazzCash,Paid,2024-12-16
PAY-000984,ORD-000984,Bank Transfer,Paid,2024-12-18
PAY-000985,ORD-000985,JazzCash,Paid,2024-12-18
PAY-000986,ORD-000986,EasyPaisa,Paid,2024-12-18
PAY-000987,ORD-000987,JazzCash,Paid,2024-12-17
PAY-000988,ORD-000988,Credit Card,Paid,2024-12-18
PAY-000989,ORD-000989,EasyPaisa,Paid,2024-12-18
PAY-000990,ORD-000990,JazzCash,Paid,2024-12-16
PAY-000991,ORD-000991,Credit Card,Paid,2024-12-17
PAY-000992,ORD-000992,Debit Card,Paid,2024-12-17
PAY-000993,ORD-000993,EasyPaisa,Paid,2024-12-17
PAY-000994,ORD-000994,Bank Transfer,Paid,2024-12-21
PAY-000995,ORD-000995,Credit Card,Paid,2024-12-17
PAY-000996,ORD-000996,Cash on Delivery,Refunded,2024-12-20
PAY-000997,ORD-000997,Credit Card,Paid,2024-12-17
PAY-000998,ORD-000998,JazzCash,Refunded,2024-12-19
PAY-000999,ORD-000999,Debit Card,Paid,2024-12-17
PAY-001000,ORD-001000,Cash on Delivery,Failed,2024-12-22
PAY-001001,ORD-001001,Cash on Delivery,Paid,2024-12-22
PAY-001002,ORD-001002,Credit Card,Paid,2024-12-19
PAY-001003,ORD-001003,Debit Card,Paid,2024-12-17
PAY-001004,ORD-001004,Cash on Delivery,Refunded,2024-12-23
PAY-001005,ORD-001005,Cash on Delivery,Paid,2024-12-22
PAY-001006,ORD-001006,Bank Transfer,Paid,2024-12-23
PAY-001007,ORD-001007,Cash on Delivery,Paid,2024-12-21
PAY-001008,ORD-001008,Cash on Delivery,Paid,2024-12-19
PAY-001009,ORD-001009,Debit Card,Paid,2024-12-19
PAY-001010,ORD-001010,Debit Card,Paid,2024-12-19
PAY-001011,ORD-001011,Debit Card,Paid,2024-12-19
PAY-001012,ORD-001012,JazzCash,Paid,2024-12-18
PAY-001013,ORD-001013,Cash on Delivery,Paid,2024-12-22
PAY-001014,ORD-001014,Credit Card,Paid,2024-12-19
PAY-001015,ORD-001015,Credit Card,Refunded,2024-12-18
PAY-001016,ORD-001016,Credit Card,Paid,2024-12-18
PAY-001017,ORD-001017,JazzCash,Paid,2024-12-19
PAY-001018,ORD-001018,Cash on Delivery,Paid,2024-12-23
PAY-001019,ORD-001019,Cash on Delivery,Refunded,2024-12-23
PAY-001020,ORD-001020,Cash on Delivery,Paid,2024-12-24
PAY-001021,ORD-001021,EasyPaisa,Paid,2024-12-19
PAY-001022,ORD-001022,Cash on Delivery,Paid,2024-12-22
PAY-001023,ORD-001023,Cash on Delivery,Paid,2024-12-24
PAY-001024,ORD-001024,Debit Card,Paid,2024-12-19
PAY-001025,ORD-001025,Cash on Delivery,Paid,2024-12-23
PAY-001026,ORD-001026,Bank Transfer,Paid,2024-12-20
PAY-001027,ORD-001027,EasyPaisa,Paid,2024-12-20
PAY-001028,ORD-001028,Debit Card,Paid,2024-12-20
PAY-001029,ORD-001029,Credit Card,Refunded,2024-12-19
PAY-001030,ORD-001030,Debit Card,Paid,2024-12-19
PAY-001031,ORD-001031,Credit Card,Paid,2024-12-20
PAY-001032,ORD-001032,Cash on Delivery,Paid,2024-12-20
PAY-001033,ORD-001033,Credit Card,Paid,2024-12-21
PAY-001034,ORD-001034,Credit Card,Paid,2024-12-20
PAY-001035,ORD-001035,Credit Card,Refunded,2024-12-21
PAY-001036,ORD-001036,Credit Card,Paid,2024-12-20
PAY-001037,ORD-001037,Credit Card,Paid,2024-12-20
PAY-001038,ORD-001038,Cash on Delivery,Pending,2024-12-24
PAY-001039,ORD-001039,Credit Card,Failed,2024-12-21
PAY-001040,ORD-001040,Cash on Delivery,Paid,2024-12-24
PAY-001041,ORD-001041,Cash on Delivery,Paid,2024-12-25
PAY-001042,ORD-001042,Credit Card,Paid,2024-12-22
PAY-001043,ORD-001043,Debit Card,Paid,2024-12-22
PAY-001044,ORD-001044,Cash on Delivery,Failed,2024-12-22
PAY-001045,ORD-001045,Credit Card,Paid,2024-12-22
PAY-001046,ORD-001046,EasyPaisa,Paid,2024-12-20
PAY-001047,ORD-001047,Credit Card,Paid,2024-12-22
PAY-001048,ORD-001048,EasyPaisa,Refunded,2024-12-23
PAY-001049,ORD-001049,JazzCash,Paid,2024-12-23
PAY-001050,ORD-001050,Debit Card,Paid,2024-12-23
PAY-001051,ORD-001051,Cash on Delivery,Refunded,2024-12-27
PAY-001052,ORD-001052,Credit Card,Pending,2024-12-23
PAY-001053,ORD-001053,Cash on Delivery,Refunded,2024-12-27
PAY-001054,ORD-001054,Credit Card,Refunded,2024-12-22
PAY-001055,ORD-001055,Cash on Delivery,Refunded,2024-12-25
PAY-001056,ORD-001056,JazzCash,Paid,2024-12-21
PAY-001057,ORD-001057,JazzCash,Paid,2024-12-22
PAY-001058,ORD-001058,JazzCash,Refunded,2024-12-23
PAY-001059,ORD-001059,Cash on Delivery,Paid,2024-12-22
PAY-001060,ORD-001060,Credit Card,Pending,2024-12-23
PAY-001061,ORD-001061,Credit Card,Pending,2024-12-24
PAY-001062,ORD-001062,Bank Transfer,Paid,2024-12-27
PAY-001063,ORD-001063,Credit Card,Refunded,2024-12-24
PAY-001064,ORD-001064,Credit Card,Refunded,2024-12-23
PAY-001065,ORD-001065,Cash on Delivery,Paid,2024-12-25
PAY-001066,ORD-001066,Credit Card,Pending,2024-12-23
PAY-001067,ORD-001067,JazzCash,Paid,2024-12-22
PAY-001068,ORD-001068,Credit Card,Paid,2024-12-24
PAY-001069,ORD-001069,Credit Card,Failed,2024-12-22
PAY-001070,ORD-001070,Credit Card,Refunded,2024-12-23
PAY-001071,ORD-001071,Debit Card,Paid,2024-12-23
PAY-001072,ORD-001072,JazzCash,Paid,2024-12-24
PAY-001073,ORD-001073,Cash on Delivery,Paid,2024-12-27
PAY-001074,ORD-001074,Credit Card,Pending,2024-12-24
PAY-001075,ORD-001075,Debit Card,Paid,2024-12-25
PAY-001076,ORD-001076,Debit Card,Paid,2024-12-25
PAY-001077,ORD-001077,EasyPaisa,Refunded,2024-12-23
PAY-001078,ORD-001078,Credit Card,Failed,2024-12-23
PAY-001079,ORD-001079,Debit Card,Paid,2024-12-25
PAY-001080,ORD-001080,Bank Transfer,Paid,2024-12-28
PAY-001081,ORD-001081,Cash on Delivery,Paid,2024-12-28
PAY-001082,ORD-001082,Credit Card,Paid,2024-12-24
PAY-001083,ORD-001083,EasyPaisa,Paid,2024-12-24
PAY-001084,ORD-001084,Credit Card,Refunded,2024-12-24
PAY-001085,ORD-001085,Credit Card,Paid,2024-12-24
PAY-001086,ORD-001086,Cash on Delivery,Refunded,2024-12-26
PAY-001087,ORD-001087,Debit Card,Refunded,2024-12-25
PAY-001088,ORD-001088,Cash on Delivery,Refunded,2024-12-25
PAY-001089,ORD-001089,Debit Card,Paid,2024-12-25
PAY-001090,ORD-001090,Credit Card,Paid,2024-12-26
PAY-001091,ORD-001091,Credit Card,Pending,2024-12-25
PAY-001092,ORD-001092,JazzCash,Refunded,2024-12-25
PAY-001093,ORD-001093,Credit Card,Failed,2024-12-24
PAY-001094,ORD-001094,Cash on Delivery,Paid,2024-12-28
PAY-001095,ORD-001095,Bank Transfer,Refunded,2024-12-30
PAY-001096,ORD-001096,Debit Card,Paid,2024-12-25
PAY-001097,ORD-001097,JazzCash,Pending,2024-12-25
PAY-001098,ORD-001098,Credit Card,Refunded,2024-12-24
PAY-001099,ORD-001099,Cash on Delivery,Paid,2024-12-31
PAY-001100,ORD-001100,Cash on Delivery,Paid,2024-12-26
PAY-001101,ORD-001101,Bank Transfer,Paid,2024-12-29
PAY-001102,ORD-001102,Credit Card,Paid,2024-12-25
PAY-001103,ORD-001103,JazzCash,Paid,2024-12-27
PAY-001104,ORD-001104,Debit Card,Paid,2024-12-27
PAY-001105,ORD-001105,Debit Card,Paid,2024-12-26
PAY-001106,ORD-001106,Cash on Delivery,Paid,2024-12-30
PAY-001107,ORD-001107,JazzCash,Refunded,2024-12-25
PAY-001108,ORD-001108,Cash on Delivery,Paid,2024-12-30
PAY-001109,ORD-001109,Credit Card,Paid,2024-12-27
PAY-001110,ORD-001110,Debit Card,Refunded,2024-12-27
PAY-001111,ORD-001111,Bank Transfer,Refunded,2024-12-26
PAY-001112,ORD-001112,EasyPaisa,Paid,2024-12-26
PAY-001113,ORD-001113,JazzCash,Paid,2024-12-27
PAY-001114,ORD-001114,Bank Transfer,Paid,2024-12-27
PAY-001115,ORD-001115,Credit Card,Paid,2024-12-28
PAY-001116,ORD-001116,JazzCash,Paid,2024-12-26
PAY-001117,ORD-001117,EasyPaisa,Failed,2024-12-28
PAY-001118,ORD-001118,Debit Card,Paid,2024-12-26
PAY-001119,ORD-001119,Cash on Delivery,Paid,2024-12-28
PAY-001120,ORD-001120,Cash on Delivery,Paid,2025-01-01
PAY-001121,ORD-001121,Debit Card,Paid,2024-12-26
PAY-001122,ORD-001122,Debit Card,Paid,2024-12-28
PAY-001123,ORD-001123,Cash on Delivery,Paid,2025-01-01
PAY-001124,ORD-001124,Cash on Delivery,Refunded,2025-01-01
PAY-001125,ORD-001125,JazzCash,Paid,2024-12-26
PAY-001126,ORD-001126,JazzCash,Paid,2024-12-28
PAY-001127,ORD-001127,Credit Card,Refunded,2024-12-29
PAY-001128,ORD-001128,JazzCash,Paid,2024-12-27
PAY-001129,ORD-001129,Credit Card,Paid,2024-12-29
PAY-001130,ORD-001130,Cash on Delivery,Paid,2024-12-28
PAY-001131,ORD-001131,Debit Card,Paid,2024-12-27
PAY-001132,ORD-001132,Cash on Delivery,Paid,2024-12-31
PAY-001133,ORD-001133,JazzCash,Paid,2024-12-28
PAY-001134,ORD-001134,Debit Card,Failed,2024-12-28
PAY-001135,ORD-001135,Cash on Delivery,Paid,2024-12-28
PAY-001136,ORD-001136,Cash on Delivery,Refunded,2024-12-28
PAY-001137,ORD-001137,Debit Card,Paid,2024-12-27
PAY-001138,ORD-001138,JazzCash,Paid,2024-12-27
PAY-001139,ORD-001139,Debit Card,Paid,2024-12-28
PAY-001140,ORD-001140,Cash on Delivery,Refunded,2024-12-30
PAY-001141,ORD-001141,EasyPaisa,Refunded,2024-12-28
PAY-001142,ORD-001142,Credit Card,Paid,2024-12-27
PAY-001143,ORD-001143,EasyPaisa,Paid,2024-12-27
PAY-001144,ORD-001144,EasyPaisa,Paid,2024-12-29
PAY-001145,ORD-001145,Credit Card,Refunded,2024-12-30
PAY-001146,ORD-001146,EasyPaisa,Paid,2024-12-30
PAY-001147,ORD-001147,EasyPaisa,Paid,2024-12-28
PAY-001148,ORD-001148,Credit Card,Paid,2024-12-30
PAY-001149,ORD-001149,EasyPaisa,Paid,2024-12-30
PAY-001150,ORD-001150,EasyPaisa,Paid,2024-12-28
PAY-001151,ORD-001151,Cash on Delivery,Paid,2025-01-01
PAY-001152,ORD-001152,Cash on Delivery,Paid,2025-01-01
PAY-001153,ORD-001153,Debit Card,Paid,2024-12-28
PAY-001154,ORD-001154,Credit Card,Paid,2024-12-30
PAY-001155,ORD-001155,Debit Card,Refunded,2024-12-29
PAY-001156,ORD-001156,Cash on Delivery,Refunded,2024-12-31
PAY-001157,ORD-001157,Cash on Delivery,Paid,2025-01-03
PAY-001158,ORD-001158,Credit Card,Paid,2024-12-30
PAY-001159,ORD-001159,Credit Card,Refunded,2024-12-31
PAY-001160,ORD-001160,Credit Card,Pending,2024-12-29
PAY-001161,ORD-001161,Debit Card,Paid,2024-12-31
PAY-001162,ORD-001162,Debit Card,Paid,2024-12-30
PAY-001163,ORD-001163,Cash on Delivery,Paid,2025-01-01
PAY-001164,ORD-001164,Bank Transfer,Paid,2025-01-03
PAY-001165,ORD-001165,Credit Card,Pending,2024-12-29
PAY-001166,ORD-001166,Cash on Delivery,Paid,2025-01-04
PAY-001167,ORD-001167,JazzCash,Paid,2024-12-31
PAY-001168,ORD-001168,Credit Card,Paid,2024-12-31
PAY-001169,ORD-001169,Cash on Delivery,Refunded,2025-01-01
PAY-001170,ORD-001170,JazzCash,Paid,2024-12-30
PAY-001171,ORD-001171,Cash on Delivery,Refunded,2025-01-03
PAY-001172,ORD-001172,JazzCash,Paid,2024-12-30
PAY-001173,ORD-001173,Bank Transfer,Paid,2025-01-03
PAY-001174,ORD-001174,Debit Card,Paid,2024-12-30
PAY-001175,ORD-001175,Debit Card,Paid,2024-12-31
PAY-001176,ORD-001176,Debit Card,Paid,2025-01-01
PAY-001177,ORD-001177,Cash on Delivery,Paid,2025-01-05
PAY-001178,ORD-001178,Debit Card,Paid,2025-01-01
PAY-001179,ORD-001179,Credit Card,Paid,2025-01-01
PAY-001180,ORD-001180,Cash on Delivery,Paid,2025-01-05
PAY-001181,ORD-001181,EasyPaisa,Paid,2025-01-01
PAY-001182,ORD-001182,Debit Card,Paid,2024-12-31
PAY-001183,ORD-001183,Credit Card,Pending,2025-01-01
PAY-001184,ORD-001184,Cash on Delivery,Pending,2024-12-31
PAY-001185,ORD-001185,Cash on Delivery,Paid,2025-01-05
PAY-001186,ORD-001186,Cash on Delivery,Paid,2025-01-05
PAY-001187,ORD-001187,Cash on Delivery,Pending,2025-01-02
PAY-001188,ORD-001188,Cash on Delivery,Refunded,2025-01-04
PAY-001189,ORD-001189,Credit Card,Paid,2025-01-02
PAY-001190,ORD-001190,JazzCash,Paid,2025-01-02
PAY-001191,ORD-001191,Cash on Delivery,Paid,2025-01-02
PAY-001192,ORD-001192,JazzCash,Pending,2025-01-02
PAY-001193,ORD-001193,Credit Card,Paid,2024-12-31
PAY-001194,ORD-001194,Cash on Delivery,Paid,2025-01-05
PAY-001195,ORD-001195,JazzCash,Paid,2025-01-02
PAY-001196,ORD-001196,Cash on Delivery,Refunded,2025-01-02
PAY-001197,ORD-001197,Credit Card,Paid,2025-01-02
PAY-001198,ORD-001198,Cash on Delivery,Paid,2025-01-04
PAY-001199,ORD-001199,Debit Card,Paid,2025-01-01
PAY-001200,ORD-001200,JazzCash,Refunded,2025-01-03
PAY-001201,ORD-001201,Cash on Delivery,Paid,2025-01-04
PAY-001202,ORD-001202,Credit Card,Pending,2025-01-01
PAY-001203,ORD-001203,Cash on Delivery,Paid,2025-01-05
PAY-001204,ORD-001204,JazzCash,Paid,2025-01-01
PAY-001205,ORD-001205,Debit Card,Paid,2025-01-01
PAY-001206,ORD-001206,JazzCash,Failed,2025-01-03
PAY-001207,ORD-001207,JazzCash,Paid,2025-01-01
PAY-001208,ORD-001208,Cash on Delivery,Paid,2025-01-02
PAY-001209,ORD-001209,Cash on Delivery,Paid,2025-01-04
PAY-001210,ORD-001210,JazzCash,Paid,2025-01-02
PAY-001211,ORD-001211,Cash on Delivery,Paid,2025-01-04
PAY-001212,ORD-001212,Cash on Delivery,Paid,2025-01-07
PAY-001213,ORD-001213,Debit Card,Pending,2025-01-03
PAY-001214,ORD-001214,Debit Card,Paid,2025-01-04
PAY-001215,ORD-001215,JazzCash,Refunded,2025-01-03
PAY-001216,ORD-001216,Debit Card,Paid,2025-01-03
PAY-001217,ORD-001217,JazzCash,Paid,2025-01-04
PAY-001218,ORD-001218,Credit Card,Paid,2025-01-04
PAY-001219,ORD-001219,JazzCash,Paid,2025-01-02
PAY-001220,ORD-001220,Credit Card,Paid,2025-01-03
PAY-001221,ORD-001221,Cash on Delivery,Paid,2025-01-07
PAY-001222,ORD-001222,EasyPaisa,Paid,2025-01-02
PAY-001223,ORD-001223,JazzCash,Paid,2025-01-04
PAY-001224,ORD-001224,Credit Card,Paid,2025-01-04
PAY-001225,ORD-001225,Cash on Delivery,Pending,2025-01-08
PAY-001226,ORD-001226,Cash on Delivery,Paid,2025-01-06
PAY-001227,ORD-001227,JazzCash,Paid,2025-01-03
PAY-001228,ORD-001228,Credit Card,Pending,2025-01-03
PAY-001229,ORD-001229,Debit Card,Paid,2025-01-03
PAY-001230,ORD-001230,Credit Card,Paid,2025-01-05
PAY-001231,ORD-001231,Debit Card,Paid,2025-01-03
PAY-001232,ORD-001232,JazzCash,Paid,2025-01-05
PAY-001233,ORD-001233,Debit Card,Paid,2025-01-03
PAY-001234,ORD-001234,Debit Card,Paid,2025-01-05
PAY-001235,ORD-001235,Debit Card,Pending,2025-01-03
PAY-001236,ORD-001236,Cash on Delivery,Failed,2025-01-07
PAY-001237,ORD-001237,EasyPaisa,Paid,2025-01-03
PAY-001238,ORD-001238,Credit Card,Failed,2025-01-05
PAY-001239,ORD-001239,Cash on Delivery,Failed,2025-01-10
PAY-001240,ORD-001240,Cash on Delivery,Paid,2025-01-07
PAY-001241,ORD-001241,Cash on Delivery,Paid,2025-01-07
PAY-001242,ORD-001242,Debit Card,Paid,2025-01-04
PAY-001243,ORD-001243,Debit Card,Refunded,2025-01-06
PAY-001244,ORD-001244,Debit Card,Paid,2025-01-05
PAY-001245,ORD-001245,Debit Card,Refunded,2025-01-06
PAY-001246,ORD-001246,Credit Card,Paid,2025-01-04
PAY-001247,ORD-001247,Bank Transfer,Pending,2025-01-06
PAY-001248,ORD-001248,JazzCash,Refunded,2025-01-05
PAY-001249,ORD-001249,Cash on Delivery,Refunded,2025-01-06
PAY-001250,ORD-001250,Credit Card,Refunded,2025-01-05
PAY-001251,ORD-001251,JazzCash,Paid,2025-01-05
PAY-001252,ORD-001252,Bank Transfer,Refunded,2025-01-09
PAY-001253,ORD-001253,Credit Card,Paid,2025-01-06
PAY-001254,ORD-001254,EasyPaisa,Paid,2025-01-05
PAY-001255,ORD-001255,Cash on Delivery,Paid,2025-01-10
PAY-001256,ORD-001256,JazzCash,Refunded,2025-01-05
PAY-001257,ORD-001257,Credit Card,Paid,2025-01-06
PAY-001258,ORD-001258,Debit Card,Refunded,2025-01-07
PAY-001259,ORD-001259,Credit Card,Paid,2025-01-05
PAY-001260,ORD-001260,Debit Card,Refunded,2025-01-06
PAY-001261,ORD-001261,Cash on Delivery,Refunded,2025-01-07
PAY-001262,ORD-001262,Bank Transfer,Paid,2025-01-07
PAY-001263,ORD-001263,Credit Card,Paid,2025-01-08
PAY-001264,ORD-001264,Cash on Delivery,Pending,2025-01-09
PAY-001265,ORD-001265,Credit Card,Paid,2025-01-06
PAY-001266,ORD-001266,Cash on Delivery,Paid,2025-01-11
PAY-001267,ORD-001267,EasyPaisa,Paid,2025-01-07
PAY-001268,ORD-001268,Credit Card,Paid,2025-01-07
PAY-001269,ORD-001269,Cash on Delivery,Paid,2025-01-12
PAY-001270,ORD-001270,Cash on Delivery,Paid,2025-01-12
PAY-001271,ORD-001271,Debit Card,Paid,2025-01-06
PAY-001272,ORD-001272,Bank Transfer,Paid,2025-01-07
PAY-001273,ORD-001273,Cash on Delivery,Paid,2025-01-12
PAY-001274,ORD-001274,Cash on Delivery,Refunded,2025-01-08
PAY-001275,ORD-001275,Cash on Delivery,Paid,2025-01-10
PAY-001276,ORD-001276,Debit Card,Paid,2025-01-08
PAY-001277,ORD-001277,Debit Card,Paid,2025-01-07
PAY-001278,ORD-001278,Credit Card,Pending,2025-01-07
PAY-001279,ORD-001279,EasyPaisa,Paid,2025-01-08
PAY-001280,ORD-001280,Cash on Delivery,Paid,2025-01-09
PAY-001281,ORD-001281,Bank Transfer,Refunded,2025-01-08
PAY-001282,ORD-001282,EasyPaisa,Paid,2025-01-08
PAY-001283,ORD-001283,Credit Card,Paid,2025-01-09
PAY-001284,ORD-001284,Cash on Delivery,Refunded,2025-01-10
PAY-001285,ORD-001285,EasyPaisa,Paid,2025-01-09
PAY-001286,ORD-001286,Credit Card,Paid,2025-01-08
PAY-001287,ORD-001287,EasyPaisa,Pending,2025-01-08
PAY-001288,ORD-001288,Cash on Delivery,Refunded,2025-01-11
PAY-001289,ORD-001289,Bank Transfer,Paid,2025-01-13
PAY-001290,ORD-001290,Cash on Delivery,Refunded,2025-01-10
PAY-001291,ORD-001291,Debit Card,Paid,2025-01-10
PAY-001292,ORD-001292,Cash on Delivery,Failed,2025-01-11
PAY-001293,ORD-001293,Credit Card,Paid,2025-01-10
PAY-001294,ORD-001294,Cash on Delivery,Paid,2025-01-10
PAY-001295,ORD-001295,JazzCash,Paid,2025-01-10
PAY-001296,ORD-001296,Cash on Delivery,Paid,2025-01-14
PAY-001297,ORD-001297,JazzCash,Paid,2025-01-10
PAY-001298,ORD-001298,Debit Card,Paid,2025-01-08
PAY-001299,ORD-001299,Debit Card,Paid,2025-01-10
PAY-001300,ORD-001300,JazzCash,Paid,2025-01-09
PAY-001301,ORD-001301,Cash on Delivery,Refunded,2025-01-09
PAY-001302,ORD-001302,Cash on Delivery,Paid,2025-01-09
PAY-001303,ORD-001303,EasyPaisa,Paid,2025-01-08
PAY-001304,ORD-001304,Cash on Delivery,Pending,2025-01-12
PAY-001305,ORD-001305,EasyPaisa,Paid,2025-01-10
PAY-001306,ORD-001306,Cash on Delivery,Refunded,2025-01-13
PAY-001307,ORD-001307,Bank Transfer,Paid,2025-01-13
PAY-001308,ORD-001308,Credit Card,Paid,2025-01-09
PAY-001309,ORD-001309,Bank Transfer,Paid,2025-01-14
PAY-001310,ORD-001310,Bank Transfer,Pending,2025-01-10
PAY-001311,ORD-001311,Bank Transfer,Paid,2025-01-10
PAY-001312,ORD-001312,Cash on Delivery,Paid,2025-01-11
PAY-001313,ORD-001313,Credit Card,Paid,2025-01-09
PAY-001314,ORD-001314,Credit Card,Paid,2025-01-08
PAY-001315,ORD-001315,Bank Transfer,Paid,2025-01-13
PAY-001316,ORD-001316,Cash on Delivery,Failed,2025-01-14
PAY-001317,ORD-001317,Debit Card,Paid,2025-01-10
PAY-001318,ORD-001318,Cash on Delivery,Refunded,2025-01-12
PAY-001319,ORD-001319,Cash on Delivery,Paid,2025-01-12
PAY-001320,ORD-001320,Debit Card,Paid,2025-01-09
PAY-001321,ORD-001321,Debit Card,Paid,2025-01-11
PAY-001322,ORD-001322,Cash on Delivery,Failed,2025-01-12
PAY-001323,ORD-001323,JazzCash,Pending,2025-01-11
PAY-001324,ORD-001324,Credit Card,Failed,2025-01-10
PAY-001325,ORD-001325,Debit Card,Paid,2025-01-11
PAY-001326,ORD-001326,Cash on Delivery,Paid,2025-01-15
PAY-001327,ORD-001327,Debit Card,Paid,2025-01-10
PAY-001328,ORD-001328,JazzCash,Paid,2025-01-11
PAY-001329,ORD-001329,JazzCash,Paid,2025-01-11
PAY-001330,ORD-001330,Cash on Delivery,Paid,2025-01-10
PAY-001331,ORD-001331,EasyPaisa,Paid,2025-01-11
PAY-001332,ORD-001332,Cash on Delivery,Paid,2025-01-15
PAY-001333,ORD-001333,Debit Card,Paid,2025-01-10
PAY-001334,ORD-001334,Cash on Delivery,Paid,2025-01-12
PAY-001335,ORD-001335,Debit Card,Paid,2025-01-10
PAY-001336,ORD-001336,Bank Transfer,Paid,2025-01-11
PAY-001337,ORD-001337,Cash on Delivery,Paid,2025-01-12
PAY-001338,ORD-001338,Credit Card,Paid,2025-01-11
PAY-001339,ORD-001339,Credit Card,Paid,2025-01-12
PAY-001340,ORD-001340,Credit Card,Paid,2025-01-12
PAY-001341,ORD-001341,Credit Card,Paid,2025-01-12
PAY-001342,ORD-001342,Debit Card,Refunded,2025-01-11
PAY-001343,ORD-001343,Credit Card,Refunded,2025-01-12
PAY-001344,ORD-001344,Credit Card,Paid,2025-01-12
PAY-001345,ORD-001345,JazzCash,Pending,2025-01-12
PAY-001346,ORD-001346,Bank Transfer,Pending,2025-01-17
PAY-001347,ORD-001347,Cash on Delivery,Paid,2025-01-15
PAY-001348,ORD-001348,Cash on Delivery,Paid,2025-01-13
PAY-001349,ORD-001349,EasyPaisa,Paid,2025-01-12
PAY-001350,ORD-001350,Debit Card,Pending,2025-01-13
PAY-001351,ORD-001351,Credit Card,Refunded,2025-01-11
PAY-001352,ORD-001352,Credit Card,Paid,2025-01-11
PAY-001353,ORD-001353,Credit Card,Pending,2025-01-11
PAY-001354,ORD-001354,EasyPaisa,Paid,2025-01-11
PAY-001355,ORD-001355,JazzCash,Paid,2025-01-11
PAY-001356,ORD-001356,JazzCash,Paid,2025-01-13
PAY-001357,ORD-001357,JazzCash,Pending,2025-01-11
PAY-001358,ORD-001358,Credit Card,Paid,2025-01-11
PAY-001359,ORD-001359,JazzCash,Paid,2025-01-13
PAY-001360,ORD-001360,Cash on Delivery,Paid,2025-01-16
PAY-001361,ORD-001361,Cash on Delivery,Paid,2025-01-14
PAY-001362,ORD-001362,JazzCash,Paid,2025-01-14
PAY-001363,ORD-001363,Cash on Delivery,Paid,2025-01-15
PAY-001364,ORD-001364,Credit Card,Paid,2025-01-12
PAY-001365,ORD-001365,Debit Card,Failed,2025-01-12
PAY-001366,ORD-001366,EasyPaisa,Paid,2025-01-14
PAY-001367,ORD-001367,Debit Card,Paid,2025-01-12
PAY-001368,ORD-001368,Credit Card,Refunded,2025-01-14
PAY-001369,ORD-001369,Cash on Delivery,Paid,2025-01-14
PAY-001370,ORD-001370,Debit Card,Paid,2025-01-14
PAY-001371,ORD-001371,Debit Card,Paid,2025-01-13
PAY-001372,ORD-001372,Cash on Delivery,Paid,2025-01-14
PAY-001373,ORD-001373,Debit Card,Paid,2025-01-13
PAY-001374,ORD-001374,JazzCash,Paid,2025-01-13
PAY-001375,ORD-001375,Credit Card,Paid,2025-01-13
PAY-001376,ORD-001376,Credit Card,Refunded,2025-01-13
PAY-001377,ORD-001377,Cash on Delivery,Paid,2025-01-17
PAY-001378,ORD-001378,Debit Card,Paid,2025-01-13
PAY-001379,ORD-001379,Credit Card,Paid,2025-01-13
PAY-001380,ORD-001380,JazzCash,Paid,2025-01-14
PAY-001381,ORD-001381,EasyPaisa,Paid,2025-01-15
PAY-001382,ORD-001382,JazzCash,Failed,2025-01-14
PAY-001383,ORD-001383,Cash on Delivery,Paid,2025-01-17
PAY-001384,ORD-001384,Cash on Delivery,Paid,2025-01-19
PAY-001385,ORD-001385,Cash on Delivery,Pending,2025-01-17
PAY-001386,ORD-001386,Debit Card,Pending,2025-01-13
PAY-001387,ORD-001387,Cash on Delivery,Paid,2025-01-16
PAY-001388,ORD-001388,JazzCash,Paid,2025-01-13
PAY-001389,ORD-001389,EasyPaisa,Paid,2025-01-15
PAY-001390,ORD-001390,Bank Transfer,Paid,2025-01-18
PAY-001391,ORD-001391,Cash on Delivery,Paid,2025-01-16
PAY-001392,ORD-001392,Bank Transfer,Refunded,2025-01-15
PAY-001393,ORD-001393,JazzCash,Paid,2025-01-14
PAY-001394,ORD-001394,EasyPaisa,Pending,2025-01-15
PAY-001395,ORD-001395,Cash on Delivery,Refunded,2025-01-15
PAY-001396,ORD-001396,EasyPaisa,Pending,2025-01-14
PAY-001397,ORD-001397,Cash on Delivery,Paid,2025-01-15
PAY-001398,ORD-001398,EasyPaisa,Paid,2025-01-14
PAY-001399,ORD-001399,Cash on Delivery,Paid,2025-01-15
PAY-001400,ORD-001400,Credit Card,Paid,2025-01-15
PAY-001401,ORD-001401,JazzCash,Paid,2025-01-16
PAY-001402,ORD-001402,Bank Transfer,Refunded,2025-01-16
PAY-001403,ORD-001403,Credit Card,Paid,2025-01-16
PAY-001404,ORD-001404,Cash on Delivery,Paid,2025-01-20
PAY-001405,ORD-001405,Cash on Delivery,Paid,2025-01-19
PAY-001406,ORD-001406,Cash on Delivery,Paid,2025-01-20
PAY-001407,ORD-001407,Cash on Delivery,Paid,2025-01-19
PAY-001408,ORD-001408,EasyPaisa,Paid,2025-01-15
PAY-001409,ORD-001409,Cash on Delivery,Paid,2025-01-16
PAY-001410,ORD-001410,JazzCash,Paid,2025-01-16
PAY-001411,ORD-001411,Cash on Delivery,Paid,2025-01-19
PAY-001412,ORD-001412,Cash on Delivery,Pending,2025-01-19
PAY-001413,ORD-001413,Credit Card,Refunded,2025-01-18
PAY-001414,ORD-001414,Debit Card,Pending,2025-01-16
PAY-001415,ORD-001415,Credit Card,Paid,2025-01-16
PAY-001416,ORD-001416,Credit Card,Refunded,2025-01-18
PAY-001417,ORD-001417,EasyPaisa,Paid,2025-01-16
PAY-001418,ORD-001418,Credit Card,Paid,2025-01-17
PAY-001419,ORD-001419,Cash on Delivery,Refunded,2025-01-17
PAY-001420,ORD-001420,Cash on Delivery,Paid,2025-01-20
PAY-001421,ORD-001421,Debit Card,Paid,2025-01-16
PAY-001422,ORD-001422,JazzCash,Paid,2025-01-16
PAY-001423,ORD-001423,Cash on Delivery,Refunded,2025-01-21
PAY-001424,ORD-001424,JazzCash,Paid,2025-01-16
PAY-001425,ORD-001425,JazzCash,Paid,2025-01-16
PAY-001426,ORD-001426,EasyPaisa,Paid,2025-01-16
PAY-001427,ORD-001427,Bank Transfer,Paid,2025-01-18
PAY-001428,ORD-001428,Debit Card,Paid,2025-01-18
PAY-001429,ORD-001429,Debit Card,Paid,2025-01-18
PAY-001430,ORD-001430,Debit Card,Paid,2025-01-19
PAY-001431,ORD-001431,Credit Card,Paid,2025-01-19
PAY-001432,ORD-001432,Cash on Delivery,Paid,2025-01-22
PAY-001433,ORD-001433,Debit Card,Paid,2025-01-17
PAY-001434,ORD-001434,Bank Transfer,Paid,2025-01-22
PAY-001435,ORD-001435,Debit Card,Paid,2025-01-19
PAY-001436,ORD-001436,Bank Transfer,Paid,2025-01-18
PAY-001437,ORD-001437,Bank Transfer,Paid,2025-01-21
PAY-001438,ORD-001438,JazzCash,Paid,2025-01-17
PAY-001439,ORD-001439,Debit Card,Paid,2025-01-18
PAY-001440,ORD-001440,Credit Card,Paid,2025-01-20
PAY-001441,ORD-001441,JazzCash,Paid,2025-01-20
PAY-001442,ORD-001442,Bank Transfer,Paid,2025-01-22
PAY-001443,ORD-001443,JazzCash,Paid,2025-01-19
PAY-001444,ORD-001444,Cash on Delivery,Refunded,2025-01-19
PAY-001445,ORD-001445,Debit Card,Paid,2025-01-19
PAY-001446,ORD-001446,Cash on Delivery,Refunded,2025-01-24
PAY-001447,ORD-001447,Cash on Delivery,Pending,2025-01-20
PAY-001448,ORD-001448,Debit Card,Paid,2025-01-18
PAY-001449,ORD-001449,Cash on Delivery,Paid,2025-01-20
PAY-001450,ORD-001450,EasyPaisa,Paid,2025-01-20
PAY-001451,ORD-001451,JazzCash,Paid,2025-01-21
PAY-001452,ORD-001452,Credit Card,Paid,2025-01-21
PAY-001453,ORD-001453,Credit Card,Paid,2025-01-20
PAY-001454,ORD-001454,Cash on Delivery,Paid,2025-01-22
PAY-001455,ORD-001455,Credit Card,Paid,2025-01-20
PAY-001456,ORD-001456,Cash on Delivery,Paid,2025-01-21
PAY-001457,ORD-001457,Debit Card,Refunded,2025-01-21
PAY-001458,ORD-001458,Credit Card,Paid,2025-01-19
PAY-001459,ORD-001459,Bank Transfer,Paid,2025-01-25
PAY-001460,ORD-001460,Cash on Delivery,Paid,2025-01-24
PAY-001461,ORD-001461,Credit Card,Refunded,2025-01-21
PAY-001462,ORD-001462,Credit Card,Paid,2025-01-21
PAY-001463,ORD-001463,Cash on Delivery,Paid,2025-01-23
PAY-001464,ORD-001464,Debit Card,Paid,2025-01-22
PAY-001465,ORD-001465,JazzCash,Paid,2025-01-22
PAY-001466,ORD-001466,Credit Card,Paid,2025-01-22
PAY-001467,ORD-001467,Credit Card,Paid,2025-01-20
PAY-001468,ORD-001468,Cash on Delivery,Refunded,2025-01-23
PAY-001469,ORD-001469,Debit Card,Paid,2025-01-22
PAY-001470,ORD-001470,Credit Card,Paid,2025-01-22
PAY-001471,ORD-001471,Credit Card,Paid,2025-01-20
PAY-001472,ORD-001472,EasyPaisa,Refunded,2025-01-20
PAY-001473,ORD-001473,EasyPaisa,Paid,2025-01-22
PAY-001474,ORD-001474,Cash on Delivery,Paid,2025-01-26
PAY-001475,ORD-001475,Credit Card,Refunded,2025-01-23
PAY-001476,ORD-001476,Cash on Delivery,Paid,2025-01-23
PAY-001477,ORD-001477,Cash on Delivery,Paid,2025-01-26
PAY-001478,ORD-001478,Debit Card,Refunded,2025-01-23
PAY-001479,ORD-001479,EasyPaisa,Refunded,2025-01-21
PAY-001480,ORD-001480,EasyPaisa,Paid,2025-01-23
PAY-001481,ORD-001481,Cash on Delivery,Paid,2025-01-25
PAY-001482,ORD-001482,Cash on Delivery,Paid,2025-01-25
PAY-001483,ORD-001483,Credit Card,Refunded,2025-01-24
PAY-001484,ORD-001484,Cash on Delivery,Refunded,2025-01-24
PAY-001485,ORD-001485,Credit Card,Paid,2025-01-23
PAY-001486,ORD-001486,Credit Card,Paid,2025-01-23
PAY-001487,ORD-001487,JazzCash,Paid,2025-01-22
PAY-001488,ORD-001488,Credit Card,Paid,2025-01-24
PAY-001489,ORD-001489,Credit Card,Paid,2025-01-22
PAY-001490,ORD-001490,Cash on Delivery,Paid,2025-01-26
PAY-001491,ORD-001491,Debit Card,Paid,2025-01-22
PAY-001492,ORD-001492,JazzCash,Paid,2025-01-23
PAY-001493,ORD-001493,Credit Card,Paid,2025-01-23
PAY-001494,ORD-001494,Debit Card,Paid,2025-01-22
PAY-001495,ORD-001495,EasyPaisa,Refunded,2025-01-23
PAY-001496,ORD-001496,Credit Card,Paid,2025-01-22
PAY-001497,ORD-001497,Debit Card,Paid,2025-01-24
PAY-001498,ORD-001498,JazzCash,Refunded,2025-01-23
PAY-001499,ORD-001499,Debit Card,Paid,2025-01-24
PAY-001500,ORD-001500,JazzCash,Paid,2025-01-24
PAY-001501,ORD-001501,EasyPaisa,Paid,2025-01-25
PAY-001502,ORD-001502,Credit Card,Pending,2025-01-23
PAY-001503,ORD-001503,Cash on Delivery,Paid,2025-01-28
PAY-001504,ORD-001504,Credit Card,Paid,2025-01-25
PAY-001505,ORD-001505,Cash on Delivery,Paid,2025-01-29
PAY-001506,ORD-001506,Cash on Delivery,Failed,2025-01-24
PAY-001507,ORD-001507,Credit Card,Paid,2025-01-24
PAY-001508,ORD-001508,Cash on Delivery,Paid,2025-01-25
PAY-001509,ORD-001509,Credit Card,Paid,2025-01-23
PAY-001510,ORD-001510,Credit Card,Paid,2025-01-24
PAY-001511,ORD-001511,Cash on Delivery,Pending,2025-01-25
PAY-001512,ORD-001512,Credit Card,Refunded,2025-01-24
PAY-001513,ORD-001513,Credit Card,Paid,2025-01-24
PAY-001514,ORD-001514,Credit Card,Paid,2025-01-26
PAY-001515,ORD-001515,JazzCash,Paid,2025-01-24
PAY-001516,ORD-001516,Credit Card,Paid,2025-01-25
PAY-001517,ORD-001517,Credit Card,Paid,2025-01-25
PAY-001518,ORD-001518,Debit Card,Paid,2025-01-26
PAY-001519,ORD-001519,Credit Card,Refunded,2025-01-25
PAY-001520,ORD-001520,Debit Card,Paid,2025-01-25
PAY-001521,ORD-001521,Credit Card,Paid,2025-01-25
PAY-001522,ORD-001522,Debit Card,Pending,2025-01-24
PAY-001523,ORD-001523,Credit Card,Paid,2025-01-26
PAY-001524,ORD-001524,Cash on Delivery,Paid,2025-01-27
PAY-001525,ORD-001525,Cash on Delivery,Paid,2025-01-27
PAY-001526,ORD-001526,Credit Card,Paid,2025-01-26
PAY-001527,ORD-001527,JazzCash,Paid,2025-01-26
PAY-001528,ORD-001528,Cash on Delivery,Paid,2025-01-31
PAY-001529,ORD-001529,JazzCash,Paid,2025-01-25
PAY-001530,ORD-001530,EasyPaisa,Paid,2025-01-27
PAY-001531,ORD-001531,Debit Card,Paid,2025-01-26
PAY-001532,ORD-001532,Credit Card,Paid,2025-01-27
PAY-001533,ORD-001533,Cash on Delivery,Paid,2025-01-28
PAY-001534,ORD-001534,Debit Card,Paid,2025-01-26
PAY-001535,ORD-001535,Debit Card,Paid,2025-01-26
PAY-001536,ORD-001536,Cash on Delivery,Paid,2025-02-01
PAY-001537,ORD-001537,Cash on Delivery,Paid,2025-01-31
PAY-001538,ORD-001538,Debit Card,Refunded,2025-01-28
PAY-001539,ORD-001539,Credit Card,Paid,2025-01-27
PAY-001540,ORD-001540,Credit Card,Paid,2025-01-29
PAY-001541,ORD-001541,Cash on Delivery,Paid,2025-02-02
PAY-001542,ORD-001542,Credit Card,Paid,2025-01-28
PAY-001543,ORD-001543,Credit Card,Paid,2025-01-29
PAY-001544,ORD-001544,Cash on Delivery,Paid,2025-02-02
PAY-001545,ORD-001545,EasyPaisa,Paid,2025-01-27
PAY-001546,ORD-001546,Cash on Delivery,Paid,2025-01-31
PAY-001547,ORD-001547,Credit Card,Paid,2025-01-27
PAY-001548,ORD-001548,Cash on Delivery,Failed,2025-01-31
PAY-001549,ORD-001549,JazzCash,Paid,2025-01-28
PAY-001550,ORD-001550,Credit Card,Paid,2025-01-28
PAY-001551,ORD-001551,Cash on Delivery,Paid,2025-01-31
PAY-001552,ORD-001552,Credit Card,Refunded,2025-01-30
PAY-001553,ORD-001553,Credit Card,Paid,2025-01-30
PAY-001554,ORD-001554,Bank Transfer,Paid,2025-01-31
PAY-001555,ORD-001555,JazzCash,Paid,2025-01-28
PAY-001556,ORD-001556,Cash on Delivery,Pending,2025-01-30
PAY-001557,ORD-001557,EasyPaisa,Paid,2025-01-29
PAY-001558,ORD-001558,Credit Card,Paid,2025-01-30
PAY-001559,ORD-001559,EasyPaisa,Paid,2025-01-29
PAY-001560,ORD-001560,EasyPaisa,Paid,2025-01-30
PAY-001561,ORD-001561,EasyPaisa,Failed,2025-01-30
PAY-001562,ORD-001562,Credit Card,Paid,2025-01-29
PAY-001563,ORD-001563,JazzCash,Refunded,2025-01-30
PAY-001564,ORD-001564,Cash on Delivery,Refunded,2025-02-01
PAY-001565,ORD-001565,Cash on Delivery,Paid,2025-01-30
PAY-001566,ORD-001566,Credit Card,Failed,2025-01-28
PAY-001567,ORD-001567,Debit Card,Paid,2025-01-28
PAY-001568,ORD-001568,Cash on Delivery,Paid,2025-02-03
PAY-001569,ORD-001569,Debit Card,Paid,2025-01-31
PAY-001570,ORD-001570,Credit Card,Paid,2025-01-29
PAY-001571,ORD-001571,Cash on Delivery,Paid,2025-02-02
PAY-001572,ORD-001572,Credit Card,Paid,2025-01-31
PAY-001573,ORD-001573,Credit Card,Failed,2025-01-31
PAY-001574,ORD-001574,Credit Card,Paid,2025-01-29
PAY-001575,ORD-001575,Bank Transfer,Paid,2025-01-31
PAY-001576,ORD-001576,Credit Card,Failed,2025-01-30
PAY-001577,ORD-001577,Cash on Delivery,Paid,2025-02-04
PAY-001578,ORD-001578,JazzCash,Refunded,2025-01-31
PAY-001579,ORD-001579,Cash on Delivery,Paid,2025-01-30
PAY-001580,ORD-001580,Cash on Delivery,Paid,2025-02-01
PAY-001581,ORD-001581,Debit Card,Paid,2025-01-29
PAY-001582,ORD-001582,Debit Card,Paid,2025-01-31
PAY-001583,ORD-001583,JazzCash,Paid,2025-01-31
PAY-001584,ORD-001584,Credit Card,Paid,2025-02-01
PAY-001585,ORD-001585,Credit Card,Refunded,2025-01-31
PAY-001586,ORD-001586,EasyPaisa,Paid,2025-02-01
PAY-001587,ORD-001587,Credit Card,Refunded,2025-01-30
PAY-001588,ORD-001588,Credit Card,Pending,2025-02-01
PAY-001589,ORD-001589,JazzCash,Paid,2025-01-30
PAY-001590,ORD-001590,Credit Card,Paid,2025-02-01
PAY-001591,ORD-001591,Credit Card,Paid,2025-01-31
PAY-001592,ORD-001592,Bank Transfer,Paid,2025-02-02
PAY-001593,ORD-001593,Credit Card,Paid,2025-01-31
PAY-001594,ORD-001594,Credit Card,Refunded,2025-01-31
PAY-001595,ORD-001595,Cash on Delivery,Paid,2025-01-31
PAY-001596,ORD-001596,EasyPaisa,Pending,2025-01-30
PAY-001597,ORD-001597,Debit Card,Pending,2025-02-01
PAY-001598,ORD-001598,Cash on Delivery,Paid,2025-02-05
PAY-001599,ORD-001599,JazzCash,Paid,2025-01-31
PAY-001600,ORD-001600,EasyPaisa,Paid,2025-01-31
PAY-001601,ORD-001601,JazzCash,Paid,2025-01-31
PAY-001602,ORD-001602,Cash on Delivery,Paid,2025-02-04
PAY-001603,ORD-001603,Credit Card,Refunded,2025-02-01
PAY-001604,ORD-001604,Credit Card,Paid,2025-02-01
PAY-001605,ORD-001605,JazzCash,Pending,2025-02-02
PAY-001606,ORD-001606,Cash on Delivery,Failed,2025-02-01
PAY-001607,ORD-001607,Debit Card,Paid,2025-01-31
PAY-001608,ORD-001608,Cash on Delivery,Paid,2025-02-03
PAY-001609,ORD-001609,EasyPaisa,Paid,2025-02-01
PAY-001610,ORD-001610,Credit Card,Paid,2025-02-01
PAY-001611,ORD-001611,Credit Card,Refunded,2025-02-02
PAY-001612,ORD-001612,Credit Card,Paid,2025-02-02
PAY-001613,ORD-001613,Credit Card,Paid,2025-02-01
PAY-001614,ORD-001614,Debit Card,Refunded,2025-02-02
PAY-001615,ORD-001615,Debit Card,Paid,2025-02-01
PAY-001616,ORD-001616,Cash on Delivery,Refunded,2025-02-06
PAY-001617,ORD-001617,Cash on Delivery,Paid,2025-02-06
PAY-001618,ORD-001618,Cash on Delivery,Paid,2025-02-02
PAY-001619,ORD-001619,Bank Transfer,Pending,2025-02-05
PAY-001620,ORD-001620,Cash on Delivery,Paid,2025-02-04
PAY-001621,ORD-001621,Debit Card,Paid,2025-02-01
PAY-001622,ORD-001622,Cash on Delivery,Paid,2025-02-02
PAY-001623,ORD-001623,EasyPaisa,Paid,2025-02-02
PAY-001624,ORD-001624,EasyPaisa,Paid,2025-02-01
PAY-001625,ORD-001625,JazzCash,Paid,2025-02-03
PAY-001626,ORD-001626,Credit Card,Paid,2025-02-02
PAY-001627,ORD-001627,Cash on Delivery,Refunded,2025-02-04
PAY-001628,ORD-001628,JazzCash,Paid,2025-02-01
PAY-001629,ORD-001629,Credit Card,Paid,2025-02-01
PAY-001630,ORD-001630,Cash on Delivery,Paid,2025-02-04
PAY-001631,ORD-001631,Cash on Delivery,Paid,2025-02-05
PAY-001632,ORD-001632,Debit Card,Paid,2025-02-03
PAY-001633,ORD-001633,Cash on Delivery,Paid,2025-02-08
PAY-001634,ORD-001634,Cash on Delivery,Paid,2025-02-06
PAY-001635,ORD-001635,Debit Card,Paid,2025-02-04
PAY-001636,ORD-001636,Debit Card,Paid,2025-02-03
PAY-001637,ORD-001637,Credit Card,Paid,2025-02-04
PAY-001638,ORD-001638,Debit Card,Refunded,2025-02-03
PAY-001639,ORD-001639,JazzCash,Paid,2025-02-02
PAY-001640,ORD-001640,Credit Card,Refunded,2025-02-04
PAY-001641,ORD-001641,JazzCash,Refunded,2025-02-03
PAY-001642,ORD-001642,Cash on Delivery,Paid,2025-02-07
PAY-001643,ORD-001643,JazzCash,Paid,2025-02-02
PAY-001644,ORD-001644,JazzCash,Paid,2025-02-03
PAY-001645,ORD-001645,EasyPaisa,Paid,2025-02-05
PAY-001646,ORD-001646,Credit Card,Paid,2025-02-03
PAY-001647,ORD-001647,JazzCash,Paid,2025-02-04
PAY-001648,ORD-001648,Cash on Delivery,Paid,2025-02-04
PAY-001649,ORD-001649,Cash on Delivery,Paid,2025-02-06
PAY-001650,ORD-001650,JazzCash,Paid,2025-02-04
PAY-001651,ORD-001651,EasyPaisa,Pending,2025-02-04
PAY-001652,ORD-001652,Debit Card,Paid,2025-02-04
PAY-001653,ORD-001653,Debit Card,Paid,2025-02-05
PAY-001654,ORD-001654,Debit Card,Paid,2025-02-04
PAY-001655,ORD-001655,Credit Card,Paid,2025-02-04
PAY-001656,ORD-001656,Debit Card,Paid,2025-02-04
PAY-001657,ORD-001657,Credit Card,Refunded,2025-02-03
PAY-001658,ORD-001658,Debit Card,Paid,2025-02-05
PAY-001659,ORD-001659,Debit Card,Pending,2025-02-04
PAY-001660,ORD-001660,Cash on Delivery,Paid,2025-02-09
PAY-001661,ORD-001661,Bank Transfer,Failed,2025-02-07
PAY-001662,ORD-001662,Cash on Delivery,Paid,2025-02-04
PAY-001663,ORD-001663,Cash on Delivery,Paid,2025-02-06
PAY-001664,ORD-001664,Cash on Delivery,Paid,2025-02-05
PAY-001665,ORD-001665,JazzCash,Paid,2025-02-04
PAY-001666,ORD-001666,JazzCash,Paid,2025-02-04
PAY-001667,ORD-001667,Credit Card,Paid,2025-02-05
PAY-001668,ORD-001668,Credit Card,Paid,2025-02-05
PAY-001669,ORD-001669,Debit Card,Paid,2025-02-05
PAY-001670,ORD-001670,Debit Card,Paid,2025-02-06
PAY-001671,ORD-001671,Credit Card,Paid,2025-02-04
PAY-001672,ORD-001672,Cash on Delivery,Paid,2025-02-08
PAY-001673,ORD-001673,Debit Card,Pending,2025-02-04
PAY-001674,ORD-001674,Debit Card,Pending,2025-02-04
PAY-001675,ORD-001675,JazzCash,Paid,2025-02-04
PAY-001676,ORD-001676,Credit Card,Paid,2025-02-06
PAY-001677,ORD-001677,JazzCash,Paid,2025-02-04
PAY-001678,ORD-001678,JazzCash,Refunded,2025-02-06
PAY-001679,ORD-001679,EasyPaisa,Paid,2025-02-04
PAY-001680,ORD-001680,Debit Card,Paid,2025-02-04
PAY-001681,ORD-001681,Credit Card,Pending,2025-02-04
PAY-001682,ORD-001682,Cash on Delivery,Paid,2025-02-10
PAY-001683,ORD-001683,Cash on Delivery,Paid,2025-02-10
PAY-001684,ORD-001684,Cash on Delivery,Paid,2025-02-06
PAY-001685,ORD-001685,Credit Card,Paid,2025-02-06
PAY-001686,ORD-001686,JazzCash,Refunded,2025-02-06
PAY-001687,ORD-001687,Credit Card,Paid,2025-02-05
PAY-001688,ORD-001688,Credit Card,Paid,2025-02-07
PAY-001689,ORD-001689,Cash on Delivery,Paid,2025-02-10
PAY-001690,ORD-001690,Credit Card,Paid,2025-02-07
PAY-001691,ORD-001691,Credit Card,Paid,2025-02-07
PAY-001692,ORD-001692,Debit Card,Paid,2025-02-05
PAY-001693,ORD-001693,Debit Card,Pending,2025-02-06
PAY-001694,ORD-001694,Debit Card,Pending,2025-02-05
PAY-001695,ORD-001695,Cash on Delivery,Paid,2025-02-10
PAY-001696,ORD-001696,Debit Card,Refunded,2025-02-07
PAY-001697,ORD-001697,Credit Card,Paid,2025-02-06
PAY-001698,ORD-001698,Credit Card,Paid,2025-02-05
PAY-001699,ORD-001699,Cash on Delivery,Paid,2025-02-11
PAY-001700,ORD-001700,JazzCash,Paid,2025-02-05
PAY-001701,ORD-001701,Credit Card,Paid,2025-02-06
PAY-001702,ORD-001702,Cash on Delivery,Paid,2025-02-09
PAY-001703,ORD-001703,Cash on Delivery,Paid,2025-02-10
PAY-001704,ORD-001704,Cash on Delivery,Paid,2025-02-11
PAY-001705,ORD-001705,Debit Card,Failed,2025-02-06
PAY-001706,ORD-001706,Debit Card,Refunded,2025-02-07
PAY-001707,ORD-001707,Debit Card,Failed,2025-02-07
PAY-001708,ORD-001708,JazzCash,Paid,2025-02-06
PAY-001709,ORD-001709,Credit Card,Paid,2025-02-06
PAY-001710,ORD-001710,JazzCash,Paid,2025-02-08
PAY-001711,ORD-001711,EasyPaisa,Paid,2025-02-07
PAY-001712,ORD-001712,Bank Transfer,Paid,2025-02-10
PAY-001713,ORD-001713,Cash on Delivery,Refunded,2025-02-07
PAY-001714,ORD-001714,EasyPaisa,Refunded,2025-02-08
PAY-001715,ORD-001715,Debit Card,Paid,2025-02-06
PAY-001716,ORD-001716,Credit Card,Refunded,2025-02-08
PAY-001717,ORD-001717,JazzCash,Failed,2025-02-06
PAY-001718,ORD-001718,Cash on Delivery,Paid,2025-02-12
PAY-001719,ORD-001719,Cash on Delivery,Paid,2025-02-09
PAY-001720,ORD-001720,JazzCash,Paid,2025-02-09
PAY-001721,ORD-001721,Cash on Delivery,Paid,2025-02-08
PAY-001722,ORD-001722,Cash on Delivery,Paid,2025-02-09
PAY-001723,ORD-001723,Bank Transfer,Paid,2025-02-10
PAY-001724,ORD-001724,Credit Card,Paid,2025-02-07
PAY-001725,ORD-001725,Credit Card,Refunded,2025-02-07
PAY-001726,ORD-001726,Bank Transfer,Paid,2025-02-10
PAY-001727,ORD-001727,Credit Card,Failed,2025-02-09
PAY-001728,ORD-001728,Cash on Delivery,Paid,2025-02-12
PAY-001729,ORD-001729,JazzCash,Refunded,2025-02-09
PAY-001730,ORD-001730,EasyPaisa,Paid,2025-02-10
PAY-001731,ORD-001731,Cash on Delivery,Refunded,2025-02-09
PAY-001732,ORD-001732,Credit Card,Paid,2025-02-08
PAY-001733,ORD-001733,Credit Card,Paid,2025-02-08
PAY-001734,ORD-001734,Credit Card,Paid,2025-02-08
PAY-001735,ORD-001735,Bank Transfer,Paid,2025-02-11
PAY-001736,ORD-001736,Credit Card,Paid,2025-02-08
PAY-001737,ORD-001737,JazzCash,Paid,2025-02-08
PAY-001738,ORD-001738,Cash on Delivery,Paid,2025-02-09
PAY-001739,ORD-001739,JazzCash,Paid,2025-02-09
PAY-001740,ORD-001740,Credit Card,Refunded,2025-02-10
PAY-001741,ORD-001741,Credit Card,Paid,2025-02-09
PAY-001742,ORD-001742,Credit Card,Refunded,2025-02-08
PAY-001743,ORD-001743,Cash on Delivery,Paid,2025-02-12
PAY-001744,ORD-001744,Cash on Delivery,Paid,2025-02-12
PAY-001745,ORD-001745,Cash on Delivery,Paid,2025-02-13
PAY-001746,ORD-001746,JazzCash,Paid,2025-02-09
PAY-001747,ORD-001747,JazzCash,Pending,2025-02-08
PAY-001748,ORD-001748,Credit Card,Paid,2025-02-09
PAY-001749,ORD-001749,Cash on Delivery,Pending,2025-02-14
PAY-001750,ORD-001750,Bank Transfer,Paid,2025-02-14
PAY-001751,ORD-001751,JazzCash,Paid,2025-02-10
PAY-001752,ORD-001752,Cash on Delivery,Paid,2025-02-14
PAY-001753,ORD-001753,Cash on Delivery,Refunded,2025-02-10
PAY-001754,ORD-001754,JazzCash,Paid,2025-02-09
PAY-001755,ORD-001755,Credit Card,Paid,2025-02-10
PAY-001756,ORD-001756,Credit Card,Paid,2025-02-09
PAY-001757,ORD-001757,EasyPaisa,Paid,2025-02-11
PAY-001758,ORD-001758,Bank Transfer,Pending,2025-02-10
PAY-001759,ORD-001759,Debit Card,Paid,2025-02-10
PAY-001760,ORD-001760,JazzCash,Pending,2025-02-10
PAY-001761,ORD-001761,Cash on Delivery,Refunded,2025-02-16
PAY-001762,ORD-001762,Credit Card,Paid,2025-02-10
PAY-001763,ORD-001763,EasyPaisa,Paid,2025-02-11
PAY-001764,ORD-001764,Cash on Delivery,Paid,2025-02-12
PAY-001765,ORD-001765,JazzCash,Paid,2025-02-12
PAY-001766,ORD-001766,JazzCash,Paid,2025-02-12
PAY-001767,ORD-001767,Bank Transfer,Pending,2025-02-16
PAY-001768,ORD-001768,Credit Card,Paid,2025-02-12
PAY-001769,ORD-001769,Cash on Delivery,Refunded,2025-02-13
PAY-001770,ORD-001770,Cash on Delivery,Paid,2025-02-11
PAY-001771,ORD-001771,EasyPaisa,Paid,2025-02-11
PAY-001772,ORD-001772,Debit Card,Paid,2025-02-12
PAY-001773,ORD-001773,Debit Card,Failed,2025-02-10
PAY-001774,ORD-001774,Debit Card,Paid,2025-02-11
PAY-001775,ORD-001775,Credit Card,Paid,2025-02-11
PAY-001776,ORD-001776,Credit Card,Paid,2025-02-12
PAY-001777,ORD-001777,JazzCash,Paid,2025-02-12
PAY-001778,ORD-001778,EasyPaisa,Refunded,2025-02-10
PAY-001779,ORD-001779,Credit Card,Pending,2025-02-13
PAY-001780,ORD-001780,Credit Card,Paid,2025-02-13
PAY-001781,ORD-001781,Bank Transfer,Refunded,2025-02-16
PAY-001782,ORD-001782,EasyPaisa,Paid,2025-02-13
PAY-001783,ORD-001783,Cash on Delivery,Paid,2025-02-12
PAY-001784,ORD-001784,Cash on Delivery,Refunded,2025-02-12
PAY-001785,ORD-001785,EasyPaisa,Paid,2025-02-11
PAY-001786,ORD-001786,Credit Card,Paid,2025-02-13
PAY-001787,ORD-001787,EasyPaisa,Paid,2025-02-12
PAY-001788,ORD-001788,Cash on Delivery,Failed,2025-02-17
PAY-001789,ORD-001789,Credit Card,Paid,2025-02-13
PAY-001790,ORD-001790,Cash on Delivery,Paid,2025-02-12
PAY-001791,ORD-001791,Cash on Delivery,Paid,2025-02-14
PAY-001792,ORD-001792,Cash on Delivery,Paid,2025-02-17
PAY-001793,ORD-001793,EasyPaisa,Failed,2025-02-13
PAY-001794,ORD-001794,Credit Card,Failed,2025-02-12
PAY-001795,ORD-001795,Bank Transfer,Paid,2025-02-16
PAY-001796,ORD-001796,Cash on Delivery,Paid,2025-02-17
PAY-001797,ORD-001797,Cash on Delivery,Paid,2025-02-17
PAY-001798,ORD-001798,Cash on Delivery,Paid,2025-02-17
PAY-001799,ORD-001799,Cash on Delivery,Refunded,2025-02-13
PAY-001800,ORD-001800,EasyPaisa,Paid,2025-02-12
PAY-001801,ORD-001801,Cash on Delivery,Paid,2025-02-14
PAY-001802,ORD-001802,Debit Card,Paid,2025-02-14
PAY-001803,ORD-001803,EasyPaisa,Refunded,2025-02-13
PAY-001804,ORD-001804,Credit Card,Paid,2025-02-12
PAY-001805,ORD-001805,Cash on Delivery,Pending,2025-02-13
PAY-001806,ORD-001806,Cash on Delivery,Paid,2025-02-13
PAY-001807,ORD-001807,Credit Card,Paid,2025-02-14
PAY-001808,ORD-001808,Debit Card,Refunded,2025-02-12
PAY-001809,ORD-001809,Credit Card,Paid,2025-02-14
PAY-001810,ORD-001810,Cash on Delivery,Paid,2025-02-18
PAY-001811,ORD-001811,EasyPaisa,Refunded,2025-02-13
PAY-001812,ORD-001812,Credit Card,Paid,2025-02-14
PAY-001813,ORD-001813,EasyPaisa,Paid,2025-02-14
PAY-001814,ORD-001814,Cash on Delivery,Pending,2025-02-19
PAY-001815,ORD-001815,Credit Card,Paid,2025-02-15
PAY-001816,ORD-001816,Debit Card,Paid,2025-02-13
PAY-001817,ORD-001817,Cash on Delivery,Paid,2025-02-15
PAY-001818,ORD-001818,JazzCash,Paid,2025-02-13
PAY-001819,ORD-001819,EasyPaisa,Paid,2025-02-14
PAY-001820,ORD-001820,Credit Card,Paid,2025-02-13
PAY-001821,ORD-001821,EasyPaisa,Refunded,2025-02-15
PAY-001822,ORD-001822,JazzCash,Paid,2025-02-13
PAY-001823,ORD-001823,JazzCash,Paid,2025-02-14
PAY-001824,ORD-001824,EasyPaisa,Paid,2025-02-16
PAY-001825,ORD-001825,Cash on Delivery,Paid,2025-02-19
PAY-001826,ORD-001826,Bank Transfer,Paid,2025-02-19
PAY-001827,ORD-001827,Cash on Delivery,Paid,2025-02-20
PAY-001828,ORD-001828,JazzCash,Paid,2025-02-14
PAY-001829,ORD-001829,EasyPaisa,Pending,2025-02-16
PAY-001830,ORD-001830,Cash on Delivery,Paid,2025-02-16
PAY-001831,ORD-001831,EasyPaisa,Paid,2025-02-16
PAY-001832,ORD-001832,Cash on Delivery,Paid,2025-02-15
PAY-001833,ORD-001833,Debit Card,Refunded,2025-02-14
PAY-001834,ORD-001834,Credit Card,Paid,2025-02-14
PAY-001835,ORD-001835,Debit Card,Paid,2025-02-15
PAY-001836,ORD-001836,Cash on Delivery,Paid,2025-02-17
PAY-001837,ORD-001837,Credit Card,Paid,2025-02-14
PAY-001838,ORD-001838,Bank Transfer,Failed,2025-02-16
PAY-001839,ORD-001839,EasyPaisa,Paid,2025-02-16
PAY-001840,ORD-001840,Cash on Delivery,Refunded,2025-02-20
PAY-001841,ORD-001841,EasyPaisa,Failed,2025-02-17
PAY-001842,ORD-001842,JazzCash,Refunded,2025-02-15
PAY-001843,ORD-001843,EasyPaisa,Refunded,2025-02-16
PAY-001844,ORD-001844,EasyPaisa,Refunded,2025-02-16
PAY-001845,ORD-001845,Credit Card,Paid,2025-02-16
PAY-001846,ORD-001846,Credit Card,Paid,2025-02-15
PAY-001847,ORD-001847,Cash on Delivery,Paid,2025-02-18
PAY-001848,ORD-001848,JazzCash,Refunded,2025-02-16
PAY-001849,ORD-001849,Debit Card,Pending,2025-02-16
PAY-001850,ORD-001850,Bank Transfer,Paid,2025-02-16
PAY-001851,ORD-001851,Cash on Delivery,Paid,2025-02-21
PAY-001852,ORD-001852,JazzCash,Paid,2025-02-15
PAY-001853,ORD-001853,Credit Card,Paid,2025-02-16
PAY-001854,ORD-001854,Credit Card,Paid,2025-02-15
PAY-001855,ORD-001855,Cash on Delivery,Paid,2025-02-21
PAY-001856,ORD-001856,Bank Transfer,Refunded,2025-02-19
PAY-001857,ORD-001857,EasyPaisa,Paid,2025-02-16
PAY-001858,ORD-001858,Credit Card,Paid,2025-02-18
PAY-001859,ORD-001859,JazzCash,Paid,2025-02-16
PAY-001860,ORD-001860,Debit Card,Paid,2025-02-18
PAY-001861,ORD-001861,EasyPaisa,Paid,2025-02-16
PAY-001862,ORD-001862,JazzCash,Paid,2025-02-16
PAY-001863,ORD-001863,Credit Card,Paid,2025-02-16
PAY-001864,ORD-001864,Cash on Delivery,Paid,2025-02-20
PAY-001865,ORD-001865,Cash on Delivery,Paid,2025-02-20
PAY-001866,ORD-001866,Cash on Delivery,Paid,2025-02-17
PAY-001867,ORD-001867,Credit Card,Paid,2025-02-16
PAY-001868,ORD-001868,Debit Card,Pending,2025-02-18
PAY-001869,ORD-001869,JazzCash,Paid,2025-02-17
PAY-001870,ORD-001870,JazzCash,Paid,2025-02-19
PAY-001871,ORD-001871,Cash on Delivery,Paid,2025-02-18
PAY-001872,ORD-001872,EasyPaisa,Paid,2025-02-17
PAY-001873,ORD-001873,JazzCash,Paid,2025-02-18
PAY-001874,ORD-001874,Credit Card,Paid,2025-02-17
PAY-001875,ORD-001875,Debit Card,Refunded,2025-02-18
PAY-001876,ORD-001876,Debit Card,Paid,2025-02-17
PAY-001877,ORD-001877,Credit Card,Refunded,2025-02-17
PAY-001878,ORD-001878,Cash on Delivery,Paid,2025-02-20
PAY-001879,ORD-001879,JazzCash,Refunded,2025-02-19
PAY-001880,ORD-001880,Bank Transfer,Paid,2025-02-18
PAY-001881,ORD-001881,Credit Card,Failed,2025-02-20
PAY-001882,ORD-001882,JazzCash,Refunded,2025-02-19
PAY-001883,ORD-001883,Cash on Delivery,Paid,2025-02-22
PAY-001884,ORD-001884,Cash on Delivery,Paid,2025-02-19
PAY-001885,ORD-001885,Cash on Delivery,Paid,2025-02-23
PAY-001886,ORD-001886,Credit Card,Paid,2025-02-19
PAY-001887,ORD-001887,Cash on Delivery,Paid,2025-02-20
PAY-001888,ORD-001888,EasyPaisa,Paid,2025-02-20
PAY-001889,ORD-001889,JazzCash,Pending,2025-02-19
PAY-001890,ORD-001890,Cash on Delivery,Paid,2025-02-21
PAY-001891,ORD-001891,Credit Card,Pending,2025-02-19
PAY-001892,ORD-001892,JazzCash,Failed,2025-02-19
PAY-001893,ORD-001893,Cash on Delivery,Paid,2025-02-24
PAY-001894,ORD-001894,JazzCash,Paid,2025-02-18
PAY-001895,ORD-001895,Cash on Delivery,Refunded,2025-02-19
PAY-001896,ORD-001896,Credit Card,Paid,2025-02-19
PAY-001897,ORD-001897,Credit Card,Paid,2025-02-20
PAY-001898,ORD-001898,Bank Transfer,Paid,2025-02-24
PAY-001899,ORD-001899,Cash on Delivery,Paid,2025-02-20
PAY-001900,ORD-001900,Cash on Delivery,Refunded,2025-02-24
PAY-001901,ORD-001901,JazzCash,Paid,2025-02-19
PAY-001902,ORD-001902,Debit Card,Failed,2025-02-21
PAY-001903,ORD-001903,Credit Card,Failed,2025-02-19
PAY-001904,ORD-001904,Credit Card,Paid,2025-02-21
PAY-001905,ORD-001905,Cash on Delivery,Paid,2025-02-22
PAY-001906,ORD-001906,Credit Card,Pending,2025-02-21
PAY-001907,ORD-001907,Credit Card,Pending,2025-02-19
PAY-001908,ORD-001908,Cash on Delivery,Paid,2025-02-25
PAY-001909,ORD-001909,JazzCash,Paid,2025-02-19
PAY-001910,ORD-001910,EasyPaisa,Refunded,2025-02-20
PAY-001911,ORD-001911,JazzCash,Paid,2025-02-21
PAY-001912,ORD-001912,Debit Card,Paid,2025-02-20
PAY-001913,ORD-001913,Credit Card,Refunded,2025-02-19
PAY-001914,ORD-001914,JazzCash,Paid,2025-02-20
PAY-001915,ORD-001915,Cash on Delivery,Refunded,2025-02-24
PAY-001916,ORD-001916,Credit Card,Paid,2025-02-21
PAY-001917,ORD-001917,JazzCash,Paid,2025-02-22
PAY-001918,ORD-001918,Debit Card,Pending,2025-02-21
PAY-001919,ORD-001919,JazzCash,Paid,2025-02-21
PAY-001920,ORD-001920,JazzCash,Paid,2025-02-22
PAY-001921,ORD-001921,Bank Transfer,Paid,2025-02-24
PAY-001922,ORD-001922,Cash on Delivery,Paid,2025-02-21
PAY-001923,ORD-001923,Cash on Delivery,Paid,2025-02-21
PAY-001924,ORD-001924,Cash on Delivery,Paid,2025-02-21
PAY-001925,ORD-001925,Debit Card,Refunded,2025-02-21
PAY-001926,ORD-001926,Credit Card,Failed,2025-02-20
PAY-001927,ORD-001927,EasyPaisa,Failed,2025-02-21
PAY-001928,ORD-001928,JazzCash,Paid,2025-02-21
PAY-001929,ORD-001929,Debit Card,Paid,2025-02-22
PAY-001930,ORD-001930,Cash on Delivery,Paid,2025-02-22
PAY-001931,ORD-001931,Debit Card,Failed,2025-02-21
PAY-001932,ORD-001932,EasyPaisa,Paid,2025-02-20
PAY-001933,ORD-001933,EasyPaisa,Refunded,2025-02-22
PAY-001934,ORD-001934,Debit Card,Paid,2025-02-23
PAY-001935,ORD-001935,Cash on Delivery,Paid,2025-02-23
PAY-001936,ORD-001936,Credit Card,Pending,2025-02-23
PAY-001937,ORD-001937,EasyPaisa,Paid,2025-02-22
PAY-001938,ORD-001938,Cash on Delivery,Paid,2025-02-24
PAY-001939,ORD-001939,Credit Card,Pending,2025-02-21
PAY-001940,ORD-001940,Credit Card,Paid,2025-02-23
PAY-001941,ORD-001941,JazzCash,Paid,2025-02-23
PAY-001942,ORD-001942,Cash on Delivery,Pending,2025-02-22
PAY-001943,ORD-001943,Debit Card,Paid,2025-02-22
PAY-001944,ORD-001944,Debit Card,Paid,2025-02-21
PAY-001945,ORD-001945,Cash on Delivery,Paid,2025-02-27
PAY-001946,ORD-001946,Cash on Delivery,Paid,2025-02-27
PAY-001947,ORD-001947,Cash on Delivery,Paid,2025-02-23
PAY-001948,ORD-001948,Cash on Delivery,Paid,2025-02-22
PAY-001949,ORD-001949,Credit Card,Paid,2025-02-23
PAY-001950,ORD-001950,Cash on Delivery,Paid,2025-02-23
PAY-001951,ORD-001951,EasyPaisa,Paid,2025-02-22
PAY-001952,ORD-001952,Bank Transfer,Paid,2025-02-23
PAY-001953,ORD-001953,Debit Card,Paid,2025-02-23
PAY-001954,ORD-001954,Credit Card,Paid,2025-02-24
PAY-001955,ORD-001955,Debit Card,Failed,2025-02-23
PAY-001956,ORD-001956,Credit Card,Paid,2025-02-22
PAY-001957,ORD-001957,Credit Card,Paid,2025-02-22
PAY-001958,ORD-001958,Bank Transfer,Paid,2025-02-27
PAY-001959,ORD-001959,Bank Transfer,Paid,2025-02-26
PAY-001960,ORD-001960,Credit Card,Paid,2025-02-23
PAY-001961,ORD-001961,EasyPaisa,Paid,2025-02-23
PAY-001962,ORD-001962,Bank Transfer,Paid,2025-02-23
PAY-001963,ORD-001963,Credit Card,Paid,2025-02-23
PAY-001964,ORD-001964,Credit Card,Paid,2025-02-22
PAY-001965,ORD-001965,Cash on Delivery,Refunded,2025-02-27
PAY-001966,ORD-001966,Cash on Delivery,Paid,2025-02-27
PAY-001967,ORD-001967,JazzCash,Paid,2025-02-22
PAY-001968,ORD-001968,Credit Card,Paid,2025-02-22
PAY-001969,ORD-001969,Debit Card,Paid,2025-02-22
PAY-001970,ORD-001970,EasyPaisa,Paid,2025-02-23
PAY-001971,ORD-001971,EasyPaisa,Paid,2025-02-24
PAY-001972,ORD-001972,JazzCash,Failed,2025-02-23
PAY-001973,ORD-001973,Debit Card,Paid,2025-02-25
PAY-001974,ORD-001974,Credit Card,Refunded,2025-02-25
PAY-001975,ORD-001975,Credit Card,Refunded,2025-02-23
PAY-001976,ORD-001976,EasyPaisa,Refunded,2025-02-24
PAY-001977,ORD-001977,Credit Card,Paid,2025-02-25
PAY-001978,ORD-001978,Credit Card,Paid,2025-02-25
PAY-001979,ORD-001979,Debit Card,Refunded,2025-02-23
PAY-001980,ORD-001980,Cash on Delivery,Failed,2025-03-01
PAY-001981,ORD-001981,Credit Card,Refunded,2025-02-24
PAY-001982,ORD-001982,Cash on Delivery,Paid,2025-02-28
PAY-001983,ORD-001983,JazzCash,Paid,2025-02-25
PAY-001984,ORD-001984,JazzCash,Failed,2025-02-24
PAY-001985,ORD-001985,Debit Card,Failed,2025-02-25
PAY-001986,ORD-001986,Cash on Delivery,Paid,2025-02-26
PAY-001987,ORD-001987,Debit Card,Pending,2025-02-26
PAY-001988,ORD-001988,Debit Card,Paid,2025-02-24
PAY-001989,ORD-001989,Credit Card,Paid,2025-02-24
PAY-001990,ORD-001990,Cash on Delivery,Paid,2025-02-27
PAY-001991,ORD-001991,Debit Card,Paid,2025-02-24
PAY-001992,ORD-001992,Cash on Delivery,Paid,2025-02-25
PAY-001993,ORD-001993,JazzCash,Paid,2025-02-24
PAY-001994,ORD-001994,JazzCash,Paid,2025-02-25
PAY-001995,ORD-001995,Credit Card,Failed,2025-02-25
PAY-001996,ORD-001996,Credit Card,Failed,2025-02-25
PAY-001997,ORD-001997,Credit Card,Paid,2025-02-24
PAY-001998,ORD-001998,Credit Card,Failed,2025-02-26
PAY-001999,ORD-001999,Cash on Delivery,Pending,2025-03-02
PAY-002000,ORD-002000,Debit Card,Paid,2025-02-25
PAY-002001,ORD-002001,Debit Card,Paid,2025-02-26
PAY-002002,ORD-002002,EasyPaisa,Paid,2025-02-24
PAY-002003,ORD-002003,Credit Card,Paid,2025-02-27
PAY-002004,ORD-002004,JazzCash,Paid,2025-02-27
PAY-002005,ORD-002005,JazzCash,Paid,2025-02-26
PAY-002006,ORD-002006,Debit Card,Paid,2025-02-27
PAY-002007,ORD-002007,Credit Card,Paid,2025-02-26
PAY-002008,ORD-002008,Cash on Delivery,Paid,2025-02-26
PAY-002009,ORD-002009,Credit Card,Paid,2025-02-26
PAY-002010,ORD-002010,JazzCash,Refunded,2025-02-25
PAY-002011,ORD-002011,Credit Card,Paid,2025-02-25
PAY-002012,ORD-002012,Cash on Delivery,Paid,2025-02-28
PAY-002013,ORD-002013,Cash on Delivery,Paid,2025-03-03
PAY-002014,ORD-002014,Bank Transfer,Paid,2025-03-01
PAY-002015,ORD-002015,Cash on Delivery,Paid,2025-02-27
PAY-002016,ORD-002016,Debit Card,Failed,2025-02-25
PAY-002017,ORD-002017,EasyPaisa,Refunded,2025-02-27
PAY-002018,ORD-002018,Credit Card,Paid,2025-02-27
PAY-002019,ORD-002019,Bank Transfer,Failed,2025-02-26
PAY-002020,ORD-002020,JazzCash,Paid,2025-02-27
PAY-002021,ORD-002021,Debit Card,Refunded,2025-02-25
PAY-002022,ORD-002022,Cash on Delivery,Paid,2025-03-01
PAY-002023,ORD-002023,Credit Card,Paid,2025-02-27
PAY-002024,ORD-002024,Credit Card,Paid,2025-02-27
PAY-002025,ORD-002025,Bank Transfer,Paid,2025-03-03
PAY-002026,ORD-002026,Cash on Delivery,Paid,2025-03-04
PAY-002027,ORD-002027,Debit Card,Refunded,2025-02-26
PAY-002028,ORD-002028,JazzCash,Paid,2025-02-28
PAY-002029,ORD-002029,Cash on Delivery,Paid,2025-03-03
PAY-002030,ORD-002030,Debit Card,Paid,2025-02-27
PAY-002031,ORD-002031,Cash on Delivery,Paid,2025-03-04
PAY-002032,ORD-002032,Debit Card,Pending,2025-02-28
PAY-002033,ORD-002033,Cash on Delivery,Failed,2025-03-01
PAY-002034,ORD-002034,Credit Card,Paid,2025-02-27
PAY-002035,ORD-002035,Credit Card,Paid,2025-02-28
PAY-002036,ORD-002036,EasyPaisa,Paid,2025-02-26
PAY-002037,ORD-002037,Bank Transfer,Paid,2025-03-03
PAY-002038,ORD-002038,Credit Card,Paid,2025-02-26
PAY-002039,ORD-002039,EasyPaisa,Paid,2025-02-28
PAY-002040,ORD-002040,Credit Card,Paid,2025-02-26
PAY-002041,ORD-002041,Bank Transfer,Failed,2025-02-27
PAY-002042,ORD-002042,JazzCash,Refunded,2025-02-28
PAY-002043,ORD-002043,JazzCash,Paid,2025-02-28
PAY-002044,ORD-002044,EasyPaisa,Paid,2025-03-01
PAY-002045,ORD-002045,JazzCash,Refunded,2025-03-01
PAY-002046,ORD-002046,Credit Card,Paid,2025-02-27
PAY-002047,ORD-002047,Debit Card,Paid,2025-02-27
PAY-002048,ORD-002048,Cash on Delivery,Paid,2025-02-28
PAY-002049,ORD-002049,EasyPaisa,Paid,2025-02-27
PAY-002050,ORD-002050,JazzCash,Paid,2025-02-27
PAY-002051,ORD-002051,Cash on Delivery,Paid,2025-03-02
PAY-002052,ORD-002052,Debit Card,Refunded,2025-02-28
PAY-002053,ORD-002053,Credit Card,Paid,2025-02-28
PAY-002054,ORD-002054,Bank Transfer,Pending,2025-02-28
PAY-002055,ORD-002055,JazzCash,Paid,2025-02-27
PAY-002056,ORD-002056,Debit Card,Pending,2025-02-27
PAY-002057,ORD-002057,EasyPaisa,Refunded,2025-02-28
PAY-002058,ORD-002058,JazzCash,Paid,2025-03-01
PAY-002059,ORD-002059,JazzCash,Paid,2025-02-27
PAY-002060,ORD-002060,Cash on Delivery,Paid,2025-02-28
PAY-002061,ORD-002061,JazzCash,Paid,2025-03-01
PAY-002062,ORD-002062,JazzCash,Refunded,2025-02-28
PAY-002063,ORD-002063,Credit Card,Paid,2025-02-28
PAY-002064,ORD-002064,Credit Card,Paid,2025-03-01
PAY-002065,ORD-002065,Cash on Delivery,Refunded,2025-03-01
PAY-002066,ORD-002066,Debit Card,Paid,2025-02-27
PAY-002067,ORD-002067,Debit Card,Paid,2025-02-27
PAY-002068,ORD-002068,JazzCash,Paid,2025-02-27
PAY-002069,ORD-002069,Cash on Delivery,Paid,2025-03-05
PAY-002070,ORD-002070,Credit Card,Paid,2025-03-01
PAY-002071,ORD-002071,JazzCash,Pending,2025-02-28
PAY-002072,ORD-002072,Debit Card,Paid,2025-03-01
PAY-002073,ORD-002073,Bank Transfer,Paid,2025-03-02
PAY-002074,ORD-002074,Debit Card,Paid,2025-03-01
PAY-002075,ORD-002075,Cash on Delivery,Paid,2025-03-05
PAY-002076,ORD-002076,Cash on Delivery,Paid,2025-03-04
PAY-002077,ORD-002077,EasyPaisa,Paid,2025-03-01
PAY-002078,ORD-002078,EasyPaisa,Paid,2025-02-28
PAY-002079,ORD-002079,Debit Card,Paid,2025-02-28
PAY-002080,ORD-002080,Debit Card,Paid,2025-03-01
PAY-002081,ORD-002081,Cash on Delivery,Paid,2025-03-05
PAY-002082,ORD-002082,Debit Card,Refunded,2025-03-02
PAY-002083,ORD-002083,Credit Card,Refunded,2025-03-01
PAY-002084,ORD-002084,EasyPaisa,Paid,2025-02-28
PAY-002085,ORD-002085,Credit Card,Paid,2025-03-02
PAY-002086,ORD-002086,Debit Card,Paid,2025-02-28
PAY-002087,ORD-002087,Credit Card,Pending,2025-02-28
PAY-002088,ORD-002088,EasyPaisa,Paid,2025-03-01
PAY-002089,ORD-002089,Credit Card,Paid,2025-03-02
PAY-002090,ORD-002090,Cash on Delivery,Paid,2025-03-06
PAY-002091,ORD-002091,Credit Card,Paid,2025-03-02
PAY-002092,ORD-002092,Credit Card,Paid,2025-03-02
PAY-002093,ORD-002093,EasyPaisa,Paid,2025-03-02
PAY-002094,ORD-002094,Bank Transfer,Paid,2025-03-03
PAY-002095,ORD-002095,Bank Transfer,Paid,2025-03-05
PAY-002096,ORD-002096,JazzCash,Paid,2025-03-03
PAY-002097,ORD-002097,JazzCash,Paid,2025-03-01
PAY-002098,ORD-002098,JazzCash,Refunded,2025-03-02
PAY-002099,ORD-002099,Debit Card,Paid,2025-03-02
PAY-002100,ORD-002100,Cash on Delivery,Paid,2025-03-03
PAY-002101,ORD-002101,EasyPaisa,Paid,2025-03-03
PAY-002102,ORD-002102,Cash on Delivery,Paid,2025-03-02
PAY-002103,ORD-002103,Debit Card,Paid,2025-03-03
PAY-002104,ORD-002104,JazzCash,Paid,2025-03-01
PAY-002105,ORD-002105,Credit Card,Paid,2025-03-01
PAY-002106,ORD-002106,Credit Card,Paid,2025-03-03
PAY-002107,ORD-002107,Credit Card,Paid,2025-03-02
PAY-002108,ORD-002108,Debit Card,Paid,2025-03-03
PAY-002109,ORD-002109,Cash on Delivery,Failed,2025-03-04
PAY-002110,ORD-002110,Credit Card,Paid,2025-03-03
PAY-002111,ORD-002111,Cash on Delivery,Paid,2025-03-03
PAY-002112,ORD-002112,EasyPaisa,Paid,2025-03-02
PAY-002113,ORD-002113,EasyPaisa,Paid,2025-03-03
PAY-002114,ORD-002114,Cash on Delivery,Paid,2025-03-05
PAY-002115,ORD-002115,Bank Transfer,Paid,2025-03-08
PAY-002116,ORD-002116,Credit Card,Paid,2025-03-04
PAY-002117,ORD-002117,Debit Card,Refunded,2025-03-04
PAY-002118,ORD-002118,Credit Card,Paid,2025-03-04
PAY-002119,ORD-002119,Cash on Delivery,Pending,2025-03-04
PAY-002120,ORD-002120,Debit Card,Paid,2025-03-04
PAY-002121,ORD-002121,Credit Card,Paid,2025-03-05
PAY-002122,ORD-002122,JazzCash,Refunded,2025-03-04
PAY-002123,ORD-002123,Debit Card,Paid,2025-03-03
PAY-002124,ORD-002124,Credit Card,Pending,2025-03-04
PAY-002125,ORD-002125,Debit Card,Paid,2025-03-05
PAY-002126,ORD-002126,Cash on Delivery,Paid,2025-03-09
PAY-002127,ORD-002127,Cash on Delivery,Paid,2025-03-08
PAY-002128,ORD-002128,JazzCash,Paid,2025-03-05
PAY-002129,ORD-002129,Credit Card,Paid,2025-03-05
PAY-002130,ORD-002130,Credit Card,Refunded,2025-03-05
PAY-002131,ORD-002131,Credit Card,Refunded,2025-03-04
PAY-002132,ORD-002132,Debit Card,Paid,2025-03-03
PAY-002133,ORD-002133,Debit Card,Paid,2025-03-05
PAY-002134,ORD-002134,Debit Card,Paid,2025-03-04
PAY-002135,ORD-002135,Debit Card,Paid,2025-03-04
PAY-002136,ORD-002136,JazzCash,Paid,2025-03-04
PAY-002137,ORD-002137,JazzCash,Refunded,2025-03-05
PAY-002138,ORD-002138,EasyPaisa,Paid,2025-03-06
PAY-002139,ORD-002139,Debit Card,Paid,2025-03-04
PAY-002140,ORD-002140,Cash on Delivery,Paid,2025-03-07
PAY-002141,ORD-002141,Bank Transfer,Pending,2025-03-08
PAY-002142,ORD-002142,EasyPaisa,Paid,2025-03-04
PAY-002143,ORD-002143,Debit Card,Paid,2025-03-05
PAY-002144,ORD-002144,Cash on Delivery,Paid,2025-03-10
PAY-002145,ORD-002145,Cash on Delivery,Paid,2025-03-10
PAY-002146,ORD-002146,Cash on Delivery,Paid,2025-03-11
PAY-002147,ORD-002147,Cash on Delivery,Refunded,2025-03-06
PAY-002148,ORD-002148,Credit Card,Paid,2025-03-06
PAY-002149,ORD-002149,Bank Transfer,Pending,2025-03-07
PAY-002150,ORD-002150,Cash on Delivery,Paid,2025-03-07
PAY-002151,ORD-002151,Debit Card,Paid,2025-03-07
PAY-002152,ORD-002152,Cash on Delivery,Paid,2025-03-08
PAY-002153,ORD-002153,Cash on Delivery,Paid,2025-03-07
PAY-002154,ORD-002154,JazzCash,Paid,2025-03-07
PAY-002155,ORD-002155,Credit Card,Paid,2025-03-05
PAY-002156,ORD-002156,Credit Card,Paid,2025-03-07
PAY-002157,ORD-002157,Cash on Delivery,Paid,2025-03-09
PAY-002158,ORD-002158,Cash on Delivery,Paid,2025-03-09
PAY-002159,ORD-002159,JazzCash,Paid,2025-03-06
PAY-002160,ORD-002160,Debit Card,Failed,2025-03-07
PAY-002161,ORD-002161,JazzCash,Paid,2025-03-07
PAY-002162,ORD-002162,Cash on Delivery,Paid,2025-03-08
PAY-002163,ORD-002163,Debit Card,Paid,2025-03-06
PAY-002164,ORD-002164,Debit Card,Paid,2025-03-08
PAY-002165,ORD-002165,Debit Card,Paid,2025-03-06
PAY-002166,ORD-002166,EasyPaisa,Refunded,2025-03-07
PAY-002167,ORD-002167,Credit Card,Pending,2025-03-08
PAY-002168,ORD-002168,Credit Card,Refunded,2025-03-08
PAY-002169,ORD-002169,Credit Card,Paid,2025-03-06
PAY-002170,ORD-002170,Debit Card,Paid,2025-03-06
PAY-002171,ORD-002171,Credit Card,Paid,2025-03-06
PAY-002172,ORD-002172,JazzCash,Refunded,2025-03-08
PAY-002173,ORD-002173,Credit Card,Refunded,2025-03-08
PAY-002174,ORD-002174,Bank Transfer,Pending,2025-03-10
PAY-002175,ORD-002175,Debit Card,Paid,2025-03-06
PAY-002176,ORD-002176,Cash on Delivery,Paid,2025-03-07
PAY-002177,ORD-002177,Debit Card,Paid,2025-03-06
PAY-002178,ORD-002178,Debit Card,Paid,2025-03-07
PAY-002179,ORD-002179,Cash on Delivery,Paid,2025-03-12
PAY-002180,ORD-002180,JazzCash,Refunded,2025-03-08
PAY-002181,ORD-002181,Credit Card,Paid,2025-03-09
PAY-002182,ORD-002182,Cash on Delivery,Paid,2025-03-09
PAY-002183,ORD-002183,Credit Card,Paid,2025-03-07
PAY-002184,ORD-002184,Debit Card,Pending,2025-03-08
PAY-002185,ORD-002185,Credit Card,Failed,2025-03-08
PAY-002186,ORD-002186,Cash on Delivery,Paid,2025-03-11
PAY-002187,ORD-002187,EasyPaisa,Paid,2025-03-08
PAY-002188,ORD-002188,Cash on Delivery,Paid,2025-03-11
PAY-002189,ORD-002189,Credit Card,Paid,2025-03-07
PAY-002190,ORD-002190,Credit Card,Paid,2025-03-09
PAY-002191,ORD-002191,JazzCash,Paid,2025-03-09
PAY-002192,ORD-002192,JazzCash,Paid,2025-03-09
PAY-002193,ORD-002193,Cash on Delivery,Refunded,2025-03-10
PAY-002194,ORD-002194,Cash on Delivery,Pending,2025-03-08
PAY-002195,ORD-002195,Cash on Delivery,Paid,2025-03-13
PAY-002196,ORD-002196,EasyPaisa,Paid,2025-03-09
PAY-002197,ORD-002197,Credit Card,Failed,2025-03-09
PAY-002198,ORD-002198,Credit Card,Pending,2025-03-10
PAY-002199,ORD-002199,Cash on Delivery,Failed,2025-03-12
PAY-002200,ORD-002200,Credit Card,Paid,2025-03-08
PAY-002201,ORD-002201,JazzCash,Paid,2025-03-09
PAY-002202,ORD-002202,JazzCash,Paid,2025-03-09
PAY-002203,ORD-002203,Cash on Delivery,Refunded,2025-03-09
PAY-002204,ORD-002204,EasyPaisa,Paid,2025-03-09
PAY-002205,ORD-002205,Debit Card,Paid,2025-03-10
PAY-002206,ORD-002206,JazzCash,Paid,2025-03-11
PAY-002207,ORD-002207,EasyPaisa,Paid,2025-03-10
PAY-002208,ORD-002208,JazzCash,Pending,2025-03-11
PAY-002209,ORD-002209,JazzCash,Paid,2025-03-11
PAY-002210,ORD-002210,Credit Card,Paid,2025-03-10
PAY-002211,ORD-002211,EasyPaisa,Refunded,2025-03-10
PAY-002212,ORD-002212,Debit Card,Paid,2025-03-09
PAY-002213,ORD-002213,Debit Card,Refunded,2025-03-11
PAY-002214,ORD-002214,Credit Card,Failed,2025-03-10
PAY-002215,ORD-002215,EasyPaisa,Paid,2025-03-12
PAY-002216,ORD-002216,Cash on Delivery,Paid,2025-03-13
PAY-002217,ORD-002217,Bank Transfer,Paid,2025-03-12
PAY-002218,ORD-002218,Credit Card,Paid,2025-03-12
PAY-002219,ORD-002219,Cash on Delivery,Paid,2025-03-12
PAY-002220,ORD-002220,Cash on Delivery,Paid,2025-03-13
PAY-002221,ORD-002221,Debit Card,Paid,2025-03-11
PAY-002222,ORD-002222,Cash on Delivery,Paid,2025-03-16
PAY-002223,ORD-002223,Debit Card,Paid,2025-03-11
PAY-002224,ORD-002224,JazzCash,Paid,2025-03-11
PAY-002225,ORD-002225,Credit Card,Paid,2025-03-12
PAY-002226,ORD-002226,Cash on Delivery,Paid,2025-03-16
PAY-002227,ORD-002227,Credit Card,Paid,2025-03-11
PAY-002228,ORD-002228,JazzCash,Paid,2025-03-13
PAY-002229,ORD-002229,JazzCash,Paid,2025-03-13
PAY-002230,ORD-002230,Debit Card,Paid,2025-03-12
PAY-002231,ORD-002231,JazzCash,Paid,2025-03-12
PAY-002232,ORD-002232,Cash on Delivery,Paid,2025-03-16
PAY-002233,ORD-002233,Cash on Delivery,Paid,2025-03-15
PAY-002234,ORD-002234,JazzCash,Paid,2025-03-11
PAY-002235,ORD-002235,EasyPaisa,Paid,2025-03-12
PAY-002236,ORD-002236,Debit Card,Paid,2025-03-12
PAY-002237,ORD-002237,Bank Transfer,Paid,2025-03-12
PAY-002238,ORD-002238,JazzCash,Paid,2025-03-13
PAY-002239,ORD-002239,Cash on Delivery,Pending,2025-03-15
PAY-002240,ORD-002240,Cash on Delivery,Paid,2025-03-18
PAY-002241,ORD-002241,Cash on Delivery,Paid,2025-03-15
PAY-002242,ORD-002242,EasyPaisa,Paid,2025-03-13
PAY-002243,ORD-002243,Credit Card,Paid,2025-03-14
PAY-002244,ORD-002244,Credit Card,Paid,2025-03-13
PAY-002245,ORD-002245,Cash on Delivery,Failed,2025-03-14
PAY-002246,ORD-002246,JazzCash,Paid,2025-03-12
PAY-002247,ORD-002247,Credit Card,Paid,2025-03-12
PAY-002248,ORD-002248,Debit Card,Paid,2025-03-13
PAY-002249,ORD-002249,Bank Transfer,Paid,2025-03-13
PAY-002250,ORD-002250,EasyPaisa,Paid,2025-03-12
PAY-002251,ORD-002251,Cash on Delivery,Paid,2025-03-15
PAY-002252,ORD-002252,Cash on Delivery,Paid,2025-03-18
PAY-002253,ORD-002253,Credit Card,Paid,2025-03-14
PAY-002254,ORD-002254,Debit Card,Paid,2025-03-13
PAY-002255,ORD-002255,Bank Transfer,Refunded,2025-03-15
PAY-002256,ORD-002256,Debit Card,Refunded,2025-03-14
PAY-002257,ORD-002257,Cash on Delivery,Paid,2025-03-18
PAY-002258,ORD-002258,JazzCash,Paid,2025-03-15
PAY-002259,ORD-002259,Debit Card,Pending,2025-03-13
PAY-002260,ORD-002260,Cash on Delivery,Paid,2025-03-15
PAY-002261,ORD-002261,Debit Card,Paid,2025-03-13
PAY-002262,ORD-002262,Debit Card,Paid,2025-03-15
PAY-002263,ORD-002263,JazzCash,Paid,2025-03-14
PAY-002264,ORD-002264,Cash on Delivery,Paid,2025-03-17
PAY-002265,ORD-002265,Cash on Delivery,Pending,2025-03-18
PAY-002266,ORD-002266,Debit Card,Refunded,2025-03-14
PAY-002267,ORD-002267,Credit Card,Paid,2025-03-13
PAY-002268,ORD-002268,Cash on Delivery,Paid,2025-03-14
PAY-002269,ORD-002269,EasyPaisa,Paid,2025-03-14
PAY-002270,ORD-002270,Cash on Delivery,Paid,2025-03-14
PAY-002271,ORD-002271,Cash on Delivery,Paid,2025-03-18
PAY-002272,ORD-002272,Cash on Delivery,Refunded,2025-03-17
PAY-002273,ORD-002273,Cash on Delivery,Paid,2025-03-19
PAY-002274,ORD-002274,Credit Card,Paid,2025-03-16
PAY-002275,ORD-002275,Bank Transfer,Paid,2025-03-20
PAY-002276,ORD-002276,Credit Card,Paid,2025-03-15
PAY-002277,ORD-002277,Debit Card,Paid,2025-03-15
PAY-002278,ORD-002278,Cash on Delivery,Refunded,2025-03-18
PAY-002279,ORD-002279,EasyPaisa,Pending,2025-03-14
PAY-002280,ORD-002280,JazzCash,Paid,2025-03-16
PAY-002281,ORD-002281,Cash on Delivery,Refunded,2025-03-16
PAY-002282,ORD-002282,JazzCash,Paid,2025-03-15
PAY-002283,ORD-002283,Debit Card,Paid,2025-03-15
PAY-002284,ORD-002284,Credit Card,Paid,2025-03-16
PAY-002285,ORD-002285,JazzCash,Paid,2025-03-15
PAY-002286,ORD-002286,Credit Card,Paid,2025-03-15
PAY-002287,ORD-002287,Credit Card,Paid,2025-03-15
PAY-002288,ORD-002288,Bank Transfer,Paid,2025-03-21
PAY-002289,ORD-002289,Credit Card,Paid,2025-03-15
PAY-002290,ORD-002290,Cash on Delivery,Paid,2025-03-17
PAY-002291,ORD-002291,Bank Transfer,Paid,2025-03-21
PAY-002292,ORD-002292,Credit Card,Paid,2025-03-15
PAY-002293,ORD-002293,Debit Card,Paid,2025-03-16
PAY-002294,ORD-002294,JazzCash,Pending,2025-03-15
PAY-002295,ORD-002295,Credit Card,Refunded,2025-03-15
PAY-002296,ORD-002296,Debit Card,Paid,2025-03-17
PAY-002297,ORD-002297,Bank Transfer,Paid,2025-03-20
PAY-002298,ORD-002298,Cash on Delivery,Refunded,2025-03-17
PAY-002299,ORD-002299,Debit Card,Paid,2025-03-16
PAY-002300,ORD-002300,Debit Card,Paid,2025-03-17
PAY-002301,ORD-002301,Cash on Delivery,Paid,2025-03-16
PAY-002302,ORD-002302,Cash on Delivery,Paid,2025-03-16
PAY-002303,ORD-002303,JazzCash,Refunded,2025-03-16
PAY-002304,ORD-002304,Debit Card,Paid,2025-03-18
PAY-002305,ORD-002305,JazzCash,Paid,2025-03-18
PAY-002306,ORD-002306,Debit Card,Paid,2025-03-18
PAY-002307,ORD-002307,JazzCash,Paid,2025-03-18
PAY-002308,ORD-002308,Cash on Delivery,Paid,2025-03-22
PAY-002309,ORD-002309,Bank Transfer,Paid,2025-03-22
PAY-002310,ORD-002310,JazzCash,Pending,2025-03-17
PAY-002311,ORD-002311,Credit Card,Paid,2025-03-19
PAY-002312,ORD-002312,Cash on Delivery,Paid,2025-03-20
PAY-002313,ORD-002313,EasyPaisa,Pending,2025-03-19
PAY-002314,ORD-002314,Credit Card,Refunded,2025-03-18
PAY-002315,ORD-002315,Debit Card,Paid,2025-03-17
PAY-002316,ORD-002316,Debit Card,Paid,2025-03-19
PAY-002317,ORD-002317,Debit Card,Refunded,2025-03-17
PAY-002318,ORD-002318,Cash on Delivery,Paid,2025-03-23
PAY-002319,ORD-002319,Credit Card,Paid,2025-03-18
PAY-002320,ORD-002320,Credit Card,Paid,2025-03-17
PAY-002321,ORD-002321,JazzCash,Pending,2025-03-18
PAY-002322,ORD-002322,Credit Card,Refunded,2025-03-17
PAY-002323,ORD-002323,JazzCash,Paid,2025-03-18
PAY-002324,ORD-002324,JazzCash,Paid,2025-03-19
PAY-002325,ORD-002325,Debit Card,Pending,2025-03-18
PAY-002326,ORD-002326,Bank Transfer,Paid,2025-03-22
PAY-002327,ORD-002327,JazzCash,Paid,2025-03-18
PAY-002328,ORD-002328,Credit Card,Paid,2025-03-19
PAY-002329,ORD-002329,Bank Transfer,Paid,2025-03-23
PAY-002330,ORD-002330,Cash on Delivery,Paid,2025-03-21
PAY-002331,ORD-002331,Cash on Delivery,Paid,2025-03-20
PAY-002332,ORD-002332,JazzCash,Paid,2025-03-18
PAY-002333,ORD-002333,Cash on Delivery,Paid,2025-03-19
PAY-002334,ORD-002334,Credit Card,Paid,2025-03-19
PAY-002335,ORD-002335,Cash on Delivery,Paid,2025-03-20
PAY-002336,ORD-002336,JazzCash,Refunded,2025-03-20
PAY-002337,ORD-002337,Cash on Delivery,Paid,2025-03-20
PAY-002338,ORD-002338,Credit Card,Paid,2025-03-18
PAY-002339,ORD-002339,Credit Card,Pending,2025-03-20
PAY-002340,ORD-002340,JazzCash,Paid,2025-03-19
PAY-002341,ORD-002341,Credit Card,Paid,2025-03-20
PAY-002342,ORD-002342,EasyPaisa,Paid,2025-03-19
PAY-002343,ORD-002343,Debit Card,Paid,2025-03-18
PAY-002344,ORD-002344,Debit Card,Paid,2025-03-20
PAY-002345,ORD-002345,Cash on Delivery,Paid,2025-03-22
PAY-002346,ORD-002346,Cash on Delivery,Paid,2025-03-22
PAY-002347,ORD-002347,Debit Card,Paid,2025-03-18
PAY-002348,ORD-002348,Debit Card,Refunded,2025-03-19
PAY-002349,ORD-002349,JazzCash,Paid,2025-03-19
PAY-002350,ORD-002350,JazzCash,Refunded,2025-03-19
PAY-002351,ORD-002351,Cash on Delivery,Paid,2025-03-20
PAY-002352,ORD-002352,Credit Card,Paid,2025-03-21
PAY-002353,ORD-002353,Credit Card,Paid,2025-03-19
PAY-002354,ORD-002354,Cash on Delivery,Paid,2025-03-21
PAY-002355,ORD-002355,Cash on Delivery,Paid,2025-03-22
PAY-002356,ORD-002356,Debit Card,Paid,2025-03-21
PAY-002357,ORD-002357,JazzCash,Refunded,2025-03-20
PAY-002358,ORD-002358,Cash on Delivery,Failed,2025-03-25
PAY-002359,ORD-002359,Credit Card,Paid,2025-03-19
PAY-002360,ORD-002360,Debit Card,Paid,2025-03-19
PAY-002361,ORD-002361,Credit Card,Paid,2025-03-20
PAY-002362,ORD-002362,JazzCash,Pending,2025-03-21
PAY-002363,ORD-002363,JazzCash,Paid,2025-03-20
PAY-002364,ORD-002364,JazzCash,Paid,2025-03-21
PAY-002365,ORD-002365,Credit Card,Paid,2025-03-20
PAY-002366,ORD-002366,Cash on Delivery,Failed,2025-03-26
PAY-002367,ORD-002367,Credit Card,Paid,2025-03-22
PAY-002368,ORD-002368,Bank Transfer,Paid,2025-03-22
PAY-002369,ORD-002369,Credit Card,Refunded,2025-03-21
PAY-002370,ORD-002370,Cash on Delivery,Paid,2025-03-25
PAY-002371,ORD-002371,Credit Card,Paid,2025-03-20
PAY-002372,ORD-002372,Cash on Delivery,Paid,2025-03-23
PAY-002373,ORD-002373,JazzCash,Failed,2025-03-21
PAY-002374,ORD-002374,Credit Card,Paid,2025-03-20
PAY-002375,ORD-002375,Cash on Delivery,Paid,2025-03-23
PAY-002376,ORD-002376,Credit Card,Refunded,2025-03-21
PAY-002377,ORD-002377,Debit Card,Paid,2025-03-21
PAY-002378,ORD-002378,Credit Card,Paid,2025-03-22
PAY-002379,ORD-002379,EasyPaisa,Paid,2025-03-23
PAY-002380,ORD-002380,Cash on Delivery,Paid,2025-03-24
PAY-002381,ORD-002381,Debit Card,Refunded,2025-03-21
PAY-002382,ORD-002382,Cash on Delivery,Paid,2025-03-24
PAY-002383,ORD-002383,Credit Card,Failed,2025-03-23
PAY-002384,ORD-002384,JazzCash,Paid,2025-03-21
PAY-002385,ORD-002385,Credit Card,Pending,2025-03-23
PAY-002386,ORD-002386,Debit Card,Paid,2025-03-22
PAY-002387,ORD-002387,EasyPaisa,Paid,2025-03-21
PAY-002388,ORD-002388,Debit Card,Refunded,2025-03-22
PAY-002389,ORD-002389,Cash on Delivery,Paid,2025-03-28
PAY-002390,ORD-002390,Credit Card,Paid,2025-03-23
PAY-002391,ORD-002391,Cash on Delivery,Paid,2025-03-28
PAY-002392,ORD-002392,EasyPaisa,Paid,2025-03-23
PAY-002393,ORD-002393,Bank Transfer,Paid,2025-03-25
PAY-002394,ORD-002394,Cash on Delivery,Paid,2025-03-25
PAY-002395,ORD-002395,EasyPaisa,Pending,2025-03-23
PAY-002396,ORD-002396,Credit Card,Paid,2025-03-22
PAY-002397,ORD-002397,Cash on Delivery,Refunded,2025-03-23
PAY-002398,ORD-002398,Cash on Delivery,Pending,2025-03-25
PAY-002399,ORD-002399,JazzCash,Pending,2025-03-24
PAY-002400,ORD-002400,Cash on Delivery,Paid,2025-03-25
PAY-002401,ORD-002401,Debit Card,Pending,2025-03-24
PAY-002402,ORD-002402,Cash on Delivery,Paid,2025-03-28
PAY-002403,ORD-002403,Credit Card,Pending,2025-03-22
PAY-002404,ORD-002404,Cash on Delivery,Paid,2025-03-25
PAY-002405,ORD-002405,JazzCash,Paid,2025-03-25
PAY-002406,ORD-002406,EasyPaisa,Paid,2025-03-24
PAY-002407,ORD-002407,Credit Card,Refunded,2025-03-25
PAY-002408,ORD-002408,Debit Card,Paid,2025-03-24
PAY-002409,ORD-002409,Bank Transfer,Paid,2025-03-29
PAY-002410,ORD-002410,Credit Card,Paid,2025-03-25
PAY-002411,ORD-002411,Credit Card,Paid,2025-03-25
PAY-002412,ORD-002412,Cash on Delivery,Paid,2025-03-29
PAY-002413,ORD-002413,Debit Card,Paid,2025-03-24
PAY-002414,ORD-002414,Debit Card,Paid,2025-03-26
PAY-002415,ORD-002415,Cash on Delivery,Paid,2025-03-26
PAY-002416,ORD-002416,JazzCash,Paid,2025-03-26
PAY-002417,ORD-002417,EasyPaisa,Paid,2025-03-25
PAY-002418,ORD-002418,Credit Card,Failed,2025-03-26
PAY-002419,ORD-002419,Cash on Delivery,Paid,2025-03-26
PAY-002420,ORD-002420,Debit Card,Paid,2025-03-27
PAY-002421,ORD-002421,Bank Transfer,Paid,2025-03-30
PAY-002422,ORD-002422,Cash on Delivery,Paid,2025-03-29
PAY-002423,ORD-002423,Bank Transfer,Paid,2025-03-27
PAY-002424,ORD-002424,Bank Transfer,Paid,2025-03-29
PAY-002425,ORD-002425,Bank Transfer,Refunded,2025-03-31
PAY-002426,ORD-002426,Cash on Delivery,Paid,2025-03-31
PAY-002427,ORD-002427,Debit Card,Paid,2025-03-25
PAY-002428,ORD-002428,Credit Card,Paid,2025-03-26
PAY-002429,ORD-002429,Credit Card,Paid,2025-03-26
PAY-002430,ORD-002430,Debit Card,Paid,2025-03-27
PAY-002431,ORD-002431,Bank Transfer,Refunded,2025-03-29
PAY-002432,ORD-002432,EasyPaisa,Refunded,2025-03-25
PAY-002433,ORD-002433,Cash on Delivery,Paid,2025-03-28
PAY-002434,ORD-002434,Cash on Delivery,Paid,2025-03-29
PAY-002435,ORD-002435,Bank Transfer,Refunded,2025-03-31
PAY-002436,ORD-002436,Cash on Delivery,Paid,2025-03-29
PAY-002437,ORD-002437,Credit Card,Paid,2025-03-25
PAY-002438,ORD-002438,Debit Card,Paid,2025-03-27
PAY-002439,ORD-002439,Credit Card,Refunded,2025-03-27
PAY-002440,ORD-002440,Cash on Delivery,Paid,2025-03-31
PAY-002441,ORD-002441,Credit Card,Paid,2025-03-28
PAY-002442,ORD-002442,Credit Card,Paid,2025-03-27
PAY-002443,ORD-002443,Debit Card,Paid,2025-03-26
PAY-002444,ORD-002444,Cash on Delivery,Refunded,2025-04-01
PAY-002445,ORD-002445,Cash on Delivery,Paid,2025-04-01
PAY-002446,ORD-002446,JazzCash,Paid,2025-03-26
PAY-002447,ORD-002447,Credit Card,Paid,2025-03-27
PAY-002448,ORD-002448,Cash on Delivery,Paid,2025-03-29
PAY-002449,ORD-002449,JazzCash,Paid,2025-03-26
PAY-002450,ORD-002450,JazzCash,Paid,2025-03-28
PAY-002451,ORD-002451,Cash on Delivery,Paid,2025-04-01
PAY-002452,ORD-002452,Credit Card,Paid,2025-03-26
PAY-002453,ORD-002453,Credit Card,Refunded,2025-03-28
PAY-002454,ORD-002454,Credit Card,Paid,2025-03-27
PAY-002455,ORD-002455,Debit Card,Failed,2025-03-29
PAY-002456,ORD-002456,Debit Card,Paid,2025-03-27
PAY-002457,ORD-002457,Debit Card,Refunded,2025-03-27
PAY-002458,ORD-002458,JazzCash,Paid,2025-03-29
PAY-002459,ORD-002459,Credit Card,Paid,2025-03-29
PAY-002460,ORD-002460,Cash on Delivery,Paid,2025-04-01
PAY-002461,ORD-002461,Cash on Delivery,Paid,2025-04-02
PAY-002462,ORD-002462,Cash on Delivery,Paid,2025-03-29
PAY-002463,ORD-002463,Credit Card,Paid,2025-03-28
PAY-002464,ORD-002464,Credit Card,Pending,2025-03-28
PAY-002465,ORD-002465,Cash on Delivery,Paid,2025-03-29
PAY-002466,ORD-002466,Credit Card,Refunded,2025-03-29
PAY-002467,ORD-002467,Credit Card,Paid,2025-03-27
PAY-002468,ORD-002468,Credit Card,Paid,2025-03-28
PAY-002469,ORD-002469,Credit Card,Paid,2025-03-28
PAY-002470,ORD-002470,Debit Card,Paid,2025-03-28
PAY-002471,ORD-002471,JazzCash,Paid,2025-03-28
PAY-002472,ORD-002472,Cash on Delivery,Refunded,2025-04-01
PAY-002473,ORD-002473,Cash on Delivery,Paid,2025-03-30
PAY-002474,ORD-002474,Cash on Delivery,Paid,2025-04-02
PAY-002475,ORD-002475,EasyPaisa,Paid,2025-03-28
PAY-002476,ORD-002476,Bank Transfer,Paid,2025-03-29
PAY-002477,ORD-002477,Cash on Delivery,Refunded,2025-04-01
PAY-002478,ORD-002478,Cash on Delivery,Paid,2025-03-29
PAY-002479,ORD-002479,Credit Card,Paid,2025-03-29
PAY-002480,ORD-002480,Cash on Delivery,Paid,2025-04-01
PAY-002481,ORD-002481,Cash on Delivery,Paid,2025-04-01
PAY-002482,ORD-002482,JazzCash,Refunded,2025-03-31
PAY-002483,ORD-002483,Debit Card,Paid,2025-03-30
PAY-002484,ORD-002484,Cash on Delivery,Paid,2025-04-01
PAY-002485,ORD-002485,Bank Transfer,Paid,2025-04-03
PAY-002486,ORD-002486,Cash on Delivery,Refunded,2025-03-30
PAY-002487,ORD-002487,Cash on Delivery,Paid,2025-03-30
PAY-002488,ORD-002488,JazzCash,Paid,2025-03-31
PAY-002489,ORD-002489,EasyPaisa,Refunded,2025-03-31
PAY-002490,ORD-002490,JazzCash,Pending,2025-03-30
PAY-002491,ORD-002491,JazzCash,Paid,2025-03-30
PAY-002492,ORD-002492,Cash on Delivery,Paid,2025-03-31
PAY-002493,ORD-002493,Cash on Delivery,Refunded,2025-03-30
PAY-002494,ORD-002494,Credit Card,Paid,2025-03-29
PAY-002495,ORD-002495,EasyPaisa,Pending,2025-03-30
PAY-002496,ORD-002496,Debit Card,Paid,2025-03-30
PAY-002497,ORD-002497,Cash on Delivery,Paid,2025-03-30
PAY-002498,ORD-002498,Credit Card,Paid,2025-03-29
PAY-002499,ORD-002499,JazzCash,Refunded,2025-03-29
PAY-002500,ORD-002500,Credit Card,Refunded,2025-03-30
PAY-002501,ORD-002501,Credit Card,Pending,2025-04-01
PAY-002502,ORD-002502,Debit Card,Paid,2025-03-31
PAY-002503,ORD-002503,Credit Card,Refunded,2025-04-01
PAY-002504,ORD-002504,Credit Card,Paid,2025-03-30
PAY-002505,ORD-002505,Bank Transfer,Refunded,2025-04-04
PAY-002506,ORD-002506,Bank Transfer,Paid,2025-04-06
PAY-002507,ORD-002507,Cash on Delivery,Paid,2025-04-01
PAY-002508,ORD-002508,Credit Card,Paid,2025-03-31
PAY-002509,ORD-002509,Bank Transfer,Refunded,2025-04-03
PAY-002510,ORD-002510,Cash on Delivery,Paid,2025-04-06
PAY-002511,ORD-002511,Credit Card,Paid,2025-04-01
PAY-002512,ORD-002512,EasyPaisa,Paid,2025-03-31
PAY-002513,ORD-002513,Credit Card,Refunded,2025-04-02
PAY-002514,ORD-002514,Debit Card,Paid,2025-04-01
PAY-002515,ORD-002515,Credit Card,Refunded,2025-04-02
PAY-002516,ORD-002516,Credit Card,Paid,2025-04-02
PAY-002517,ORD-002517,Cash on Delivery,Paid,2025-04-06
PAY-002518,ORD-002518,Credit Card,Refunded,2025-03-31
PAY-002519,ORD-002519,Cash on Delivery,Pending,2025-04-03
PAY-002520,ORD-002520,Cash on Delivery,Paid,2025-04-06
PAY-002521,ORD-002521,Credit Card,Paid,2025-03-31
PAY-002522,ORD-002522,Cash on Delivery,Paid,2025-04-03
PAY-002523,ORD-002523,JazzCash,Refunded,2025-04-01
PAY-002524,ORD-002524,Debit Card,Paid,2025-04-01
PAY-002525,ORD-002525,Cash on Delivery,Refunded,2025-04-06
PAY-002526,ORD-002526,Debit Card,Paid,2025-04-01
PAY-002527,ORD-002527,Credit Card,Paid,2025-04-03
PAY-002528,ORD-002528,Credit Card,Paid,2025-04-01
PAY-002529,ORD-002529,Cash on Delivery,Refunded,2025-04-06
PAY-002530,ORD-002530,Cash on Delivery,Paid,2025-04-02
PAY-002531,ORD-002531,Credit Card,Paid,2025-04-01
PAY-002532,ORD-002532,Credit Card,Paid,2025-04-03
PAY-002533,ORD-002533,Debit Card,Paid,2025-04-01
PAY-002534,ORD-002534,Credit Card,Paid,2025-04-01
PAY-002535,ORD-002535,Cash on Delivery,Paid,2025-04-05
PAY-002536,ORD-002536,Credit Card,Paid,2025-04-03
PAY-002537,ORD-002537,Credit Card,Paid,2025-04-01
PAY-002538,ORD-002538,Bank Transfer,Paid,2025-04-02
PAY-002539,ORD-002539,Debit Card,Failed,2025-04-03
PAY-002540,ORD-002540,Credit Card,Refunded,2025-04-02
PAY-002541,ORD-002541,Cash on Delivery,Paid,2025-04-02
PAY-002542,ORD-002542,Debit Card,Paid,2025-04-03
PAY-002543,ORD-002543,JazzCash,Paid,2025-04-03
PAY-002544,ORD-002544,JazzCash,Paid,2025-04-02
PAY-002545,ORD-002545,JazzCash,Paid,2025-04-02
PAY-002546,ORD-002546,Debit Card,Paid,2025-04-03
PAY-002547,ORD-002547,Credit Card,Paid,2025-04-02
PAY-002548,ORD-002548,Cash on Delivery,Paid,2025-04-03
PAY-002549,ORD-002549,Debit Card,Paid,2025-04-04
PAY-002550,ORD-002550,Credit Card,Paid,2025-04-04
PAY-002551,ORD-002551,Debit Card,Paid,2025-04-04
PAY-002552,ORD-002552,Debit Card,Paid,2025-04-04
PAY-002553,ORD-002553,Cash on Delivery,Paid,2025-04-04
PAY-002554,ORD-002554,JazzCash,Paid,2025-04-02
PAY-002555,ORD-002555,Credit Card,Refunded,2025-04-03
PAY-002556,ORD-002556,Cash on Delivery,Paid,2025-04-08
PAY-002557,ORD-002557,Cash on Delivery,Paid,2025-04-05
PAY-002558,ORD-002558,Cash on Delivery,Paid,2025-04-07
PAY-002559,ORD-002559,EasyPaisa,Paid,2025-04-03
PAY-002560,ORD-002560,Cash on Delivery,Refunded,2025-04-07
PAY-002561,ORD-002561,Credit Card,Paid,2025-04-05
PAY-002562,ORD-002562,Cash on Delivery,Paid,2025-04-06
PAY-002563,ORD-002563,Credit Card,Paid,2025-04-05
PAY-002564,ORD-002564,Credit Card,Refunded,2025-04-05
PAY-002565,ORD-002565,JazzCash,Paid,2025-04-05
PAY-002566,ORD-002566,Debit Card,Refunded,2025-04-04
PAY-002567,ORD-002567,EasyPaisa,Paid,2025-04-04
PAY-002568,ORD-002568,Cash on Delivery,Paid,2025-04-07
PAY-002569,ORD-002569,EasyPaisa,Paid,2025-04-05
PAY-002570,ORD-002570,Credit Card,Paid,2025-04-05
PAY-002571,ORD-002571,JazzCash,Paid,2025-04-05
PAY-002572,ORD-002572,Cash on Delivery,Paid,2025-04-08
PAY-002573,ORD-002573,EasyPaisa,Paid,2025-04-04
PAY-002574,ORD-002574,Credit Card,Paid,2025-04-04
PAY-002575,ORD-002575,Credit Card,Paid,2025-04-04
PAY-002576,ORD-002576,Debit Card,Paid,2025-04-04
PAY-002577,ORD-002577,Debit Card,Refunded,2025-04-06
PAY-002578,ORD-002578,Cash on Delivery,Paid,2025-04-09
PAY-002579,ORD-002579,JazzCash,Paid,2025-04-05
PAY-002580,ORD-002580,Debit Card,Pending,2025-04-04
PAY-002581,ORD-002581,Credit Card,Pending,2025-04-07
PAY-002582,ORD-002582,Bank Transfer,Refunded,2025-04-07
PAY-002583,ORD-002583,JazzCash,Paid,2025-04-05
PAY-002584,ORD-002584,Cash on Delivery,Paid,2025-04-09
PAY-002585,ORD-002585,JazzCash,Paid,2025-04-05
PAY-002586,ORD-002586,Credit Card,Paid,2025-04-07
PAY-002587,ORD-002587,Debit Card,Paid,2025-04-05
PAY-002588,ORD-002588,Credit Card,Paid,2025-04-07
PAY-002589,ORD-002589,EasyPaisa,Paid,2025-04-06
PAY-002590,ORD-002590,Cash on Delivery,Paid,2025-04-09
PAY-002591,ORD-002591,Bank Transfer,Pending,2025-04-08
PAY-002592,ORD-002592,Debit Card,Paid,2025-04-05
PAY-002593,ORD-002593,Cash on Delivery,Paid,2025-04-06
PAY-002594,ORD-002594,Credit Card,Paid,2025-04-05
PAY-002595,ORD-002595,Credit Card,Paid,2025-04-07
PAY-002596,ORD-002596,Cash on Delivery,Paid,2025-04-07
PAY-002597,ORD-002597,EasyPaisa,Paid,2025-04-06
PAY-002598,ORD-002598,Cash on Delivery,Paid,2025-04-10
PAY-002599,ORD-002599,EasyPaisa,Pending,2025-04-08
PAY-002600,ORD-002600,Credit Card,Paid,2025-04-08
PAY-002601,ORD-002601,JazzCash,Failed,2025-04-06
PAY-002602,ORD-002602,Cash on Delivery,Refunded,2025-04-09
PAY-002603,ORD-002603,Cash on Delivery,Paid,2025-04-07
PAY-002604,ORD-002604,Cash on Delivery,Refunded,2025-04-08
PAY-002605,ORD-002605,Debit Card,Paid,2025-04-08
PAY-002606,ORD-002606,Cash on Delivery,Paid,2025-04-10
PAY-002607,ORD-002607,Debit Card,Paid,2025-04-06
PAY-002608,ORD-002608,JazzCash,Paid,2025-04-08
PAY-002609,ORD-002609,Cash on Delivery,Paid,2025-04-11
PAY-002610,ORD-002610,Credit Card,Paid,2025-04-09
PAY-002611,ORD-002611,Debit Card,Paid,2025-04-09
PAY-002612,ORD-002612,Cash on Delivery,Paid,2025-04-10
PAY-002613,ORD-002613,Cash on Delivery,Paid,2025-04-11
PAY-002614,ORD-002614,JazzCash,Paid,2025-04-08
PAY-002615,ORD-002615,Cash on Delivery,Paid,2025-04-11
PAY-002616,ORD-002616,EasyPaisa,Paid,2025-04-09
PAY-002617,ORD-002617,JazzCash,Refunded,2025-04-08
PAY-002618,ORD-002618,EasyPaisa,Paid,2025-04-08
PAY-002619,ORD-002619,Cash on Delivery,Paid,2025-04-09
PAY-002620,ORD-002620,Debit Card,Failed,2025-04-09
PAY-002621,ORD-002621,Cash on Delivery,Pending,2025-04-13
PAY-002622,ORD-002622,Credit Card,Paid,2025-04-07
PAY-002623,ORD-002623,Debit Card,Paid,2025-04-08
PAY-002624,ORD-002624,EasyPaisa,Refunded,2025-04-09
PAY-002625,ORD-002625,JazzCash,Paid,2025-04-09
PAY-002626,ORD-002626,Credit Card,Paid,2025-04-09
PAY-002627,ORD-002627,Credit Card,Paid,2025-04-07
PAY-002628,ORD-002628,Bank Transfer,Paid,2025-04-09
PAY-002629,ORD-002629,Cash on Delivery,Refunded,2025-04-09
PAY-002630,ORD-002630,Credit Card,Paid,2025-04-09
PAY-002631,ORD-002631,EasyPaisa,Refunded,2025-04-10
PAY-002632,ORD-002632,Cash on Delivery,Paid,2025-04-09
PAY-002633,ORD-002633,Cash on Delivery,Paid,2025-04-13
PAY-002634,ORD-002634,Credit Card,Paid,2025-04-10
PAY-002635,ORD-002635,JazzCash,Pending,2025-04-10
PAY-002636,ORD-002636,Debit Card,Refunded,2025-04-09
PAY-002637,ORD-002637,JazzCash,Paid,2025-04-10
PAY-002638,ORD-002638,JazzCash,Refunded,2025-04-08
PAY-002639,ORD-002639,Debit Card,Paid,2025-04-09
PAY-002640,ORD-002640,EasyPaisa,Refunded,2025-04-10
PAY-002641,ORD-002641,Credit Card,Paid,2025-04-11
PAY-002642,ORD-002642,Debit Card,Paid,2025-04-09
PAY-002643,ORD-002643,JazzCash,Paid,2025-04-10
PAY-002644,ORD-002644,Credit Card,Paid,2025-04-11
PAY-002645,ORD-002645,Debit Card,Paid,2025-04-11
PAY-002646,ORD-002646,Bank Transfer,Paid,2025-04-14
PAY-002647,ORD-002647,Credit Card,Paid,2025-04-10
PAY-002648,ORD-002648,Cash on Delivery,Paid,2025-04-12
PAY-002649,ORD-002649,Cash on Delivery,Paid,2025-04-11
PAY-002650,ORD-002650,Cash on Delivery,Paid,2025-04-10
PAY-002651,ORD-002651,EasyPaisa,Paid,2025-04-11
PAY-002652,ORD-002652,Cash on Delivery,Paid,2025-04-11
PAY-002653,ORD-002653,Credit Card,Pending,2025-04-09
PAY-002654,ORD-002654,Cash on Delivery,Paid,2025-04-10
PAY-002655,ORD-002655,Credit Card,Paid,2025-04-09
PAY-002656,ORD-002656,JazzCash,Paid,2025-04-09
PAY-002657,ORD-002657,Debit Card,Paid,2025-04-10
PAY-002658,ORD-002658,Credit Card,Paid,2025-04-10
PAY-002659,ORD-002659,EasyPaisa,Paid,2025-04-11
PAY-002660,ORD-002660,Cash on Delivery,Paid,2025-04-10
PAY-002661,ORD-002661,JazzCash,Refunded,2025-04-11
PAY-002662,ORD-002662,Credit Card,Paid,2025-04-10
PAY-002663,ORD-002663,Credit Card,Refunded,2025-04-09
PAY-002664,ORD-002664,Cash on Delivery,Refunded,2025-04-15
PAY-002665,ORD-002665,Cash on Delivery,Paid,2025-04-11
PAY-002666,ORD-002666,Credit Card,Paid,2025-04-09
PAY-002667,ORD-002667,Cash on Delivery,Paid,2025-04-14
PAY-002668,ORD-002668,Credit Card,Paid,2025-04-09
PAY-002669,ORD-002669,Bank Transfer,Paid,2025-04-10
PAY-002670,ORD-002670,JazzCash,Refunded,2025-04-11
PAY-002671,ORD-002671,Cash on Delivery,Paid,2025-04-12
PAY-002672,ORD-002672,Cash on Delivery,Paid,2025-04-15
PAY-002673,ORD-002673,JazzCash,Paid,2025-04-10
PAY-002674,ORD-002674,Cash on Delivery,Paid,2025-04-15
PAY-002675,ORD-002675,Credit Card,Failed,2025-04-11
PAY-002676,ORD-002676,JazzCash,Paid,2025-04-11
PAY-002677,ORD-002677,Cash on Delivery,Paid,2025-04-12
PAY-002678,ORD-002678,Cash on Delivery,Paid,2025-04-11
PAY-002679,ORD-002679,Cash on Delivery,Paid,2025-04-14
PAY-002680,ORD-002680,Cash on Delivery,Paid,2025-04-13
PAY-002681,ORD-002681,Debit Card,Paid,2025-04-12
PAY-002682,ORD-002682,Debit Card,Paid,2025-04-11
PAY-002683,ORD-002683,EasyPaisa,Paid,2025-04-12
PAY-002684,ORD-002684,JazzCash,Paid,2025-04-10
PAY-002685,ORD-002685,JazzCash,Paid,2025-04-12
PAY-002686,ORD-002686,Credit Card,Paid,2025-04-11
PAY-002687,ORD-002687,Debit Card,Refunded,2025-04-12
PAY-002688,ORD-002688,JazzCash,Paid,2025-04-11
PAY-002689,ORD-002689,Credit Card,Paid,2025-04-12
PAY-002690,ORD-002690,Debit Card,Failed,2025-04-12
PAY-002691,ORD-002691,Credit Card,Paid,2025-04-11
PAY-002692,ORD-002692,Debit Card,Pending,2025-04-12
PAY-002693,ORD-002693,Cash on Delivery,Paid,2025-04-15
PAY-002694,ORD-002694,Cash on Delivery,Paid,2025-04-12
PAY-002695,ORD-002695,Cash on Delivery,Pending,2025-04-16
PAY-002696,ORD-002696,Cash on Delivery,Paid,2025-04-16
PAY-002697,ORD-002697,EasyPaisa,Paid,2025-04-12
PAY-002698,ORD-002698,Cash on Delivery,Paid,2025-04-17
PAY-002699,ORD-002699,Cash on Delivery,Paid,2025-04-12
PAY-002700,ORD-002700,Credit Card,Refunded,2025-04-11
PAY-002701,ORD-002701,Cash on Delivery,Paid,2025-04-12
PAY-002702,ORD-002702,Cash on Delivery,Paid,2025-04-13
PAY-002703,ORD-002703,JazzCash,Paid,2025-04-13
PAY-002704,ORD-002704,JazzCash,Pending,2025-04-13
PAY-002705,ORD-002705,Debit Card,Paid,2025-04-12
PAY-002706,ORD-002706,Cash on Delivery,Paid,2025-04-15
PAY-002707,ORD-002707,Debit Card,Paid,2025-04-13
PAY-002708,ORD-002708,JazzCash,Paid,2025-04-12
PAY-002709,ORD-002709,JazzCash,Paid,2025-04-13
PAY-002710,ORD-002710,Cash on Delivery,Paid,2025-04-17
PAY-002711,ORD-002711,EasyPaisa,Failed,2025-04-13
PAY-002712,ORD-002712,Cash on Delivery,Paid,2025-04-18
PAY-002713,ORD-002713,JazzCash,Paid,2025-04-12
PAY-002714,ORD-002714,Credit Card,Refunded,2025-04-12
PAY-002715,ORD-002715,Cash on Delivery,Paid,2025-04-17
PAY-002716,ORD-002716,Credit Card,Paid,2025-04-12
PAY-002717,ORD-002717,Bank Transfer,Paid,2025-04-14
PAY-002718,ORD-002718,Bank Transfer,Paid,2025-04-16
PAY-002719,ORD-002719,JazzCash,Paid,2025-04-14
PAY-002720,ORD-002720,Cash on Delivery,Paid,2025-04-17
PAY-002721,ORD-002721,Cash on Delivery,Pending,2025-04-14
PAY-002722,ORD-002722,Cash on Delivery,Paid,2025-04-13
PAY-002723,ORD-002723,EasyPaisa,Pending,2025-04-12
PAY-002724,ORD-002724,EasyPaisa,Paid,2025-04-15
PAY-002725,ORD-002725,Cash on Delivery,Pending,2025-04-16
PAY-002726,ORD-002726,Cash on Delivery,Paid,2025-04-18
PAY-002727,ORD-002727,Cash on Delivery,Paid,2025-04-17
PAY-002728,ORD-002728,Credit Card,Paid,2025-04-13
PAY-002729,ORD-002729,JazzCash,Failed,2025-04-14
PAY-002730,ORD-002730,Cash on Delivery,Paid,2025-04-19
PAY-002731,ORD-002731,Credit Card,Paid,2025-04-15
PAY-002732,ORD-002732,EasyPaisa,Paid,2025-04-15
PAY-002733,ORD-002733,EasyPaisa,Paid,2025-04-16
PAY-002734,ORD-002734,Debit Card,Paid,2025-04-16
PAY-002735,ORD-002735,EasyPaisa,Refunded,2025-04-15
PAY-002736,ORD-002736,Cash on Delivery,Paid,2025-04-20
PAY-002737,ORD-002737,Bank Transfer,Refunded,2025-04-15
PAY-002738,ORD-002738,Bank Transfer,Paid,2025-04-16
PAY-002739,ORD-002739,Credit Card,Pending,2025-04-15
PAY-002740,ORD-002740,JazzCash,Paid,2025-04-16
PAY-002741,ORD-002741,Cash on Delivery,Paid,2025-04-15
PAY-002742,ORD-002742,Cash on Delivery,Paid,2025-04-15
PAY-002743,ORD-002743,Credit Card,Paid,2025-04-16
PAY-002744,ORD-002744,Credit Card,Pending,2025-04-15
PAY-002745,ORD-002745,Cash on Delivery,Paid,2025-04-15
PAY-002746,ORD-002746,Debit Card,Refunded,2025-04-16
PAY-002747,ORD-002747,Debit Card,Refunded,2025-04-14
PAY-002748,ORD-002748,Cash on Delivery,Paid,2025-04-20
PAY-002749,ORD-002749,Bank Transfer,Paid,2025-04-19
PAY-002750,ORD-002750,JazzCash,Paid,2025-04-14
PAY-002751,ORD-002751,Debit Card,Paid,2025-04-17
PAY-002752,ORD-002752,Debit Card,Failed,2025-04-15
PAY-002753,ORD-002753,Cash on Delivery,Paid,2025-04-21
PAY-002754,ORD-002754,Credit Card,Refunded,2025-04-15
PAY-002755,ORD-002755,Cash on Delivery,Paid,2025-04-16
PAY-002756,ORD-002756,JazzCash,Paid,2025-04-15
PAY-002757,ORD-002757,JazzCash,Paid,2025-04-16
PAY-002758,ORD-002758,Credit Card,Refunded,2025-04-15
PAY-002759,ORD-002759,Bank Transfer,Paid,2025-04-18
PAY-002760,ORD-002760,Credit Card,Refunded,2025-04-16
PAY-002761,ORD-002761,Credit Card,Pending,2025-04-17
PAY-002762,ORD-002762,Credit Card,Paid,2025-04-17
PAY-002763,ORD-002763,Cash on Delivery,Paid,2025-04-17
PAY-002764,ORD-002764,EasyPaisa,Refunded,2025-04-17
PAY-002765,ORD-002765,Cash on Delivery,Paid,2025-04-20
PAY-002766,ORD-002766,Debit Card,Paid,2025-04-17
PAY-002767,ORD-002767,Cash on Delivery,Paid,2025-04-22
PAY-002768,ORD-002768,JazzCash,Refunded,2025-04-18
PAY-002769,ORD-002769,Cash on Delivery,Paid,2025-04-17
PAY-002770,ORD-002770,Credit Card,Paid,2025-04-17
PAY-002771,ORD-002771,Credit Card,Paid,2025-04-17
PAY-002772,ORD-002772,Debit Card,Refunded,2025-04-17
PAY-002773,ORD-002773,Cash on Delivery,Paid,2025-04-21
PAY-002774,ORD-002774,Credit Card,Paid,2025-04-17
PAY-002775,ORD-002775,Credit Card,Paid,2025-04-16
PAY-002776,ORD-002776,Cash on Delivery,Paid,2025-04-22
PAY-002777,ORD-002777,Debit Card,Paid,2025-04-18
PAY-002778,ORD-002778,JazzCash,Paid,2025-04-18
PAY-002779,ORD-002779,Credit Card,Paid,2025-04-19
PAY-002780,ORD-002780,JazzCash,Paid,2025-04-19
PAY-002781,ORD-002781,Cash on Delivery,Paid,2025-04-20
PAY-002782,ORD-002782,Cash on Delivery,Refunded,2025-04-19
PAY-002783,ORD-002783,Credit Card,Paid,2025-04-18
PAY-002784,ORD-002784,Bank Transfer,Paid,2025-04-18
PAY-002785,ORD-002785,Bank Transfer,Paid,2025-04-23
PAY-002786,ORD-002786,EasyPaisa,Paid,2025-04-17
PAY-002787,ORD-002787,EasyPaisa,Paid,2025-04-19
PAY-002788,ORD-002788,Debit Card,Paid,2025-04-17
PAY-002789,ORD-002789,EasyPaisa,Paid,2025-04-19
PAY-002790,ORD-002790,Cash on Delivery,Paid,2025-04-20
PAY-002791,ORD-002791,Cash on Delivery,Paid,2025-04-21
PAY-002792,ORD-002792,Cash on Delivery,Paid,2025-04-18
PAY-002793,ORD-002793,JazzCash,Paid,2025-04-18
PAY-002794,ORD-002794,JazzCash,Pending,2025-04-18
PAY-002795,ORD-002795,Debit Card,Refunded,2025-04-18
PAY-002796,ORD-002796,Credit Card,Paid,2025-04-18
PAY-002797,ORD-002797,Cash on Delivery,Paid,2025-04-21
PAY-002798,ORD-002798,Credit Card,Paid,2025-04-18
PAY-002799,ORD-002799,Cash on Delivery,Paid,2025-04-22
PAY-002800,ORD-002800,Debit Card,Paid,2025-04-19
PAY-002801,ORD-002801,Debit Card,Failed,2025-04-18
PAY-002802,ORD-002802,Cash on Delivery,Pending,2025-04-23
PAY-002803,ORD-002803,Credit Card,Paid,2025-04-19
PAY-002804,ORD-002804,Bank Transfer,Paid,2025-04-20
PAY-002805,ORD-002805,Cash on Delivery,Paid,2025-04-24
PAY-002806,ORD-002806,Debit Card,Paid,2025-04-19
PAY-002807,ORD-002807,Credit Card,Paid,2025-04-19
PAY-002808,ORD-002808,JazzCash,Pending,2025-04-19
PAY-002809,ORD-002809,JazzCash,Paid,2025-04-19
PAY-002810,ORD-002810,Credit Card,Paid,2025-04-20
PAY-002811,ORD-002811,Credit Card,Paid,2025-04-20
PAY-002812,ORD-002812,Cash on Delivery,Refunded,2025-04-21
PAY-002813,ORD-002813,Credit Card,Paid,2025-04-20
PAY-002814,ORD-002814,Cash on Delivery,Pending,2025-04-21
PAY-002815,ORD-002815,Cash on Delivery,Paid,2025-04-25
PAY-002816,ORD-002816,Debit Card,Paid,2025-04-19
PAY-002817,ORD-002817,Cash on Delivery,Paid,2025-04-20
PAY-002818,ORD-002818,JazzCash,Refunded,2025-04-21
PAY-002819,ORD-002819,Credit Card,Failed,2025-04-21
PAY-002820,ORD-002820,Bank Transfer,Paid,2025-04-25
PAY-002821,ORD-002821,Debit Card,Paid,2025-04-21
PAY-002822,ORD-002822,Cash on Delivery,Paid,2025-04-22
PAY-002823,ORD-002823,Credit Card,Paid,2025-04-21
PAY-002824,ORD-002824,Cash on Delivery,Paid,2025-04-21
PAY-002825,ORD-002825,JazzCash,Paid,2025-04-21
PAY-002826,ORD-002826,Credit Card,Paid,2025-04-21
PAY-002827,ORD-002827,Cash on Delivery,Paid,2025-04-22
PAY-002828,ORD-002828,Debit Card,Paid,2025-04-22
PAY-002829,ORD-002829,Credit Card,Failed,2025-04-22
PAY-002830,ORD-002830,Credit Card,Paid,2025-04-23
PAY-002831,ORD-002831,JazzCash,Refunded,2025-04-22
PAY-002832,ORD-002832,Cash on Delivery,Paid,2025-04-26
PAY-002833,ORD-002833,JazzCash,Paid,2025-04-22
PAY-002834,ORD-002834,Debit Card,Paid,2025-04-23
PAY-002835,ORD-002835,Debit Card,Paid,2025-04-23
PAY-002836,ORD-002836,Credit Card,Refunded,2025-04-22
PAY-002837,ORD-002837,Credit Card,Paid,2025-04-21
PAY-002838,ORD-002838,Cash on Delivery,Paid,2025-04-22
PAY-002839,ORD-002839,Cash on Delivery,Paid,2025-04-25
PAY-002840,ORD-002840,Credit Card,Paid,2025-04-22
PAY-002841,ORD-002841,EasyPaisa,Pending,2025-04-21
PAY-002842,ORD-002842,JazzCash,Failed,2025-04-21
PAY-002843,ORD-002843,Debit Card,Refunded,2025-04-22
PAY-002844,ORD-002844,Credit Card,Refunded,2025-04-22
PAY-002845,ORD-002845,JazzCash,Paid,2025-04-23
PAY-002846,ORD-002846,Cash on Delivery,Paid,2025-04-25
PAY-002847,ORD-002847,EasyPaisa,Pending,2025-04-23
PAY-002848,ORD-002848,Credit Card,Paid,2025-04-22
PAY-002849,ORD-002849,Cash on Delivery,Paid,2025-04-23
PAY-002850,ORD-002850,Credit Card,Refunded,2025-04-23
PAY-002851,ORD-002851,EasyPaisa,Paid,2025-04-24
PAY-002852,ORD-002852,EasyPaisa,Paid,2025-04-23
PAY-002853,ORD-002853,JazzCash,Pending,2025-04-24
PAY-002854,ORD-002854,JazzCash,Paid,2025-04-22
PAY-002855,ORD-002855,Cash on Delivery,Paid,2025-04-26
PAY-002856,ORD-002856,EasyPaisa,Paid,2025-04-22
PAY-002857,ORD-002857,Debit Card,Failed,2025-04-23
PAY-002858,ORD-002858,Debit Card,Paid,2025-04-24
PAY-002859,ORD-002859,JazzCash,Paid,2025-04-22
PAY-002860,ORD-002860,Cash on Delivery,Paid,2025-04-28
PAY-002861,ORD-002861,Cash on Delivery,Pending,2025-04-24
PAY-002862,ORD-002862,Debit Card,Paid,2025-04-24
PAY-002863,ORD-002863,Cash on Delivery,Paid,2025-04-25
PAY-002864,ORD-002864,Credit Card,Paid,2025-04-24
PAY-002865,ORD-002865,Cash on Delivery,Paid,2025-04-28
PAY-002866,ORD-002866,Credit Card,Refunded,2025-04-22
PAY-002867,ORD-002867,Debit Card,Paid,2025-04-23
PAY-002868,ORD-002868,JazzCash,Refunded,2025-04-22
PAY-002869,ORD-002869,JazzCash,Paid,2025-04-23
PAY-002870,ORD-002870,Cash on Delivery,Paid,2025-04-23
PAY-002871,ORD-002871,Credit Card,Paid,2025-04-23
PAY-002872,ORD-002872,Bank Transfer,Paid,2025-04-24
PAY-002873,ORD-002873,Cash on Delivery,Paid,2025-04-29
PAY-002874,ORD-002874,Credit Card,Paid,2025-04-23
PAY-002875,ORD-002875,Credit Card,Paid,2025-04-23
PAY-002876,ORD-002876,Cash on Delivery,Paid,2025-04-25
PAY-002877,ORD-002877,Credit Card,Paid,2025-04-25
PAY-002878,ORD-002878,Debit Card,Paid,2025-04-23
PAY-002879,ORD-002879,Credit Card,Paid,2025-04-23
PAY-002880,ORD-002880,Credit Card,Paid,2025-04-25
PAY-002881,ORD-002881,Credit Card,Pending,2025-04-24
PAY-002882,ORD-002882,Cash on Delivery,Refunded,2025-04-27
PAY-002883,ORD-002883,Debit Card,Paid,2025-04-24
PAY-002884,ORD-002884,EasyPaisa,Refunded,2025-04-23
PAY-002885,ORD-002885,Cash on Delivery,Paid,2025-04-28
PAY-002886,ORD-002886,Cash on Delivery,Paid,2025-04-29
PAY-002887,ORD-002887,Cash on Delivery,Paid,2025-04-26
PAY-002888,ORD-002888,Debit Card,Paid,2025-04-23
PAY-002889,ORD-002889,Debit Card,Paid,2025-04-23
PAY-002890,ORD-002890,Credit Card,Paid,2025-04-24
PAY-002891,ORD-002891,Cash on Delivery,Refunded,2025-04-27
PAY-002892,ORD-002892,Debit Card,Paid,2025-04-23
PAY-002893,ORD-002893,Bank Transfer,Paid,2025-04-28
PAY-002894,ORD-002894,Credit Card,Paid,2025-04-26
PAY-002895,ORD-002895,Credit Card,Paid,2025-04-24
PAY-002896,ORD-002896,EasyPaisa,Paid,2025-04-26
PAY-002897,ORD-002897,JazzCash,Paid,2025-04-26
PAY-002898,ORD-002898,Debit Card,Paid,2025-04-25
PAY-002899,ORD-002899,Credit Card,Paid,2025-04-24
PAY-002900,ORD-002900,Credit Card,Paid,2025-04-24
PAY-002901,ORD-002901,Bank Transfer,Refunded,2025-04-28
PAY-002902,ORD-002902,Credit Card,Paid,2025-04-26
PAY-002903,ORD-002903,Credit Card,Paid,2025-04-24
PAY-002904,ORD-002904,JazzCash,Paid,2025-04-25
PAY-002905,ORD-002905,JazzCash,Paid,2025-04-25
PAY-002906,ORD-002906,Cash on Delivery,Failed,2025-04-29
PAY-002907,ORD-002907,Credit Card,Paid,2025-04-24
PAY-002908,ORD-002908,Credit Card,Paid,2025-04-25
PAY-002909,ORD-002909,JazzCash,Paid,2025-04-26
PAY-002910,ORD-002910,Cash on Delivery,Paid,2025-04-26
PAY-002911,ORD-002911,Debit Card,Paid,2025-04-26
PAY-002912,ORD-002912,Credit Card,Pending,2025-04-26
PAY-002913,ORD-002913,JazzCash,Paid,2025-04-26
PAY-002914,ORD-002914,Cash on Delivery,Paid,2025-05-01
PAY-002915,ORD-002915,Credit Card,Paid,2025-04-26
PAY-002916,ORD-002916,Debit Card,Pending,2025-04-26
PAY-002917,ORD-002917,JazzCash,Paid,2025-04-26
PAY-002918,ORD-002918,Credit Card,Paid,2025-04-26
PAY-002919,ORD-002919,Cash on Delivery,Failed,2025-04-30
PAY-002920,ORD-002920,Cash on Delivery,Pending,2025-04-27
PAY-002921,ORD-002921,Credit Card,Paid,2025-04-26
PAY-002922,ORD-002922,JazzCash,Refunded,2025-04-27
PAY-002923,ORD-002923,Credit Card,Paid,2025-04-27
PAY-002924,ORD-002924,Cash on Delivery,Paid,2025-04-28
PAY-002925,ORD-002925,Cash on Delivery,Pending,2025-05-02
PAY-002926,ORD-002926,EasyPaisa,Paid,2025-04-27
PAY-002927,ORD-002927,Credit Card,Paid,2025-04-27
PAY-002928,ORD-002928,Credit Card,Paid,2025-04-27
PAY-002929,ORD-002929,Cash on Delivery,Paid,2025-05-02
PAY-002930,ORD-002930,JazzCash,Refunded,2025-04-27
PAY-002931,ORD-002931,JazzCash,Paid,2025-04-27
PAY-002932,ORD-002932,Credit Card,Paid,2025-04-28
PAY-002933,ORD-002933,Cash on Delivery,Paid,2025-04-27
PAY-002934,ORD-002934,Credit Card,Paid,2025-04-26
PAY-002935,ORD-002935,Debit Card,Failed,2025-04-27
PAY-002936,ORD-002936,EasyPaisa,Refunded,2025-04-27
PAY-002937,ORD-002937,Credit Card,Paid,2025-04-27
PAY-002938,ORD-002938,Debit Card,Paid,2025-04-28
PAY-002939,ORD-002939,Cash on Delivery,Paid,2025-04-29
PAY-002940,ORD-002940,Credit Card,Paid,2025-04-28
PAY-002941,ORD-002941,Credit Card,Paid,2025-04-28
PAY-002942,ORD-002942,EasyPaisa,Pending,2025-04-28
PAY-002943,ORD-002943,JazzCash,Paid,2025-04-29
PAY-002944,ORD-002944,JazzCash,Paid,2025-04-28
PAY-002945,ORD-002945,Cash on Delivery,Paid,2025-04-29
PAY-002946,ORD-002946,JazzCash,Paid,2025-04-27
PAY-002947,ORD-002947,Credit Card,Paid,2025-04-29
PAY-002948,ORD-002948,Cash on Delivery,Pending,2025-04-29
PAY-002949,ORD-002949,Credit Card,Refunded,2025-04-28
PAY-002950,ORD-002950,Credit Card,Paid,2025-04-28
PAY-002951,ORD-002951,Credit Card,Pending,2025-04-28
PAY-002952,ORD-002952,Debit Card,Paid,2025-04-30
PAY-002953,ORD-002953,Cash on Delivery,Paid,2025-04-30
PAY-002954,ORD-002954,Debit Card,Paid,2025-04-29
PAY-002955,ORD-002955,EasyPaisa,Paid,2025-04-29
PAY-002956,ORD-002956,Bank Transfer,Refunded,2025-05-04
PAY-002957,ORD-002957,Credit Card,Paid,2025-04-29
PAY-002958,ORD-002958,Cash on Delivery,Paid,2025-05-01
PAY-002959,ORD-002959,Cash on Delivery,Paid,2025-05-03
PAY-002960,ORD-002960,Debit Card,Paid,2025-04-28
PAY-002961,ORD-002961,JazzCash,Failed,2025-04-29
PAY-002962,ORD-002962,JazzCash,Paid,2025-04-30
PAY-002963,ORD-002963,Bank Transfer,Paid,2025-04-30
PAY-002964,ORD-002964,Credit Card,Paid,2025-04-30
PAY-002965,ORD-002965,Debit Card,Paid,2025-04-29
PAY-002966,ORD-002966,JazzCash,Paid,2025-05-01
PAY-002967,ORD-002967,Cash on Delivery,Paid,2025-05-03
PAY-002968,ORD-002968,JazzCash,Refunded,2025-05-01
PAY-002969,ORD-002969,Credit Card,Paid,2025-04-30
PAY-002970,ORD-002970,Cash on Delivery,Paid,2025-05-05
PAY-002971,ORD-002971,Credit Card,Paid,2025-04-30
PAY-002972,ORD-002972,Debit Card,Paid,2025-05-01
PAY-002973,ORD-002973,JazzCash,Paid,2025-04-30
PAY-002974,ORD-002974,JazzCash,Failed,2025-04-30
PAY-002975,ORD-002975,Debit Card,Paid,2025-04-29
PAY-002976,ORD-002976,Debit Card,Paid,2025-05-01
PAY-002977,ORD-002977,Bank Transfer,Paid,2025-05-01
PAY-002978,ORD-002978,Cash on Delivery,Paid,2025-05-01
PAY-002979,ORD-002979,Cash on Delivery,Paid,2025-05-01
PAY-002980,ORD-002980,Cash on Delivery,Refunded,2025-05-02
PAY-002981,ORD-002981,Debit Card,Paid,2025-04-29
PAY-002982,ORD-002982,Cash on Delivery,Paid,2025-05-01
PAY-002983,ORD-002983,Cash on Delivery,Paid,2025-05-01
PAY-002984,ORD-002984,EasyPaisa,Paid,2025-04-30
PAY-002985,ORD-002985,Cash on Delivery,Paid,2025-05-05
PAY-002986,ORD-002986,Cash on Delivery,Paid,2025-05-03
PAY-002987,ORD-002987,Credit Card,Paid,2025-05-02
PAY-002988,ORD-002988,Cash on Delivery,Pending,2025-05-01
PAY-002989,ORD-002989,JazzCash,Paid,2025-05-01
PAY-002990,ORD-002990,Debit Card,Paid,2025-04-30
PAY-002991,ORD-002991,EasyPaisa,Paid,2025-05-02
PAY-002992,ORD-002992,Credit Card,Paid,2025-05-01
PAY-002993,ORD-002993,EasyPaisa,Paid,2025-05-02
PAY-002994,ORD-002994,Credit Card,Paid,2025-04-30
PAY-002995,ORD-002995,Debit Card,Refunded,2025-05-01
PAY-002996,ORD-002996,JazzCash,Refunded,2025-04-30
PAY-002997,ORD-002997,EasyPaisa,Paid,2025-05-01
PAY-002998,ORD-002998,Cash on Delivery,Refunded,2025-05-02
PAY-002999,ORD-002999,Cash on Delivery,Paid,2025-05-05
PAY-003000,ORD-003000,Credit Card,Paid,2025-04-30
PAY-003001,ORD-003001,EasyPaisa,Paid,2025-05-01
PAY-003002,ORD-003002,Cash on Delivery,Paid,2025-05-03
PAY-003003,ORD-003003,JazzCash,Refunded,2025-04-30
PAY-003004,ORD-003004,Cash on Delivery,Failed,2025-05-04
PAY-003005,ORD-003005,Cash on Delivery,Paid,2025-05-02
PAY-003006,ORD-003006,Debit Card,Pending,2025-05-01
PAY-003007,ORD-003007,Cash on Delivery,Paid,2025-05-01
PAY-003008,ORD-003008,Debit Card,Paid,2025-05-01
PAY-003009,ORD-003009,Cash on Delivery,Paid,2025-05-04
PAY-003010,ORD-003010,Cash on Delivery,Paid,2025-05-04
PAY-003011,ORD-003011,Credit Card,Refunded,2025-05-02
PAY-003012,ORD-003012,Credit Card,Paid,2025-05-02
PAY-003013,ORD-003013,Cash on Delivery,Pending,2025-05-03
PAY-003014,ORD-003014,JazzCash,Paid,2025-05-03
PAY-003015,ORD-003015,JazzCash,Paid,2025-05-02
PAY-003016,ORD-003016,Cash on Delivery,Pending,2025-05-02
PAY-003017,ORD-003017,JazzCash,Paid,2025-05-02
PAY-003018,ORD-003018,JazzCash,Pending,2025-05-03
PAY-003019,ORD-003019,Cash on Delivery,Pending,2025-05-05
PAY-003020,ORD-003020,JazzCash,Paid,2025-05-04
PAY-003021,ORD-003021,Debit Card,Paid,2025-05-03
PAY-003022,ORD-003022,Debit Card,Refunded,2025-05-04
PAY-003023,ORD-003023,Debit Card,Failed,2025-05-04
PAY-003024,ORD-003024,Cash on Delivery,Pending,2025-05-07
PAY-003025,ORD-003025,Cash on Delivery,Paid,2025-05-06
PAY-003026,ORD-003026,JazzCash,Paid,2025-05-03
PAY-003027,ORD-003027,Cash on Delivery,Paid,2025-05-08
PAY-003028,ORD-003028,Debit Card,Paid,2025-05-04
PAY-003029,ORD-003029,Cash on Delivery,Paid,2025-05-06
PAY-003030,ORD-003030,EasyPaisa,Paid,2025-05-03
PAY-003031,ORD-003031,Debit Card,Paid,2025-05-03
PAY-003032,ORD-003032,Credit Card,Paid,2025-05-04
PAY-003033,ORD-003033,Credit Card,Paid,2025-05-04
PAY-003034,ORD-003034,Credit Card,Paid,2025-05-04
PAY-003035,ORD-003035,EasyPaisa,Paid,2025-05-03
PAY-003036,ORD-003036,Credit Card,Pending,2025-05-04
PAY-003037,ORD-003037,Debit Card,Paid,2025-05-03
PAY-003038,ORD-003038,Cash on Delivery,Paid,2025-05-04
PAY-003039,ORD-003039,Credit Card,Paid,2025-05-04
PAY-003040,ORD-003040,EasyPaisa,Paid,2025-05-04
PAY-003041,ORD-003041,Bank Transfer,Refunded,2025-05-05
PAY-003042,ORD-003042,EasyPaisa,Pending,2025-05-05
PAY-003043,ORD-003043,JazzCash,Failed,2025-05-03
PAY-003044,ORD-003044,Credit Card,Refunded,2025-05-03
PAY-003045,ORD-003045,Credit Card,Paid,2025-05-03
PAY-003046,ORD-003046,Debit Card,Refunded,2025-05-05
PAY-003047,ORD-003047,EasyPaisa,Refunded,2025-05-04
PAY-003048,ORD-003048,Cash on Delivery,Pending,2025-05-09
PAY-003049,ORD-003049,JazzCash,Paid,2025-05-06
PAY-003050,ORD-003050,EasyPaisa,Paid,2025-05-06
PAY-003051,ORD-003051,Debit Card,Paid,2025-05-04
PAY-003052,ORD-003052,Debit Card,Pending,2025-05-04
PAY-003053,ORD-003053,Cash on Delivery,Refunded,2025-05-05
PAY-003054,ORD-003054,Debit Card,Paid,2025-05-04
PAY-003055,ORD-003055,EasyPaisa,Paid,2025-05-05
PAY-003056,ORD-003056,Credit Card,Paid,2025-05-04
PAY-003057,ORD-003057,Cash on Delivery,Paid,2025-05-10
PAY-003058,ORD-003058,Debit Card,Refunded,2025-05-05
PAY-003059,ORD-003059,Cash on Delivery,Paid,2025-05-09
PAY-003060,ORD-003060,Bank Transfer,Paid,2025-05-08
PAY-003061,ORD-003061,Bank Transfer,Paid,2025-05-06
PAY-003062,ORD-003062,Credit Card,Refunded,2025-05-06
PAY-003063,ORD-003063,Debit Card,Paid,2025-05-06
PAY-003064,ORD-003064,JazzCash,Paid,2025-05-07
PAY-003065,ORD-003065,Debit Card,Refunded,2025-05-07
PAY-003066,ORD-003066,Credit Card,Paid,2025-05-06
PAY-003067,ORD-003067,Credit Card,Paid,2025-05-07
PAY-003068,ORD-003068,Credit Card,Refunded,2025-05-07
PAY-003069,ORD-003069,Credit Card,Paid,2025-05-06
PAY-003070,ORD-003070,Bank Transfer,Paid,2025-05-08
PAY-003071,ORD-003071,JazzCash,Paid,2025-05-06
PAY-003072,ORD-003072,Cash on Delivery,Refunded,2025-05-11
PAY-003073,ORD-003073,JazzCash,Paid,2025-05-07
PAY-003074,ORD-003074,Credit Card,Paid,2025-05-08
PAY-003075,ORD-003075,Debit Card,Paid,2025-05-07
PAY-003076,ORD-003076,JazzCash,Paid,2025-05-06
PAY-003077,ORD-003077,Cash on Delivery,Paid,2025-05-09
PAY-003078,ORD-003078,Credit Card,Paid,2025-05-06
PAY-003079,ORD-003079,Cash on Delivery,Refunded,2025-05-12
PAY-003080,ORD-003080,JazzCash,Paid,2025-05-06
PAY-003081,ORD-003081,Credit Card,Paid,2025-05-08
PAY-003082,ORD-003082,Cash on Delivery,Paid,2025-05-11
PAY-003083,ORD-003083,Credit Card,Paid,2025-05-07
PAY-003084,ORD-003084,Credit Card,Paid,2025-05-07
PAY-003085,ORD-003085,Debit Card,Refunded,2025-05-09
PAY-003086,ORD-003086,Cash on Delivery,Refunded,2025-05-13
PAY-003087,ORD-003087,Credit Card,Paid,2025-05-07
PAY-003088,ORD-003088,Debit Card,Refunded,2025-05-08
PAY-003089,ORD-003089,Cash on Delivery,Paid,2025-05-08
PAY-003090,ORD-003090,JazzCash,Paid,2025-05-09
PAY-003091,ORD-003091,Debit Card,Paid,2025-05-09
PAY-003092,ORD-003092,Debit Card,Paid,2025-05-08
PAY-003093,ORD-003093,Credit Card,Failed,2025-05-08
PAY-003094,ORD-003094,JazzCash,Paid,2025-05-08
PAY-003095,ORD-003095,Bank Transfer,Paid,2025-05-12
PAY-003096,ORD-003096,JazzCash,Paid,2025-05-09
PAY-003097,ORD-003097,JazzCash,Paid,2025-05-09
PAY-003098,ORD-003098,Credit Card,Paid,2025-05-07
PAY-003099,ORD-003099,JazzCash,Paid,2025-05-08
PAY-003100,ORD-003100,Credit Card,Refunded,2025-05-08
PAY-003101,ORD-003101,Credit Card,Refunded,2025-05-09
PAY-003102,ORD-003102,Credit Card,Refunded,2025-05-07
PAY-003103,ORD-003103,Credit Card,Failed,2025-05-09
PAY-003104,ORD-003104,Credit Card,Refunded,2025-05-07
PAY-003105,ORD-003105,Debit Card,Paid,2025-05-09
PAY-003106,ORD-003106,JazzCash,Paid,2025-05-09
PAY-003107,ORD-003107,JazzCash,Paid,2025-05-09
PAY-003108,ORD-003108,Credit Card,Paid,2025-05-10
PAY-003109,ORD-003109,Cash on Delivery,Failed,2025-05-14
PAY-003110,ORD-003110,Bank Transfer,Pending,2025-05-14
PAY-003111,ORD-003111,Cash on Delivery,Paid,2025-05-10
PAY-003112,ORD-003112,JazzCash,Paid,2025-05-08
PAY-003113,ORD-003113,Debit Card,Paid,2025-05-09
PAY-003114,ORD-003114,Credit Card,Paid,2025-05-09
PAY-003115,ORD-003115,JazzCash,Paid,2025-05-08
PAY-003116,ORD-003116,Credit Card,Pending,2025-05-09
PAY-003117,ORD-003117,Cash on Delivery,Refunded,2025-05-13
PAY-003118,ORD-003118,Credit Card,Refunded,2025-05-10
PAY-003119,ORD-003119,Debit Card,Refunded,2025-05-10
PAY-003120,ORD-003120,JazzCash,Refunded,2025-05-10
PAY-003121,ORD-003121,Credit Card,Paid,2025-05-09
PAY-003122,ORD-003122,Credit Card,Paid,2025-05-10
PAY-003123,ORD-003123,Cash on Delivery,Refunded,2025-05-14
PAY-003124,ORD-003124,Debit Card,Paid,2025-05-10
PAY-003125,ORD-003125,Credit Card,Paid,2025-05-10
PAY-003126,ORD-003126,JazzCash,Paid,2025-05-09
PAY-003127,ORD-003127,Cash on Delivery,Paid,2025-05-10
PAY-003128,ORD-003128,JazzCash,Failed,2025-05-09
PAY-003129,ORD-003129,Debit Card,Paid,2025-05-09
PAY-003130,ORD-003130,Cash on Delivery,Paid,2025-05-10
PAY-003131,ORD-003131,Bank Transfer,Paid,2025-05-15
PAY-003132,ORD-003132,Cash on Delivery,Paid,2025-05-15
PAY-003133,ORD-003133,JazzCash,Paid,2025-05-09
PAY-003134,ORD-003134,Debit Card,Refunded,2025-05-09
PAY-003135,ORD-003135,JazzCash,Paid,2025-05-10
PAY-003136,ORD-003136,Debit Card,Paid,2025-05-10
PAY-003137,ORD-003137,Credit Card,Pending,2025-05-09
PAY-003138,ORD-003138,EasyPaisa,Paid,2025-05-10
PAY-003139,ORD-003139,JazzCash,Paid,2025-05-09
PAY-003140,ORD-003140,Cash on Delivery,Refunded,2025-05-10
PAY-003141,ORD-003141,Cash on Delivery,Pending,2025-05-11
PAY-003142,ORD-003142,Debit Card,Pending,2025-05-09
PAY-003143,ORD-003143,Bank Transfer,Paid,2025-05-11
PAY-003144,ORD-003144,Credit Card,Paid,2025-05-10
PAY-003145,ORD-003145,Cash on Delivery,Paid,2025-05-12
PAY-003146,ORD-003146,Credit Card,Refunded,2025-05-12
PAY-003147,ORD-003147,Credit Card,Paid,2025-05-11
PAY-003148,ORD-003148,Credit Card,Paid,2025-05-11
PAY-003149,ORD-003149,Debit Card,Paid,2025-05-11
PAY-003150,ORD-003150,Credit Card,Paid,2025-05-11
PAY-003151,ORD-003151,Credit Card,Refunded,2025-05-10
PAY-003152,ORD-003152,EasyPaisa,Paid,2025-05-11
PAY-003153,ORD-003153,Cash on Delivery,Paid,2025-05-11
PAY-003154,ORD-003154,Debit Card,Paid,2025-05-11
PAY-003155,ORD-003155,Credit Card,Paid,2025-05-10
PAY-003156,ORD-003156,Cash on Delivery,Pending,2025-05-11
PAY-003157,ORD-003157,Cash on Delivery,Paid,2025-05-11
PAY-003158,ORD-003158,Debit Card,Refunded,2025-05-10
PAY-003159,ORD-003159,Bank Transfer,Pending,2025-05-11
PAY-003160,ORD-003160,Credit Card,Paid,2025-05-10
PAY-003161,ORD-003161,Cash on Delivery,Refunded,2025-05-11
PAY-003162,ORD-003162,Bank Transfer,Paid,2025-05-14
PAY-003163,ORD-003163,Cash on Delivery,Paid,2025-05-11
PAY-003164,ORD-003164,Debit Card,Paid,2025-05-13
PAY-003165,ORD-003165,JazzCash,Paid,2025-05-11
PAY-003166,ORD-003166,Credit Card,Paid,2025-05-12
PAY-003167,ORD-003167,Debit Card,Paid,2025-05-13
PAY-003168,ORD-003168,Credit Card,Paid,2025-05-12
PAY-003169,ORD-003169,Debit Card,Paid,2025-05-11
PAY-003170,ORD-003170,Cash on Delivery,Paid,2025-05-12
PAY-003171,ORD-003171,Cash on Delivery,Paid,2025-05-17
PAY-003172,ORD-003172,Bank Transfer,Paid,2025-05-13
PAY-003173,ORD-003173,Credit Card,Paid,2025-05-13
PAY-003174,ORD-003174,JazzCash,Paid,2025-05-11
PAY-003175,ORD-003175,Cash on Delivery,Paid,2025-05-13
PAY-003176,ORD-003176,EasyPaisa,Pending,2025-05-14
PAY-003177,ORD-003177,Cash on Delivery,Paid,2025-05-13
PAY-003178,ORD-003178,JazzCash,Paid,2025-05-13
PAY-003179,ORD-003179,JazzCash,Paid,2025-05-12
PAY-003180,ORD-003180,Credit Card,Paid,2025-05-14
PAY-003181,ORD-003181,Debit Card,Paid,2025-05-12
PAY-003182,ORD-003182,EasyPaisa,Paid,2025-05-14
PAY-003183,ORD-003183,JazzCash,Paid,2025-05-13
PAY-003184,ORD-003184,JazzCash,Paid,2025-05-14
PAY-003185,ORD-003185,Cash on Delivery,Paid,2025-05-18
PAY-003186,ORD-003186,EasyPaisa,Paid,2025-05-14
PAY-003187,ORD-003187,Credit Card,Paid,2025-05-13
PAY-003188,ORD-003188,JazzCash,Paid,2025-05-13
PAY-003189,ORD-003189,JazzCash,Paid,2025-05-14
PAY-003190,ORD-003190,Credit Card,Paid,2025-05-13
PAY-003191,ORD-003191,JazzCash,Paid,2025-05-13
PAY-003192,ORD-003192,Debit Card,Paid,2025-05-15
PAY-003193,ORD-003193,Credit Card,Paid,2025-05-15
PAY-003194,ORD-003194,Cash on Delivery,Paid,2025-05-19
PAY-003195,ORD-003195,Debit Card,Paid,2025-05-13
PAY-003196,ORD-003196,Bank Transfer,Refunded,2025-05-18
PAY-003197,ORD-003197,EasyPaisa,Paid,2025-05-13
PAY-003198,ORD-003198,JazzCash,Paid,2025-05-14
PAY-003199,ORD-003199,Cash on Delivery,Paid,2025-05-17
PAY-003200,ORD-003200,Bank Transfer,Paid,2025-05-15
PAY-003201,ORD-003201,Credit Card,Pending,2025-05-14
PAY-003202,ORD-003202,Cash on Delivery,Refunded,2025-05-19
PAY-003203,ORD-003203,Credit Card,Refunded,2025-05-14
PAY-003204,ORD-003204,Cash on Delivery,Paid,2025-05-14
PAY-003205,ORD-003205,Cash on Delivery,Paid,2025-05-17
PAY-003206,ORD-003206,Credit Card,Paid,2025-05-15
PAY-003207,ORD-003207,Cash on Delivery,Refunded,2025-05-15
PAY-003208,ORD-003208,Debit Card,Paid,2025-05-15
PAY-003209,ORD-003209,JazzCash,Paid,2025-05-15
PAY-003210,ORD-003210,JazzCash,Refunded,2025-05-14
PAY-003211,ORD-003211,Cash on Delivery,Paid,2025-05-16
PAY-003212,ORD-003212,Cash on Delivery,Refunded,2025-05-19
PAY-003213,ORD-003213,Debit Card,Paid,2025-05-14
PAY-003214,ORD-003214,EasyPaisa,Paid,2025-05-16
PAY-003215,ORD-003215,Bank Transfer,Paid,2025-05-16
PAY-003216,ORD-003216,Credit Card,Paid,2025-05-15
PAY-003217,ORD-003217,Credit Card,Paid,2025-05-15
PAY-003218,ORD-003218,Credit Card,Paid,2025-05-16
PAY-003219,ORD-003219,Credit Card,Paid,2025-05-16
PAY-003220,ORD-003220,Debit Card,Paid,2025-05-15
PAY-003221,ORD-003221,Cash on Delivery,Paid,2025-05-20
PAY-003222,ORD-003222,JazzCash,Refunded,2025-05-16
PAY-003223,ORD-003223,EasyPaisa,Paid,2025-05-14
PAY-003224,ORD-003224,Debit Card,Paid,2025-05-15
PAY-003225,ORD-003225,Credit Card,Paid,2025-05-15
PAY-003226,ORD-003226,Cash on Delivery,Refunded,2025-05-19
PAY-003227,ORD-003227,Cash on Delivery,Failed,2025-05-19
PAY-003228,ORD-003228,JazzCash,Paid,2025-05-16
PAY-003229,ORD-003229,Debit Card,Pending,2025-05-16
PAY-003230,ORD-003230,Cash on Delivery,Paid,2025-05-19
PAY-003231,ORD-003231,EasyPaisa,Refunded,2025-05-16
PAY-003232,ORD-003232,Credit Card,Failed,2025-05-16
PAY-003233,ORD-003233,Credit Card,Paid,2025-05-17
PAY-003234,ORD-003234,Debit Card,Refunded,2025-05-16
PAY-003235,ORD-003235,Credit Card,Paid,2025-05-17
PAY-003236,ORD-003236,Cash on Delivery,Paid,2025-05-18
PAY-003237,ORD-003237,Debit Card,Paid,2025-05-16
PAY-003238,ORD-003238,Cash on Delivery,Paid,2025-05-17
PAY-003239,ORD-003239,Bank Transfer,Paid,2025-05-18
PAY-003240,ORD-003240,Cash on Delivery,Paid,2025-05-18
PAY-003241,ORD-003241,Debit Card,Failed,2025-05-16
PAY-003242,ORD-003242,Debit Card,Paid,2025-05-18
PAY-003243,ORD-003243,JazzCash,Paid,2025-05-16
PAY-003244,ORD-003244,EasyPaisa,Paid,2025-05-17
PAY-003245,ORD-003245,JazzCash,Paid,2025-05-18
PAY-003246,ORD-003246,Cash on Delivery,Paid,2025-05-20
PAY-003247,ORD-003247,Cash on Delivery,Paid,2025-05-19
PAY-003248,ORD-003248,EasyPaisa,Paid,2025-05-17
PAY-003249,ORD-003249,Credit Card,Paid,2025-05-16
PAY-003250,ORD-003250,Credit Card,Paid,2025-05-16
PAY-003251,ORD-003251,Bank Transfer,Paid,2025-05-21
PAY-003252,ORD-003252,JazzCash,Refunded,2025-05-16
PAY-003253,ORD-003253,Cash on Delivery,Paid,2025-05-20
PAY-003254,ORD-003254,Credit Card,Paid,2025-05-16
PAY-003255,ORD-003255,Credit Card,Paid,2025-05-17
PAY-003256,ORD-003256,Credit Card,Paid,2025-05-16
PAY-003257,ORD-003257,JazzCash,Paid,2025-05-17
PAY-003258,ORD-003258,Cash on Delivery,Refunded,2025-05-22
PAY-003259,ORD-003259,Credit Card,Paid,2025-05-18
PAY-003260,ORD-003260,EasyPaisa,Paid,2025-05-19
PAY-003261,ORD-003261,EasyPaisa,Pending,2025-05-19
PAY-003262,ORD-003262,EasyPaisa,Failed,2025-05-18
PAY-003263,ORD-003263,Debit Card,Paid,2025-05-17
PAY-003264,ORD-003264,Bank Transfer,Refunded,2025-05-22
PAY-003265,ORD-003265,Cash on Delivery,Paid,2025-05-21
PAY-003266,ORD-003266,Cash on Delivery,Paid,2025-05-18
PAY-003267,ORD-003267,Debit Card,Pending,2025-05-17
PAY-003268,ORD-003268,Credit Card,Paid,2025-05-18
PAY-003269,ORD-003269,Debit Card,Paid,2025-05-19
PAY-003270,ORD-003270,JazzCash,Pending,2025-05-18
PAY-003271,ORD-003271,Cash on Delivery,Pending,2025-05-24
PAY-003272,ORD-003272,Debit Card,Paid,2025-05-18
PAY-003273,ORD-003273,Cash on Delivery,Paid,2025-05-23
PAY-003274,ORD-003274,EasyPaisa,Paid,2025-05-20
PAY-003275,ORD-003275,Credit Card,Paid,2025-05-19
PAY-003276,ORD-003276,Debit Card,Paid,2025-05-19
PAY-003277,ORD-003277,JazzCash,Pending,2025-05-18
PAY-003278,ORD-003278,Debit Card,Paid,2025-05-19
PAY-003279,ORD-003279,EasyPaisa,Paid,2025-05-20
PAY-003280,ORD-003280,Cash on Delivery,Paid,2025-05-22
PAY-003281,ORD-003281,EasyPaisa,Paid,2025-05-21
PAY-003282,ORD-003282,Credit Card,Paid,2025-05-20
PAY-003283,ORD-003283,Credit Card,Paid,2025-05-21
PAY-003284,ORD-003284,JazzCash,Paid,2025-05-19
PAY-003285,ORD-003285,Bank Transfer,Paid,2025-05-25
PAY-003286,ORD-003286,JazzCash,Paid,2025-05-20
PAY-003287,ORD-003287,Credit Card,Paid,2025-05-20
PAY-003288,ORD-003288,EasyPaisa,Pending,2025-05-19
PAY-003289,ORD-003289,Cash on Delivery,Paid,2025-05-23
PAY-003290,ORD-003290,Debit Card,Failed,2025-05-20
PAY-003291,ORD-003291,Credit Card,Paid,2025-05-19
PAY-003292,ORD-003292,Debit Card,Paid,2025-05-20
PAY-003293,ORD-003293,Credit Card,Refunded,2025-05-22
PAY-003294,ORD-003294,EasyPaisa,Paid,2025-05-20
PAY-003295,ORD-003295,Cash on Delivery,Paid,2025-05-26
PAY-003296,ORD-003296,Credit Card,Paid,2025-05-22
PAY-003297,ORD-003297,EasyPaisa,Paid,2025-05-22
PAY-003298,ORD-003298,JazzCash,Paid,2025-05-21
PAY-003299,ORD-003299,Cash on Delivery,Refunded,2025-05-24
PAY-003300,ORD-003300,Cash on Delivery,Paid,2025-05-25
PAY-003301,ORD-003301,JazzCash,Paid,2025-05-20
PAY-003302,ORD-003302,Cash on Delivery,Paid,2025-05-24
PAY-003303,ORD-003303,Cash on Delivery,Paid,2025-05-21
PAY-003304,ORD-003304,JazzCash,Paid,2025-05-22
PAY-003305,ORD-003305,Credit Card,Paid,2025-05-21
PAY-003306,ORD-003306,Debit Card,Paid,2025-05-21
PAY-003307,ORD-003307,Debit Card,Paid,2025-05-22
PAY-003308,ORD-003308,Debit Card,Failed,2025-05-20
PAY-003309,ORD-003309,EasyPaisa,Pending,2025-05-22
PAY-003310,ORD-003310,Cash on Delivery,Paid,2025-05-24
PAY-003311,ORD-003311,Cash on Delivery,Paid,2025-05-25
PAY-003312,ORD-003312,Cash on Delivery,Paid,2025-05-22
PAY-003313,ORD-003313,JazzCash,Paid,2025-05-22
PAY-003314,ORD-003314,Debit Card,Paid,2025-05-22
PAY-003315,ORD-003315,Bank Transfer,Refunded,2025-05-23
PAY-003316,ORD-003316,Debit Card,Refunded,2025-05-21
PAY-003317,ORD-003317,Credit Card,Paid,2025-05-23
PAY-003318,ORD-003318,JazzCash,Refunded,2025-05-23
PAY-003319,ORD-003319,Debit Card,Paid,2025-05-23
PAY-003320,ORD-003320,JazzCash,Failed,2025-05-21
PAY-003321,ORD-003321,Debit Card,Paid,2025-05-23
PAY-003322,ORD-003322,Credit Card,Paid,2025-05-22
PAY-003323,ORD-003323,Credit Card,Paid,2025-05-23
PAY-003324,ORD-003324,Cash on Delivery,Paid,2025-05-26
PAY-003325,ORD-003325,Credit Card,Pending,2025-05-23
PAY-003326,ORD-003326,EasyPaisa,Paid,2025-05-21
PAY-003327,ORD-003327,Cash on Delivery,Paid,2025-05-23
PAY-003328,ORD-003328,Debit Card,Paid,2025-05-24
PAY-003329,ORD-003329,Credit Card,Paid,2025-05-24
PAY-003330,ORD-003330,Credit Card,Paid,2025-05-24
PAY-003331,ORD-003331,Credit Card,Paid,2025-05-22
PAY-003332,ORD-003332,Cash on Delivery,Paid,2025-05-28
PAY-003333,ORD-003333,Cash on Delivery,Paid,2025-05-25
PAY-003334,ORD-003334,JazzCash,Refunded,2025-05-23
PAY-003335,ORD-003335,Cash on Delivery,Paid,2025-05-25
PAY-003336,ORD-003336,Credit Card,Paid,2025-05-22
PAY-003337,ORD-003337,JazzCash,Paid,2025-05-24
PAY-003338,ORD-003338,JazzCash,Paid,2025-05-24
PAY-003339,ORD-003339,Cash on Delivery,Paid,2025-05-25
PAY-003340,ORD-003340,JazzCash,Failed,2025-05-25
PAY-003341,ORD-003341,Credit Card,Paid,2025-05-23
PAY-003342,ORD-003342,Cash on Delivery,Paid,2025-05-26
PAY-003343,ORD-003343,Bank Transfer,Paid,2025-05-24
PAY-003344,ORD-003344,Debit Card,Paid,2025-05-25
PAY-003345,ORD-003345,Debit Card,Paid,2025-05-23
PAY-003346,ORD-003346,Cash on Delivery,Refunded,2025-05-29
PAY-003347,ORD-003347,Credit Card,Paid,2025-05-23
PAY-003348,ORD-003348,Debit Card,Paid,2025-05-25
PAY-003349,ORD-003349,Bank Transfer,Paid,2025-05-27
PAY-003350,ORD-003350,Credit Card,Paid,2025-05-25
PAY-003351,ORD-003351,Cash on Delivery,Pending,2025-05-26
PAY-003352,ORD-003352,Cash on Delivery,Paid,2025-05-26
PAY-003353,ORD-003353,Cash on Delivery,Paid,2025-05-26
PAY-003354,ORD-003354,Debit Card,Paid,2025-05-24
PAY-003355,ORD-003355,JazzCash,Paid,2025-05-25
PAY-003356,ORD-003356,Debit Card,Refunded,2025-05-23
PAY-003357,ORD-003357,Credit Card,Paid,2025-05-24
PAY-003358,ORD-003358,Credit Card,Paid,2025-05-23
PAY-003359,ORD-003359,JazzCash,Refunded,2025-05-24
PAY-003360,ORD-003360,Bank Transfer,Paid,2025-05-25
PAY-003361,ORD-003361,JazzCash,Paid,2025-05-25
PAY-003362,ORD-003362,JazzCash,Paid,2025-05-26
PAY-003363,ORD-003363,EasyPaisa,Paid,2025-05-24
PAY-003364,ORD-003364,Cash on Delivery,Paid,2025-05-29
PAY-003365,ORD-003365,Debit Card,Paid,2025-05-26
PAY-003366,ORD-003366,Cash on Delivery,Paid,2025-05-28
PAY-003367,ORD-003367,Debit Card,Paid,2025-05-24
PAY-003368,ORD-003368,EasyPaisa,Paid,2025-05-24
PAY-003369,ORD-003369,EasyPaisa,Paid,2025-05-24
PAY-003370,ORD-003370,JazzCash,Paid,2025-05-26
PAY-003371,ORD-003371,Credit Card,Paid,2025-05-26
PAY-003372,ORD-003372,Bank Transfer,Paid,2025-05-29
PAY-003373,ORD-003373,Credit Card,Pending,2025-05-26
PAY-003374,ORD-003374,Debit Card,Paid,2025-05-26
PAY-003375,ORD-003375,Cash on Delivery,Paid,2025-05-29
PAY-003376,ORD-003376,JazzCash,Paid,2025-05-25
PAY-003377,ORD-003377,Credit Card,Refunded,2025-05-26
PAY-003378,ORD-003378,EasyPaisa,Paid,2025-05-25
PAY-003379,ORD-003379,EasyPaisa,Refunded,2025-05-24
PAY-003380,ORD-003380,Bank Transfer,Paid,2025-05-31
PAY-003381,ORD-003381,Bank Transfer,Paid,2025-05-29
PAY-003382,ORD-003382,Debit Card,Failed,2025-05-25
PAY-003383,ORD-003383,Cash on Delivery,Refunded,2025-05-30
PAY-003384,ORD-003384,Cash on Delivery,Paid,2025-05-26
PAY-003385,ORD-003385,Cash on Delivery,Pending,2025-05-26
PAY-003386,ORD-003386,JazzCash,Paid,2025-05-26
PAY-003387,ORD-003387,Debit Card,Paid,2025-05-25
PAY-003388,ORD-003388,Credit Card,Paid,2025-05-26
PAY-003389,ORD-003389,EasyPaisa,Paid,2025-05-26
PAY-003390,ORD-003390,Credit Card,Pending,2025-05-26
PAY-003391,ORD-003391,EasyPaisa,Paid,2025-05-28
PAY-003392,ORD-003392,Cash on Delivery,Refunded,2025-05-27
PAY-003393,ORD-003393,Debit Card,Pending,2025-05-27
PAY-003394,ORD-003394,EasyPaisa,Paid,2025-05-26
PAY-003395,ORD-003395,Debit Card,Paid,2025-05-27
PAY-003396,ORD-003396,Cash on Delivery,Refunded,2025-05-29
PAY-003397,ORD-003397,Debit Card,Paid,2025-05-28
PAY-003398,ORD-003398,JazzCash,Refunded,2025-05-27
PAY-003399,ORD-003399,Bank Transfer,Paid,2025-06-01
PAY-003400,ORD-003400,Cash on Delivery,Paid,2025-06-01
PAY-003401,ORD-003401,Debit Card,Paid,2025-05-26
PAY-003402,ORD-003402,Cash on Delivery,Paid,2025-05-30
PAY-003403,ORD-003403,Debit Card,Paid,2025-05-26
PAY-003404,ORD-003404,Cash on Delivery,Paid,2025-05-30
PAY-003405,ORD-003405,Cash on Delivery,Failed,2025-05-29
PAY-003406,ORD-003406,EasyPaisa,Paid,2025-05-29
PAY-003407,ORD-003407,Credit Card,Paid,2025-05-27
PAY-003408,ORD-003408,EasyPaisa,Paid,2025-05-28
PAY-003409,ORD-003409,Debit Card,Paid,2025-05-29
PAY-003410,ORD-003410,Cash on Delivery,Paid,2025-06-02
PAY-003411,ORD-003411,Debit Card,Paid,2025-05-27
PAY-003412,ORD-003412,Credit Card,Paid,2025-05-28
PAY-003413,ORD-003413,Debit Card,Paid,2025-05-28
PAY-003414,ORD-003414,Cash on Delivery,Refunded,2025-06-02
PAY-003415,ORD-003415,EasyPaisa,Paid,2025-05-29
PAY-003416,ORD-003416,Bank Transfer,Paid,2025-06-03
PAY-003417,ORD-003417,Cash on Delivery,Refunded,2025-05-31
PAY-003418,ORD-003418,Debit Card,Paid,2025-05-30
PAY-003419,ORD-003419,Debit Card,Paid,2025-05-28
PAY-003420,ORD-003420,Debit Card,Paid,2025-05-28
PAY-003421,ORD-003421,Debit Card,Paid,2025-05-30
PAY-003422,ORD-003422,Bank Transfer,Paid,2025-06-02
PAY-003423,ORD-003423,Credit Card,Paid,2025-05-28
PAY-003424,ORD-003424,Credit Card,Paid,2025-05-30
PAY-003425,ORD-003425,EasyPaisa,Paid,2025-05-30
PAY-003426,ORD-003426,Debit Card,Paid,2025-05-30
PAY-003427,ORD-003427,JazzCash,Paid,2025-05-30
PAY-003428,ORD-003428,Credit Card,Paid,2025-05-30
PAY-003429,ORD-003429,EasyPaisa,Paid,2025-05-30
PAY-003430,ORD-003430,Cash on Delivery,Paid,2025-06-01
PAY-003431,ORD-003431,Bank Transfer,Paid,2025-05-30
PAY-003432,ORD-003432,EasyPaisa,Paid,2025-05-30
PAY-003433,ORD-003433,EasyPaisa,Paid,2025-05-31
PAY-003434,ORD-003434,Cash on Delivery,Paid,2025-05-30
PAY-003435,ORD-003435,JazzCash,Paid,2025-05-30
PAY-003436,ORD-003436,Credit Card,Paid,2025-05-30
PAY-003437,ORD-003437,Debit Card,Paid,2025-05-30
PAY-003438,ORD-003438,Cash on Delivery,Paid,2025-05-31
PAY-003439,ORD-003439,Cash on Delivery,Refunded,2025-06-02
PAY-003440,ORD-003440,Debit Card,Paid,2025-05-29
PAY-003441,ORD-003441,Credit Card,Paid,2025-05-29
PAY-003442,ORD-003442,EasyPaisa,Paid,2025-05-30
PAY-003443,ORD-003443,Credit Card,Paid,2025-05-29
PAY-003444,ORD-003444,Credit Card,Paid,2025-05-29
PAY-003445,ORD-003445,Credit Card,Pending,2025-05-30
PAY-003446,ORD-003446,EasyPaisa,Paid,2025-05-30
PAY-003447,ORD-003447,Cash on Delivery,Refunded,2025-05-30
PAY-003448,ORD-003448,JazzCash,Refunded,2025-05-30
PAY-003449,ORD-003449,Credit Card,Paid,2025-05-31
PAY-003450,ORD-003450,Credit Card,Paid,2025-05-31
PAY-003451,ORD-003451,JazzCash,Paid,2025-05-29
PAY-003452,ORD-003452,Debit Card,Paid,2025-05-29
PAY-003453,ORD-003453,JazzCash,Paid,2025-06-01
PAY-003454,ORD-003454,Cash on Delivery,Paid,2025-06-02
PAY-003455,ORD-003455,Cash on Delivery,Paid,2025-06-02
PAY-003456,ORD-003456,Bank Transfer,Pending,2025-06-02
PAY-003457,ORD-003457,JazzCash,Refunded,2025-06-01
PAY-003458,ORD-003458,Credit Card,Paid,2025-05-31
PAY-003459,ORD-003459,Cash on Delivery,Paid,2025-05-31
PAY-003460,ORD-003460,Credit Card,Pending,2025-06-01
PAY-003461,ORD-003461,JazzCash,Paid,2025-06-01
PAY-003462,ORD-003462,JazzCash,Paid,2025-06-01
PAY-003463,ORD-003463,Cash on Delivery,Paid,2025-06-05
PAY-003464,ORD-003464,JazzCash,Paid,2025-05-30
PAY-003465,ORD-003465,Debit Card,Paid,2025-05-31
PAY-003466,ORD-003466,Credit Card,Paid,2025-05-31
PAY-003467,ORD-003467,JazzCash,Paid,2025-05-30
PAY-003468,ORD-003468,Bank Transfer,Paid,2025-06-04
PAY-003469,ORD-003469,JazzCash,Paid,2025-05-30
PAY-003470,ORD-003470,Credit Card,Paid,2025-06-02
PAY-003471,ORD-003471,Cash on Delivery,Paid,2025-06-01
PAY-003472,ORD-003472,Credit Card,Paid,2025-06-01
PAY-003473,ORD-003473,EasyPaisa,Paid,2025-06-01
PAY-003474,ORD-003474,Debit Card,Pending,2025-05-31
PAY-003475,ORD-003475,Credit Card,Refunded,2025-06-01
PAY-003476,ORD-003476,Credit Card,Paid,2025-06-02
PAY-003477,ORD-003477,Credit Card,Paid,2025-06-02
PAY-003478,ORD-003478,JazzCash,Pending,2025-06-01
PAY-003479,ORD-003479,Credit Card,Refunded,2025-06-02
PAY-003480,ORD-003480,Cash on Delivery,Paid,2025-06-02
PAY-003481,ORD-003481,Cash on Delivery,Failed,2025-06-05
PAY-003482,ORD-003482,Cash on Delivery,Refunded,2025-06-03
PAY-003483,ORD-003483,Bank Transfer,Paid,2025-06-03
PAY-003484,ORD-003484,Cash on Delivery,Refunded,2025-06-05
PAY-003485,ORD-003485,Credit Card,Paid,2025-06-01
PAY-003486,ORD-003486,EasyPaisa,Paid,2025-06-02
PAY-003487,ORD-003487,Cash on Delivery,Failed,2025-06-04
PAY-003488,ORD-003488,Credit Card,Paid,2025-06-01
PAY-003489,ORD-003489,Debit Card,Paid,2025-06-01
PAY-003490,ORD-003490,Bank Transfer,Paid,2025-06-04
PAY-003491,ORD-003491,EasyPaisa,Paid,2025-06-01
PAY-003492,ORD-003492,Debit Card,Paid,2025-06-02
PAY-003493,ORD-003493,Debit Card,Paid,2025-06-02
PAY-003494,ORD-003494,Credit Card,Paid,2025-06-02
PAY-003495,ORD-003495,Credit Card,Paid,2025-06-02
PAY-003496,ORD-003496,EasyPaisa,Paid,2025-06-04
PAY-003497,ORD-003497,Credit Card,Paid,2025-06-03
PAY-003498,ORD-003498,Cash on Delivery,Paid,2025-06-08
PAY-003499,ORD-003499,EasyPaisa,Refunded,2025-06-04
PAY-003500,ORD-003500,Bank Transfer,Refunded,2025-06-03
PAY-003501,ORD-003501,Cash on Delivery,Paid,2025-06-05
PAY-003502,ORD-003502,Cash on Delivery,Paid,2025-06-08
PAY-003503,ORD-003503,JazzCash,Paid,2025-06-04
PAY-003504,ORD-003504,JazzCash,Paid,2025-06-04
PAY-003505,ORD-003505,JazzCash,Paid,2025-06-04
PAY-003506,ORD-003506,EasyPaisa,Paid,2025-06-03
PAY-003507,ORD-003507,Cash on Delivery,Paid,2025-06-06
PAY-003508,ORD-003508,JazzCash,Paid,2025-06-02
PAY-003509,ORD-003509,EasyPaisa,Paid,2025-06-03
PAY-003510,ORD-003510,Credit Card,Paid,2025-06-02
PAY-003511,ORD-003511,Debit Card,Paid,2025-06-03
PAY-003512,ORD-003512,EasyPaisa,Paid,2025-06-03
PAY-003513,ORD-003513,EasyPaisa,Paid,2025-06-03
PAY-003514,ORD-003514,JazzCash,Paid,2025-06-05
PAY-003515,ORD-003515,Credit Card,Paid,2025-06-04
PAY-003516,ORD-003516,JazzCash,Refunded,2025-06-05
PAY-003517,ORD-003517,Credit Card,Failed,2025-06-03
PAY-003518,ORD-003518,Cash on Delivery,Refunded,2025-06-05
PAY-003519,ORD-003519,Cash on Delivery,Failed,2025-06-05
PAY-003520,ORD-003520,Debit Card,Paid,2025-06-05
PAY-003521,ORD-003521,Cash on Delivery,Pending,2025-06-08
PAY-003522,ORD-003522,Cash on Delivery,Paid,2025-06-07
PAY-003523,ORD-003523,JazzCash,Paid,2025-06-04
PAY-003524,ORD-003524,Debit Card,Refunded,2025-06-03
PAY-003525,ORD-003525,EasyPaisa,Failed,2025-06-05
PAY-003526,ORD-003526,Credit Card,Paid,2025-06-05
PAY-003527,ORD-003527,EasyPaisa,Refunded,2025-06-03
PAY-003528,ORD-003528,EasyPaisa,Paid,2025-06-04
PAY-003529,ORD-003529,Credit Card,Paid,2025-06-03
PAY-003530,ORD-003530,JazzCash,Failed,2025-06-05
PAY-003531,ORD-003531,Debit Card,Paid,2025-06-03
PAY-003532,ORD-003532,EasyPaisa,Paid,2025-06-05
PAY-003533,ORD-003533,Credit Card,Paid,2025-06-03
PAY-003534,ORD-003534,Cash on Delivery,Paid,2025-06-07
PAY-003535,ORD-003535,EasyPaisa,Paid,2025-06-03
PAY-003536,ORD-003536,Cash on Delivery,Pending,2025-06-07
PAY-003537,ORD-003537,Cash on Delivery,Paid,2025-06-05
PAY-003538,ORD-003538,Cash on Delivery,Paid,2025-06-05
PAY-003539,ORD-003539,JazzCash,Paid,2025-06-06
PAY-003540,ORD-003540,Debit Card,Paid,2025-06-06
PAY-003541,ORD-003541,EasyPaisa,Paid,2025-06-05
PAY-003542,ORD-003542,Cash on Delivery,Paid,2025-06-07
PAY-003543,ORD-003543,Cash on Delivery,Paid,2025-06-07
PAY-003544,ORD-003544,Credit Card,Paid,2025-06-06
PAY-003545,ORD-003545,Credit Card,Paid,2025-06-05
PAY-003546,ORD-003546,Credit Card,Refunded,2025-06-06
PAY-003547,ORD-003547,JazzCash,Paid,2025-06-05
PAY-003548,ORD-003548,Cash on Delivery,Paid,2025-06-09
PAY-003549,ORD-003549,Debit Card,Paid,2025-06-06
PAY-003550,ORD-003550,Cash on Delivery,Refunded,2025-06-09
PAY-003551,ORD-003551,JazzCash,Paid,2025-06-06
PAY-003552,ORD-003552,Credit Card,Paid,2025-06-05
PAY-003553,ORD-003553,Bank Transfer,Paid,2025-06-07
PAY-003554,ORD-003554,Credit Card,Paid,2025-06-07
PAY-003555,ORD-003555,Cash on Delivery,Paid,2025-06-09
PAY-003556,ORD-003556,Cash on Delivery,Paid,2025-06-08
PAY-003557,ORD-003557,EasyPaisa,Paid,2025-06-05
PAY-003558,ORD-003558,Credit Card,Paid,2025-06-07
PAY-003559,ORD-003559,Credit Card,Paid,2025-06-06
PAY-003560,ORD-003560,Cash on Delivery,Paid,2025-06-11
PAY-003561,ORD-003561,Credit Card,Paid,2025-06-07
PAY-003562,ORD-003562,Cash on Delivery,Paid,2025-06-10
PAY-003563,ORD-003563,Credit Card,Paid,2025-06-06
PAY-003564,ORD-003564,JazzCash,Paid,2025-06-07
PAY-003565,ORD-003565,Bank Transfer,Paid,2025-06-06
PAY-003566,ORD-003566,Cash on Delivery,Paid,2025-06-10
PAY-003567,ORD-003567,EasyPaisa,Paid,2025-06-07
PAY-003568,ORD-003568,Credit Card,Refunded,2025-06-06
PAY-003569,ORD-003569,Credit Card,Paid,2025-06-07
PAY-003570,ORD-003570,Credit Card,Paid,2025-06-07
PAY-003571,ORD-003571,JazzCash,Paid,2025-06-06
PAY-003572,ORD-003572,Cash on Delivery,Paid,2025-06-11
PAY-003573,ORD-003573,JazzCash,Paid,2025-06-07
PAY-003574,ORD-003574,Credit Card,Pending,2025-06-08
PAY-003575,ORD-003575,Credit Card,Paid,2025-06-06
PAY-003576,ORD-003576,Cash on Delivery,Refunded,2025-06-07
PAY-003577,ORD-003577,Cash on Delivery,Paid,2025-06-12
PAY-003578,ORD-003578,Debit Card,Paid,2025-06-08
PAY-003579,ORD-003579,Cash on Delivery,Paid,2025-06-11
PAY-003580,ORD-003580,Cash on Delivery,Refunded,2025-06-10
PAY-003581,ORD-003581,Cash on Delivery,Paid,2025-06-11
PAY-003582,ORD-003582,Cash on Delivery,Paid,2025-06-12
PAY-003583,ORD-003583,Credit Card,Paid,2025-06-08
PAY-003584,ORD-003584,EasyPaisa,Refunded,2025-06-07
PAY-003585,ORD-003585,JazzCash,Paid,2025-06-08
PAY-003586,ORD-003586,Cash on Delivery,Paid,2025-06-11
PAY-003587,ORD-003587,Cash on Delivery,Paid,2025-06-12
PAY-003588,ORD-003588,Credit Card,Paid,2025-06-09
PAY-003589,ORD-003589,Credit Card,Paid,2025-06-07
PAY-003590,ORD-003590,EasyPaisa,Paid,2025-06-09
PAY-003591,ORD-003591,Credit Card,Paid,2025-06-07
PAY-003592,ORD-003592,Cash on Delivery,Paid,2025-06-08
PAY-003593,ORD-003593,Credit Card,Paid,2025-06-07
PAY-003594,ORD-003594,Cash on Delivery,Paid,2025-06-12
PAY-003595,ORD-003595,JazzCash,Paid,2025-06-09
PAY-003596,ORD-003596,Credit Card,Paid,2025-06-07
PAY-003597,ORD-003597,Credit Card,Paid,2025-06-07
PAY-003598,ORD-003598,Cash on Delivery,Refunded,2025-06-10
PAY-003599,ORD-003599,Credit Card,Paid,2025-06-08
PAY-003600,ORD-003600,EasyPaisa,Paid,2025-06-09
PAY-003601,ORD-003601,Cash on Delivery,Failed,2025-06-14
PAY-003602,ORD-003602,Credit Card,Pending,2025-06-08
PAY-003603,ORD-003603,EasyPaisa,Paid,2025-06-09
PAY-003604,ORD-003604,Debit Card,Paid,2025-06-09
PAY-003605,ORD-003605,JazzCash,Paid,2025-06-10
PAY-003606,ORD-003606,Cash on Delivery,Paid,2025-06-13
PAY-003607,ORD-003607,EasyPaisa,Paid,2025-06-08
PAY-003608,ORD-003608,Credit Card,Paid,2025-06-09
PAY-003609,ORD-003609,Cash on Delivery,Pending,2025-06-09
PAY-003610,ORD-003610,Credit Card,Refunded,2025-06-10
PAY-003611,ORD-003611,JazzCash,Paid,2025-06-11
PAY-003612,ORD-003612,Cash on Delivery,Paid,2025-06-15
PAY-003613,ORD-003613,Credit Card,Failed,2025-06-11
PAY-003614,ORD-003614,Credit Card,Paid,2025-06-11
PAY-003615,ORD-003615,Credit Card,Paid,2025-06-11
PAY-003616,ORD-003616,JazzCash,Paid,2025-06-11
PAY-003617,ORD-003617,Credit Card,Paid,2025-06-11
PAY-003618,ORD-003618,Credit Card,Pending,2025-06-09
PAY-003619,ORD-003619,Bank Transfer,Failed,2025-06-11
PAY-003620,ORD-003620,Credit Card,Paid,2025-06-09
PAY-003621,ORD-003621,JazzCash,Pending,2025-06-09
PAY-003622,ORD-003622,Credit Card,Paid,2025-06-10
PAY-003623,ORD-003623,Credit Card,Paid,2025-06-10
PAY-003624,ORD-003624,JazzCash,Paid,2025-06-11
PAY-003625,ORD-003625,JazzCash,Paid,2025-06-10
PAY-003626,ORD-003626,Credit Card,Paid,2025-06-10
PAY-003627,ORD-003627,Cash on Delivery,Paid,2025-06-11
PAY-003628,ORD-003628,Cash on Delivery,Refunded,2025-06-13
PAY-003629,ORD-003629,Debit Card,Paid,2025-06-11
PAY-003630,ORD-003630,JazzCash,Refunded,2025-06-12
PAY-003631,ORD-003631,Credit Card,Paid,2025-06-11
PAY-003632,ORD-003632,Debit Card,Paid,2025-06-11
PAY-003633,ORD-003633,Cash on Delivery,Paid,2025-06-12
PAY-003634,ORD-003634,Debit Card,Refunded,2025-06-11
PAY-003635,ORD-003635,Credit Card,Pending,2025-06-13
PAY-003636,ORD-003636,Cash on Delivery,Refunded,2025-06-15
PAY-003637,ORD-003637,Debit Card,Refunded,2025-06-11
PAY-003638,ORD-003638,Debit Card,Pending,2025-06-13
PAY-003639,ORD-003639,Cash on Delivery,Refunded,2025-06-15
PAY-003640,ORD-003640,Credit Card,Paid,2025-06-12
PAY-003641,ORD-003641,Cash on Delivery,Paid,2025-06-13
PAY-003642,ORD-003642,Cash on Delivery,Refunded,2025-06-17
PAY-003643,ORD-003643,Credit Card,Paid,2025-06-11
PAY-003644,ORD-003644,JazzCash,Paid,2025-06-11
PAY-003645,ORD-003645,JazzCash,Paid,2025-06-11
PAY-003646,ORD-003646,Credit Card,Paid,2025-06-13
PAY-003647,ORD-003647,EasyPaisa,Paid,2025-06-11
PAY-003648,ORD-003648,Credit Card,Refunded,2025-06-13
PAY-003649,ORD-003649,Debit Card,Paid,2025-06-12
PAY-003650,ORD-003650,JazzCash,Paid,2025-06-14
PAY-003651,ORD-003651,Credit Card,Paid,2025-06-12
PAY-003652,ORD-003652,Bank Transfer,Paid,2025-06-14
PAY-003653,ORD-003653,Debit Card,Paid,2025-06-13
PAY-003654,ORD-003654,Credit Card,Pending,2025-06-14
PAY-003655,ORD-003655,Bank Transfer,Paid,2025-06-18
PAY-003656,ORD-003656,Cash on Delivery,Failed,2025-06-15
PAY-003657,ORD-003657,Credit Card,Paid,2025-06-13
PAY-003658,ORD-003658,Cash on Delivery,Paid,2025-06-17
PAY-003659,ORD-003659,JazzCash,Paid,2025-06-14
PAY-003660,ORD-003660,Debit Card,Pending,2025-06-13
PAY-003661,ORD-003661,Credit Card,Paid,2025-06-14
PAY-003662,ORD-003662,JazzCash,Paid,2025-06-15
PAY-003663,ORD-003663,Credit Card,Failed,2025-06-14
PAY-003664,ORD-003664,Credit Card,Paid,2025-06-13
PAY-003665,ORD-003665,Cash on Delivery,Paid,2025-06-16
PAY-003666,ORD-003666,Cash on Delivery,Paid,2025-06-16
PAY-003667,ORD-003667,Credit Card,Paid,2025-06-13
PAY-003668,ORD-003668,Cash on Delivery,Paid,2025-06-17
PAY-003669,ORD-003669,Cash on Delivery,Paid,2025-06-19
PAY-003670,ORD-003670,JazzCash,Refunded,2025-06-14
PAY-003671,ORD-003671,Bank Transfer,Paid,2025-06-15
PAY-003672,ORD-003672,JazzCash,Paid,2025-06-15
PAY-003673,ORD-003673,JazzCash,Refunded,2025-06-14
PAY-003674,ORD-003674,Debit Card,Paid,2025-06-13
PAY-003675,ORD-003675,Cash on Delivery,Paid,2025-06-14
PAY-003676,ORD-003676,JazzCash,Paid,2025-06-13
PAY-003677,ORD-003677,Debit Card,Paid,2025-06-14
PAY-003678,ORD-003678,Bank Transfer,Paid,2025-06-19
PAY-003679,ORD-003679,Cash on Delivery,Paid,2025-06-19
PAY-003680,ORD-003680,Cash on Delivery,Paid,2025-06-15
PAY-003681,ORD-003681,Credit Card,Refunded,2025-06-14
PAY-003682,ORD-003682,Cash on Delivery,Pending,2025-06-15
PAY-003683,ORD-003683,Cash on Delivery,Paid,2025-06-15
PAY-003684,ORD-003684,Debit Card,Paid,2025-06-14
PAY-003685,ORD-003685,Credit Card,Paid,2025-06-16
PAY-003686,ORD-003686,Debit Card,Paid,2025-06-16
PAY-003687,ORD-003687,Credit Card,Paid,2025-06-16
PAY-003688,ORD-003688,Debit Card,Paid,2025-06-16
PAY-003689,ORD-003689,EasyPaisa,Paid,2025-06-16
PAY-003690,ORD-003690,JazzCash,Paid,2025-06-15
PAY-003691,ORD-003691,Debit Card,Paid,2025-06-16
PAY-003692,ORD-003692,JazzCash,Paid,2025-06-16
PAY-003693,ORD-003693,Cash on Delivery,Paid,2025-06-18
PAY-003694,ORD-003694,JazzCash,Paid,2025-06-15
PAY-003695,ORD-003695,Cash on Delivery,Paid,2025-06-19
PAY-003696,ORD-003696,Bank Transfer,Paid,2025-06-15
PAY-003697,ORD-003697,EasyPaisa,Paid,2025-06-16
PAY-003698,ORD-003698,Cash on Delivery,Paid,2025-06-20
PAY-003699,ORD-003699,Credit Card,Paid,2025-06-15
PAY-003700,ORD-003700,Cash on Delivery,Paid,2025-06-17
PAY-003701,ORD-003701,EasyPaisa,Paid,2025-06-15
PAY-003702,ORD-003702,Credit Card,Paid,2025-06-17
PAY-003703,ORD-003703,EasyPaisa,Refunded,2025-06-15
PAY-003704,ORD-003704,Cash on Delivery,Paid,2025-06-19
PAY-003705,ORD-003705,Cash on Delivery,Paid,2025-06-21
PAY-003706,ORD-003706,Credit Card,Paid,2025-06-15
PAY-003707,ORD-003707,Cash on Delivery,Paid,2025-06-17
PAY-003708,ORD-003708,Cash on Delivery,Refunded,2025-06-17
PAY-003709,ORD-003709,Cash on Delivery,Paid,2025-06-17
PAY-003710,ORD-003710,Debit Card,Paid,2025-06-16
PAY-003711,ORD-003711,Debit Card,Refunded,2025-06-16
PAY-003712,ORD-003712,Bank Transfer,Paid,2025-06-21
PAY-003713,ORD-003713,Credit Card,Paid,2025-06-18
PAY-003714,ORD-003714,EasyPaisa,Paid,2025-06-16
PAY-003715,ORD-003715,Credit Card,Paid,2025-06-16
PAY-003716,ORD-003716,JazzCash,Paid,2025-06-17
PAY-003717,ORD-003717,Debit Card,Paid,2025-06-17
PAY-003718,ORD-003718,Credit Card,Paid,2025-06-17
PAY-003719,ORD-003719,JazzCash,Paid,2025-06-17
PAY-003720,ORD-003720,Credit Card,Paid,2025-06-17
PAY-003721,ORD-003721,Credit Card,Paid,2025-06-16
PAY-003722,ORD-003722,EasyPaisa,Paid,2025-06-18
PAY-003723,ORD-003723,Cash on Delivery,Paid,2025-06-22
PAY-003724,ORD-003724,Cash on Delivery,Refunded,2025-06-21
PAY-003725,ORD-003725,Cash on Delivery,Refunded,2025-06-23
PAY-003726,ORD-003726,Debit Card,Paid,2025-06-18
PAY-003727,ORD-003727,Credit Card,Paid,2025-06-19
PAY-003728,ORD-003728,Credit Card,Paid,2025-06-18
PAY-003729,ORD-003729,EasyPaisa,Paid,2025-06-18
PAY-003730,ORD-003730,JazzCash,Refunded,2025-06-18
PAY-003731,ORD-003731,Credit Card,Failed,2025-06-19
PAY-003732,ORD-003732,JazzCash,Paid,2025-06-19
PAY-003733,ORD-003733,JazzCash,Pending,2025-06-20
PAY-003734,ORD-003734,Cash on Delivery,Paid,2025-06-24
PAY-003735,ORD-003735,Credit Card,Paid,2025-06-19
PAY-003736,ORD-003736,Cash on Delivery,Paid,2025-06-19
PAY-003737,ORD-003737,Bank Transfer,Paid,2025-06-22
PAY-003738,ORD-003738,Bank Transfer,Pending,2025-06-24
PAY-003739,ORD-003739,Credit Card,Paid,2025-06-19
PAY-003740,ORD-003740,Cash on Delivery,Paid,2025-06-21
PAY-003741,ORD-003741,Cash on Delivery,Refunded,2025-06-20
PAY-003742,ORD-003742,Credit Card,Refunded,2025-06-20
PAY-003743,ORD-003743,Cash on Delivery,Paid,2025-06-19
PAY-003744,ORD-003744,Credit Card,Paid,2025-06-19
PAY-003745,ORD-003745,Credit Card,Paid,2025-06-19
PAY-003746,ORD-003746,Debit Card,Paid,2025-06-18
PAY-003747,ORD-003747,JazzCash,Paid,2025-06-19
PAY-003748,ORD-003748,JazzCash,Paid,2025-06-21
PAY-003749,ORD-003749,Debit Card,Paid,2025-06-20
PAY-003750,ORD-003750,EasyPaisa,Paid,2025-06-19
PAY-003751,ORD-003751,Cash on Delivery,Paid,2025-06-23
PAY-003752,ORD-003752,Debit Card,Paid,2025-06-19
PAY-003753,ORD-003753,JazzCash,Paid,2025-06-19
PAY-003754,ORD-003754,Debit Card,Paid,2025-06-19
PAY-003755,ORD-003755,EasyPaisa,Paid,2025-06-21
PAY-003756,ORD-003756,Cash on Delivery,Paid,2025-06-25
PAY-003757,ORD-003757,Cash on Delivery,Refunded,2025-06-23
PAY-003758,ORD-003758,Credit Card,Pending,2025-06-19
PAY-003759,ORD-003759,Bank Transfer,Refunded,2025-06-21
PAY-003760,ORD-003760,Cash on Delivery,Paid,2025-06-24
PAY-003761,ORD-003761,JazzCash,Refunded,2025-06-19
PAY-003762,ORD-003762,Credit Card,Paid,2025-06-20
PAY-003763,ORD-003763,Debit Card,Paid,2025-06-21
PAY-003764,ORD-003764,JazzCash,Refunded,2025-06-21
PAY-003765,ORD-003765,JazzCash,Paid,2025-06-19
PAY-003766,ORD-003766,JazzCash,Paid,2025-06-20
PAY-003767,ORD-003767,Credit Card,Paid,2025-06-20
PAY-003768,ORD-003768,Credit Card,Paid,2025-06-21
PAY-003769,ORD-003769,Cash on Delivery,Refunded,2025-06-21
PAY-003770,ORD-003770,Debit Card,Paid,2025-06-21
PAY-003771,ORD-003771,EasyPaisa,Refunded,2025-06-20
PAY-003772,ORD-003772,Debit Card,Refunded,2025-06-20
PAY-003773,ORD-003773,Cash on Delivery,Paid,2025-06-22
PAY-003774,ORD-003774,Cash on Delivery,Paid,2025-06-24
PAY-003775,ORD-003775,Cash on Delivery,Refunded,2025-06-26
PAY-003776,ORD-003776,Debit Card,Paid,2025-06-21
PAY-003777,ORD-003777,Credit Card,Paid,2025-06-21
PAY-003778,ORD-003778,Debit Card,Refunded,2025-06-20
PAY-003779,ORD-003779,Cash on Delivery,Paid,2025-06-23
PAY-003780,ORD-003780,Cash on Delivery,Paid,2025-06-23
PAY-003781,ORD-003781,Bank Transfer,Refunded,2025-06-21
PAY-003782,ORD-003782,Cash on Delivery,Paid,2025-06-23
PAY-003783,ORD-003783,Debit Card,Paid,2025-06-22
PAY-003784,ORD-003784,JazzCash,Paid,2025-06-21
PAY-003785,ORD-003785,JazzCash,Paid,2025-06-20
PAY-003786,ORD-003786,Credit Card,Pending,2025-06-22
PAY-003787,ORD-003787,Cash on Delivery,Paid,2025-06-22
PAY-003788,ORD-003788,JazzCash,Paid,2025-06-20
PAY-003789,ORD-003789,Cash on Delivery,Paid,2025-06-21
PAY-003790,ORD-003790,Cash on Delivery,Paid,2025-06-24
PAY-003791,ORD-003791,Cash on Delivery,Paid,2025-06-26
PAY-003792,ORD-003792,Credit Card,Paid,2025-06-22
PAY-003793,ORD-003793,Credit Card,Paid,2025-06-23
PAY-003794,ORD-003794,Credit Card,Refunded,2025-06-21
PAY-003795,ORD-003795,Cash on Delivery,Paid,2025-06-22
PAY-003796,ORD-003796,JazzCash,Paid,2025-06-21
PAY-003797,ORD-003797,Debit Card,Paid,2025-06-21
PAY-003798,ORD-003798,Cash on Delivery,Paid,2025-06-25
PAY-003799,ORD-003799,Credit Card,Paid,2025-06-22
PAY-003800,ORD-003800,Credit Card,Paid,2025-06-22
PAY-003801,ORD-003801,Credit Card,Pending,2025-06-23
PAY-003802,ORD-003802,Cash on Delivery,Paid,2025-06-23
PAY-003803,ORD-003803,Credit Card,Paid,2025-06-21
PAY-003804,ORD-003804,Cash on Delivery,Paid,2025-06-22
PAY-003805,ORD-003805,Cash on Delivery,Paid,2025-06-26
PAY-003806,ORD-003806,Credit Card,Paid,2025-06-22
PAY-003807,ORD-003807,JazzCash,Refunded,2025-06-21
PAY-003808,ORD-003808,EasyPaisa,Refunded,2025-06-22
PAY-003809,ORD-003809,Bank Transfer,Paid,2025-06-28
PAY-003810,ORD-003810,Cash on Delivery,Refunded,2025-06-23
PAY-003811,ORD-003811,Credit Card,Failed,2025-06-22
PAY-003812,ORD-003812,Cash on Delivery,Paid,2025-06-26
PAY-003813,ORD-003813,Credit Card,Paid,2025-06-23
PAY-003814,ORD-003814,Cash on Delivery,Paid,2025-06-23
PAY-003815,ORD-003815,Credit Card,Paid,2025-06-22
PAY-003816,ORD-003816,Cash on Delivery,Refunded,2025-06-25
PAY-003817,ORD-003817,Cash on Delivery,Refunded,2025-06-25
PAY-003818,ORD-003818,Credit Card,Paid,2025-06-23
PAY-003819,ORD-003819,EasyPaisa,Refunded,2025-06-22
PAY-003820,ORD-003820,Credit Card,Paid,2025-06-22
PAY-003821,ORD-003821,Credit Card,Paid,2025-06-25
PAY-003822,ORD-003822,Credit Card,Paid,2025-06-25
PAY-003823,ORD-003823,JazzCash,Paid,2025-06-23
PAY-003824,ORD-003824,Debit Card,Paid,2025-06-23
PAY-003825,ORD-003825,Cash on Delivery,Paid,2025-06-29
PAY-003826,ORD-003826,Debit Card,Paid,2025-06-24
PAY-003827,ORD-003827,Debit Card,Paid,2025-06-24
PAY-003828,ORD-003828,Bank Transfer,Failed,2025-06-26
PAY-003829,ORD-003829,JazzCash,Pending,2025-06-25
PAY-003830,ORD-003830,Cash on Delivery,Paid,2025-06-25
PAY-003831,ORD-003831,Credit Card,Failed,2025-06-26
PAY-003832,ORD-003832,Debit Card,Paid,2025-06-24
PAY-003833,ORD-003833,EasyPaisa,Paid,2025-06-24
PAY-003834,ORD-003834,Debit Card,Paid,2025-06-26
PAY-003835,ORD-003835,JazzCash,Paid,2025-06-25
PAY-003836,ORD-003836,Credit Card,Paid,2025-06-25
PAY-003837,ORD-003837,Debit Card,Paid,2025-06-24
PAY-003838,ORD-003838,Cash on Delivery,Paid,2025-06-26
PAY-003839,ORD-003839,Debit Card,Paid,2025-06-25
PAY-003840,ORD-003840,JazzCash,Paid,2025-06-24
PAY-003841,ORD-003841,JazzCash,Paid,2025-06-26
PAY-003842,ORD-003842,Cash on Delivery,Paid,2025-07-01
PAY-003843,ORD-003843,Bank Transfer,Paid,2025-06-30
PAY-003844,ORD-003844,JazzCash,Pending,2025-06-26
PAY-003845,ORD-003845,Credit Card,Paid,2025-06-27
PAY-003846,ORD-003846,Bank Transfer,Paid,2025-07-01
PAY-003847,ORD-003847,Debit Card,Paid,2025-06-27
PAY-003848,ORD-003848,JazzCash,Pending,2025-06-27
PAY-003849,ORD-003849,Credit Card,Paid,2025-06-27
PAY-003850,ORD-003850,Credit Card,Paid,2025-06-27
PAY-003851,ORD-003851,EasyPaisa,Refunded,2025-06-25
PAY-003852,ORD-003852,JazzCash,Paid,2025-06-25
PAY-003853,ORD-003853,Credit Card,Paid,2025-06-26
PAY-003854,ORD-003854,JazzCash,Paid,2025-06-25
PAY-003855,ORD-003855,Credit Card,Paid,2025-06-26
PAY-003856,ORD-003856,Debit Card,Paid,2025-06-27
PAY-003857,ORD-003857,Credit Card,Paid,2025-06-26
PAY-003858,ORD-003858,Cash on Delivery,Paid,2025-06-27
PAY-003859,ORD-003859,Cash on Delivery,Pending,2025-06-29
PAY-003860,ORD-003860,JazzCash,Paid,2025-06-25
PAY-003861,ORD-003861,EasyPaisa,Pending,2025-06-27
PAY-003862,ORD-003862,Credit Card,Paid,2025-06-25
PAY-003863,ORD-003863,Debit Card,Paid,2025-06-27
PAY-003864,ORD-003864,Cash on Delivery,Paid,2025-06-30
PAY-003865,ORD-003865,EasyPaisa,Refunded,2025-06-26
PAY-003866,ORD-003866,Cash on Delivery,Failed,2025-06-28
PAY-003867,ORD-003867,Cash on Delivery,Paid,2025-06-27
PAY-003868,ORD-003868,JazzCash,Refunded,2025-06-28
PAY-003869,ORD-003869,Credit Card,Refunded,2025-06-26
PAY-003870,ORD-003870,Cash on Delivery,Paid,2025-06-28
PAY-003871,ORD-003871,Bank Transfer,Paid,2025-07-02
PAY-003872,ORD-003872,JazzCash,Refunded,2025-06-26
PAY-003873,ORD-003873,Credit Card,Paid,2025-06-28
PAY-003874,ORD-003874,EasyPaisa,Refunded,2025-06-27
PAY-003875,ORD-003875,Credit Card,Paid,2025-06-26
PAY-003876,ORD-003876,Debit Card,Paid,2025-06-27
PAY-003877,ORD-003877,Cash on Delivery,Paid,2025-07-01
PAY-003878,ORD-003878,Cash on Delivery,Paid,2025-06-30
PAY-003879,ORD-003879,Debit Card,Paid,2025-06-29
PAY-003880,ORD-003880,Credit Card,Refunded,2025-06-27
PAY-003881,ORD-003881,JazzCash,Paid,2025-06-27
PAY-003882,ORD-003882,Credit Card,Paid,2025-06-28
PAY-003883,ORD-003883,Cash on Delivery,Failed,2025-07-02
PAY-003884,ORD-003884,Bank Transfer,Failed,2025-07-02
PAY-003885,ORD-003885,Cash on Delivery,Pending,2025-06-28
PAY-003886,ORD-003886,Debit Card,Paid,2025-06-27
PAY-003887,ORD-003887,Credit Card,Refunded,2025-06-27
PAY-003888,ORD-003888,JazzCash,Paid,2025-06-27
PAY-003889,ORD-003889,Credit Card,Paid,2025-06-27
PAY-003890,ORD-003890,JazzCash,Paid,2025-06-27
PAY-003891,ORD-003891,Cash on Delivery,Paid,2025-07-01
PAY-003892,ORD-003892,Credit Card,Paid,2025-06-30
PAY-003893,ORD-003893,Cash on Delivery,Paid,2025-06-29
PAY-003894,ORD-003894,Debit Card,Paid,2025-06-29
PAY-003895,ORD-003895,Credit Card,Paid,2025-06-28
PAY-003896,ORD-003896,Credit Card,Refunded,2025-06-29
PAY-003897,ORD-003897,JazzCash,Paid,2025-06-30
PAY-003898,ORD-003898,Bank Transfer,Paid,2025-07-01
PAY-003899,ORD-003899,Credit Card,Paid,2025-06-29
PAY-003900,ORD-003900,Cash on Delivery,Pending,2025-06-29
PAY-003901,ORD-003901,Credit Card,Paid,2025-06-29
PAY-003902,ORD-003902,Cash on Delivery,Paid,2025-06-30
PAY-003903,ORD-003903,JazzCash,Paid,2025-06-29
PAY-003904,ORD-003904,Cash on Delivery,Refunded,2025-07-01
PAY-003905,ORD-003905,Credit Card,Refunded,2025-07-01
PAY-003906,ORD-003906,Cash on Delivery,Paid,2025-06-30
PAY-003907,ORD-003907,Debit Card,Paid,2025-06-29
PAY-003908,ORD-003908,Cash on Delivery,Paid,2025-07-01
PAY-003909,ORD-003909,JazzCash,Paid,2025-07-01
PAY-003910,ORD-003910,Cash on Delivery,Paid,2025-07-03
PAY-003911,ORD-003911,Debit Card,Paid,2025-06-30
PAY-003912,ORD-003912,Cash on Delivery,Paid,2025-07-01
PAY-003913,ORD-003913,Cash on Delivery,Refunded,2025-07-03
PAY-003914,ORD-003914,Cash on Delivery,Refunded,2025-07-03
PAY-003915,ORD-003915,Cash on Delivery,Paid,2025-07-01
PAY-003916,ORD-003916,JazzCash,Paid,2025-06-29
PAY-003917,ORD-003917,Debit Card,Refunded,2025-07-01
PAY-003918,ORD-003918,Credit Card,Refunded,2025-07-02
PAY-003919,ORD-003919,JazzCash,Refunded,2025-07-01
PAY-003920,ORD-003920,Bank Transfer,Pending,2025-07-02
PAY-003921,ORD-003921,Credit Card,Paid,2025-07-01
PAY-003922,ORD-003922,Credit Card,Paid,2025-06-30
PAY-003923,ORD-003923,Credit Card,Paid,2025-07-01
PAY-003924,ORD-003924,JazzCash,Pending,2025-07-02
PAY-003925,ORD-003925,Credit Card,Paid,2025-07-02
PAY-003926,ORD-003926,Cash on Delivery,Refunded,2025-07-01
PAY-003927,ORD-003927,EasyPaisa,Paid,2025-07-02
PAY-003928,ORD-003928,Cash on Delivery,Paid,2025-07-01
PAY-003929,ORD-003929,Debit Card,Paid,2025-07-02
PAY-003930,ORD-003930,Credit Card,Paid,2025-07-01
PAY-003931,ORD-003931,JazzCash,Paid,2025-07-01
PAY-003932,ORD-003932,Credit Card,Paid,2025-07-01
PAY-003933,ORD-003933,Cash on Delivery,Paid,2025-07-01
PAY-003934,ORD-003934,Cash on Delivery,Paid,2025-07-04
PAY-003935,ORD-003935,EasyPaisa,Paid,2025-07-02
PAY-003936,ORD-003936,Credit Card,Paid,2025-06-30
PAY-003937,ORD-003937,Credit Card,Paid,2025-07-02
PAY-003938,ORD-003938,Debit Card,Paid,2025-06-30
PAY-003939,ORD-003939,Cash on Delivery,Paid,2025-07-02
PAY-003940,ORD-003940,JazzCash,Failed,2025-06-30
PAY-003941,ORD-003941,Credit Card,Paid,2025-07-01
PAY-003942,ORD-003942,Cash on Delivery,Paid,2025-07-01
PAY-003943,ORD-003943,Debit Card,Paid,2025-07-01
PAY-003944,ORD-003944,Debit Card,Refunded,2025-07-02
PAY-003945,ORD-003945,Cash on Delivery,Paid,2025-07-02
PAY-003946,ORD-003946,EasyPaisa,Paid,2025-07-01
PAY-003947,ORD-003947,Credit Card,Paid,2025-07-02
PAY-003948,ORD-003948,Cash on Delivery,Paid,2025-07-07
PAY-003949,ORD-003949,Credit Card,Refunded,2025-07-01
PAY-003950,ORD-003950,Bank Transfer,Paid,2025-07-02
PAY-003951,ORD-003951,Bank Transfer,Pending,2025-07-02
PAY-003952,ORD-003952,Credit Card,Refunded,2025-07-01
PAY-003953,ORD-003953,Credit Card,Pending,2025-07-03
PAY-003954,ORD-003954,Cash on Delivery,Paid,2025-07-03
PAY-003955,ORD-003955,EasyPaisa,Paid,2025-07-02
PAY-003956,ORD-003956,Cash on Delivery,Paid,2025-07-07
PAY-003957,ORD-003957,Cash on Delivery,Paid,2025-07-04
PAY-003958,ORD-003958,JazzCash,Paid,2025-07-01
PAY-003959,ORD-003959,EasyPaisa,Paid,2025-07-01
PAY-003960,ORD-003960,Credit Card,Refunded,2025-07-02
PAY-003961,ORD-003961,Cash on Delivery,Paid,2025-07-03
PAY-003962,ORD-003962,Debit Card,Paid,2025-07-02
PAY-003963,ORD-003963,Cash on Delivery,Paid,2025-07-05
PAY-003964,ORD-003964,EasyPaisa,Paid,2025-07-04
PAY-003965,ORD-003965,Bank Transfer,Paid,2025-07-04
PAY-003966,ORD-003966,Bank Transfer,Failed,2025-07-08
PAY-003967,ORD-003967,Bank Transfer,Paid,2025-07-08
PAY-003968,ORD-003968,Debit Card,Paid,2025-07-04
PAY-003969,ORD-003969,JazzCash,Paid,2025-07-03
PAY-003970,ORD-003970,Credit Card,Refunded,2025-07-03
PAY-003971,ORD-003971,JazzCash,Paid,2025-07-03
PAY-003972,ORD-003972,Credit Card,Paid,2025-07-02
PAY-003973,ORD-003973,JazzCash,Paid,2025-07-03
PAY-003974,ORD-003974,Cash on Delivery,Paid,2025-07-04
PAY-003975,ORD-003975,Cash on Delivery,Paid,2025-07-04
PAY-003976,ORD-003976,JazzCash,Refunded,2025-07-02
PAY-003977,ORD-003977,Bank Transfer,Refunded,2025-07-07
PAY-003978,ORD-003978,Cash on Delivery,Refunded,2025-07-09
PAY-003979,ORD-003979,Credit Card,Refunded,2025-07-04
PAY-003980,ORD-003980,Cash on Delivery,Paid,2025-07-05
PAY-003981,ORD-003981,JazzCash,Paid,2025-07-05
PAY-003982,ORD-003982,Credit Card,Paid,2025-07-04
PAY-003983,ORD-003983,Cash on Delivery,Paid,2025-07-07
PAY-003984,ORD-003984,Bank Transfer,Paid,2025-07-04
PAY-003985,ORD-003985,Bank Transfer,Paid,2025-07-04
PAY-003986,ORD-003986,Cash on Delivery,Paid,2025-07-05
PAY-003987,ORD-003987,Cash on Delivery,Paid,2025-07-04
PAY-003988,ORD-003988,Credit Card,Pending,2025-07-04
PAY-003989,ORD-003989,JazzCash,Paid,2025-07-04
PAY-003990,ORD-003990,Cash on Delivery,Refunded,2025-07-08
PAY-003991,ORD-003991,Cash on Delivery,Failed,2025-07-07
PAY-003992,ORD-003992,JazzCash,Refunded,2025-07-04
PAY-003993,ORD-003993,Credit Card,Paid,2025-07-04
PAY-003994,ORD-003994,Credit Card,Refunded,2025-07-04
PAY-003995,ORD-003995,JazzCash,Pending,2025-07-04
PAY-003996,ORD-003996,JazzCash,Pending,2025-07-04
PAY-003997,ORD-003997,Credit Card,Paid,2025-07-06
PAY-003998,ORD-003998,Cash on Delivery,Paid,2025-07-08
PAY-003999,ORD-003999,Credit Card,Paid,2025-07-04
PAY-004000,ORD-004000,Debit Card,Paid,2025-07-05
PAY-004001,ORD-004001,Cash on Delivery,Refunded,2025-07-05
PAY-004002,ORD-004002,Cash on Delivery,Failed,2025-07-09
PAY-004003,ORD-004003,Credit Card,Paid,2025-07-04
PAY-004004,ORD-004004,Bank Transfer,Paid,2025-07-05
PAY-004005,ORD-004005,JazzCash,Paid,2025-07-06
PAY-004006,ORD-004006,Bank Transfer,Paid,2025-07-05
PAY-004007,ORD-004007,Credit Card,Paid,2025-07-05
PAY-004008,ORD-004008,JazzCash,Refunded,2025-07-06
PAY-004009,ORD-004009,Credit Card,Pending,2025-07-05
PAY-004010,ORD-004010,EasyPaisa,Paid,2025-07-06
PAY-004011,ORD-004011,Credit Card,Paid,2025-07-05
PAY-004012,ORD-004012,Debit Card,Paid,2025-07-05
PAY-004013,ORD-004013,Credit Card,Paid,2025-07-06
PAY-004014,ORD-004014,Debit Card,Paid,2025-07-07
PAY-004015,ORD-004015,EasyPaisa,Paid,2025-07-05
PAY-004016,ORD-004016,Cash on Delivery,Refunded,2025-07-06
PAY-004017,ORD-004017,Credit Card,Paid,2025-07-07
PAY-004018,ORD-004018,Credit Card,Paid,2025-07-05
PAY-004019,ORD-004019,Bank Transfer,Paid,2025-07-08
PAY-004020,ORD-004020,Cash on Delivery,Paid,2025-07-11
PAY-004021,ORD-004021,Cash on Delivery,Refunded,2025-07-10
PAY-004022,ORD-004022,JazzCash,Refunded,2025-07-08
PAY-004023,ORD-004023,Cash on Delivery,Paid,2025-07-07
PAY-004024,ORD-004024,Cash on Delivery,Paid,2025-07-08
PAY-004025,ORD-004025,Credit Card,Paid,2025-07-08
PAY-004026,ORD-004026,JazzCash,Paid,2025-07-06
PAY-004027,ORD-004027,Debit Card,Paid,2025-07-06
PAY-004028,ORD-004028,JazzCash,Paid,2025-07-07
PAY-004029,ORD-004029,EasyPaisa,Paid,2025-07-07
PAY-004030,ORD-004030,EasyPaisa,Paid,2025-07-07
PAY-004031,ORD-004031,Bank Transfer,Paid,2025-07-10
PAY-004032,ORD-004032,Cash on Delivery,Paid,2025-07-13
PAY-004033,ORD-004033,Credit Card,Refunded,2025-07-07
PAY-004034,ORD-004034,Credit Card,Paid,2025-07-09
PAY-004035,ORD-004035,Credit Card,Paid,2025-07-07
PAY-004036,ORD-004036,Cash on Delivery,Paid,2025-07-09
PAY-004037,ORD-004037,JazzCash,Paid,2025-07-08
PAY-004038,ORD-004038,Credit Card,Paid,2025-07-08
PAY-004039,ORD-004039,Credit Card,Paid,2025-07-07
PAY-004040,ORD-004040,JazzCash,Pending,2025-07-09
PAY-004041,ORD-004041,Cash on Delivery,Paid,2025-07-12
PAY-004042,ORD-004042,Credit Card,Paid,2025-07-09
PAY-004043,ORD-004043,Cash on Delivery,Paid,2025-07-11
PAY-004044,ORD-004044,EasyPaisa,Paid,2025-07-08
PAY-004045,ORD-004045,Credit Card,Paid,2025-07-10
PAY-004046,ORD-004046,Credit Card,Paid,2025-07-09
PAY-004047,ORD-004047,JazzCash,Paid,2025-07-10
PAY-004048,ORD-004048,Credit Card,Refunded,2025-07-10
PAY-004049,ORD-004049,Cash on Delivery,Paid,2025-07-14
PAY-004050,ORD-004050,EasyPaisa,Paid,2025-07-10
PAY-004051,ORD-004051,Credit Card,Paid,2025-07-08
PAY-004052,ORD-004052,Bank Transfer,Refunded,2025-07-09
PAY-004053,ORD-004053,EasyPaisa,Paid,2025-07-09
PAY-004054,ORD-004054,JazzCash,Pending,2025-07-08
PAY-004055,ORD-004055,Cash on Delivery,Paid,2025-07-13
PAY-004056,ORD-004056,JazzCash,Failed,2025-07-10
PAY-004057,ORD-004057,JazzCash,Failed,2025-07-08
PAY-004058,ORD-004058,Cash on Delivery,Pending,2025-07-09
PAY-004059,ORD-004059,JazzCash,Paid,2025-07-08
PAY-004060,ORD-004060,Cash on Delivery,Paid,2025-07-15
PAY-004061,ORD-004061,JazzCash,Paid,2025-07-09
PAY-004062,ORD-004062,Credit Card,Paid,2025-07-10
PAY-004063,ORD-004063,Credit Card,Pending,2025-07-11
PAY-004064,ORD-004064,Cash on Delivery,Paid,2025-07-11
PAY-004065,ORD-004065,Debit Card,Pending,2025-07-10
PAY-004066,ORD-004066,Cash on Delivery,Refunded,2025-07-12
PAY-004067,ORD-004067,Debit Card,Paid,2025-07-10
PAY-004068,ORD-004068,Bank Transfer,Refunded,2025-07-11
PAY-004069,ORD-004069,Cash on Delivery,Paid,2025-07-11
PAY-004070,ORD-004070,EasyPaisa,Paid,2025-07-11
PAY-004071,ORD-004071,JazzCash,Paid,2025-07-10
PAY-004072,ORD-004072,JazzCash,Paid,2025-07-10
PAY-004073,ORD-004073,Credit Card,Paid,2025-07-10
PAY-004074,ORD-004074,Debit Card,Paid,2025-07-11
PAY-004075,ORD-004075,Debit Card,Paid,2025-07-10
PAY-004076,ORD-004076,EasyPaisa,Paid,2025-07-09
PAY-004077,ORD-004077,Credit Card,Paid,2025-07-09
PAY-004078,ORD-004078,JazzCash,Paid,2025-07-12
PAY-004079,ORD-004079,EasyPaisa,Paid,2025-07-11
PAY-004080,ORD-004080,EasyPaisa,Paid,2025-07-11
PAY-004081,ORD-004081,Cash on Delivery,Paid,2025-07-13
PAY-004082,ORD-004082,Cash on Delivery,Pending,2025-07-13
PAY-004083,ORD-004083,EasyPaisa,Paid,2025-07-10
PAY-004084,ORD-004084,Credit Card,Paid,2025-07-12
PAY-004085,ORD-004085,Cash on Delivery,Pending,2025-07-14
PAY-004086,ORD-004086,Debit Card,Refunded,2025-07-10
PAY-004087,ORD-004087,Debit Card,Paid,2025-07-10
PAY-004088,ORD-004088,JazzCash,Paid,2025-07-11
PAY-004089,ORD-004089,EasyPaisa,Paid,2025-07-10
PAY-004090,ORD-004090,Cash on Delivery,Paid,2025-07-16
PAY-004091,ORD-004091,Debit Card,Paid,2025-07-10
PAY-004092,ORD-004092,JazzCash,Paid,2025-07-11
PAY-004093,ORD-004093,Cash on Delivery,Paid,2025-07-16
PAY-004094,ORD-004094,Credit Card,Paid,2025-07-11
PAY-004095,ORD-004095,Credit Card,Paid,2025-07-12
PAY-004096,ORD-004096,JazzCash,Pending,2025-07-12
PAY-004097,ORD-004097,Credit Card,Failed,2025-07-13
PAY-004098,ORD-004098,Credit Card,Paid,2025-07-13
PAY-004099,ORD-004099,Cash on Delivery,Paid,2025-07-15
PAY-004100,ORD-004100,Credit Card,Paid,2025-07-13
PAY-004101,ORD-004101,Cash on Delivery,Paid,2025-07-13
PAY-004102,ORD-004102,Credit Card,Paid,2025-07-12
PAY-004103,ORD-004103,EasyPaisa,Paid,2025-07-13
PAY-004104,ORD-004104,EasyPaisa,Pending,2025-07-13
PAY-004105,ORD-004105,Debit Card,Paid,2025-07-12
PAY-004106,ORD-004106,Cash on Delivery,Paid,2025-07-15
PAY-004107,ORD-004107,EasyPaisa,Paid,2025-07-13
PAY-004108,ORD-004108,EasyPaisa,Paid,2025-07-12
PAY-004109,ORD-004109,Cash on Delivery,Paid,2025-07-16
PAY-004110,ORD-004110,Bank Transfer,Pending,2025-07-15
PAY-004111,ORD-004111,Debit Card,Refunded,2025-07-12
PAY-004112,ORD-004112,Debit Card,Pending,2025-07-13
PAY-004113,ORD-004113,JazzCash,Paid,2025-07-12
PAY-004114,ORD-004114,Credit Card,Paid,2025-07-13
PAY-004115,ORD-004115,EasyPaisa,Refunded,2025-07-13
PAY-004116,ORD-004116,Cash on Delivery,Failed,2025-07-16
PAY-004117,ORD-004117,EasyPaisa,Paid,2025-07-14
PAY-004118,ORD-004118,JazzCash,Paid,2025-07-14
PAY-004119,ORD-004119,Credit Card,Failed,2025-07-14
PAY-004120,ORD-004120,JazzCash,Paid,2025-07-12
PAY-004121,ORD-004121,Credit Card,Paid,2025-07-13
PAY-004122,ORD-004122,Cash on Delivery,Pending,2025-07-15
PAY-004123,ORD-004123,Cash on Delivery,Pending,2025-07-15
PAY-004124,ORD-004124,Credit Card,Paid,2025-07-12
PAY-004125,ORD-004125,Debit Card,Paid,2025-07-12
PAY-004126,ORD-004126,EasyPaisa,Paid,2025-07-13
PAY-004127,ORD-004127,Cash on Delivery,Paid,2025-07-13
PAY-004128,ORD-004128,EasyPaisa,Paid,2025-07-14
PAY-004129,ORD-004129,Debit Card,Paid,2025-07-12
PAY-004130,ORD-004130,JazzCash,Paid,2025-07-13
PAY-004131,ORD-004131,Bank Transfer,Paid,2025-07-15
PAY-004132,ORD-004132,Cash on Delivery,Failed,2025-07-16
PAY-004133,ORD-004133,Debit Card,Paid,2025-07-14
PAY-004134,ORD-004134,Cash on Delivery,Paid,2025-07-17
PAY-004135,ORD-004135,Cash on Delivery,Paid,2025-07-18
PAY-004136,ORD-004136,Credit Card,Paid,2025-07-14
PAY-004137,ORD-004137,Credit Card,Paid,2025-07-13
PAY-004138,ORD-004138,Debit Card,Paid,2025-07-14
PAY-004139,ORD-004139,Credit Card,Paid,2025-07-14
PAY-004140,ORD-004140,Cash on Delivery,Paid,2025-07-14
PAY-004141,ORD-004141,Cash on Delivery,Pending,2025-07-18
PAY-004142,ORD-004142,JazzCash,Paid,2025-07-16
PAY-004143,ORD-004143,Cash on Delivery,Paid,2025-07-19
PAY-004144,ORD-004144,Cash on Delivery,Paid,2025-07-18
PAY-004145,ORD-004145,Debit Card,Refunded,2025-07-16
PAY-004146,ORD-004146,Credit Card,Paid,2025-07-14
PAY-004147,ORD-004147,Debit Card,Paid,2025-07-15
PAY-004148,ORD-004148,Credit Card,Paid,2025-07-15
PAY-004149,ORD-004149,JazzCash,Paid,2025-07-14
PAY-004150,ORD-004150,JazzCash,Failed,2025-07-15
PAY-004151,ORD-004151,EasyPaisa,Paid,2025-07-15
PAY-004152,ORD-004152,JazzCash,Pending,2025-07-15
PAY-004153,ORD-004153,Cash on Delivery,Paid,2025-07-17
PAY-004154,ORD-004154,JazzCash,Paid,2025-07-16
PAY-004155,ORD-004155,JazzCash,Paid,2025-07-17
PAY-004156,ORD-004156,Debit Card,Refunded,2025-07-15
PAY-004157,ORD-004157,JazzCash,Pending,2025-07-16
PAY-004158,ORD-004158,EasyPaisa,Paid,2025-07-17
PAY-004159,ORD-004159,Cash on Delivery,Refunded,2025-07-21
PAY-004160,ORD-004160,EasyPaisa,Pending,2025-07-17
PAY-004161,ORD-004161,Debit Card,Paid,2025-07-16
PAY-004162,ORD-004162,Debit Card,Paid,2025-07-17
PAY-004163,ORD-004163,EasyPaisa,Paid,2025-07-15
PAY-004164,ORD-004164,JazzCash,Paid,2025-07-15
PAY-004165,ORD-004165,Debit Card,Failed,2025-07-17
PAY-004166,ORD-004166,Cash on Delivery,Paid,2025-07-21
PAY-004167,ORD-004167,Cash on Delivery,Paid,2025-07-19
PAY-004168,ORD-004168,Cash on Delivery,Paid,2025-07-20
PAY-004169,ORD-004169,Cash on Delivery,Paid,2025-07-22
PAY-004170,ORD-004170,Bank Transfer,Paid,2025-07-19
PAY-004171,ORD-004171,Debit Card,Paid,2025-07-18
PAY-004172,ORD-004172,JazzCash,Paid,2025-07-17
PAY-004173,ORD-004173,Cash on Delivery,Paid,2025-07-17
PAY-004174,ORD-004174,EasyPaisa,Paid,2025-07-18
PAY-004175,ORD-004175,Bank Transfer,Paid,2025-07-21
PAY-004176,ORD-004176,EasyPaisa,Paid,2025-07-17
PAY-004177,ORD-004177,Cash on Delivery,Paid,2025-07-17
PAY-004178,ORD-004178,Cash on Delivery,Failed,2025-07-22
PAY-004179,ORD-004179,Cash on Delivery,Paid,2025-07-17
PAY-004180,ORD-004180,Bank Transfer,Paid,2025-07-17
PAY-004181,ORD-004181,Debit Card,Refunded,2025-07-17
PAY-004182,ORD-004182,Credit Card,Paid,2025-07-18
PAY-004183,ORD-004183,Credit Card,Paid,2025-07-17
PAY-004184,ORD-004184,JazzCash,Failed,2025-07-17
PAY-004185,ORD-004185,Credit Card,Refunded,2025-07-17
PAY-004186,ORD-004186,Cash on Delivery,Paid,2025-07-19
PAY-004187,ORD-004187,Debit Card,Paid,2025-07-17
PAY-004188,ORD-004188,Cash on Delivery,Paid,2025-07-22
PAY-004189,ORD-004189,Credit Card,Refunded,2025-07-16
PAY-004190,ORD-004190,Cash on Delivery,Failed,2025-07-18
PAY-004191,ORD-004191,Credit Card,Paid,2025-07-16
PAY-004192,ORD-004192,Cash on Delivery,Refunded,2025-07-22
PAY-004193,ORD-004193,Debit Card,Paid,2025-07-17
PAY-004194,ORD-004194,Cash on Delivery,Paid,2025-07-19
PAY-004195,ORD-004195,Credit Card,Pending,2025-07-18
PAY-004196,ORD-004196,Debit Card,Paid,2025-07-19
PAY-004197,ORD-004197,Debit Card,Refunded,2025-07-19
PAY-004198,ORD-004198,Credit Card,Paid,2025-07-19
PAY-004199,ORD-004199,Debit Card,Refunded,2025-07-19
PAY-004200,ORD-004200,Cash on Delivery,Pending,2025-07-23
PAY-004201,ORD-004201,Cash on Delivery,Paid,2025-07-23
PAY-004202,ORD-004202,Credit Card,Paid,2025-07-18
PAY-004203,ORD-004203,Cash on Delivery,Paid,2025-07-23
PAY-004204,ORD-004204,Debit Card,Paid,2025-07-18
PAY-004205,ORD-004205,Cash on Delivery,Paid,2025-07-22
PAY-004206,ORD-004206,EasyPaisa,Paid,2025-07-18
PAY-004207,ORD-004207,EasyPaisa,Paid,2025-07-20
PAY-004208,ORD-004208,Cash on Delivery,Refunded,2025-07-21
PAY-004209,ORD-004209,Bank Transfer,Paid,2025-07-23
PAY-004210,ORD-004210,Credit Card,Pending,2025-07-20
PAY-004211,ORD-004211,Credit Card,Paid,2025-07-18
PAY-004212,ORD-004212,Credit Card,Paid,2025-07-20
PAY-004213,ORD-004213,Cash on Delivery,Paid,2025-07-20
PAY-004214,ORD-004214,Cash on Delivery,Paid,2025-07-24
PAY-004215,ORD-004215,Cash on Delivery,Paid,2025-07-21
PAY-004216,ORD-004216,Credit Card,Paid,2025-07-19
PAY-004217,ORD-004217,Debit Card,Paid,2025-07-18
PAY-004218,ORD-004218,Cash on Delivery,Paid,2025-07-21
PAY-004219,ORD-004219,Debit Card,Paid,2025-07-21
PAY-004220,ORD-004220,Credit Card,Pending,2025-07-20
PAY-004221,ORD-004221,Debit Card,Paid,2025-07-19
PAY-004222,ORD-004222,Credit Card,Paid,2025-07-21
PAY-004223,ORD-004223,EasyPaisa,Paid,2025-07-21
PAY-004224,ORD-004224,Credit Card,Refunded,2025-07-19
PAY-004225,ORD-004225,JazzCash,Paid,2025-07-21
PAY-004226,ORD-004226,Credit Card,Paid,2025-07-21
PAY-004227,ORD-004227,Cash on Delivery,Paid,2025-07-20
PAY-004228,ORD-004228,Credit Card,Paid,2025-07-21
PAY-004229,ORD-004229,Credit Card,Pending,2025-07-19
PAY-004230,ORD-004230,Credit Card,Paid,2025-07-21
PAY-004231,ORD-004231,Cash on Delivery,Refunded,2025-07-21
PAY-004232,ORD-004232,Credit Card,Paid,2025-07-22
PAY-004233,ORD-004233,EasyPaisa,Paid,2025-07-20
PAY-004234,ORD-004234,Cash on Delivery,Refunded,2025-07-22
PAY-004235,ORD-004235,Credit Card,Paid,2025-07-21
PAY-004236,ORD-004236,Credit Card,Paid,2025-07-20
PAY-004237,ORD-004237,Debit Card,Paid,2025-07-20
PAY-004238,ORD-004238,Credit Card,Pending,2025-07-22
PAY-004239,ORD-004239,Cash on Delivery,Paid,2025-07-26
PAY-004240,ORD-004240,Credit Card,Refunded,2025-07-21
PAY-004241,ORD-004241,Cash on Delivery,Paid,2025-07-22
PAY-004242,ORD-004242,Debit Card,Refunded,2025-07-21
PAY-004243,ORD-004243,Cash on Delivery,Pending,2025-07-26
PAY-004244,ORD-004244,JazzCash,Refunded,2025-07-23
PAY-004245,ORD-004245,Cash on Delivery,Paid,2025-07-23
PAY-004246,ORD-004246,Debit Card,Paid,2025-07-23
PAY-004247,ORD-004247,JazzCash,Paid,2025-07-23
PAY-004248,ORD-004248,Credit Card,Paid,2025-07-21
PAY-004249,ORD-004249,JazzCash,Pending,2025-07-23
PAY-004250,ORD-004250,Cash on Delivery,Paid,2025-07-27
PAY-004251,ORD-004251,Cash on Delivery,Paid,2025-07-25
PAY-004252,ORD-004252,Cash on Delivery,Refunded,2025-07-26
PAY-004253,ORD-004253,Debit Card,Paid,2025-07-23
PAY-004254,ORD-004254,Credit Card,Pending,2025-07-23
PAY-004255,ORD-004255,Cash on Delivery,Paid,2025-07-24
PAY-004256,ORD-004256,Credit Card,Paid,2025-07-23
PAY-004257,ORD-004257,Credit Card,Failed,2025-07-21
PAY-004258,ORD-004258,Credit Card,Paid,2025-07-22
PAY-004259,ORD-004259,Credit Card,Paid,2025-07-21
PAY-004260,ORD-004260,Bank Transfer,Pending,2025-07-25
PAY-004261,ORD-004261,JazzCash,Paid,2025-07-23
PAY-004262,ORD-004262,EasyPaisa,Paid,2025-07-22
PAY-004263,ORD-004263,Credit Card,Paid,2025-07-23
PAY-004264,ORD-004264,Credit Card,Paid,2025-07-22
PAY-004265,ORD-004265,Credit Card,Paid,2025-07-22
PAY-004266,ORD-004266,Debit Card,Paid,2025-07-23
PAY-004267,ORD-004267,Bank Transfer,Refunded,2025-07-28
PAY-004268,ORD-004268,Cash on Delivery,Paid,2025-07-24
PAY-004269,ORD-004269,Bank Transfer,Failed,2025-07-27
PAY-004270,ORD-004270,Credit Card,Paid,2025-07-23
PAY-004271,ORD-004271,JazzCash,Paid,2025-07-24
PAY-004272,ORD-004272,Cash on Delivery,Refunded,2025-07-26
PAY-004273,ORD-004273,EasyPaisa,Paid,2025-07-23
PAY-004274,ORD-004274,JazzCash,Paid,2025-07-23
PAY-004275,ORD-004275,Cash on Delivery,Refunded,2025-07-25
PAY-004276,ORD-004276,Debit Card,Paid,2025-07-25
PAY-004277,ORD-004277,Cash on Delivery,Paid,2025-07-24
PAY-004278,ORD-004278,Cash on Delivery,Paid,2025-07-26
PAY-004279,ORD-004279,JazzCash,Paid,2025-07-25
PAY-004280,ORD-004280,Debit Card,Paid,2025-07-25
PAY-004281,ORD-004281,Bank Transfer,Paid,2025-07-25
PAY-004282,ORD-004282,Debit Card,Paid,2025-07-23
PAY-004283,ORD-004283,Credit Card,Failed,2025-07-25
PAY-004284,ORD-004284,JazzCash,Paid,2025-07-24
PAY-004285,ORD-004285,Credit Card,Paid,2025-07-24
PAY-004286,ORD-004286,Debit Card,Failed,2025-07-24
PAY-004287,ORD-004287,EasyPaisa,Paid,2025-07-24
PAY-004288,ORD-004288,Bank Transfer,Paid,2025-07-24
PAY-004289,ORD-004289,Bank Transfer,Paid,2025-07-26
PAY-004290,ORD-004290,JazzCash,Pending,2025-07-25
PAY-004291,ORD-004291,Debit Card,Paid,2025-07-26
PAY-004292,ORD-004292,JazzCash,Paid,2025-07-24
PAY-004293,ORD-004293,Credit Card,Paid,2025-07-24
PAY-004294,ORD-004294,EasyPaisa,Paid,2025-07-25
PAY-004295,ORD-004295,Credit Card,Paid,2025-07-25
PAY-004296,ORD-004296,JazzCash,Paid,2025-07-25
PAY-004297,ORD-004297,Credit Card,Paid,2025-07-25
PAY-004298,ORD-004298,JazzCash,Pending,2025-07-26
PAY-004299,ORD-004299,EasyPaisa,Paid,2025-07-25
PAY-004300,ORD-004300,JazzCash,Paid,2025-07-26
PAY-004301,ORD-004301,Credit Card,Paid,2025-07-25
PAY-004302,ORD-004302,Credit Card,Paid,2025-07-25
PAY-004303,ORD-004303,Cash on Delivery,Pending,2025-07-31
PAY-004304,ORD-004304,Credit Card,Paid,2025-07-27
PAY-004305,ORD-004305,Cash on Delivery,Paid,2025-07-29
PAY-004306,ORD-004306,JazzCash,Refunded,2025-07-27
PAY-004307,ORD-004307,Debit Card,Paid,2025-07-26
PAY-004308,ORD-004308,Bank Transfer,Paid,2025-07-28
PAY-004309,ORD-004309,Credit Card,Paid,2025-07-26
PAY-004310,ORD-004310,Cash on Delivery,Pending,2025-07-29
PAY-004311,ORD-004311,JazzCash,Paid,2025-07-25
PAY-004312,ORD-004312,Cash on Delivery,Pending,2025-07-26
PAY-004313,ORD-004313,Cash on Delivery,Paid,2025-07-26
PAY-004314,ORD-004314,Cash on Delivery,Refunded,2025-07-27
PAY-004315,ORD-004315,JazzCash,Paid,2025-07-25
PAY-004316,ORD-004316,Cash on Delivery,Paid,2025-07-31
PAY-004317,ORD-004317,JazzCash,Paid,2025-07-27
PAY-004318,ORD-004318,Cash on Delivery,Paid,2025-07-29
PAY-004319,ORD-004319,Debit Card,Paid,2025-07-27
PAY-004320,ORD-004320,Cash on Delivery,Paid,2025-07-26
PAY-004321,ORD-004321,Cash on Delivery,Paid,2025-07-29
PAY-004322,ORD-004322,JazzCash,Paid,2025-07-27
PAY-004323,ORD-004323,Cash on Delivery,Paid,2025-07-28
PAY-004324,ORD-004324,Debit Card,Paid,2025-07-26
PAY-004325,ORD-004325,Credit Card,Refunded,2025-07-27
PAY-004326,ORD-004326,JazzCash,Paid,2025-07-26
PAY-004327,ORD-004327,JazzCash,Paid,2025-07-27
PAY-004328,ORD-004328,Credit Card,Paid,2025-07-28
PAY-004329,ORD-004329,Credit Card,Paid,2025-07-28
PAY-004330,ORD-004330,Cash on Delivery,Paid,2025-07-27
PAY-004331,ORD-004331,EasyPaisa,Paid,2025-07-29
PAY-004332,ORD-004332,Credit Card,Refunded,2025-07-27
PAY-004333,ORD-004333,Cash on Delivery,Refunded,2025-07-31
PAY-004334,ORD-004334,EasyPaisa,Paid,2025-07-29
PAY-004335,ORD-004335,Credit Card,Refunded,2025-07-28
PAY-004336,ORD-004336,Credit Card,Paid,2025-07-27
PAY-004337,ORD-004337,Debit Card,Paid,2025-07-29
PAY-004338,ORD-004338,Cash on Delivery,Paid,2025-07-28
PAY-004339,ORD-004339,Credit Card,Paid,2025-07-27
PAY-004340,ORD-004340,Credit Card,Refunded,2025-07-28
PAY-004341,ORD-004341,Cash on Delivery,Paid,2025-08-03
PAY-004342,ORD-004342,Credit Card,Paid,2025-07-29
PAY-004343,ORD-004343,Cash on Delivery,Paid,2025-07-30
PAY-004344,ORD-004344,JazzCash,Paid,2025-07-30
PAY-004345,ORD-004345,JazzCash,Paid,2025-07-30
PAY-004346,ORD-004346,Debit Card,Failed,2025-07-29
PAY-004347,ORD-004347,Credit Card,Paid,2025-07-29
PAY-004348,ORD-004348,Cash on Delivery,Refunded,2025-07-29
PAY-004349,ORD-004349,Credit Card,Paid,2025-07-30
PAY-004350,ORD-004350,JazzCash,Paid,2025-07-28
PAY-004351,ORD-004351,Cash on Delivery,Paid,2025-07-30
PAY-004352,ORD-004352,Cash on Delivery,Paid,2025-08-01
PAY-004353,ORD-004353,Debit Card,Paid,2025-07-28
PAY-004354,ORD-004354,Bank Transfer,Pending,2025-07-30
PAY-004355,ORD-004355,Cash on Delivery,Paid,2025-07-30
PAY-004356,ORD-004356,Cash on Delivery,Paid,2025-07-29
PAY-004357,ORD-004357,Cash on Delivery,Paid,2025-07-31
PAY-004358,ORD-004358,Cash on Delivery,Paid,2025-08-01
PAY-004359,ORD-004359,Debit Card,Paid,2025-07-30
PAY-004360,ORD-004360,Cash on Delivery,Paid,2025-07-30
PAY-004361,ORD-004361,JazzCash,Paid,2025-07-29
PAY-004362,ORD-004362,Credit Card,Refunded,2025-07-30
PAY-004363,ORD-004363,Credit Card,Paid,2025-07-29
PAY-004364,ORD-004364,Cash on Delivery,Paid,2025-08-01
PAY-004365,ORD-004365,Credit Card,Refunded,2025-07-31
PAY-004366,ORD-004366,JazzCash,Refunded,2025-07-30
PAY-004367,ORD-004367,Credit Card,Paid,2025-07-29
PAY-004368,ORD-004368,JazzCash,Paid,2025-07-29
PAY-004369,ORD-004369,Cash on Delivery,Paid,2025-08-02
PAY-004370,ORD-004370,Cash on Delivery,Paid,2025-07-30
PAY-004371,ORD-004371,Credit Card,Refunded,2025-07-29
PAY-004372,ORD-004372,Credit Card,Paid,2025-07-31
PAY-004373,ORD-004373,Credit Card,Paid,2025-07-30
PAY-004374,ORD-004374,Cash on Delivery,Paid,2025-08-01
PAY-004375,ORD-004375,JazzCash,Paid,2025-07-31
PAY-004376,ORD-004376,Bank Transfer,Paid,2025-07-30
PAY-004377,ORD-004377,Credit Card,Paid,2025-07-30
PAY-004378,ORD-004378,JazzCash,Paid,2025-07-30
PAY-004379,ORD-004379,JazzCash,Paid,2025-07-30
PAY-004380,ORD-004380,Debit Card,Paid,2025-07-29
PAY-004381,ORD-004381,Debit Card,Paid,2025-07-29
PAY-004382,ORD-004382,Credit Card,Refunded,2025-07-30
PAY-004383,ORD-004383,Cash on Delivery,Paid,2025-07-30
PAY-004384,ORD-004384,Credit Card,Paid,2025-07-29
PAY-004385,ORD-004385,Credit Card,Paid,2025-07-30
PAY-004386,ORD-004386,EasyPaisa,Paid,2025-07-31
PAY-004387,ORD-004387,EasyPaisa,Paid,2025-07-30
PAY-004388,ORD-004388,Credit Card,Paid,2025-07-30
PAY-004389,ORD-004389,Credit Card,Refunded,2025-07-30
PAY-004390,ORD-004390,Credit Card,Paid,2025-08-01
PAY-004391,ORD-004391,Debit Card,Paid,2025-08-01
PAY-004392,ORD-004392,Debit Card,Paid,2025-07-31
PAY-004393,ORD-004393,JazzCash,Pending,2025-07-31
PAY-004394,ORD-004394,Cash on Delivery,Paid,2025-08-03
PAY-004395,ORD-004395,EasyPaisa,Failed,2025-07-30
PAY-004396,ORD-004396,Credit Card,Paid,2025-07-31
PAY-004397,ORD-004397,Cash on Delivery,Paid,2025-07-31
PAY-004398,ORD-004398,Credit Card,Paid,2025-07-31
PAY-004399,ORD-004399,Debit Card,Pending,2025-07-31
PAY-004400,ORD-004400,JazzCash,Paid,2025-08-01
PAY-004401,ORD-004401,Debit Card,Refunded,2025-07-31
PAY-004402,ORD-004402,Debit Card,Refunded,2025-08-01
PAY-004403,ORD-004403,Cash on Delivery,Paid,2025-08-06
PAY-004404,ORD-004404,Credit Card,Paid,2025-08-01
PAY-004405,ORD-004405,Debit Card,Paid,2025-08-01
PAY-004406,ORD-004406,Cash on Delivery,Pending,2025-08-06
PAY-004407,ORD-004407,Credit Card,Paid,2025-07-31
PAY-004408,ORD-004408,Cash on Delivery,Refunded,2025-08-03
PAY-004409,ORD-004409,JazzCash,Paid,2025-07-31
PAY-004410,ORD-004410,JazzCash,Paid,2025-08-01
PAY-004411,ORD-004411,JazzCash,Refunded,2025-08-02
PAY-004412,ORD-004412,Credit Card,Refunded,2025-08-03
PAY-004413,ORD-004413,Bank Transfer,Paid,2025-08-02
PAY-004414,ORD-004414,Debit Card,Refunded,2025-08-02
PAY-004415,ORD-004415,JazzCash,Paid,2025-08-02
PAY-004416,ORD-004416,Cash on Delivery,Paid,2025-08-04
PAY-004417,ORD-004417,Credit Card,Paid,2025-08-02
PAY-004418,ORD-004418,Credit Card,Refunded,2025-08-02
PAY-004419,ORD-004419,Credit Card,Refunded,2025-08-01
PAY-004420,ORD-004420,EasyPaisa,Paid,2025-08-02
PAY-004421,ORD-004421,JazzCash,Paid,2025-08-01
PAY-004422,ORD-004422,Cash on Delivery,Paid,2025-08-06
PAY-004423,ORD-004423,Credit Card,Paid,2025-08-03
PAY-004424,ORD-004424,JazzCash,Paid,2025-08-01
PAY-004425,ORD-004425,Cash on Delivery,Pending,2025-08-07
PAY-004426,ORD-004426,Credit Card,Paid,2025-08-02
PAY-004427,ORD-004427,Debit Card,Paid,2025-08-04
PAY-004428,ORD-004428,Credit Card,Paid,2025-08-03
PAY-004429,ORD-004429,Credit Card,Refunded,2025-08-03
PAY-004430,ORD-004430,Debit Card,Paid,2025-08-02
PAY-004431,ORD-004431,Cash on Delivery,Paid,2025-08-07
PAY-004432,ORD-004432,Credit Card,Paid,2025-08-04
PAY-004433,ORD-004433,EasyPaisa,Paid,2025-08-04
PAY-004434,ORD-004434,Credit Card,Paid,2025-08-04
PAY-004435,ORD-004435,JazzCash,Paid,2025-08-04
PAY-004436,ORD-004436,Cash on Delivery,Paid,2025-08-06
PAY-004437,ORD-004437,Credit Card,Refunded,2025-08-02
PAY-004438,ORD-004438,Credit Card,Paid,2025-08-03
PAY-004439,ORD-004439,JazzCash,Paid,2025-08-04
PAY-004440,ORD-004440,JazzCash,Paid,2025-08-05
PAY-004441,ORD-004441,EasyPaisa,Paid,2025-08-03
PAY-004442,ORD-004442,Credit Card,Paid,2025-08-05
PAY-004443,ORD-004443,Cash on Delivery,Paid,2025-08-09
PAY-004444,ORD-004444,JazzCash,Paid,2025-08-03
PAY-004445,ORD-004445,Debit Card,Paid,2025-08-04
PAY-004446,ORD-004446,Cash on Delivery,Failed,2025-08-09
PAY-004447,ORD-004447,EasyPaisa,Pending,2025-08-04
PAY-004448,ORD-004448,Cash on Delivery,Pending,2025-08-05
PAY-004449,ORD-004449,Bank Transfer,Refunded,2025-08-09
PAY-004450,ORD-004450,Cash on Delivery,Pending,2025-08-05
PAY-004451,ORD-004451,Cash on Delivery,Refunded,2025-08-05
PAY-004452,ORD-004452,Cash on Delivery,Paid,2025-08-06
PAY-004453,ORD-004453,EasyPaisa,Refunded,2025-08-03
PAY-004454,ORD-004454,JazzCash,Refunded,2025-08-03
PAY-004455,ORD-004455,Bank Transfer,Paid,2025-08-07
PAY-004456,ORD-004456,Debit Card,Refunded,2025-08-05
PAY-004457,ORD-004457,Cash on Delivery,Paid,2025-08-09
PAY-004458,ORD-004458,Credit Card,Paid,2025-08-05
PAY-004459,ORD-004459,Cash on Delivery,Refunded,2025-08-08
PAY-004460,ORD-004460,Debit Card,Paid,2025-08-04
PAY-004461,ORD-004461,JazzCash,Paid,2025-08-06
PAY-004462,ORD-004462,Credit Card,Paid,2025-08-06
PAY-004463,ORD-004463,Credit Card,Paid,2025-08-06
PAY-004464,ORD-004464,Cash on Delivery,Paid,2025-08-10
PAY-004465,ORD-004465,Debit Card,Refunded,2025-08-04
PAY-004466,ORD-004466,Credit Card,Paid,2025-08-05
PAY-004467,ORD-004467,Debit Card,Paid,2025-08-04
PAY-004468,ORD-004468,EasyPaisa,Paid,2025-08-04
PAY-004469,ORD-004469,Credit Card,Failed,2025-08-04
PAY-004470,ORD-004470,Debit Card,Paid,2025-08-04
PAY-004471,ORD-004471,EasyPaisa,Paid,2025-08-07
PAY-004472,ORD-004472,Credit Card,Paid,2025-08-05
PAY-004473,ORD-004473,Debit Card,Paid,2025-08-07
PAY-004474,ORD-004474,Cash on Delivery,Paid,2025-08-10
PAY-004475,ORD-004475,Credit Card,Paid,2025-08-06
PAY-004476,ORD-004476,Bank Transfer,Paid,2025-08-10
PAY-004477,ORD-004477,Credit Card,Pending,2025-08-06
PAY-004478,ORD-004478,Debit Card,Paid,2025-08-05
PAY-004479,ORD-004479,JazzCash,Paid,2025-08-07
PAY-004480,ORD-004480,Credit Card,Paid,2025-08-05
PAY-004481,ORD-004481,Cash on Delivery,Paid,2025-08-09
PAY-004482,ORD-004482,Credit Card,Paid,2025-08-05
PAY-004483,ORD-004483,JazzCash,Paid,2025-08-06
PAY-004484,ORD-004484,Cash on Delivery,Paid,2025-08-08
PAY-004485,ORD-004485,Cash on Delivery,Pending,2025-08-07
PAY-004486,ORD-004486,Credit Card,Paid,2025-08-07
PAY-004487,ORD-004487,Debit Card,Paid,2025-08-05
PAY-004488,ORD-004488,Debit Card,Paid,2025-08-06
PAY-004489,ORD-004489,Credit Card,Paid,2025-08-07
PAY-004490,ORD-004490,EasyPaisa,Paid,2025-08-05
PAY-004491,ORD-004491,Cash on Delivery,Paid,2025-08-11
PAY-004492,ORD-004492,Debit Card,Pending,2025-08-06
PAY-004493,ORD-004493,Credit Card,Pending,2025-08-07
PAY-004494,ORD-004494,Debit Card,Paid,2025-08-08
PAY-004495,ORD-004495,Cash on Delivery,Paid,2025-08-11
PAY-004496,ORD-004496,Credit Card,Paid,2025-08-07
PAY-004497,ORD-004497,Credit Card,Paid,2025-08-07
PAY-004498,ORD-004498,EasyPaisa,Paid,2025-08-06
PAY-004499,ORD-004499,Bank Transfer,Paid,2025-08-12
PAY-004500,ORD-004500,Cash on Delivery,Paid,2025-08-11
PAY-004501,ORD-004501,Debit Card,Paid,2025-08-06
PAY-004502,ORD-004502,Credit Card,Paid,2025-08-06
PAY-004503,ORD-004503,Cash on Delivery,Pending,2025-08-07
PAY-004504,ORD-004504,Bank Transfer,Paid,2025-08-11
PAY-004505,ORD-004505,Cash on Delivery,Paid,2025-08-08
PAY-004506,ORD-004506,Cash on Delivery,Paid,2025-08-07
PAY-004507,ORD-004507,EasyPaisa,Paid,2025-08-06
PAY-004508,ORD-004508,EasyPaisa,Failed,2025-08-09
PAY-004509,ORD-004509,Debit Card,Paid,2025-08-09
PAY-004510,ORD-004510,Credit Card,Paid,2025-08-08
PAY-004511,ORD-004511,JazzCash,Paid,2025-08-08
PAY-004512,ORD-004512,Cash on Delivery,Paid,2025-08-09
PAY-004513,ORD-004513,Cash on Delivery,Paid,2025-08-13
PAY-004514,ORD-004514,Credit Card,Paid,2025-08-08
PAY-004515,ORD-004515,Credit Card,Paid,2025-08-09
PAY-004516,ORD-004516,Debit Card,Paid,2025-08-08
PAY-004517,ORD-004517,Debit Card,Paid,2025-08-09
PAY-004518,ORD-004518,Cash on Delivery,Paid,2025-08-11
PAY-004519,ORD-004519,JazzCash,Paid,2025-08-08
PAY-004520,ORD-004520,JazzCash,Paid,2025-08-09
PAY-004521,ORD-004521,Cash on Delivery,Failed,2025-08-11
PAY-004522,ORD-004522,Debit Card,Paid,2025-08-09
PAY-004523,ORD-004523,EasyPaisa,Paid,2025-08-09
PAY-004524,ORD-004524,EasyPaisa,Pending,2025-08-08
PAY-004525,ORD-004525,JazzCash,Paid,2025-08-10
PAY-004526,ORD-004526,Debit Card,Paid,2025-08-08
PAY-004527,ORD-004527,Credit Card,Paid,2025-08-08
PAY-004528,ORD-004528,Credit Card,Refunded,2025-08-10
PAY-004529,ORD-004529,Cash on Delivery,Failed,2025-08-10
PAY-004530,ORD-004530,Credit Card,Paid,2025-08-08
PAY-004531,ORD-004531,EasyPaisa,Paid,2025-08-08
PAY-004532,ORD-004532,Debit Card,Paid,2025-08-09
PAY-004533,ORD-004533,EasyPaisa,Pending,2025-08-09
PAY-004534,ORD-004534,Cash on Delivery,Paid,2025-08-15
PAY-004535,ORD-004535,Credit Card,Paid,2025-08-11
PAY-004536,ORD-004536,Debit Card,Paid,2025-08-10
PAY-004537,ORD-004537,Debit Card,Paid,2025-08-10
PAY-004538,ORD-004538,Cash on Delivery,Pending,2025-08-15
PAY-004539,ORD-004539,Credit Card,Paid,2025-08-09
PAY-004540,ORD-004540,Credit Card,Paid,2025-08-11
PAY-004541,ORD-004541,JazzCash,Paid,2025-08-11
PAY-004542,ORD-004542,Debit Card,Paid,2025-08-10
PAY-004543,ORD-004543,JazzCash,Paid,2025-08-09
PAY-004544,ORD-004544,Credit Card,Paid,2025-08-11
PAY-004545,ORD-004545,Credit Card,Refunded,2025-08-09
PAY-004546,ORD-004546,Cash on Delivery,Paid,2025-08-15
PAY-004547,ORD-004547,Cash on Delivery,Refunded,2025-08-15
PAY-004548,ORD-004548,Debit Card,Paid,2025-08-09
PAY-004549,ORD-004549,Cash on Delivery,Paid,2025-08-12
PAY-004550,ORD-004550,JazzCash,Refunded,2025-08-10
PAY-004551,ORD-004551,Cash on Delivery,Paid,2025-08-12
PAY-004552,ORD-004552,Cash on Delivery,Paid,2025-08-16
PAY-004553,ORD-004553,Debit Card,Pending,2025-08-11
PAY-004554,ORD-004554,Bank Transfer,Paid,2025-08-14
PAY-004555,ORD-004555,Cash on Delivery,Refunded,2025-08-13
PAY-004556,ORD-004556,Cash on Delivery,Refunded,2025-08-11
PAY-004557,ORD-004557,Cash on Delivery,Paid,2025-08-12
PAY-004558,ORD-004558,Credit Card,Paid,2025-08-11
PAY-004559,ORD-004559,JazzCash,Paid,2025-08-10
PAY-004560,ORD-004560,Credit Card,Paid,2025-08-11
PAY-004561,ORD-004561,Cash on Delivery,Paid,2025-08-12
PAY-004562,ORD-004562,JazzCash,Paid,2025-08-12
PAY-004563,ORD-004563,Cash on Delivery,Paid,2025-08-17
PAY-004564,ORD-004564,Credit Card,Paid,2025-08-11
PAY-004565,ORD-004565,Debit Card,Paid,2025-08-11
PAY-004566,ORD-004566,Credit Card,Paid,2025-08-11
PAY-004567,ORD-004567,Cash on Delivery,Paid,2025-08-14
PAY-004568,ORD-004568,JazzCash,Paid,2025-08-12
PAY-004569,ORD-004569,JazzCash,Paid,2025-08-13
PAY-004570,ORD-004570,Credit Card,Paid,2025-08-13
PAY-004571,ORD-004571,Credit Card,Refunded,2025-08-12
PAY-004572,ORD-004572,Debit Card,Paid,2025-08-12
PAY-004573,ORD-004573,Bank Transfer,Paid,2025-08-17
PAY-004574,ORD-004574,Cash on Delivery,Paid,2025-08-14
PAY-004575,ORD-004575,Debit Card,Paid,2025-08-12
PAY-004576,ORD-004576,Debit Card,Pending,2025-08-11
PAY-004577,ORD-004577,Debit Card,Pending,2025-08-11
PAY-004578,ORD-004578,Cash on Delivery,Paid,2025-08-13
PAY-004579,ORD-004579,Cash on Delivery,Paid,2025-08-13
PAY-004580,ORD-004580,Cash on Delivery,Paid,2025-08-14
PAY-004581,ORD-004581,Cash on Delivery,Paid,2025-08-15
PAY-004582,ORD-004582,Cash on Delivery,Paid,2025-08-15
PAY-004583,ORD-004583,Credit Card,Paid,2025-08-13
PAY-004584,ORD-004584,Cash on Delivery,Paid,2025-08-18
PAY-004585,ORD-004585,Credit Card,Paid,2025-08-12
PAY-004586,ORD-004586,EasyPaisa,Paid,2025-08-12
PAY-004587,ORD-004587,JazzCash,Paid,2025-08-13
PAY-004588,ORD-004588,Credit Card,Paid,2025-08-14
PAY-004589,ORD-004589,Bank Transfer,Paid,2025-08-16
PAY-004590,ORD-004590,JazzCash,Paid,2025-08-12
PAY-004591,ORD-004591,JazzCash,Paid,2025-08-14
PAY-004592,ORD-004592,EasyPaisa,Refunded,2025-08-14
PAY-004593,ORD-004593,Cash on Delivery,Refunded,2025-08-17
PAY-004594,ORD-004594,JazzCash,Paid,2025-08-13
PAY-004595,ORD-004595,Credit Card,Paid,2025-08-14
PAY-004596,ORD-004596,Cash on Delivery,Paid,2025-08-13
PAY-004597,ORD-004597,EasyPaisa,Paid,2025-08-14
PAY-004598,ORD-004598,JazzCash,Paid,2025-08-14
PAY-004599,ORD-004599,Credit Card,Paid,2025-08-15
PAY-004600,ORD-004600,Credit Card,Paid,2025-08-15
PAY-004601,ORD-004601,EasyPaisa,Failed,2025-08-14
PAY-004602,ORD-004602,EasyPaisa,Paid,2025-08-15
PAY-004603,ORD-004603,EasyPaisa,Paid,2025-08-14
PAY-004604,ORD-004604,EasyPaisa,Paid,2025-08-13
PAY-004605,ORD-004605,Cash on Delivery,Paid,2025-08-17
PAY-004606,ORD-004606,Cash on Delivery,Paid,2025-08-17
PAY-004607,ORD-004607,Debit Card,Paid,2025-08-15
PAY-004608,ORD-004608,Bank Transfer,Paid,2025-08-18
PAY-004609,ORD-004609,Cash on Delivery,Paid,2025-08-15
PAY-004610,ORD-004610,Cash on Delivery,Paid,2025-08-16
PAY-004611,ORD-004611,Cash on Delivery,Paid,2025-08-19
PAY-004612,ORD-004612,Debit Card,Paid,2025-08-14
PAY-004613,ORD-004613,Credit Card,Paid,2025-08-14
PAY-004614,ORD-004614,Cash on Delivery,Paid,2025-08-16
PAY-004615,ORD-004615,JazzCash,Refunded,2025-08-14
PAY-004616,ORD-004616,Debit Card,Paid,2025-08-14
PAY-004617,ORD-004617,Cash on Delivery,Paid,2025-08-14
PAY-004618,ORD-004618,Cash on Delivery,Paid,2025-08-16
PAY-004619,ORD-004619,Credit Card,Paid,2025-08-13
PAY-004620,ORD-004620,JazzCash,Pending,2025-08-15
PAY-004621,ORD-004621,Cash on Delivery,Paid,2025-08-17
PAY-004622,ORD-004622,Bank Transfer,Failed,2025-08-15
PAY-004623,ORD-004623,JazzCash,Paid,2025-08-15
PAY-004624,ORD-004624,Debit Card,Paid,2025-08-14
PAY-004625,ORD-004625,JazzCash,Paid,2025-08-13
PAY-004626,ORD-004626,EasyPaisa,Paid,2025-08-14
PAY-004627,ORD-004627,Credit Card,Paid,2025-08-13
PAY-004628,ORD-004628,Cash on Delivery,Paid,2025-08-16
PAY-004629,ORD-004629,Bank Transfer,Paid,2025-08-15
PAY-004630,ORD-004630,Credit Card,Paid,2025-08-15
PAY-004631,ORD-004631,Debit Card,Failed,2025-08-14
PAY-004632,ORD-004632,Cash on Delivery,Refunded,2025-08-16
PAY-004633,ORD-004633,EasyPaisa,Paid,2025-08-15
PAY-004634,ORD-004634,Cash on Delivery,Paid,2025-08-20
PAY-004635,ORD-004635,Cash on Delivery,Paid,2025-08-21
PAY-004636,ORD-004636,Cash on Delivery,Paid,2025-08-16
PAY-004637,ORD-004637,Cash on Delivery,Paid,2025-08-21
PAY-004638,ORD-004638,EasyPaisa,Paid,2025-08-16
PAY-004639,ORD-004639,EasyPaisa,Paid,2025-08-17
PAY-004640,ORD-004640,Cash on Delivery,Paid,2025-08-16
PAY-004641,ORD-004641,EasyPaisa,Paid,2025-08-16
PAY-004642,ORD-004642,Bank Transfer,Paid,2025-08-19
PAY-004643,ORD-004643,Cash on Delivery,Paid,2025-08-20
PAY-004644,ORD-004644,Debit Card,Paid,2025-08-17
PAY-004645,ORD-004645,Cash on Delivery,Paid,2025-08-19
PAY-004646,ORD-004646,Debit Card,Paid,2025-08-15
PAY-004647,ORD-004647,JazzCash,Pending,2025-08-17
PAY-004648,ORD-004648,EasyPaisa,Paid,2025-08-16
PAY-004649,ORD-004649,Credit Card,Refunded,2025-08-17
PAY-004650,ORD-004650,Bank Transfer,Paid,2025-08-21
PAY-004651,ORD-004651,Credit Card,Paid,2025-08-17
PAY-004652,ORD-004652,Debit Card,Paid,2025-08-16
PAY-004653,ORD-004653,Credit Card,Paid,2025-08-16
PAY-004654,ORD-004654,Debit Card,Refunded,2025-08-18
PAY-004655,ORD-004655,Credit Card,Pending,2025-08-16
PAY-004656,ORD-004656,Credit Card,Paid,2025-08-18
PAY-004657,ORD-004657,JazzCash,Paid,2025-08-16
PAY-004658,ORD-004658,Credit Card,Paid,2025-08-17
PAY-004659,ORD-004659,Credit Card,Paid,2025-08-18
PAY-004660,ORD-004660,Debit Card,Paid,2025-08-16
PAY-004661,ORD-004661,Credit Card,Refunded,2025-08-17
PAY-004662,ORD-004662,Cash on Delivery,Paid,2025-08-22
PAY-004663,ORD-004663,EasyPaisa,Refunded,2025-08-17
PAY-004664,ORD-004664,Cash on Delivery,Paid,2025-08-20
PAY-004665,ORD-004665,Credit Card,Paid,2025-08-16
PAY-004666,ORD-004666,Cash on Delivery,Paid,2025-08-19
PAY-004667,ORD-004667,Debit Card,Paid,2025-08-17
PAY-004668,ORD-004668,JazzCash,Paid,2025-08-17
PAY-004669,ORD-004669,EasyPaisa,Paid,2025-08-18
PAY-004670,ORD-004670,Cash on Delivery,Pending,2025-08-18
PAY-004671,ORD-004671,Cash on Delivery,Paid,2025-08-19
PAY-004672,ORD-004672,EasyPaisa,Paid,2025-08-17
PAY-004673,ORD-004673,Debit Card,Paid,2025-08-17
PAY-004674,ORD-004674,Debit Card,Paid,2025-08-17
PAY-004675,ORD-004675,Cash on Delivery,Paid,2025-08-21
PAY-004676,ORD-004676,EasyPaisa,Pending,2025-08-19
PAY-004677,ORD-004677,Debit Card,Paid,2025-08-18
PAY-004678,ORD-004678,JazzCash,Paid,2025-08-17
PAY-004679,ORD-004679,EasyPaisa,Paid,2025-08-17
PAY-004680,ORD-004680,Cash on Delivery,Paid,2025-08-19
PAY-004681,ORD-004681,Cash on Delivery,Paid,2025-08-19
PAY-004682,ORD-004682,JazzCash,Failed,2025-08-19
PAY-004683,ORD-004683,Cash on Delivery,Paid,2025-08-19
PAY-004684,ORD-004684,Bank Transfer,Refunded,2025-08-22
PAY-004685,ORD-004685,Cash on Delivery,Paid,2025-08-21
PAY-004686,ORD-004686,Debit Card,Pending,2025-08-19
PAY-004687,ORD-004687,JazzCash,Paid,2025-08-19
PAY-004688,ORD-004688,Bank Transfer,Pending,2025-08-23
PAY-004689,ORD-004689,Debit Card,Paid,2025-08-20
PAY-004690,ORD-004690,Cash on Delivery,Paid,2025-08-23
PAY-004691,ORD-004691,EasyPaisa,Pending,2025-08-19
PAY-004692,ORD-004692,Debit Card,Paid,2025-08-18
PAY-004693,ORD-004693,Cash on Delivery,Paid,2025-08-22
PAY-004694,ORD-004694,Debit Card,Paid,2025-08-20
PAY-004695,ORD-004695,Cash on Delivery,Refunded,2025-08-24
PAY-004696,ORD-004696,Cash on Delivery,Paid,2025-08-22
PAY-004697,ORD-004697,JazzCash,Paid,2025-08-19
PAY-004698,ORD-004698,Bank Transfer,Paid,2025-08-23
PAY-004699,ORD-004699,Credit Card,Paid,2025-08-20
PAY-004700,ORD-004700,JazzCash,Paid,2025-08-18
PAY-004701,ORD-004701,Bank Transfer,Pending,2025-08-19
PAY-004702,ORD-004702,Debit Card,Paid,2025-08-18
PAY-004703,ORD-004703,Credit Card,Pending,2025-08-20
PAY-004704,ORD-004704,Cash on Delivery,Paid,2025-08-24
PAY-004705,ORD-004705,Cash on Delivery,Refunded,2025-08-19
PAY-004706,ORD-004706,Credit Card,Paid,2025-08-20
PAY-004707,ORD-004707,Credit Card,Paid,2025-08-18
PAY-004708,ORD-004708,EasyPaisa,Pending,2025-08-21
PAY-004709,ORD-004709,Credit Card,Paid,2025-08-21
PAY-004710,ORD-004710,Bank Transfer,Paid,2025-08-24
PAY-004711,ORD-004711,Cash on Delivery,Paid,2025-08-22
PAY-004712,ORD-004712,JazzCash,Paid,2025-08-19
PAY-004713,ORD-004713,Cash on Delivery,Pending,2025-08-22
PAY-004714,ORD-004714,Debit Card,Refunded,2025-08-21
PAY-004715,ORD-004715,Cash on Delivery,Pending,2025-08-20
PAY-004716,ORD-004716,Credit Card,Paid,2025-08-21
PAY-004717,ORD-004717,Bank Transfer,Paid,2025-08-24
PAY-004718,ORD-004718,Cash on Delivery,Paid,2025-08-24
PAY-004719,ORD-004719,JazzCash,Refunded,2025-08-20
PAY-004720,ORD-004720,Cash on Delivery,Paid,2025-08-20
PAY-004721,ORD-004721,Credit Card,Paid,2025-08-21
PAY-004722,ORD-004722,Cash on Delivery,Paid,2025-08-22
PAY-004723,ORD-004723,Credit Card,Refunded,2025-08-19
PAY-004724,ORD-004724,Cash on Delivery,Failed,2025-08-24
PAY-004725,ORD-004725,Credit Card,Paid,2025-08-20
PAY-004726,ORD-004726,Credit Card,Paid,2025-08-19
PAY-004727,ORD-004727,Credit Card,Paid,2025-08-21
PAY-004728,ORD-004728,Credit Card,Paid,2025-08-19
PAY-004729,ORD-004729,Credit Card,Paid,2025-08-22
PAY-004730,ORD-004730,JazzCash,Pending,2025-08-22
PAY-004731,ORD-004731,Cash on Delivery,Paid,2025-08-23
PAY-004732,ORD-004732,Credit Card,Pending,2025-08-22
PAY-004733,ORD-004733,JazzCash,Paid,2025-08-20
PAY-004734,ORD-004734,Cash on Delivery,Paid,2025-08-25
PAY-004735,ORD-004735,Bank Transfer,Paid,2025-08-22
PAY-004736,ORD-004736,Debit Card,Refunded,2025-08-22
PAY-004737,ORD-004737,Credit Card,Paid,2025-08-21
PAY-004738,ORD-004738,EasyPaisa,Paid,2025-08-22
PAY-004739,ORD-004739,Credit Card,Paid,2025-08-20
PAY-004740,ORD-004740,Debit Card,Paid,2025-08-20
PAY-004741,ORD-004741,Credit Card,Failed,2025-08-21
PAY-004742,ORD-004742,Credit Card,Paid,2025-08-21
PAY-004743,ORD-004743,Cash on Delivery,Paid,2025-08-23
PAY-004744,ORD-004744,Cash on Delivery,Paid,2025-08-24
PAY-004745,ORD-004745,Cash on Delivery,Paid,2025-08-21
PAY-004746,ORD-004746,Credit Card,Paid,2025-08-22
PAY-004747,ORD-004747,JazzCash,Paid,2025-08-20
PAY-004748,ORD-004748,Cash on Delivery,Paid,2025-08-26
PAY-004749,ORD-004749,Cash on Delivery,Refunded,2025-08-22
PAY-004750,ORD-004750,Debit Card,Paid,2025-08-21
PAY-004751,ORD-004751,Cash on Delivery,Paid,2025-08-23
PAY-004752,ORD-004752,Credit Card,Paid,2025-08-20
PAY-004753,ORD-004753,Cash on Delivery,Paid,2025-08-27
PAY-004754,ORD-004754,Credit Card,Pending,2025-08-21
PAY-004755,ORD-004755,Credit Card,Paid,2025-08-22
PAY-004756,ORD-004756,Debit Card,Paid,2025-08-22
PAY-004757,ORD-004757,Debit Card,Paid,2025-08-22
PAY-004758,ORD-004758,Debit Card,Paid,2025-08-23
PAY-004759,ORD-004759,JazzCash,Paid,2025-08-22
PAY-004760,ORD-004760,JazzCash,Paid,2025-08-22
PAY-004761,ORD-004761,EasyPaisa,Paid,2025-08-21
PAY-004762,ORD-004762,EasyPaisa,Paid,2025-08-23
PAY-004763,ORD-004763,Cash on Delivery,Paid,2025-08-25
PAY-004764,ORD-004764,Credit Card,Paid,2025-08-22
PAY-004765,ORD-004765,Cash on Delivery,Refunded,2025-08-26
PAY-004766,ORD-004766,Bank Transfer,Failed,2025-08-23
PAY-004767,ORD-004767,Cash on Delivery,Paid,2025-08-22
PAY-004768,ORD-004768,EasyPaisa,Paid,2025-08-22
PAY-004769,ORD-004769,JazzCash,Paid,2025-08-23
PAY-004770,ORD-004770,Debit Card,Paid,2025-08-23
PAY-004771,ORD-004771,Debit Card,Pending,2025-08-23
PAY-004772,ORD-004772,Cash on Delivery,Paid,2025-08-27
PAY-004773,ORD-004773,JazzCash,Paid,2025-08-22
PAY-004774,ORD-004774,EasyPaisa,Paid,2025-08-22
PAY-004775,ORD-004775,Cash on Delivery,Pending,2025-08-28
PAY-004776,ORD-004776,Bank Transfer,Paid,2025-08-25
PAY-004777,ORD-004777,JazzCash,Refunded,2025-08-22
PAY-004778,ORD-004778,JazzCash,Paid,2025-08-22
PAY-004779,ORD-004779,Cash on Delivery,Paid,2025-08-27
PAY-004780,ORD-004780,Credit Card,Paid,2025-08-22
PAY-004781,ORD-004781,Cash on Delivery,Paid,2025-08-25
PAY-004782,ORD-004782,EasyPaisa,Paid,2025-08-24
PAY-004783,ORD-004783,Bank Transfer,Paid,2025-08-28
PAY-004784,ORD-004784,Credit Card,Refunded,2025-08-24
PAY-004785,ORD-004785,JazzCash,Failed,2025-08-24
PAY-004786,ORD-004786,Cash on Delivery,Refunded,2025-08-26
PAY-004787,ORD-004787,Cash on Delivery,Paid,2025-08-29
PAY-004788,ORD-004788,Credit Card,Paid,2025-08-25
PAY-004789,ORD-004789,Cash on Delivery,Refunded,2025-08-26
PAY-004790,ORD-004790,Cash on Delivery,Paid,2025-08-26
PAY-004791,ORD-004791,Credit Card,Paid,2025-08-25
PAY-004792,ORD-004792,Cash on Delivery,Failed,2025-08-28
PAY-004793,ORD-004793,Cash on Delivery,Paid,2025-08-26
PAY-004794,ORD-004794,Cash on Delivery,Paid,2025-08-27
PAY-004795,ORD-004795,Credit Card,Paid,2025-08-23
PAY-004796,ORD-004796,JazzCash,Paid,2025-08-24
PAY-004797,ORD-004797,Bank Transfer,Refunded,2025-08-26
PAY-004798,ORD-004798,Credit Card,Paid,2025-08-25
PAY-004799,ORD-004799,JazzCash,Paid,2025-08-23
PAY-004800,ORD-004800,Cash on Delivery,Paid,2025-08-25
PAY-004801,ORD-004801,Bank Transfer,Paid,2025-08-24
PAY-004802,ORD-004802,JazzCash,Paid,2025-08-25
PAY-004803,ORD-004803,Credit Card,Pending,2025-08-25
PAY-004804,ORD-004804,EasyPaisa,Paid,2025-08-26
PAY-004805,ORD-004805,Cash on Delivery,Paid,2025-08-30
PAY-004806,ORD-004806,Cash on Delivery,Paid,2025-08-27
PAY-004807,ORD-004807,Cash on Delivery,Paid,2025-08-29
PAY-004808,ORD-004808,Cash on Delivery,Pending,2025-08-30
PAY-004809,ORD-004809,Bank Transfer,Paid,2025-08-27
PAY-004810,ORD-004810,Cash on Delivery,Paid,2025-08-26
PAY-004811,ORD-004811,JazzCash,Paid,2025-08-25
PAY-004812,ORD-004812,EasyPaisa,Paid,2025-08-25
PAY-004813,ORD-004813,Debit Card,Paid,2025-08-26
PAY-004814,ORD-004814,Debit Card,Paid,2025-08-24
PAY-004815,ORD-004815,Cash on Delivery,Paid,2025-08-28
PAY-004816,ORD-004816,Credit Card,Paid,2025-08-26
PAY-004817,ORD-004817,Cash on Delivery,Paid,2025-08-30
PAY-004818,ORD-004818,JazzCash,Pending,2025-08-25
PAY-004819,ORD-004819,JazzCash,Paid,2025-08-27
PAY-004820,ORD-004820,Cash on Delivery,Paid,2025-08-30
PAY-004821,ORD-004821,Debit Card,Paid,2025-08-27
PAY-004822,ORD-004822,Cash on Delivery,Paid,2025-08-28
PAY-004823,ORD-004823,Credit Card,Refunded,2025-08-26
PAY-004824,ORD-004824,Cash on Delivery,Paid,2025-08-30
PAY-004825,ORD-004825,Cash on Delivery,Paid,2025-08-31
PAY-004826,ORD-004826,Cash on Delivery,Failed,2025-08-28
PAY-004827,ORD-004827,Credit Card,Paid,2025-08-25
PAY-004828,ORD-004828,JazzCash,Paid,2025-08-26
PAY-004829,ORD-004829,JazzCash,Pending,2025-08-27
PAY-004830,ORD-004830,Cash on Delivery,Paid,2025-08-27
PAY-004831,ORD-004831,JazzCash,Paid,2025-08-25
PAY-004832,ORD-004832,JazzCash,Paid,2025-08-25
PAY-004833,ORD-004833,Credit Card,Paid,2025-08-25
PAY-004834,ORD-004834,Credit Card,Paid,2025-08-26
PAY-004835,ORD-004835,Cash on Delivery,Paid,2025-08-29
PAY-004836,ORD-004836,Bank Transfer,Paid,2025-09-01
PAY-004837,ORD-004837,Cash on Delivery,Paid,2025-08-27
PAY-004838,ORD-004838,Credit Card,Paid,2025-08-27
PAY-004839,ORD-004839,Debit Card,Refunded,2025-08-27
PAY-004840,ORD-004840,Credit Card,Paid,2025-08-26
PAY-004841,ORD-004841,Credit Card,Paid,2025-08-26
PAY-004842,ORD-004842,Debit Card,Paid,2025-08-28
PAY-004843,ORD-004843,Debit Card,Failed,2025-08-28
PAY-004844,ORD-004844,Cash on Delivery,Paid,2025-08-28
PAY-004845,ORD-004845,Cash on Delivery,Pending,2025-09-01
PAY-004846,ORD-004846,Credit Card,Paid,2025-08-27
PAY-004847,ORD-004847,Cash on Delivery,Paid,2025-09-01
PAY-004848,ORD-004848,Debit Card,Paid,2025-08-27
PAY-004849,ORD-004849,Cash on Delivery,Paid,2025-08-30
PAY-004850,ORD-004850,EasyPaisa,Paid,2025-08-28
PAY-004851,ORD-004851,Cash on Delivery,Paid,2025-08-31
PAY-004852,ORD-004852,Credit Card,Paid,2025-08-27
PAY-004853,ORD-004853,Cash on Delivery,Paid,2025-08-27
PAY-004854,ORD-004854,JazzCash,Paid,2025-08-28
PAY-004855,ORD-004855,Cash on Delivery,Paid,2025-08-31
PAY-004856,ORD-004856,Debit Card,Paid,2025-08-29
PAY-004857,ORD-004857,Cash on Delivery,Paid,2025-08-29
PAY-004858,ORD-004858,Credit Card,Paid,2025-08-27
PAY-004859,ORD-004859,Debit Card,Refunded,2025-08-29
PAY-004860,ORD-004860,Cash on Delivery,Paid,2025-08-28
PAY-004861,ORD-004861,Credit Card,Paid,2025-08-29
PAY-004862,ORD-004862,Cash on Delivery,Paid,2025-08-31
PAY-004863,ORD-004863,Cash on Delivery,Paid,2025-09-01
PAY-004864,ORD-004864,Credit Card,Paid,2025-08-28
PAY-004865,ORD-004865,Debit Card,Paid,2025-08-28
PAY-004866,ORD-004866,EasyPaisa,Paid,2025-08-29
PAY-004867,ORD-004867,Debit Card,Paid,2025-08-28
PAY-004868,ORD-004868,Cash on Delivery,Paid,2025-08-29
PAY-004869,ORD-004869,JazzCash,Failed,2025-08-28
PAY-004870,ORD-004870,Cash on Delivery,Paid,2025-09-01
PAY-004871,ORD-004871,Debit Card,Paid,2025-08-29
PAY-004872,ORD-004872,Cash on Delivery,Pending,2025-09-02
PAY-004873,ORD-004873,Credit Card,Refunded,2025-08-28
PAY-004874,ORD-004874,Bank Transfer,Paid,2025-08-30
PAY-004875,ORD-004875,Debit Card,Pending,2025-08-30
PAY-004876,ORD-004876,JazzCash,Paid,2025-08-30
PAY-004877,ORD-004877,EasyPaisa,Paid,2025-08-30
PAY-004878,ORD-004878,Debit Card,Paid,2025-08-28
PAY-004879,ORD-004879,JazzCash,Paid,2025-08-29
PAY-004880,ORD-004880,Credit Card,Paid,2025-08-28
PAY-004881,ORD-004881,Credit Card,Refunded,2025-08-30
PAY-004882,ORD-004882,EasyPaisa,Failed,2025-08-28
PAY-004883,ORD-004883,Cash on Delivery,Paid,2025-09-03
PAY-004884,ORD-004884,Bank Transfer,Refunded,2025-09-03
PAY-004885,ORD-004885,JazzCash,Paid,2025-08-29
PAY-004886,ORD-004886,Debit Card,Paid,2025-08-30
PAY-004887,ORD-004887,Cash on Delivery,Paid,2025-08-30
PAY-004888,ORD-004888,Bank Transfer,Pending,2025-09-01
PAY-004889,ORD-004889,Cash on Delivery,Paid,2025-08-30
PAY-004890,ORD-004890,JazzCash,Paid,2025-08-30
PAY-004891,ORD-004891,Debit Card,Paid,2025-08-31
PAY-004892,ORD-004892,Debit Card,Paid,2025-08-30
PAY-004893,ORD-004893,JazzCash,Paid,2025-08-31
PAY-004894,ORD-004894,Credit Card,Failed,2025-08-31
PAY-004895,ORD-004895,Credit Card,Paid,2025-08-30
PAY-004896,ORD-004896,Cash on Delivery,Paid,2025-08-31
PAY-004897,ORD-004897,Cash on Delivery,Paid,2025-08-31
PAY-004898,ORD-004898,Credit Card,Paid,2025-08-31
PAY-004899,ORD-004899,Credit Card,Paid,2025-08-30
PAY-004900,ORD-004900,EasyPaisa,Refunded,2025-08-29
PAY-004901,ORD-004901,EasyPaisa,Paid,2025-08-31
PAY-004902,ORD-004902,Debit Card,Paid,2025-08-31
PAY-004903,ORD-004903,Debit Card,Refunded,2025-08-31
PAY-004904,ORD-004904,Debit Card,Paid,2025-08-29
PAY-004905,ORD-004905,JazzCash,Paid,2025-08-30
PAY-004906,ORD-004906,Cash on Delivery,Failed,2025-08-30
PAY-004907,ORD-004907,JazzCash,Refunded,2025-08-30
PAY-004908,ORD-004908,Credit Card,Paid,2025-08-31
PAY-004909,ORD-004909,Debit Card,Refunded,2025-08-31
PAY-004910,ORD-004910,JazzCash,Pending,2025-08-30
PAY-004911,ORD-004911,JazzCash,Refunded,2025-08-30
PAY-004912,ORD-004912,JazzCash,Refunded,2025-09-01
PAY-004913,ORD-004913,Cash on Delivery,Refunded,2025-08-31
PAY-004914,ORD-004914,EasyPaisa,Paid,2025-08-30
PAY-004915,ORD-004915,JazzCash,Refunded,2025-08-31
PAY-004916,ORD-004916,JazzCash,Paid,2025-09-01
PAY-004917,ORD-004917,Credit Card,Pending,2025-09-01
PAY-004918,ORD-004918,JazzCash,Paid,2025-08-31
PAY-004919,ORD-004919,Debit Card,Paid,2025-08-30
PAY-004920,ORD-004920,Debit Card,Failed,2025-08-31
PAY-004921,ORD-004921,EasyPaisa,Refunded,2025-08-31
PAY-004922,ORD-004922,Credit Card,Paid,2025-08-30
PAY-004923,ORD-004923,Credit Card,Failed,2025-08-30
PAY-004924,ORD-004924,JazzCash,Paid,2025-08-30
PAY-004925,ORD-004925,Credit Card,Paid,2025-08-30
PAY-004926,ORD-004926,Cash on Delivery,Paid,2025-09-02
PAY-004927,ORD-004927,Cash on Delivery,Paid,2025-08-31
PAY-004928,ORD-004928,JazzCash,Pending,2025-09-01
PAY-004929,ORD-004929,Credit Card,Paid,2025-09-02
PAY-004930,ORD-004930,Credit Card,Paid,2025-09-01
PAY-004931,ORD-004931,Credit Card,Paid,2025-09-01
PAY-004932,ORD-004932,Credit Card,Paid,2025-09-02
PAY-004933,ORD-004933,JazzCash,Refunded,2025-08-31
PAY-004934,ORD-004934,Credit Card,Paid,2025-09-01
PAY-004935,ORD-004935,Debit Card,Pending,2025-08-31
PAY-004936,ORD-004936,JazzCash,Paid,2025-09-02
PAY-004937,ORD-004937,JazzCash,Paid,2025-08-31
PAY-004938,ORD-004938,Credit Card,Pending,2025-09-02
PAY-004939,ORD-004939,EasyPaisa,Paid,2025-08-31
PAY-004940,ORD-004940,Cash on Delivery,Pending,2025-09-03
PAY-004941,ORD-004941,Credit Card,Refunded,2025-09-02
PAY-004942,ORD-004942,Credit Card,Paid,2025-09-02
PAY-004943,ORD-004943,EasyPaisa,Paid,2025-09-02
PAY-004944,ORD-004944,Credit Card,Paid,2025-09-01
PAY-004945,ORD-004945,JazzCash,Failed,2025-09-03
PAY-004946,ORD-004946,Credit Card,Paid,2025-09-03
PAY-004947,ORD-004947,Debit Card,Refunded,2025-09-03
PAY-004948,ORD-004948,Cash on Delivery,Paid,2025-09-04
PAY-004949,ORD-004949,Cash on Delivery,Refunded,2025-09-03
PAY-004950,ORD-004950,Credit Card,Paid,2025-09-03
PAY-004951,ORD-004951,Debit Card,Refunded,2025-09-02
PAY-004952,ORD-004952,Credit Card,Paid,2025-09-02
PAY-004953,ORD-004953,Debit Card,Pending,2025-09-03
PAY-004954,ORD-004954,Credit Card,Refunded,2025-09-03
PAY-004955,ORD-004955,Credit Card,Paid,2025-09-03
PAY-004956,ORD-004956,Bank Transfer,Paid,2025-09-07
PAY-004957,ORD-004957,Debit Card,Paid,2025-09-01
PAY-004958,ORD-004958,Cash on Delivery,Paid,2025-09-07
PAY-004959,ORD-004959,JazzCash,Paid,2025-09-03
PAY-004960,ORD-004960,Debit Card,Paid,2025-09-02
PAY-004961,ORD-004961,Debit Card,Failed,2025-09-02
PAY-004962,ORD-004962,Bank Transfer,Paid,2025-09-04
PAY-004963,ORD-004963,Credit Card,Paid,2025-09-02
PAY-004964,ORD-004964,Debit Card,Paid,2025-09-02
PAY-004965,ORD-004965,Cash on Delivery,Refunded,2025-09-05
PAY-004966,ORD-004966,Debit Card,Paid,2025-09-04
PAY-004967,ORD-004967,JazzCash,Pending,2025-09-03
PAY-004968,ORD-004968,Debit Card,Failed,2025-09-03
PAY-004969,ORD-004969,EasyPaisa,Paid,2025-09-02
PAY-004970,ORD-004970,JazzCash,Paid,2025-09-02
PAY-004971,ORD-004971,EasyPaisa,Paid,2025-09-03
PAY-004972,ORD-004972,Debit Card,Paid,2025-09-04
PAY-004973,ORD-004973,Debit Card,Paid,2025-09-03
PAY-004974,ORD-004974,EasyPaisa,Paid,2025-09-02
PAY-004975,ORD-004975,Cash on Delivery,Paid,2025-09-04
PAY-004976,ORD-004976,Cash on Delivery,Paid,2025-09-06
PAY-004977,ORD-004977,Debit Card,Paid,2025-09-03
PAY-004978,ORD-004978,Credit Card,Paid,2025-09-05
PAY-004979,ORD-004979,Debit Card,Paid,2025-09-04
PAY-004980,ORD-004980,EasyPaisa,Paid,2025-09-05
PAY-004981,ORD-004981,Credit Card,Paid,2025-09-03
PAY-004982,ORD-004982,EasyPaisa,Paid,2025-09-03
PAY-004983,ORD-004983,Cash on Delivery,Paid,2025-09-04
PAY-004984,ORD-004984,JazzCash,Paid,2025-09-04
PAY-004985,ORD-004985,Cash on Delivery,Paid,2025-09-05
PAY-004986,ORD-004986,JazzCash,Paid,2025-09-04
PAY-004987,ORD-004987,Cash on Delivery,Paid,2025-09-09
PAY-004988,ORD-004988,EasyPaisa,Paid,2025-09-03
PAY-004989,ORD-004989,JazzCash,Paid,2025-09-05
PAY-004990,ORD-004990,Bank Transfer,Paid,2025-09-06
PAY-004991,ORD-004991,Cash on Delivery,Failed,2025-09-06
PAY-004992,ORD-004992,EasyPaisa,Paid,2025-09-04
PAY-004993,ORD-004993,EasyPaisa,Refunded,2025-09-06
PAY-004994,ORD-004994,JazzCash,Paid,2025-09-05
PAY-004995,ORD-004995,Debit Card,Failed,2025-09-05
PAY-004996,ORD-004996,Cash on Delivery,Paid,2025-09-07
PAY-004997,ORD-004997,Bank Transfer,Paid,2025-09-05
PAY-004998,ORD-004998,Credit Card,Pending,2025-09-04
PAY-004999,ORD-004999,Bank Transfer,Paid,2025-09-06
PAY-005000,ORD-005000,EasyPaisa,Paid,2025-09-05
PAY-005001,ORD-005001,Bank Transfer,Failed,2025-09-08
PAY-005002,ORD-005002,EasyPaisa,Paid,2025-09-04
PAY-005003,ORD-005003,Cash on Delivery,Paid,2025-09-10
PAY-005004,ORD-005004,Debit Card,Paid,2025-09-06
PAY-005005,ORD-005005,Debit Card,Paid,2025-09-04
PAY-005006,ORD-005006,EasyPaisa,Paid,2025-09-06
PAY-005007,ORD-005007,Cash on Delivery,Paid,2025-09-10
PAY-005008,ORD-005008,Cash on Delivery,Refunded,2025-09-09
PAY-005009,ORD-005009,JazzCash,Paid,2025-09-07
PAY-005010,ORD-005010,Credit Card,Paid,2025-09-05
PAY-005011,ORD-005011,EasyPaisa,Paid,2025-09-06
PAY-005012,ORD-005012,Credit Card,Refunded,2025-09-07
PAY-005013,ORD-005013,Cash on Delivery,Paid,2025-09-09
PAY-005014,ORD-005014,Cash on Delivery,Paid,2025-09-10
PAY-005015,ORD-005015,Cash on Delivery,Paid,2025-09-06
PAY-005016,ORD-005016,Bank Transfer,Paid,2025-09-09
PAY-005017,ORD-005017,Cash on Delivery,Paid,2025-09-06
PAY-005018,ORD-005018,Cash on Delivery,Paid,2025-09-06
PAY-005019,ORD-005019,Cash on Delivery,Paid,2025-09-08
PAY-005020,ORD-005020,Bank Transfer,Refunded,2025-09-09
PAY-005021,ORD-005021,Credit Card,Paid,2025-09-06
PAY-005022,ORD-005022,JazzCash,Paid,2025-09-06
PAY-005023,ORD-005023,Credit Card,Refunded,2025-09-08
PAY-005024,ORD-005024,JazzCash,Pending,2025-09-08
PAY-005025,ORD-005025,JazzCash,Refunded,2025-09-06
PAY-005026,ORD-005026,Debit Card,Paid,2025-09-06
PAY-005027,ORD-005027,JazzCash,Paid,2025-09-07
PAY-005028,ORD-005028,JazzCash,Failed,2025-09-07
PAY-005029,ORD-005029,Cash on Delivery,Paid,2025-09-07
PAY-005030,ORD-005030,Debit Card,Paid,2025-09-07
PAY-005031,ORD-005031,EasyPaisa,Paid,2025-09-06
PAY-005032,ORD-005032,Credit Card,Paid,2025-09-07
PAY-005033,ORD-005033,Cash on Delivery,Refunded,2025-09-09
PAY-005034,ORD-005034,Credit Card,Paid,2025-09-07
PAY-005035,ORD-005035,Cash on Delivery,Paid,2025-09-11
PAY-005036,ORD-005036,Credit Card,Paid,2025-09-07
PAY-005037,ORD-005037,EasyPaisa,Paid,2025-09-07
PAY-005038,ORD-005038,Credit Card,Paid,2025-09-07
PAY-005039,ORD-005039,Debit Card,Pending,2025-09-09
PAY-005040,ORD-005040,Debit Card,Paid,2025-09-07
PAY-005041,ORD-005041,Cash on Delivery,Refunded,2025-09-10
PAY-005042,ORD-005042,Cash on Delivery,Pending,2025-09-11
PAY-005043,ORD-005043,Cash on Delivery,Failed,2025-09-13
PAY-005044,ORD-005044,Debit Card,Refunded,2025-09-08
PAY-005045,ORD-005045,Debit Card,Paid,2025-09-08
PAY-005046,ORD-005046,JazzCash,Paid,2025-09-07
PAY-005047,ORD-005047,Debit Card,Paid,2025-09-09
PAY-005048,ORD-005048,Debit Card,Refunded,2025-09-07
PAY-005049,ORD-005049,JazzCash,Paid,2025-09-08
PAY-005050,ORD-005050,Debit Card,Pending,2025-09-10
PAY-005051,ORD-005051,Credit Card,Paid,2025-09-10
PAY-005052,ORD-005052,Credit Card,Paid,2025-09-08
PAY-005053,ORD-005053,Cash on Delivery,Paid,2025-09-09
PAY-005054,ORD-005054,Bank Transfer,Failed,2025-09-12
PAY-005055,ORD-005055,EasyPaisa,Paid,2025-09-08
PAY-005056,ORD-005056,Credit Card,Failed,2025-09-08
PAY-005057,ORD-005057,Cash on Delivery,Paid,2025-09-14
PAY-005058,ORD-005058,Cash on Delivery,Paid,2025-09-11
PAY-005059,ORD-005059,EasyPaisa,Paid,2025-09-09
PAY-005060,ORD-005060,Debit Card,Paid,2025-09-10
PAY-005061,ORD-005061,Cash on Delivery,Pending,2025-09-13
PAY-005062,ORD-005062,Credit Card,Refunded,2025-09-08
PAY-005063,ORD-005063,Debit Card,Failed,2025-09-10
PAY-005064,ORD-005064,Cash on Delivery,Paid,2025-09-11
PAY-005065,ORD-005065,Debit Card,Paid,2025-09-10
PAY-005066,ORD-005066,Credit Card,Paid,2025-09-11
PAY-005067,ORD-005067,Cash on Delivery,Paid,2025-09-13
PAY-005068,ORD-005068,JazzCash,Paid,2025-09-11
PAY-005069,ORD-005069,Debit Card,Paid,2025-09-09
PAY-005070,ORD-005070,EasyPaisa,Paid,2025-09-10
PAY-005071,ORD-005071,Debit Card,Paid,2025-09-09
PAY-005072,ORD-005072,Credit Card,Paid,2025-09-10
PAY-005073,ORD-005073,Debit Card,Paid,2025-09-09
PAY-005074,ORD-005074,Cash on Delivery,Paid,2025-09-10
PAY-005075,ORD-005075,EasyPaisa,Paid,2025-09-10
PAY-005076,ORD-005076,Credit Card,Paid,2025-09-11
PAY-005077,ORD-005077,Credit Card,Paid,2025-09-09
PAY-005078,ORD-005078,EasyPaisa,Refunded,2025-09-11
PAY-005079,ORD-005079,JazzCash,Paid,2025-09-10
PAY-005080,ORD-005080,Credit Card,Paid,2025-09-11
PAY-005081,ORD-005081,Cash on Delivery,Paid,2025-09-14
PAY-005082,ORD-005082,Credit Card,Paid,2025-09-11
PAY-005083,ORD-005083,Debit Card,Refunded,2025-09-10
PAY-005084,ORD-005084,Debit Card,Paid,2025-09-11
PAY-005085,ORD-005085,Cash on Delivery,Paid,2025-09-12
PAY-005086,ORD-005086,Cash on Delivery,Paid,2025-09-14
PAY-005087,ORD-005087,Credit Card,Paid,2025-09-12
PAY-005088,ORD-005088,JazzCash,Paid,2025-09-12
PAY-005089,ORD-005089,Cash on Delivery,Pending,2025-09-13
PAY-005090,ORD-005090,Credit Card,Paid,2025-09-10
PAY-005091,ORD-005091,Cash on Delivery,Paid,2025-09-16
PAY-005092,ORD-005092,JazzCash,Paid,2025-09-10
PAY-005093,ORD-005093,JazzCash,Paid,2025-09-10
PAY-005094,ORD-005094,Cash on Delivery,Paid,2025-09-14
PAY-005095,ORD-005095,Debit Card,Paid,2025-09-12
PAY-005096,ORD-005096,EasyPaisa,Paid,2025-09-11
PAY-005097,ORD-005097,Cash on Delivery,Paid,2025-09-16
PAY-005098,ORD-005098,Debit Card,Paid,2025-09-12
PAY-005099,ORD-005099,Credit Card,Paid,2025-09-11
PAY-005100,ORD-005100,Cash on Delivery,Paid,2025-09-14
PAY-005101,ORD-005101,Cash on Delivery,Refunded,2025-09-12
PAY-005102,ORD-005102,Debit Card,Paid,2025-09-13
PAY-005103,ORD-005103,Cash on Delivery,Paid,2025-09-17
PAY-005104,ORD-005104,JazzCash,Refunded,2025-09-11
PAY-005105,ORD-005105,JazzCash,Paid,2025-09-12
PAY-005106,ORD-005106,Debit Card,Refunded,2025-09-11
PAY-005107,ORD-005107,EasyPaisa,Paid,2025-09-13
PAY-005108,ORD-005108,Credit Card,Paid,2025-09-12
PAY-005109,ORD-005109,Credit Card,Failed,2025-09-12
PAY-005110,ORD-005110,Credit Card,Refunded,2025-09-12
PAY-005111,ORD-005111,EasyPaisa,Paid,2025-09-12
PAY-005112,ORD-005112,Bank Transfer,Paid,2025-09-14
PAY-005113,ORD-005113,EasyPaisa,Paid,2025-09-11
PAY-005114,ORD-005114,EasyPaisa,Paid,2025-09-11
PAY-005115,ORD-005115,Cash on Delivery,Paid,2025-09-16
PAY-005116,ORD-005116,Credit Card,Paid,2025-09-11
PAY-005117,ORD-005117,Cash on Delivery,Pending,2025-09-18
PAY-005118,ORD-005118,Cash on Delivery,Paid,2025-09-18
PAY-005119,ORD-005119,Credit Card,Refunded,2025-09-14
PAY-005120,ORD-005120,Cash on Delivery,Failed,2025-09-15
PAY-005121,ORD-005121,EasyPaisa,Paid,2025-09-13
PAY-005122,ORD-005122,Debit Card,Pending,2025-09-12
PAY-005123,ORD-005123,EasyPaisa,Paid,2025-09-13
PAY-005124,ORD-005124,Bank Transfer,Paid,2025-09-14
PAY-005125,ORD-005125,Credit Card,Pending,2025-09-13
PAY-005126,ORD-005126,Credit Card,Paid,2025-09-12
PAY-005127,ORD-005127,Cash on Delivery,Paid,2025-09-14
PAY-005128,ORD-005128,EasyPaisa,Refunded,2025-09-12
PAY-005129,ORD-005129,Cash on Delivery,Paid,2025-09-14
PAY-005130,ORD-005130,Cash on Delivery,Paid,2025-09-13
PAY-005131,ORD-005131,Cash on Delivery,Paid,2025-09-13
PAY-005132,ORD-005132,JazzCash,Paid,2025-09-14
PAY-005133,ORD-005133,Cash on Delivery,Paid,2025-09-16
PAY-005134,ORD-005134,Credit Card,Paid,2025-09-15
PAY-005135,ORD-005135,Credit Card,Paid,2025-09-13
PAY-005136,ORD-005136,EasyPaisa,Paid,2025-09-13
PAY-005137,ORD-005137,JazzCash,Refunded,2025-09-13
PAY-005138,ORD-005138,Debit Card,Refunded,2025-09-14
PAY-005139,ORD-005139,Cash on Delivery,Refunded,2025-09-19
PAY-005140,ORD-005140,Credit Card,Paid,2025-09-14
PAY-005141,ORD-005141,Credit Card,Paid,2025-09-13
PAY-005142,ORD-005142,Bank Transfer,Paid,2025-09-18
PAY-005143,ORD-005143,Bank Transfer,Paid,2025-09-19
PAY-005144,ORD-005144,JazzCash,Pending,2025-09-14
PAY-005145,ORD-005145,Credit Card,Paid,2025-09-15
PAY-005146,ORD-005146,Cash on Delivery,Paid,2025-09-17
PAY-005147,ORD-005147,Credit Card,Paid,2025-09-15
PAY-005148,ORD-005148,Cash on Delivery,Paid,2025-09-14
PAY-005149,ORD-005149,EasyPaisa,Pending,2025-09-13
PAY-005150,ORD-005150,Debit Card,Paid,2025-09-13
PAY-005151,ORD-005151,Credit Card,Paid,2025-09-13
PAY-005152,ORD-005152,EasyPaisa,Paid,2025-09-16
PAY-005153,ORD-005153,Bank Transfer,Refunded,2025-09-16
PAY-005154,ORD-005154,Cash on Delivery,Pending,2025-09-19
PAY-005155,ORD-005155,Debit Card,Paid,2025-09-14
PAY-005156,ORD-005156,Cash on Delivery,Pending,2025-09-16
PAY-005157,ORD-005157,JazzCash,Paid,2025-09-15
PAY-005158,ORD-005158,Debit Card,Paid,2025-09-15
PAY-005159,ORD-005159,EasyPaisa,Refunded,2025-09-15
PAY-005160,ORD-005160,EasyPaisa,Paid,2025-09-14
PAY-005161,ORD-005161,EasyPaisa,Pending,2025-09-15
PAY-005162,ORD-005162,Debit Card,Refunded,2025-09-15
PAY-005163,ORD-005163,Credit Card,Paid,2025-09-17
PAY-005164,ORD-005164,Cash on Delivery,Paid,2025-09-21
PAY-005165,ORD-005165,Cash on Delivery,Paid,2025-09-18
PAY-005166,ORD-005166,Credit Card,Paid,2025-09-15
PAY-005167,ORD-005167,Credit Card,Refunded,2025-09-16
PAY-005168,ORD-005168,Cash on Delivery,Paid,2025-09-17
PAY-005169,ORD-005169,Credit Card,Paid,2025-09-15
PAY-005170,ORD-005170,JazzCash,Paid,2025-09-17
PAY-005171,ORD-005171,JazzCash,Paid,2025-09-16
PAY-005172,ORD-005172,JazzCash,Paid,2025-09-15
PAY-005173,ORD-005173,Credit Card,Paid,2025-09-16
PAY-005174,ORD-005174,Cash on Delivery,Paid,2025-09-19
PAY-005175,ORD-005175,Credit Card,Paid,2025-09-16
PAY-005176,ORD-005176,Cash on Delivery,Paid,2025-09-18
PAY-005177,ORD-005177,Credit Card,Paid,2025-09-17
PAY-005178,ORD-005178,Cash on Delivery,Paid,2025-09-19
PAY-005179,ORD-005179,Cash on Delivery,Pending,2025-09-19
PAY-005180,ORD-005180,Debit Card,Paid,2025-09-15
PAY-005181,ORD-005181,Cash on Delivery,Refunded,2025-09-16
PAY-005182,ORD-005182,Cash on Delivery,Paid,2025-09-19
PAY-005183,ORD-005183,Debit Card,Paid,2025-09-16
PAY-005184,ORD-005184,Cash on Delivery,Failed,2025-09-18
PAY-005185,ORD-005185,Bank Transfer,Paid,2025-09-18
PAY-005186,ORD-005186,Cash on Delivery,Failed,2025-09-18
PAY-005187,ORD-005187,Debit Card,Refunded,2025-09-16
PAY-005188,ORD-005188,Credit Card,Paid,2025-09-16
PAY-005189,ORD-005189,Bank Transfer,Paid,2025-09-18
PAY-005190,ORD-005190,Debit Card,Refunded,2025-09-17
PAY-005191,ORD-005191,Cash on Delivery,Paid,2025-09-17
PAY-005192,ORD-005192,Cash on Delivery,Paid,2025-09-19
PAY-005193,ORD-005193,Credit Card,Failed,2025-09-16
PAY-005194,ORD-005194,Credit Card,Paid,2025-09-16
PAY-005195,ORD-005195,Bank Transfer,Refunded,2025-09-19
PAY-005196,ORD-005196,Credit Card,Paid,2025-09-16
PAY-005197,ORD-005197,EasyPaisa,Paid,2025-09-16
PAY-005198,ORD-005198,JazzCash,Paid,2025-09-18
PAY-005199,ORD-005199,Credit Card,Paid,2025-09-17
PAY-005200,ORD-005200,Credit Card,Paid,2025-09-17
PAY-005201,ORD-005201,Debit Card,Paid,2025-09-17
PAY-005202,ORD-005202,Credit Card,Paid,2025-09-16
PAY-005203,ORD-005203,JazzCash,Paid,2025-09-18
PAY-005204,ORD-005204,Cash on Delivery,Paid,2025-09-18
PAY-005205,ORD-005205,Credit Card,Refunded,2025-09-16
PAY-005206,ORD-005206,EasyPaisa,Paid,2025-09-17
PAY-005207,ORD-005207,Debit Card,Paid,2025-09-18
PAY-005208,ORD-005208,Credit Card,Paid,2025-09-18
PAY-005209,ORD-005209,EasyPaisa,Paid,2025-09-18
PAY-005210,ORD-005210,JazzCash,Paid,2025-09-18
PAY-005211,ORD-005211,EasyPaisa,Paid,2025-09-18
PAY-005212,ORD-005212,EasyPaisa,Refunded,2025-09-18
PAY-005213,ORD-005213,Bank Transfer,Paid,2025-09-20
PAY-005214,ORD-005214,EasyPaisa,Paid,2025-09-17
PAY-005215,ORD-005215,Cash on Delivery,Paid,2025-09-19
PAY-005216,ORD-005216,Debit Card,Paid,2025-09-17
PAY-005217,ORD-005217,Cash on Delivery,Paid,2025-09-23
PAY-005218,ORD-005218,Credit Card,Paid,2025-09-19
PAY-005219,ORD-005219,Debit Card,Refunded,2025-09-18
PAY-005220,ORD-005220,Credit Card,Paid,2025-09-18
PAY-005221,ORD-005221,Debit Card,Paid,2025-09-19
PAY-005222,ORD-005222,JazzCash,Paid,2025-09-19
PAY-005223,ORD-005223,Cash on Delivery,Paid,2025-09-19
PAY-005224,ORD-005224,Debit Card,Paid,2025-09-17
PAY-005225,ORD-005225,Cash on Delivery,Paid,2025-09-23
PAY-005226,ORD-005226,Cash on Delivery,Paid,2025-09-19
PAY-005227,ORD-005227,Credit Card,Paid,2025-09-18
PAY-005228,ORD-005228,Cash on Delivery,Refunded,2025-09-20
PAY-005229,ORD-005229,JazzCash,Paid,2025-09-20
PAY-005230,ORD-005230,Credit Card,Paid,2025-09-20
PAY-005231,ORD-005231,Credit Card,Paid,2025-09-20
PAY-005232,ORD-005232,JazzCash,Paid,2025-09-20
PAY-005233,ORD-005233,Cash on Delivery,Paid,2025-09-19
PAY-005234,ORD-005234,JazzCash,Paid,2025-09-20
PAY-005235,ORD-005235,Debit Card,Paid,2025-09-19
PAY-005236,ORD-005236,EasyPaisa,Pending,2025-09-19
PAY-005237,ORD-005237,Cash on Delivery,Paid,2025-09-22
PAY-005238,ORD-005238,Debit Card,Paid,2025-09-20
PAY-005239,ORD-005239,Credit Card,Paid,2025-09-20
PAY-005240,ORD-005240,Debit Card,Paid,2025-09-20
PAY-005241,ORD-005241,Cash on Delivery,Paid,2025-09-20
PAY-005242,ORD-005242,EasyPaisa,Pending,2025-09-21
PAY-005243,ORD-005243,JazzCash,Failed,2025-09-19
PAY-005244,ORD-005244,JazzCash,Refunded,2025-09-19
PAY-005245,ORD-005245,Credit Card,Paid,2025-09-20
PAY-005246,ORD-005246,JazzCash,Paid,2025-09-19
PAY-005247,ORD-005247,EasyPaisa,Failed,2025-09-20
PAY-005248,ORD-005248,JazzCash,Refunded,2025-09-19
PAY-005249,ORD-005249,Debit Card,Paid,2025-09-20
PAY-005250,ORD-005250,Cash on Delivery,Paid,2025-09-20
PAY-005251,ORD-005251,Credit Card,Pending,2025-09-19
PAY-005252,ORD-005252,Credit Card,Paid,2025-09-19
PAY-005253,ORD-005253,Cash on Delivery,Paid,2025-09-24
PAY-005254,ORD-005254,JazzCash,Paid,2025-09-20
PAY-005255,ORD-005255,Credit Card,Paid,2025-09-20
PAY-005256,ORD-005256,Cash on Delivery,Refunded,2025-09-22
PAY-005257,ORD-005257,Bank Transfer,Paid,2025-09-22
PAY-005258,ORD-005258,Debit Card,Paid,2025-09-20
PAY-005259,ORD-005259,JazzCash,Paid,2025-09-20
PAY-005260,ORD-005260,Credit Card,Paid,2025-09-20
PAY-005261,ORD-005261,Credit Card,Paid,2025-09-20
PAY-005262,ORD-005262,Cash on Delivery,Paid,2025-09-26
PAY-005263,ORD-005263,Bank Transfer,Paid,2025-09-26
PAY-005264,ORD-005264,Credit Card,Failed,2025-09-20
PAY-005265,ORD-005265,JazzCash,Paid,2025-09-20
PAY-005266,ORD-005266,Credit Card,Refunded,2025-09-21
PAY-005267,ORD-005267,EasyPaisa,Paid,2025-09-21
PAY-005268,ORD-005268,Credit Card,Paid,2025-09-20
PAY-005269,ORD-005269,JazzCash,Refunded,2025-09-20
PAY-005270,ORD-005270,Credit Card,Pending,2025-09-21
PAY-005271,ORD-005271,Credit Card,Paid,2025-09-22
PAY-005272,ORD-005272,Cash on Delivery,Paid,2025-09-23
PAY-005273,ORD-005273,Cash on Delivery,Paid,2025-09-23
PAY-005274,ORD-005274,EasyPaisa,Paid,2025-09-20
PAY-005275,ORD-005275,Debit Card,Pending,2025-09-20
PAY-005276,ORD-005276,Credit Card,Paid,2025-09-23
PAY-005277,ORD-005277,EasyPaisa,Paid,2025-09-22
PAY-005278,ORD-005278,Credit Card,Paid,2025-09-21
PAY-005279,ORD-005279,Debit Card,Failed,2025-09-22
PAY-005280,ORD-005280,Cash on Delivery,Paid,2025-09-26
PAY-005281,ORD-005281,Debit Card,Paid,2025-09-23
PAY-005282,ORD-005282,Cash on Delivery,Paid,2025-09-24
PAY-005283,ORD-005283,Cash on Delivery,Paid,2025-09-25
PAY-005284,ORD-005284,Credit Card,Paid,2025-09-23
PAY-005285,ORD-005285,Credit Card,Pending,2025-09-24
PAY-005286,ORD-005286,Cash on Delivery,Paid,2025-09-28
PAY-005287,ORD-005287,Cash on Delivery,Pending,2025-09-27
PAY-005288,ORD-005288,Cash on Delivery,Paid,2025-09-26
PAY-005289,ORD-005289,Credit Card,Paid,2025-09-24
PAY-005290,ORD-005290,Cash on Delivery,Paid,2025-09-25
PAY-005291,ORD-005291,EasyPaisa,Paid,2025-09-23
PAY-005292,ORD-005292,Debit Card,Refunded,2025-09-24
PAY-005293,ORD-005293,Debit Card,Paid,2025-09-22
PAY-005294,ORD-005294,Credit Card,Failed,2025-09-22
PAY-005295,ORD-005295,Cash on Delivery,Paid,2025-09-24
PAY-005296,ORD-005296,JazzCash,Paid,2025-09-24
PAY-005297,ORD-005297,Credit Card,Paid,2025-09-24
PAY-005298,ORD-005298,Cash on Delivery,Paid,2025-09-28
PAY-005299,ORD-005299,JazzCash,Paid,2025-09-22
PAY-005300,ORD-005300,Cash on Delivery,Pending,2025-09-26
PAY-005301,ORD-005301,Debit Card,Paid,2025-09-25
PAY-005302,ORD-005302,JazzCash,Paid,2025-09-23
PAY-005303,ORD-005303,Debit Card,Paid,2025-09-25
PAY-005304,ORD-005304,EasyPaisa,Paid,2025-09-24
PAY-005305,ORD-005305,Cash on Delivery,Pending,2025-09-24
PAY-005306,ORD-005306,Credit Card,Paid,2025-09-25
PAY-005307,ORD-005307,JazzCash,Paid,2025-09-23
PAY-005308,ORD-005308,Credit Card,Paid,2025-09-25
PAY-005309,ORD-005309,Credit Card,Refunded,2025-09-25
PAY-005310,ORD-005310,Cash on Delivery,Paid,2025-09-28
PAY-005311,ORD-005311,Credit Card,Failed,2025-09-24
PAY-005312,ORD-005312,Debit Card,Refunded,2025-09-23
PAY-005313,ORD-005313,Cash on Delivery,Paid,2025-09-28
PAY-005314,ORD-005314,Credit Card,Paid,2025-09-24
PAY-005315,ORD-005315,Credit Card,Paid,2025-09-23
PAY-005316,ORD-005316,Credit Card,Paid,2025-09-24
PAY-005317,ORD-005317,Debit Card,Paid,2025-09-24
PAY-005318,ORD-005318,Debit Card,Paid,2025-09-23
PAY-005319,ORD-005319,Bank Transfer,Paid,2025-09-24
PAY-005320,ORD-005320,JazzCash,Paid,2025-09-23
PAY-005321,ORD-005321,Cash on Delivery,Paid,2025-09-29
PAY-005322,ORD-005322,Cash on Delivery,Paid,2025-09-29
PAY-005323,ORD-005323,Cash on Delivery,Paid,2025-09-25
PAY-005324,ORD-005324,EasyPaisa,Failed,2025-09-26
PAY-005325,ORD-005325,EasyPaisa,Pending,2025-09-25
PAY-005326,ORD-005326,Credit Card,Paid,2025-09-26
PAY-005327,ORD-005327,Bank Transfer,Paid,2025-09-30
PAY-005328,ORD-005328,Bank Transfer,Paid,2025-09-28
PAY-005329,ORD-005329,JazzCash,Paid,2025-09-25
PAY-005330,ORD-005330,Debit Card,Paid,2025-09-26
PAY-005331,ORD-005331,JazzCash,Paid,2025-09-24
PAY-005332,ORD-005332,Debit Card,Refunded,2025-09-24
PAY-005333,ORD-005333,Bank Transfer,Paid,2025-09-29
PAY-005334,ORD-005334,EasyPaisa,Refunded,2025-09-26
PAY-005335,ORD-005335,EasyPaisa,Paid,2025-09-25
PAY-005336,ORD-005336,JazzCash,Paid,2025-09-26
PAY-005337,ORD-005337,Cash on Delivery,Paid,2025-09-29
PAY-005338,ORD-005338,Bank Transfer,Paid,2025-09-30
PAY-005339,ORD-005339,Credit Card,Refunded,2025-09-25
PAY-005340,ORD-005340,JazzCash,Paid,2025-09-26
PAY-005341,ORD-005341,JazzCash,Paid,2025-09-25
PAY-005342,ORD-005342,Bank Transfer,Paid,2025-09-29
PAY-005343,ORD-005343,Credit Card,Paid,2025-09-24
PAY-005344,ORD-005344,Cash on Delivery,Paid,2025-09-30
PAY-005345,ORD-005345,EasyPaisa,Paid,2025-09-25
PAY-005346,ORD-005346,Cash on Delivery,Paid,2025-09-27
PAY-005347,ORD-005347,Debit Card,Refunded,2025-09-25
PAY-005348,ORD-005348,JazzCash,Refunded,2025-09-26
PAY-005349,ORD-005349,Debit Card,Paid,2025-09-26
PAY-005350,ORD-005350,EasyPaisa,Paid,2025-09-26
PAY-005351,ORD-005351,Credit Card,Paid,2025-09-25
PAY-005352,ORD-005352,EasyPaisa,Paid,2025-09-27
PAY-005353,ORD-005353,Credit Card,Paid,2025-09-26
PAY-005354,ORD-005354,Cash on Delivery,Paid,2025-09-26
PAY-005355,ORD-005355,Debit Card,Paid,2025-09-26
PAY-005356,ORD-005356,Cash on Delivery,Paid,2025-09-28
PAY-005357,ORD-005357,EasyPaisa,Paid,2025-09-25
PAY-005358,ORD-005358,Credit Card,Refunded,2025-09-25
PAY-005359,ORD-005359,Cash on Delivery,Pending,2025-09-30
PAY-005360,ORD-005360,Cash on Delivery,Paid,2025-09-28
PAY-005361,ORD-005361,EasyPaisa,Refunded,2025-09-25
PAY-005362,ORD-005362,Cash on Delivery,Paid,2025-10-01
PAY-005363,ORD-005363,Cash on Delivery,Paid,2025-09-28
PAY-005364,ORD-005364,Cash on Delivery,Failed,2025-09-28
PAY-005365,ORD-005365,Cash on Delivery,Paid,2025-10-01
PAY-005366,ORD-005366,Credit Card,Failed,2025-09-26
PAY-005367,ORD-005367,Debit Card,Paid,2025-09-27
PAY-005368,ORD-005368,Credit Card,Paid,2025-09-27
PAY-005369,ORD-005369,Cash on Delivery,Pending,2025-09-27
PAY-005370,ORD-005370,EasyPaisa,Refunded,2025-09-26
PAY-005371,ORD-005371,Cash on Delivery,Paid,2025-09-27
PAY-005372,ORD-005372,JazzCash,Paid,2025-09-28
PAY-005373,ORD-005373,Credit Card,Paid,2025-09-27
PAY-005374,ORD-005374,Credit Card,Paid,2025-09-27
PAY-005375,ORD-005375,Cash on Delivery,Paid,2025-09-27
PAY-005376,ORD-005376,JazzCash,Paid,2025-09-28
PAY-005377,ORD-005377,Cash on Delivery,Paid,2025-09-30
PAY-005378,ORD-005378,Debit Card,Paid,2025-09-28
PAY-005379,ORD-005379,JazzCash,Paid,2025-09-26
PAY-005380,ORD-005380,Debit Card,Paid,2025-09-27
PAY-005381,ORD-005381,Cash on Delivery,Paid,2025-10-02
PAY-005382,ORD-005382,Debit Card,Paid,2025-09-27
PAY-005383,ORD-005383,Cash on Delivery,Paid,2025-09-28
PAY-005384,ORD-005384,Bank Transfer,Paid,2025-09-27
PAY-005385,ORD-005385,EasyPaisa,Failed,2025-09-28
PAY-005386,ORD-005386,Cash on Delivery,Pending,2025-10-02
PAY-005387,ORD-005387,Credit Card,Failed,2025-09-28
PAY-005388,ORD-005388,Credit Card,Paid,2025-09-27
PAY-005389,ORD-005389,Credit Card,Paid,2025-09-28
PAY-005390,ORD-005390,EasyPaisa,Failed,2025-09-29
PAY-005391,ORD-005391,JazzCash,Paid,2025-09-27
PAY-005392,ORD-005392,Debit Card,Paid,2025-09-27
PAY-005393,ORD-005393,Credit Card,Paid,2025-09-29
PAY-005394,ORD-005394,EasyPaisa,Paid,2025-09-27
PAY-005395,ORD-005395,Debit Card,Paid,2025-09-29
PAY-005396,ORD-005396,Cash on Delivery,Pending,2025-09-30
PAY-005397,ORD-005397,Debit Card,Refunded,2025-09-28
PAY-005398,ORD-005398,JazzCash,Paid,2025-09-27
PAY-005399,ORD-005399,Credit Card,Paid,2025-09-27
PAY-005400,ORD-005400,Cash on Delivery,Failed,2025-10-02
PAY-005401,ORD-005401,Credit Card,Refunded,2025-09-29
PAY-005402,ORD-005402,JazzCash,Paid,2025-09-29
PAY-005403,ORD-005403,Debit Card,Paid,2025-09-28
PAY-005404,ORD-005404,EasyPaisa,Paid,2025-09-29
PAY-005405,ORD-005405,Cash on Delivery,Paid,2025-09-30
PAY-005406,ORD-005406,Cash on Delivery,Paid,2025-09-28
PAY-005407,ORD-005407,Cash on Delivery,Paid,2025-10-02
PAY-005408,ORD-005408,Cash on Delivery,Paid,2025-10-04
PAY-005409,ORD-005409,EasyPaisa,Pending,2025-09-29
PAY-005410,ORD-005410,Credit Card,Paid,2025-09-30
PAY-005411,ORD-005411,Cash on Delivery,Pending,2025-10-01
PAY-005412,ORD-005412,JazzCash,Paid,2025-09-28
PAY-005413,ORD-005413,JazzCash,Pending,2025-09-29
PAY-005414,ORD-005414,Debit Card,Paid,2025-09-29
PAY-005415,ORD-005415,JazzCash,Refunded,2025-09-30
PAY-005416,ORD-005416,Debit Card,Paid,2025-09-28
PAY-005417,ORD-005417,Cash on Delivery,Failed,2025-09-30
PAY-005418,ORD-005418,EasyPaisa,Refunded,2025-09-30
PAY-005419,ORD-005419,Bank Transfer,Paid,2025-09-29
PAY-005420,ORD-005420,Debit Card,Refunded,2025-09-30
PAY-005421,ORD-005421,Debit Card,Refunded,2025-09-30
PAY-005422,ORD-005422,Debit Card,Paid,2025-09-28
PAY-005423,ORD-005423,Cash on Delivery,Failed,2025-10-05
PAY-005424,ORD-005424,EasyPaisa,Paid,2025-09-30
PAY-005425,ORD-005425,Credit Card,Paid,2025-09-29
PAY-005426,ORD-005426,JazzCash,Paid,2025-09-29
PAY-005427,ORD-005427,Credit Card,Paid,2025-09-29
PAY-005428,ORD-005428,EasyPaisa,Pending,2025-10-01
PAY-005429,ORD-005429,Cash on Delivery,Paid,2025-10-04
PAY-005430,ORD-005430,EasyPaisa,Paid,2025-10-01
PAY-005431,ORD-005431,Cash on Delivery,Refunded,2025-10-01
PAY-005432,ORD-005432,Cash on Delivery,Paid,2025-10-05
PAY-005433,ORD-005433,Cash on Delivery,Paid,2025-09-30
PAY-005434,ORD-005434,Credit Card,Paid,2025-10-01
PAY-005435,ORD-005435,JazzCash,Refunded,2025-10-01
PAY-005436,ORD-005436,Cash on Delivery,Paid,2025-09-30
PAY-005437,ORD-005437,Cash on Delivery,Paid,2025-09-30
PAY-005438,ORD-005438,JazzCash,Paid,2025-09-30
PAY-005439,ORD-005439,JazzCash,Pending,2025-09-30
PAY-005440,ORD-005440,JazzCash,Paid,2025-10-02
PAY-005441,ORD-005441,Cash on Delivery,Pending,2025-10-02
PAY-005442,ORD-005442,Credit Card,Paid,2025-09-30
PAY-005443,ORD-005443,Cash on Delivery,Refunded,2025-10-03
PAY-005444,ORD-005444,Credit Card,Paid,2025-10-01
PAY-005445,ORD-005445,JazzCash,Refunded,2025-10-01
PAY-005446,ORD-005446,Bank Transfer,Paid,2025-10-02
PAY-005447,ORD-005447,Cash on Delivery,Paid,2025-10-01
PAY-005448,ORD-005448,Credit Card,Paid,2025-09-30
PAY-005449,ORD-005449,JazzCash,Paid,2025-10-01
PAY-005450,ORD-005450,Credit Card,Paid,2025-10-01
PAY-005451,ORD-005451,JazzCash,Refunded,2025-09-30
PAY-005452,ORD-005452,Debit Card,Pending,2025-09-30
PAY-005453,ORD-005453,Bank Transfer,Paid,2025-10-01
PAY-005454,ORD-005454,Debit Card,Paid,2025-10-02
PAY-005455,ORD-005455,JazzCash,Paid,2025-10-01
PAY-005456,ORD-005456,Credit Card,Paid,2025-10-01
PAY-005457,ORD-005457,Cash on Delivery,Paid,2025-10-05
PAY-005458,ORD-005458,Credit Card,Paid,2025-09-30
PAY-005459,ORD-005459,Credit Card,Paid,2025-10-01
PAY-005460,ORD-005460,Cash on Delivery,Paid,2025-10-03
PAY-005461,ORD-005461,JazzCash,Paid,2025-09-30
PAY-005462,ORD-005462,Credit Card,Paid,2025-10-02
PAY-005463,ORD-005463,Cash on Delivery,Paid,2025-10-05
PAY-005464,ORD-005464,Credit Card,Paid,2025-10-01
PAY-005465,ORD-005465,Cash on Delivery,Paid,2025-10-06
PAY-005466,ORD-005466,Cash on Delivery,Paid,2025-10-05
PAY-005467,ORD-005467,Cash on Delivery,Paid,2025-10-07
PAY-005468,ORD-005468,Credit Card,Failed,2025-10-01
PAY-005469,ORD-005469,EasyPaisa,Refunded,2025-10-02
PAY-005470,ORD-005470,Cash on Delivery,Paid,2025-10-02
PAY-005471,ORD-005471,Debit Card,Paid,2025-10-03
PAY-005472,ORD-005472,JazzCash,Paid,2025-10-02
PAY-005473,ORD-005473,Cash on Delivery,Paid,2025-10-05
PAY-005474,ORD-005474,Credit Card,Paid,2025-10-01
PAY-005475,ORD-005475,JazzCash,Refunded,2025-10-01
PAY-005476,ORD-005476,Debit Card,Paid,2025-10-02
PAY-005477,ORD-005477,Credit Card,Paid,2025-10-01
PAY-005478,ORD-005478,Credit Card,Paid,2025-10-02
PAY-005479,ORD-005479,Debit Card,Paid,2025-10-03
PAY-005480,ORD-005480,Credit Card,Paid,2025-10-04
PAY-005481,ORD-005481,Credit Card,Paid,2025-10-02
PAY-005482,ORD-005482,Debit Card,Paid,2025-10-03
PAY-005483,ORD-005483,Credit Card,Paid,2025-10-04
PAY-005484,ORD-005484,Credit Card,Paid,2025-10-02
PAY-005485,ORD-005485,Credit Card,Paid,2025-10-03
PAY-005486,ORD-005486,Debit Card,Paid,2025-10-03
PAY-005487,ORD-005487,Cash on Delivery,Failed,2025-10-07
PAY-005488,ORD-005488,Credit Card,Pending,2025-10-02
PAY-005489,ORD-005489,Cash on Delivery,Refunded,2025-10-03
PAY-005490,ORD-005490,JazzCash,Paid,2025-10-04
PAY-005491,ORD-005491,Cash on Delivery,Paid,2025-10-05
PAY-005492,ORD-005492,EasyPaisa,Paid,2025-10-02
PAY-005493,ORD-005493,Cash on Delivery,Paid,2025-10-04
PAY-005494,ORD-005494,Credit Card,Paid,2025-10-04
PAY-005495,ORD-005495,Debit Card,Paid,2025-10-05
PAY-005496,ORD-005496,JazzCash,Failed,2025-10-03
PAY-005497,ORD-005497,EasyPaisa,Failed,2025-10-03
PAY-005498,ORD-005498,JazzCash,Paid,2025-10-04
PAY-005499,ORD-005499,JazzCash,Refunded,2025-10-05
PAY-005500,ORD-005500,Credit Card,Paid,2025-10-05
PAY-005501,ORD-005501,Debit Card,Paid,2025-10-03
PAY-005502,ORD-005502,Bank Transfer,Paid,2025-10-07
PAY-005503,ORD-005503,Credit Card,Failed,2025-10-04
PAY-005504,ORD-005504,Cash on Delivery,Paid,2025-10-09
PAY-005505,ORD-005505,Credit Card,Paid,2025-10-05
PAY-005506,ORD-005506,Credit Card,Paid,2025-10-04
PAY-005507,ORD-005507,Bank Transfer,Paid,2025-10-05
PAY-005508,ORD-005508,Debit Card,Refunded,2025-10-03
PAY-005509,ORD-005509,Debit Card,Refunded,2025-10-03
PAY-005510,ORD-005510,Debit Card,Paid,2025-10-03
PAY-005511,ORD-005511,Credit Card,Paid,2025-10-03
PAY-005512,ORD-005512,Cash on Delivery,Paid,2025-10-05
PAY-005513,ORD-005513,Debit Card,Paid,2025-10-04
PAY-005514,ORD-005514,EasyPaisa,Paid,2025-10-05
PAY-005515,ORD-005515,Credit Card,Paid,2025-10-05
PAY-005516,ORD-005516,Credit Card,Paid,2025-10-05
PAY-005517,ORD-005517,Bank Transfer,Refunded,2025-10-04
PAY-005518,ORD-005518,Credit Card,Refunded,2025-10-06
PAY-005519,ORD-005519,JazzCash,Paid,2025-10-04
PAY-005520,ORD-005520,Credit Card,Paid,2025-10-06
PAY-005521,ORD-005521,Debit Card,Refunded,2025-10-06
PAY-005522,ORD-005522,Cash on Delivery,Paid,2025-10-08
PAY-005523,ORD-005523,Debit Card,Paid,2025-10-05
PAY-005524,ORD-005524,EasyPaisa,Refunded,2025-10-06
PAY-005525,ORD-005525,Cash on Delivery,Paid,2025-10-06
PAY-005526,ORD-005526,Cash on Delivery,Paid,2025-10-07
PAY-005527,ORD-005527,Cash on Delivery,Paid,2025-10-09
PAY-005528,ORD-005528,Credit Card,Paid,2025-10-04
PAY-005529,ORD-005529,Debit Card,Paid,2025-10-04
PAY-005530,ORD-005530,Credit Card,Refunded,2025-10-06
PAY-005531,ORD-005531,Cash on Delivery,Paid,2025-10-06
PAY-005532,ORD-005532,JazzCash,Refunded,2025-10-04
PAY-005533,ORD-005533,Credit Card,Paid,2025-10-05
PAY-005534,ORD-005534,Cash on Delivery,Paid,2025-10-10
PAY-005535,ORD-005535,Credit Card,Paid,2025-10-06
PAY-005536,ORD-005536,Credit Card,Failed,2025-10-07
PAY-005537,ORD-005537,Cash on Delivery,Pending,2025-10-07
PAY-005538,ORD-005538,Debit Card,Paid,2025-10-07
PAY-005539,ORD-005539,EasyPaisa,Paid,2025-10-06
PAY-005540,ORD-005540,JazzCash,Paid,2025-10-05
PAY-005541,ORD-005541,Cash on Delivery,Refunded,2025-10-08
PAY-005542,ORD-005542,Credit Card,Pending,2025-10-06
PAY-005543,ORD-005543,Debit Card,Paid,2025-10-05
PAY-005544,ORD-005544,JazzCash,Paid,2025-10-06
PAY-005545,ORD-005545,Credit Card,Refunded,2025-10-07
PAY-005546,ORD-005546,Cash on Delivery,Paid,2025-10-09
PAY-005547,ORD-005547,Cash on Delivery,Paid,2025-10-08
PAY-005548,ORD-005548,JazzCash,Refunded,2025-10-06
PAY-005549,ORD-005549,JazzCash,Pending,2025-10-07
PAY-005550,ORD-005550,Debit Card,Paid,2025-10-07
PAY-005551,ORD-005551,Cash on Delivery,Pending,2025-10-11
PAY-005552,ORD-005552,Cash on Delivery,Pending,2025-10-08
PAY-005553,ORD-005553,EasyPaisa,Paid,2025-10-06
PAY-005554,ORD-005554,EasyPaisa,Paid,2025-10-07
PAY-005555,ORD-005555,Cash on Delivery,Paid,2025-10-10
PAY-005556,ORD-005556,EasyPaisa,Paid,2025-10-06
PAY-005557,ORD-005557,EasyPaisa,Paid,2025-10-08
PAY-005558,ORD-005558,JazzCash,Paid,2025-10-08
PAY-005559,ORD-005559,EasyPaisa,Paid,2025-10-08
PAY-005560,ORD-005560,Credit Card,Pending,2025-10-06
PAY-005561,ORD-005561,Cash on Delivery,Paid,2025-10-11
PAY-005562,ORD-005562,JazzCash,Paid,2025-10-08
PAY-005563,ORD-005563,Credit Card,Pending,2025-10-07
PAY-005564,ORD-005564,EasyPaisa,Paid,2025-10-07
PAY-005565,ORD-005565,JazzCash,Paid,2025-10-08
PAY-005566,ORD-005566,JazzCash,Refunded,2025-10-07
PAY-005567,ORD-005567,Debit Card,Paid,2025-10-09
PAY-005568,ORD-005568,EasyPaisa,Paid,2025-10-09
PAY-005569,ORD-005569,EasyPaisa,Paid,2025-10-09
PAY-005570,ORD-005570,Debit Card,Paid,2025-10-08
PAY-005571,ORD-005571,JazzCash,Refunded,2025-10-07
PAY-005572,ORD-005572,EasyPaisa,Refunded,2025-10-09
PAY-005573,ORD-005573,Debit Card,Paid,2025-10-08
PAY-005574,ORD-005574,EasyPaisa,Paid,2025-10-09
PAY-005575,ORD-005575,Credit Card,Paid,2025-10-07
PAY-005576,ORD-005576,JazzCash,Failed,2025-10-07
PAY-005577,ORD-005577,Cash on Delivery,Paid,2025-10-08
PAY-005578,ORD-005578,Credit Card,Paid,2025-10-09
PAY-005579,ORD-005579,Credit Card,Refunded,2025-10-08
PAY-005580,ORD-005580,Debit Card,Paid,2025-10-09
PAY-005581,ORD-005581,Credit Card,Paid,2025-10-07
PAY-005582,ORD-005582,Credit Card,Refunded,2025-10-08
PAY-005583,ORD-005583,Credit Card,Paid,2025-10-08
PAY-005584,ORD-005584,Cash on Delivery,Refunded,2025-10-10
PAY-005585,ORD-005585,JazzCash,Paid,2025-10-10
PAY-005586,ORD-005586,Credit Card,Pending,2025-10-09
PAY-005587,ORD-005587,Cash on Delivery,Paid,2025-10-09
PAY-005588,ORD-005588,Cash on Delivery,Refunded,2025-10-13
PAY-005589,ORD-005589,EasyPaisa,Refunded,2025-10-09
PAY-005590,ORD-005590,Bank Transfer,Paid,2025-10-10
PAY-005591,ORD-005591,Cash on Delivery,Paid,2025-10-12
PAY-005592,ORD-005592,Credit Card,Failed,2025-10-09
PAY-005593,ORD-005593,Bank Transfer,Paid,2025-10-14
PAY-005594,ORD-005594,Debit Card,Refunded,2025-10-08
PAY-005595,ORD-005595,Credit Card,Paid,2025-10-08
PAY-005596,ORD-005596,Debit Card,Paid,2025-10-09
PAY-005597,ORD-005597,JazzCash,Paid,2025-10-08
PAY-005598,ORD-005598,JazzCash,Paid,2025-10-09
PAY-005599,ORD-005599,Credit Card,Refunded,2025-10-10
PAY-005600,ORD-005600,Credit Card,Paid,2025-10-09
PAY-005601,ORD-005601,EasyPaisa,Paid,2025-10-11
PAY-005602,ORD-005602,Debit Card,Refunded,2025-10-09
PAY-005603,ORD-005603,Cash on Delivery,Paid,2025-10-10
PAY-005604,ORD-005604,JazzCash,Paid,2025-10-11
PAY-005605,ORD-005605,EasyPaisa,Paid,2025-10-10
PAY-005606,ORD-005606,Credit Card,Paid,2025-10-09
PAY-005607,ORD-005607,JazzCash,Paid,2025-10-10
PAY-005608,ORD-005608,Cash on Delivery,Paid,2025-10-12
PAY-005609,ORD-005609,Cash on Delivery,Paid,2025-10-11
PAY-005610,ORD-005610,Debit Card,Paid,2025-10-09
PAY-005611,ORD-005611,JazzCash,Paid,2025-10-10
PAY-005612,ORD-005612,Debit Card,Paid,2025-10-11
PAY-005613,ORD-005613,Credit Card,Paid,2025-10-11
PAY-005614,ORD-005614,Credit Card,Paid,2025-10-10
PAY-005615,ORD-005615,Credit Card,Paid,2025-10-12
PAY-005616,ORD-005616,Credit Card,Paid,2025-10-11
PAY-005617,ORD-005617,Credit Card,Refunded,2025-10-10
PAY-005618,ORD-005618,EasyPaisa,Paid,2025-10-10
PAY-005619,ORD-005619,Cash on Delivery,Paid,2025-10-12
PAY-005620,ORD-005620,EasyPaisa,Paid,2025-10-10
PAY-005621,ORD-005621,JazzCash,Paid,2025-10-12
PAY-005622,ORD-005622,Bank Transfer,Paid,2025-10-12
PAY-005623,ORD-005623,Cash on Delivery,Paid,2025-10-11
PAY-005624,ORD-005624,Bank Transfer,Paid,2025-10-16
PAY-005625,ORD-005625,JazzCash,Refunded,2025-10-11
PAY-005626,ORD-005626,Credit Card,Paid,2025-10-12
PAY-005627,ORD-005627,EasyPaisa,Refunded,2025-10-12
PAY-005628,ORD-005628,JazzCash,Failed,2025-10-12
PAY-005629,ORD-005629,JazzCash,Paid,2025-10-12
PAY-005630,ORD-005630,JazzCash,Refunded,2025-10-12
PAY-005631,ORD-005631,EasyPaisa,Paid,2025-10-12
PAY-005632,ORD-005632,Credit Card,Paid,2025-10-12
PAY-005633,ORD-005633,Debit Card,Refunded,2025-10-11
PAY-005634,ORD-005634,Cash on Delivery,Paid,2025-10-15
PAY-005635,ORD-005635,JazzCash,Paid,2025-10-11
PAY-005636,ORD-005636,JazzCash,Paid,2025-10-12
PAY-005637,ORD-005637,JazzCash,Paid,2025-10-13
PAY-005638,ORD-005638,Cash on Delivery,Paid,2025-10-16
PAY-005639,ORD-005639,Credit Card,Paid,2025-10-11
PAY-005640,ORD-005640,JazzCash,Paid,2025-10-11
PAY-005641,ORD-005641,Debit Card,Paid,2025-10-12
PAY-005642,ORD-005642,JazzCash,Pending,2025-10-11
PAY-005643,ORD-005643,Credit Card,Paid,2025-10-14
PAY-005644,ORD-005644,JazzCash,Paid,2025-10-13
PAY-005645,ORD-005645,JazzCash,Paid,2025-10-13
PAY-005646,ORD-005646,Cash on Delivery,Refunded,2025-10-18
PAY-005647,ORD-005647,Credit Card,Paid,2025-10-12
PAY-005648,ORD-005648,Cash on Delivery,Paid,2025-10-15
PAY-005649,ORD-005649,JazzCash,Refunded,2025-10-13
PAY-005650,ORD-005650,Bank Transfer,Paid,2025-10-18
PAY-005651,ORD-005651,Bank Transfer,Paid,2025-10-18
PAY-005652,ORD-005652,Cash on Delivery,Paid,2025-10-17
PAY-005653,ORD-005653,JazzCash,Paid,2025-10-14
PAY-005654,ORD-005654,Debit Card,Refunded,2025-10-13
PAY-005655,ORD-005655,Cash on Delivery,Paid,2025-10-14
PAY-005656,ORD-005656,Credit Card,Paid,2025-10-14
PAY-005657,ORD-005657,Credit Card,Pending,2025-10-13
PAY-005658,ORD-005658,Debit Card,Paid,2025-10-15
PAY-005659,ORD-005659,Credit Card,Failed,2025-10-14
PAY-005660,ORD-005660,Credit Card,Paid,2025-10-14
PAY-005661,ORD-005661,Debit Card,Paid,2025-10-14
PAY-005662,ORD-005662,Cash on Delivery,Failed,2025-10-18
PAY-005663,ORD-005663,Cash on Delivery,Paid,2025-10-16
PAY-005664,ORD-005664,Credit Card,Paid,2025-10-15
PAY-005665,ORD-005665,Cash on Delivery,Paid,2025-10-14
PAY-005666,ORD-005666,Credit Card,Paid,2025-10-14
PAY-005667,ORD-005667,Credit Card,Paid,2025-10-15
PAY-005668,ORD-005668,Credit Card,Paid,2025-10-15
PAY-005669,ORD-005669,Credit Card,Paid,2025-10-15
PAY-005670,ORD-005670,Debit Card,Paid,2025-10-14
PAY-005671,ORD-005671,Cash on Delivery,Paid,2025-10-17
PAY-005672,ORD-005672,JazzCash,Paid,2025-10-16
PAY-005673,ORD-005673,Bank Transfer,Paid,2025-10-16
PAY-005674,ORD-005674,Debit Card,Paid,2025-10-14
PAY-005675,ORD-005675,Credit Card,Paid,2025-10-14
PAY-005676,ORD-005676,Debit Card,Paid,2025-10-16
PAY-005677,ORD-005677,Cash on Delivery,Paid,2025-10-20
PAY-005678,ORD-005678,Cash on Delivery,Refunded,2025-10-17
PAY-005679,ORD-005679,JazzCash,Paid,2025-10-15
PAY-005680,ORD-005680,Credit Card,Paid,2025-10-15
PAY-005681,ORD-005681,Credit Card,Paid,2025-10-14
PAY-005682,ORD-005682,EasyPaisa,Paid,2025-10-15
PAY-005683,ORD-005683,Cash on Delivery,Paid,2025-10-20
PAY-005684,ORD-005684,JazzCash,Failed,2025-10-15
PAY-005685,ORD-005685,Cash on Delivery,Paid,2025-10-15
PAY-005686,ORD-005686,EasyPaisa,Paid,2025-10-17
PAY-005687,ORD-005687,Credit Card,Paid,2025-10-17
PAY-005688,ORD-005688,EasyPaisa,Paid,2025-10-16
PAY-005689,ORD-005689,Credit Card,Paid,2025-10-16
PAY-005690,ORD-005690,Credit Card,Paid,2025-10-17
PAY-005691,ORD-005691,Debit Card,Paid,2025-10-15
PAY-005692,ORD-005692,Credit Card,Paid,2025-10-16
PAY-005693,ORD-005693,Credit Card,Paid,2025-10-17
PAY-005694,ORD-005694,Cash on Delivery,Paid,2025-10-17
PAY-005695,ORD-005695,Credit Card,Paid,2025-10-15
PAY-005696,ORD-005696,JazzCash,Paid,2025-10-16
PAY-005697,ORD-005697,JazzCash,Paid,2025-10-17
PAY-005698,ORD-005698,Cash on Delivery,Paid,2025-10-22
PAY-005699,ORD-005699,EasyPaisa,Paid,2025-10-18
PAY-005700,ORD-005700,Cash on Delivery,Refunded,2025-10-19
PAY-005701,ORD-005701,Credit Card,Paid,2025-10-17
PAY-005702,ORD-005702,JazzCash,Paid,2025-10-18
PAY-005703,ORD-005703,JazzCash,Paid,2025-10-18
PAY-005704,ORD-005704,Bank Transfer,Paid,2025-10-22
PAY-005705,ORD-005705,Credit Card,Paid,2025-10-16
PAY-005706,ORD-005706,Cash on Delivery,Paid,2025-10-21
PAY-005707,ORD-005707,Credit Card,Paid,2025-10-17
PAY-005708,ORD-005708,Cash on Delivery,Refunded,2025-10-18
PAY-005709,ORD-005709,Debit Card,Paid,2025-10-18
PAY-005710,ORD-005710,Credit Card,Pending,2025-10-16
PAY-005711,ORD-005711,EasyPaisa,Paid,2025-10-16
PAY-005712,ORD-005712,Credit Card,Paid,2025-10-18
PAY-005713,ORD-005713,Debit Card,Paid,2025-10-17
PAY-005714,ORD-005714,Debit Card,Paid,2025-10-17
PAY-005715,ORD-005715,Credit Card,Paid,2025-10-16
PAY-005716,ORD-005716,Debit Card,Paid,2025-10-17
PAY-005717,ORD-005717,Credit Card,Paid,2025-10-19
PAY-005718,ORD-005718,Debit Card,Paid,2025-10-17
PAY-005719,ORD-005719,Credit Card,Paid,2025-10-18
PAY-005720,ORD-005720,JazzCash,Paid,2025-10-17
PAY-005721,ORD-005721,Credit Card,Pending,2025-10-17
PAY-005722,ORD-005722,EasyPaisa,Paid,2025-10-19
PAY-005723,ORD-005723,EasyPaisa,Paid,2025-10-19
PAY-005724,ORD-005724,Cash on Delivery,Paid,2025-10-21
PAY-005725,ORD-005725,JazzCash,Paid,2025-10-18
PAY-005726,ORD-005726,Debit Card,Paid,2025-10-17
PAY-005727,ORD-005727,Credit Card,Paid,2025-10-18
PAY-005728,ORD-005728,Debit Card,Paid,2025-10-17
PAY-005729,ORD-005729,Cash on Delivery,Paid,2025-10-20
PAY-005730,ORD-005730,Cash on Delivery,Paid,2025-10-21
PAY-005731,ORD-005731,JazzCash,Paid,2025-10-20
PAY-005732,ORD-005732,Cash on Delivery,Pending,2025-10-19
PAY-005733,ORD-005733,Cash on Delivery,Paid,2025-10-23
PAY-005734,ORD-005734,Cash on Delivery,Paid,2025-10-22
PAY-005735,ORD-005735,Bank Transfer,Paid,2025-10-19
PAY-005736,ORD-005736,Debit Card,Paid,2025-10-19
PAY-005737,ORD-005737,Cash on Delivery,Paid,2025-10-19
PAY-005738,ORD-005738,Debit Card,Paid,2025-10-20
PAY-005739,ORD-005739,Cash on Delivery,Refunded,2025-10-20
PAY-005740,ORD-005740,Credit Card,Paid,2025-10-19
PAY-005741,ORD-005741,EasyPaisa,Paid,2025-10-20
PAY-005742,ORD-005742,Bank Transfer,Paid,2025-10-22
PAY-005743,ORD-005743,Cash on Delivery,Paid,2025-10-25
PAY-005744,ORD-005744,EasyPaisa,Paid,2025-10-20
PAY-005745,ORD-005745,JazzCash,Pending,2025-10-21
PAY-005746,ORD-005746,Credit Card,Paid,2025-10-20
PAY-005747,ORD-005747,Debit Card,Paid,2025-10-21
PAY-005748,ORD-005748,Cash on Delivery,Paid,2025-10-20
PAY-005749,ORD-005749,Credit Card,Refunded,2025-10-21
PAY-005750,ORD-005750,Bank Transfer,Paid,2025-10-25
PAY-005751,ORD-005751,Debit Card,Paid,2025-10-22
PAY-005752,ORD-005752,Cash on Delivery,Paid,2025-10-25
PAY-005753,ORD-005753,JazzCash,Paid,2025-10-21
PAY-005754,ORD-005754,Bank Transfer,Paid,2025-10-22
PAY-005755,ORD-005755,Credit Card,Refunded,2025-10-20
PAY-005756,ORD-005756,Cash on Delivery,Paid,2025-10-26
PAY-005757,ORD-005757,Debit Card,Paid,2025-10-20
PAY-005758,ORD-005758,Debit Card,Paid,2025-10-22
PAY-005759,ORD-005759,EasyPaisa,Paid,2025-10-21
PAY-005760,ORD-005760,Credit Card,Pending,2025-10-21
PAY-005761,ORD-005761,Cash on Delivery,Paid,2025-10-25
PAY-005762,ORD-005762,EasyPaisa,Failed,2025-10-23
PAY-005763,ORD-005763,Debit Card,Paid,2025-10-21
PAY-005764,ORD-005764,Cash on Delivery,Refunded,2025-10-27
PAY-005765,ORD-005765,Credit Card,Paid,2025-10-22
PAY-005766,ORD-005766,JazzCash,Paid,2025-10-21
PAY-005767,ORD-005767,JazzCash,Refunded,2025-10-23
PAY-005768,ORD-005768,Debit Card,Paid,2025-10-21
PAY-005769,ORD-005769,Credit Card,Paid,2025-10-21
PAY-005770,ORD-005770,Credit Card,Paid,2025-10-22
PAY-005771,ORD-005771,Credit Card,Paid,2025-10-22
PAY-005772,ORD-005772,JazzCash,Refunded,2025-10-23
PAY-005773,ORD-005773,Debit Card,Paid,2025-10-22
PAY-005774,ORD-005774,Credit Card,Refunded,2025-10-22
PAY-005775,ORD-005775,EasyPaisa,Paid,2025-10-22
PAY-005776,ORD-005776,Credit Card,Paid,2025-10-23
PAY-005777,ORD-005777,JazzCash,Paid,2025-10-23
PAY-005778,ORD-005778,Cash on Delivery,Paid,2025-10-26
PAY-005779,ORD-005779,Cash on Delivery,Paid,2025-10-27
PAY-005780,ORD-005780,Credit Card,Paid,2025-10-22
PAY-005781,ORD-005781,Credit Card,Paid,2025-10-22
PAY-005782,ORD-005782,Debit Card,Paid,2025-10-24
PAY-005783,ORD-005783,Credit Card,Paid,2025-10-23
PAY-005784,ORD-005784,Credit Card,Failed,2025-10-25
PAY-005785,ORD-005785,Bank Transfer,Paid,2025-10-28
PAY-005786,ORD-005786,Cash on Delivery,Paid,2025-10-27
PAY-005787,ORD-005787,Credit Card,Refunded,2025-10-24
PAY-005788,ORD-005788,EasyPaisa,Pending,2025-10-23
PAY-005789,ORD-005789,Debit Card,Paid,2025-10-24
PAY-005790,ORD-005790,Cash on Delivery,Refunded,2025-10-26
PAY-005791,ORD-005791,Debit Card,Paid,2025-10-24
PAY-005792,ORD-005792,Bank Transfer,Paid,2025-10-24
PAY-005793,ORD-005793,EasyPaisa,Paid,2025-10-25
PAY-005794,ORD-005794,JazzCash,Paid,2025-10-23
PAY-005795,ORD-005795,Cash on Delivery,Refunded,2025-10-26
PAY-005796,ORD-005796,Bank Transfer,Paid,2025-10-27
PAY-005797,ORD-005797,Cash on Delivery,Paid,2025-10-29
PAY-005798,ORD-005798,JazzCash,Pending,2025-10-26
PAY-005799,ORD-005799,Cash on Delivery,Refunded,2025-10-26
PAY-005800,ORD-005800,Credit Card,Paid,2025-10-25
PAY-005801,ORD-005801,Cash on Delivery,Paid,2025-10-29
PAY-005802,ORD-005802,Cash on Delivery,Paid,2025-10-25
PAY-005803,ORD-005803,Cash on Delivery,Paid,2025-10-25
PAY-005804,ORD-005804,Cash on Delivery,Paid,2025-10-28
PAY-005805,ORD-005805,Debit Card,Paid,2025-10-25
PAY-005806,ORD-005806,JazzCash,Failed,2025-10-26
PAY-005807,ORD-005807,Cash on Delivery,Paid,2025-10-25
PAY-005808,ORD-005808,Cash on Delivery,Paid,2025-10-28
PAY-005809,ORD-005809,Cash on Delivery,Paid,2025-10-30
PAY-005810,ORD-005810,Debit Card,Paid,2025-10-26
PAY-005811,ORD-005811,Credit Card,Paid,2025-10-25
PAY-005812,ORD-005812,Credit Card,Paid,2025-10-27
PAY-005813,ORD-005813,Cash on Delivery,Paid,2025-10-28
PAY-005814,ORD-005814,EasyPaisa,Refunded,2025-10-27
PAY-005815,ORD-005815,Bank Transfer,Paid,2025-10-26
PAY-005816,ORD-005816,Cash on Delivery,Paid,2025-10-26
PAY-005817,ORD-005817,Cash on Delivery,Paid,2025-10-26
PAY-005818,ORD-005818,Credit Card,Failed,2025-10-25
PAY-005819,ORD-005819,Bank Transfer,Paid,2025-10-27
PAY-005820,ORD-005820,Credit Card,Paid,2025-10-26
PAY-005821,ORD-005821,Credit Card,Refunded,2025-10-27
PAY-005822,ORD-005822,Credit Card,Paid,2025-10-26
PAY-005823,ORD-005823,JazzCash,Paid,2025-10-26
PAY-005824,ORD-005824,Bank Transfer,Paid,2025-10-31
PAY-005825,ORD-005825,Credit Card,Paid,2025-10-25
PAY-005826,ORD-005826,Credit Card,Paid,2025-10-26
PAY-005827,ORD-005827,Debit Card,Paid,2025-10-25
PAY-005828,ORD-005828,EasyPaisa,Paid,2025-10-28
PAY-005829,ORD-005829,EasyPaisa,Paid,2025-10-28
PAY-005830,ORD-005830,Debit Card,Paid,2025-10-26
PAY-005831,ORD-005831,Credit Card,Paid,2025-10-26
PAY-005832,ORD-005832,Debit Card,Paid,2025-10-27
PAY-005833,ORD-005833,JazzCash,Paid,2025-10-27
PAY-005834,ORD-005834,Bank Transfer,Paid,2025-10-27
PAY-005835,ORD-005835,Debit Card,Paid,2025-10-28
PAY-005836,ORD-005836,Credit Card,Paid,2025-10-27
PAY-005837,ORD-005837,Cash on Delivery,Paid,2025-10-29
PAY-005838,ORD-005838,JazzCash,Paid,2025-10-27
PAY-005839,ORD-005839,JazzCash,Paid,2025-10-28
PAY-005840,ORD-005840,EasyPaisa,Refunded,2025-10-28
PAY-005841,ORD-005841,Debit Card,Pending,2025-10-27
PAY-005842,ORD-005842,EasyPaisa,Paid,2025-10-29
PAY-005843,ORD-005843,Cash on Delivery,Paid,2025-10-28
PAY-005844,ORD-005844,Cash on Delivery,Refunded,2025-10-31
PAY-005845,ORD-005845,Bank Transfer,Failed,2025-10-29
PAY-005846,ORD-005846,Cash on Delivery,Paid,2025-10-31
PAY-005847,ORD-005847,EasyPaisa,Paid,2025-10-28
PAY-005848,ORD-005848,EasyPaisa,Paid,2025-10-29
PAY-005849,ORD-005849,JazzCash,Paid,2025-10-29
PAY-005850,ORD-005850,EasyPaisa,Paid,2025-10-29
PAY-005851,ORD-005851,Credit Card,Paid,2025-10-28
PAY-005852,ORD-005852,Cash on Delivery,Paid,2025-10-28
PAY-005853,ORD-005853,Debit Card,Paid,2025-10-28
PAY-005854,ORD-005854,JazzCash,Paid,2025-10-29
PAY-005855,ORD-005855,Cash on Delivery,Paid,2025-10-28
PAY-005856,ORD-005856,Credit Card,Refunded,2025-10-29
PAY-005857,ORD-005857,JazzCash,Refunded,2025-10-28
PAY-005858,ORD-005858,Debit Card,Refunded,2025-10-27
PAY-005859,ORD-005859,JazzCash,Paid,2025-10-27
PAY-005860,ORD-005860,Credit Card,Paid,2025-10-29
PAY-005861,ORD-005861,Bank Transfer,Paid,2025-10-30
PAY-005862,ORD-005862,Cash on Delivery,Paid,2025-11-01
PAY-005863,ORD-005863,JazzCash,Paid,2025-10-29
PAY-005864,ORD-005864,EasyPaisa,Paid,2025-10-30
PAY-005865,ORD-005865,Cash on Delivery,Paid,2025-11-01
PAY-005866,ORD-005866,Cash on Delivery,Refunded,2025-10-29
PAY-005867,ORD-005867,Cash on Delivery,Paid,2025-11-03
PAY-005868,ORD-005868,Credit Card,Refunded,2025-10-28
PAY-005869,ORD-005869,Credit Card,Paid,2025-10-29
PAY-005870,ORD-005870,JazzCash,Pending,2025-10-30
PAY-005871,ORD-005871,Debit Card,Paid,2025-10-29
PAY-005872,ORD-005872,JazzCash,Failed,2025-10-28
PAY-005873,ORD-005873,JazzCash,Paid,2025-10-29
PAY-005874,ORD-005874,Debit Card,Paid,2025-10-31
PAY-005875,ORD-005875,Cash on Delivery,Paid,2025-11-03
PAY-005876,ORD-005876,JazzCash,Paid,2025-10-29
PAY-005877,ORD-005877,Debit Card,Paid,2025-10-31
PAY-005878,ORD-005878,Cash on Delivery,Paid,2025-10-30
PAY-005879,ORD-005879,Cash on Delivery,Paid,2025-11-03
PAY-005880,ORD-005880,Debit Card,Paid,2025-10-29
PAY-005881,ORD-005881,EasyPaisa,Paid,2025-10-30
PAY-005882,ORD-005882,Bank Transfer,Pending,2025-11-04
PAY-005883,ORD-005883,Cash on Delivery,Paid,2025-11-01
PAY-005884,ORD-005884,JazzCash,Pending,2025-10-30
PAY-005885,ORD-005885,Credit Card,Paid,2025-10-31
PAY-005886,ORD-005886,Cash on Delivery,Paid,2025-11-02
PAY-005887,ORD-005887,Cash on Delivery,Paid,2025-11-03
PAY-005888,ORD-005888,Cash on Delivery,Refunded,2025-11-02
PAY-005889,ORD-005889,Credit Card,Paid,2025-10-30
PAY-005890,ORD-005890,Bank Transfer,Paid,2025-10-31
PAY-005891,ORD-005891,Cash on Delivery,Paid,2025-11-03
PAY-005892,ORD-005892,Debit Card,Refunded,2025-11-01
PAY-005893,ORD-005893,Credit Card,Paid,2025-11-01
PAY-005894,ORD-005894,EasyPaisa,Paid,2025-10-31
PAY-005895,ORD-005895,Credit Card,Paid,2025-10-30
PAY-005896,ORD-005896,Debit Card,Paid,2025-11-01
PAY-005897,ORD-005897,Credit Card,Paid,2025-10-31
PAY-005898,ORD-005898,Debit Card,Paid,2025-10-31
PAY-005899,ORD-005899,Credit Card,Paid,2025-11-01
PAY-005900,ORD-005900,Credit Card,Paid,2025-10-30
PAY-005901,ORD-005901,Cash on Delivery,Paid,2025-11-01
PAY-005902,ORD-005902,JazzCash,Refunded,2025-10-31
PAY-005903,ORD-005903,JazzCash,Paid,2025-10-31
PAY-005904,ORD-005904,Cash on Delivery,Paid,2025-11-05
PAY-005905,ORD-005905,Bank Transfer,Paid,2025-11-04
PAY-005906,ORD-005906,Bank Transfer,Paid,2025-11-03
PAY-005907,ORD-005907,JazzCash,Paid,2025-11-02
PAY-005908,ORD-005908,Debit Card,Paid,2025-11-01
PAY-005909,ORD-005909,Credit Card,Paid,2025-10-31
PAY-005910,ORD-005910,Credit Card,Refunded,2025-11-01
PAY-005911,ORD-005911,Credit Card,Pending,2025-10-31
PAY-005912,ORD-005912,JazzCash,Paid,2025-11-02
PAY-005913,ORD-005913,Credit Card,Paid,2025-11-01
PAY-005914,ORD-005914,JazzCash,Paid,2025-11-02
PAY-005915,ORD-005915,Debit Card,Refunded,2025-11-02
PAY-005916,ORD-005916,Credit Card,Paid,2025-11-01
PAY-005917,ORD-005917,Debit Card,Failed,2025-11-01
PAY-005918,ORD-005918,JazzCash,Pending,2025-11-02
PAY-005919,ORD-005919,Cash on Delivery,Refunded,2025-11-04
PAY-005920,ORD-005920,Cash on Delivery,Refunded,2025-11-02
PAY-005921,ORD-005921,Credit Card,Refunded,2025-11-01
PAY-005922,ORD-005922,Credit Card,Paid,2025-11-02
PAY-005923,ORD-005923,JazzCash,Paid,2025-11-01
PAY-005924,ORD-005924,Cash on Delivery,Refunded,2025-11-01
PAY-005925,ORD-005925,Debit Card,Paid,2025-11-01
PAY-005926,ORD-005926,Credit Card,Failed,2025-10-31
PAY-005927,ORD-005927,Credit Card,Pending,2025-11-03
PAY-005928,ORD-005928,Cash on Delivery,Paid,2025-11-04
PAY-005929,ORD-005929,Credit Card,Paid,2025-11-03
PAY-005930,ORD-005930,Credit Card,Pending,2025-11-03
PAY-005931,ORD-005931,JazzCash,Pending,2025-11-03
PAY-005932,ORD-005932,JazzCash,Pending,2025-11-03
PAY-005933,ORD-005933,EasyPaisa,Paid,2025-11-02
PAY-005934,ORD-005934,Cash on Delivery,Pending,2025-11-02
PAY-005935,ORD-005935,Credit Card,Paid,2025-11-03
PAY-005936,ORD-005936,JazzCash,Paid,2025-11-03
PAY-005937,ORD-005937,Credit Card,Paid,2025-11-02
PAY-005938,ORD-005938,Cash on Delivery,Paid,2025-11-02
PAY-005939,ORD-005939,Credit Card,Paid,2025-11-02
PAY-005940,ORD-005940,EasyPaisa,Paid,2025-11-01
PAY-005941,ORD-005941,Debit Card,Paid,2025-11-03
PAY-005942,ORD-005942,Credit Card,Pending,2025-11-01
PAY-005943,ORD-005943,Credit Card,Paid,2025-11-02
PAY-005944,ORD-005944,Credit Card,Paid,2025-11-03
PAY-005945,ORD-005945,Credit Card,Paid,2025-11-02
PAY-005946,ORD-005946,EasyPaisa,Paid,2025-11-03
PAY-005947,ORD-005947,Credit Card,Paid,2025-11-04
PAY-005948,ORD-005948,EasyPaisa,Paid,2025-11-02
PAY-005949,ORD-005949,Cash on Delivery,Pending,2025-11-07
PAY-005950,ORD-005950,Cash on Delivery,Paid,2025-11-03
PAY-005951,ORD-005951,Cash on Delivery,Paid,2025-11-04
PAY-005952,ORD-005952,Cash on Delivery,Paid,2025-11-04
PAY-005953,ORD-005953,JazzCash,Refunded,2025-11-03
PAY-005954,ORD-005954,JazzCash,Paid,2025-11-04
PAY-005955,ORD-005955,Cash on Delivery,Pending,2025-11-09
PAY-005956,ORD-005956,Credit Card,Paid,2025-11-05
PAY-005957,ORD-005957,Cash on Delivery,Paid,2025-11-08
PAY-005958,ORD-005958,JazzCash,Paid,2025-11-03
PAY-005959,ORD-005959,Credit Card,Paid,2025-11-05
PAY-005960,ORD-005960,Bank Transfer,Refunded,2025-11-07
PAY-005961,ORD-005961,Credit Card,Paid,2025-11-03
PAY-005962,ORD-005962,Cash on Delivery,Paid,2025-11-05
PAY-005963,ORD-005963,Cash on Delivery,Paid,2025-11-07
PAY-005964,ORD-005964,Cash on Delivery,Paid,2025-11-05
PAY-005965,ORD-005965,EasyPaisa,Paid,2025-11-04
PAY-005966,ORD-005966,EasyPaisa,Refunded,2025-11-04
PAY-005967,ORD-005967,JazzCash,Refunded,2025-11-05
PAY-005968,ORD-005968,Cash on Delivery,Paid,2025-11-08
PAY-005969,ORD-005969,JazzCash,Paid,2025-11-05
PAY-005970,ORD-005970,Cash on Delivery,Refunded,2025-11-09
PAY-005971,ORD-005971,Cash on Delivery,Paid,2025-11-05
PAY-005972,ORD-005972,Credit Card,Paid,2025-11-04
PAY-005973,ORD-005973,Debit Card,Refunded,2025-11-03
PAY-005974,ORD-005974,JazzCash,Paid,2025-11-05
PAY-005975,ORD-005975,Cash on Delivery,Paid,2025-11-09
PAY-005976,ORD-005976,Credit Card,Paid,2025-11-05
PAY-005977,ORD-005977,Debit Card,Refunded,2025-11-05
PAY-005978,ORD-005978,Credit Card,Paid,2025-11-06
PAY-005979,ORD-005979,Cash on Delivery,Refunded,2025-11-09
PAY-005980,ORD-005980,Cash on Delivery,Paid,2025-11-09
PAY-005981,ORD-005981,Cash on Delivery,Paid,2025-11-09
PAY-005982,ORD-005982,Bank Transfer,Paid,2025-11-10
PAY-005983,ORD-005983,EasyPaisa,Refunded,2025-11-05
PAY-005984,ORD-005984,Cash on Delivery,Paid,2025-11-06
PAY-005985,ORD-005985,Debit Card,Paid,2025-11-05
PAY-005986,ORD-005986,Credit Card,Paid,2025-11-05
PAY-005987,ORD-005987,Debit Card,Refunded,2025-11-04
PAY-005988,ORD-005988,Debit Card,Paid,2025-11-05
PAY-005989,ORD-005989,Debit Card,Refunded,2025-11-05
PAY-005990,ORD-005990,EasyPaisa,Refunded,2025-11-04
PAY-005991,ORD-005991,Credit Card,Paid,2025-11-05
PAY-005992,ORD-005992,Credit Card,Failed,2025-11-04
PAY-005993,ORD-005993,Credit Card,Paid,2025-11-06
PAY-005994,ORD-005994,Cash on Delivery,Refunded,2025-11-11
PAY-005995,ORD-005995,Debit Card,Paid,2025-11-06
PAY-005996,ORD-005996,JazzCash,Paid,2025-11-06
PAY-005997,ORD-005997,EasyPaisa,Paid,2025-11-06
PAY-005998,ORD-005998,Credit Card,Paid,2025-11-07
PAY-005999,ORD-005999,Cash on Delivery,Paid,2025-11-10
PAY-006000,ORD-006000,Credit Card,Pending,2025-11-05
PAY-006001,ORD-006001,JazzCash,Paid,2025-11-05
PAY-006002,ORD-006002,Cash on Delivery,Paid,2025-11-08
PAY-006003,ORD-006003,Credit Card,Paid,2025-11-07
PAY-006004,ORD-006004,Cash on Delivery,Paid,2025-11-07
PAY-006005,ORD-006005,Cash on Delivery,Refunded,2025-11-06
PAY-006006,ORD-006006,Debit Card,Refunded,2025-11-06
PAY-006007,ORD-006007,Credit Card,Paid,2025-11-05
PAY-006008,ORD-006008,Cash on Delivery,Refunded,2025-11-10
PAY-006009,ORD-006009,Cash on Delivery,Paid,2025-11-11
PAY-006010,ORD-006010,Debit Card,Refunded,2025-11-06
PAY-006011,ORD-006011,Credit Card,Refunded,2025-11-05
PAY-006012,ORD-006012,EasyPaisa,Refunded,2025-11-05
PAY-006013,ORD-006013,Credit Card,Paid,2025-11-06
PAY-006014,ORD-006014,Cash on Delivery,Paid,2025-11-09
PAY-006015,ORD-006015,JazzCash,Paid,2025-11-05
PAY-006016,ORD-006016,Bank Transfer,Refunded,2025-11-10
PAY-006017,ORD-006017,Cash on Delivery,Failed,2025-11-07
PAY-006018,ORD-006018,Debit Card,Refunded,2025-11-05
PAY-006019,ORD-006019,Cash on Delivery,Refunded,2025-11-09
PAY-006020,ORD-006020,Credit Card,Pending,2025-11-08
PAY-006021,ORD-006021,Credit Card,Paid,2025-11-08
PAY-006022,ORD-006022,EasyPaisa,Paid,2025-11-06
PAY-006023,ORD-006023,EasyPaisa,Paid,2025-11-06
PAY-006024,ORD-006024,Credit Card,Refunded,2025-11-06
PAY-006025,ORD-006025,JazzCash,Paid,2025-11-06
PAY-006026,ORD-006026,Cash on Delivery,Paid,2025-11-09
PAY-006027,ORD-006027,Credit Card,Paid,2025-11-08
PAY-006028,ORD-006028,JazzCash,Paid,2025-11-08
PAY-006029,ORD-006029,Cash on Delivery,Paid,2025-11-12
PAY-006030,ORD-006030,Debit Card,Paid,2025-11-07
PAY-006031,ORD-006031,JazzCash,Paid,2025-11-06
PAY-006032,ORD-006032,Cash on Delivery,Paid,2025-11-08
PAY-006033,ORD-006033,Cash on Delivery,Paid,2025-11-11
PAY-006034,ORD-006034,Cash on Delivery,Paid,2025-11-10
PAY-006035,ORD-006035,Credit Card,Paid,2025-11-06
PAY-006036,ORD-006036,Debit Card,Refunded,2025-11-07
PAY-006037,ORD-006037,Cash on Delivery,Paid,2025-11-12
PAY-006038,ORD-006038,Cash on Delivery,Paid,2025-11-10
PAY-006039,ORD-006039,Credit Card,Refunded,2025-11-09
PAY-006040,ORD-006040,JazzCash,Paid,2025-11-07
PAY-006041,ORD-006041,Debit Card,Refunded,2025-11-08
PAY-006042,ORD-006042,Cash on Delivery,Paid,2025-11-09
PAY-006043,ORD-006043,Credit Card,Pending,2025-11-07
PAY-006044,ORD-006044,Bank Transfer,Paid,2025-11-11
PAY-006045,ORD-006045,EasyPaisa,Paid,2025-11-09
PAY-006046,ORD-006046,Credit Card,Paid,2025-11-08
PAY-006047,ORD-006047,Cash on Delivery,Refunded,2025-11-10
PAY-006048,ORD-006048,Cash on Delivery,Paid,2025-11-13
PAY-006049,ORD-006049,Credit Card,Paid,2025-11-08
PAY-006050,ORD-006050,Credit Card,Paid,2025-11-09
PAY-006051,ORD-006051,Bank Transfer,Paid,2025-11-13
PAY-006052,ORD-006052,Debit Card,Paid,2025-11-09
PAY-006053,ORD-006053,Debit Card,Paid,2025-11-08
PAY-006054,ORD-006054,JazzCash,Paid,2025-11-09
PAY-006055,ORD-006055,Bank Transfer,Refunded,2025-11-12
PAY-006056,ORD-006056,JazzCash,Paid,2025-11-10
PAY-006057,ORD-006057,Cash on Delivery,Refunded,2025-11-10
PAY-006058,ORD-006058,JazzCash,Paid,2025-11-08
PAY-006059,ORD-006059,JazzCash,Paid,2025-11-10
PAY-006060,ORD-006060,Cash on Delivery,Paid,2025-11-14
PAY-006061,ORD-006061,Credit Card,Paid,2025-11-10
PAY-006062,ORD-006062,Cash on Delivery,Paid,2025-11-14
PAY-006063,ORD-006063,Credit Card,Refunded,2025-11-10
PAY-006064,ORD-006064,JazzCash,Failed,2025-11-10
PAY-006065,ORD-006065,Cash on Delivery,Paid,2025-11-11
PAY-006066,ORD-006066,JazzCash,Refunded,2025-11-08
PAY-006067,ORD-006067,Debit Card,Paid,2025-11-09
PAY-006068,ORD-006068,Cash on Delivery,Paid,2025-11-09
PAY-006069,ORD-006069,Credit Card,Paid,2025-11-10
PAY-006070,ORD-006070,Credit Card,Pending,2025-11-09
PAY-006071,ORD-006071,Credit Card,Refunded,2025-11-08
PAY-006072,ORD-006072,JazzCash,Paid,2025-11-09
PAY-006073,ORD-006073,Debit Card,Paid,2025-11-10
PAY-006074,ORD-006074,EasyPaisa,Paid,2025-11-10
PAY-006075,ORD-006075,Debit Card,Pending,2025-11-10
PAY-006076,ORD-006076,Cash on Delivery,Pending,2025-11-10
PAY-006077,ORD-006077,JazzCash,Paid,2025-11-11
PAY-006078,ORD-006078,EasyPaisa,Paid,2025-11-11
PAY-006079,ORD-006079,Cash on Delivery,Paid,2025-11-10
PAY-006080,ORD-006080,JazzCash,Paid,2025-11-09
PAY-006081,ORD-006081,Credit Card,Paid,2025-11-10
PAY-006082,ORD-006082,EasyPaisa,Paid,2025-11-12
PAY-006083,ORD-006083,Cash on Delivery,Paid,2025-11-14
PAY-006084,ORD-006084,Debit Card,Paid,2025-11-11
PAY-006085,ORD-006085,JazzCash,Paid,2025-11-11
PAY-006086,ORD-006086,Cash on Delivery,Paid,2025-11-15
PAY-006087,ORD-006087,Cash on Delivery,Paid,2025-11-13
PAY-006088,ORD-006088,Credit Card,Paid,2025-11-12
PAY-006089,ORD-006089,Debit Card,Paid,2025-11-12
PAY-006090,ORD-006090,EasyPaisa,Paid,2025-11-12
PAY-006091,ORD-006091,Cash on Delivery,Paid,2025-11-12
PAY-006092,ORD-006092,EasyPaisa,Paid,2025-11-10
PAY-006093,ORD-006093,Credit Card,Paid,2025-11-11
PAY-006094,ORD-006094,EasyPaisa,Paid,2025-11-12
PAY-006095,ORD-006095,EasyPaisa,Paid,2025-11-11
PAY-006096,ORD-006096,Cash on Delivery,Paid,2025-11-16
PAY-006097,ORD-006097,JazzCash,Paid,2025-11-11
PAY-006098,ORD-006098,Debit Card,Pending,2025-11-11
PAY-006099,ORD-006099,EasyPaisa,Paid,2025-11-12
PAY-006100,ORD-006100,Credit Card,Paid,2025-11-12
PAY-006101,ORD-006101,Credit Card,Refunded,2025-11-11
PAY-006102,ORD-006102,Cash on Delivery,Paid,2025-11-16
PAY-006103,ORD-006103,EasyPaisa,Paid,2025-11-12
PAY-006104,ORD-006104,Credit Card,Paid,2025-11-12
PAY-006105,ORD-006105,Credit Card,Paid,2025-11-13
PAY-006106,ORD-006106,Credit Card,Paid,2025-11-13
PAY-006107,ORD-006107,Cash on Delivery,Paid,2025-11-17
PAY-006108,ORD-006108,Debit Card,Failed,2025-11-12
PAY-006109,ORD-006109,EasyPaisa,Paid,2025-11-12
PAY-006110,ORD-006110,Cash on Delivery,Refunded,2025-11-15
PAY-006111,ORD-006111,Credit Card,Paid,2025-11-13
PAY-006112,ORD-006112,Credit Card,Paid,2025-11-13
PAY-006113,ORD-006113,JazzCash,Paid,2025-11-11
PAY-006114,ORD-006114,JazzCash,Refunded,2025-11-13
PAY-006115,ORD-006115,Bank Transfer,Paid,2025-11-16
PAY-006116,ORD-006116,JazzCash,Paid,2025-11-14
PAY-006117,ORD-006117,EasyPaisa,Refunded,2025-11-14
PAY-006118,ORD-006118,Bank Transfer,Refunded,2025-11-15
PAY-006119,ORD-006119,Credit Card,Paid,2025-11-14
PAY-006120,ORD-006120,JazzCash,Paid,2025-11-13
PAY-006121,ORD-006121,Debit Card,Paid,2025-11-13
PAY-006122,ORD-006122,Credit Card,Paid,2025-11-12
PAY-006123,ORD-006123,Debit Card,Refunded,2025-11-13
PAY-006124,ORD-006124,Bank Transfer,Paid,2025-11-16
PAY-006125,ORD-006125,Cash on Delivery,Paid,2025-11-13
PAY-006126,ORD-006126,Credit Card,Paid,2025-11-14
PAY-006127,ORD-006127,Credit Card,Pending,2025-11-14
PAY-006128,ORD-006128,Credit Card,Refunded,2025-11-13
PAY-006129,ORD-006129,JazzCash,Pending,2025-11-13
PAY-006130,ORD-006130,EasyPaisa,Paid,2025-11-13
PAY-006131,ORD-006131,Debit Card,Paid,2025-11-13
PAY-006132,ORD-006132,Bank Transfer,Refunded,2025-11-16
PAY-006133,ORD-006133,Credit Card,Paid,2025-11-14
PAY-006134,ORD-006134,JazzCash,Refunded,2025-11-14
PAY-006135,ORD-006135,Cash on Delivery,Paid,2025-11-18
PAY-006136,ORD-006136,Debit Card,Paid,2025-11-14
PAY-006137,ORD-006137,Debit Card,Paid,2025-11-13
PAY-006138,ORD-006138,Cash on Delivery,Paid,2025-11-19
PAY-006139,ORD-006139,EasyPaisa,Paid,2025-11-14
PAY-006140,ORD-006140,Debit Card,Paid,2025-11-13
PAY-006141,ORD-006141,EasyPaisa,Paid,2025-11-13
PAY-006142,ORD-006142,Debit Card,Paid,2025-11-13
PAY-006143,ORD-006143,Credit Card,Paid,2025-11-15
PAY-006144,ORD-006144,EasyPaisa,Paid,2025-11-15
PAY-006145,ORD-006145,Credit Card,Paid,2025-11-13
PAY-006146,ORD-006146,Bank Transfer,Paid,2025-11-18
PAY-006147,ORD-006147,Cash on Delivery,Refunded,2025-11-15
PAY-006148,ORD-006148,Cash on Delivery,Refunded,2025-11-16
PAY-006149,ORD-006149,Debit Card,Refunded,2025-11-14
PAY-006150,ORD-006150,Debit Card,Paid,2025-11-15
PAY-006151,ORD-006151,Credit Card,Failed,2025-11-14
PAY-006152,ORD-006152,EasyPaisa,Paid,2025-11-15
PAY-006153,ORD-006153,Cash on Delivery,Paid,2025-11-16
PAY-006154,ORD-006154,Credit Card,Paid,2025-11-16
PAY-006155,ORD-006155,Cash on Delivery,Failed,2025-11-15
PAY-006156,ORD-006156,Credit Card,Paid,2025-11-14
PAY-006157,ORD-006157,Cash on Delivery,Refunded,2025-11-15
PAY-006158,ORD-006158,JazzCash,Paid,2025-11-15
PAY-006159,ORD-006159,Debit Card,Paid,2025-11-16
PAY-006160,ORD-006160,Credit Card,Paid,2025-11-15
PAY-006161,ORD-006161,Bank Transfer,Paid,2025-11-18
PAY-006162,ORD-006162,Bank Transfer,Pending,2025-11-19
PAY-006163,ORD-006163,EasyPaisa,Paid,2025-11-17
PAY-006164,ORD-006164,Debit Card,Paid,2025-11-15
PAY-006165,ORD-006165,Credit Card,Failed,2025-11-16
PAY-006166,ORD-006166,Debit Card,Paid,2025-11-16
PAY-006167,ORD-006167,Credit Card,Paid,2025-11-16
PAY-006168,ORD-006168,Credit Card,Paid,2025-11-17
PAY-006169,ORD-006169,JazzCash,Paid,2025-11-16
PAY-006170,ORD-006170,Cash on Delivery,Paid,2025-11-20
PAY-006171,ORD-006171,Debit Card,Paid,2025-11-16
PAY-006172,ORD-006172,JazzCash,Paid,2025-11-16
PAY-006173,ORD-006173,EasyPaisa,Paid,2025-11-16
PAY-006174,ORD-006174,JazzCash,Failed,2025-11-15
PAY-006175,ORD-006175,Cash on Delivery,Paid,2025-11-17
PAY-006176,ORD-006176,Debit Card,Refunded,2025-11-17
PAY-006177,ORD-006177,JazzCash,Refunded,2025-11-18
PAY-006178,ORD-006178,Debit Card,Paid,2025-11-18
PAY-006179,ORD-006179,Credit Card,Paid,2025-11-16
PAY-006180,ORD-006180,Cash on Delivery,Paid,2025-11-18
PAY-006181,ORD-006181,JazzCash,Refunded,2025-11-18
PAY-006182,ORD-006182,Debit Card,Paid,2025-11-18
PAY-006183,ORD-006183,JazzCash,Paid,2025-11-18
PAY-006184,ORD-006184,Cash on Delivery,Refunded,2025-11-21
PAY-006185,ORD-006185,EasyPaisa,Paid,2025-11-18
PAY-006186,ORD-006186,Cash on Delivery,Paid,2025-11-23
PAY-006187,ORD-006187,Cash on Delivery,Paid,2025-11-23
PAY-006188,ORD-006188,EasyPaisa,Paid,2025-11-18
PAY-006189,ORD-006189,Credit Card,Paid,2025-11-19
PAY-006190,ORD-006190,Debit Card,Pending,2025-11-18
PAY-006191,ORD-006191,JazzCash,Paid,2025-11-19
PAY-006192,ORD-006192,Cash on Delivery,Paid,2025-11-20
PAY-006193,ORD-006193,Credit Card,Paid,2025-11-18
PAY-006194,ORD-006194,JazzCash,Paid,2025-11-19
PAY-006195,ORD-006195,Credit Card,Paid,2025-11-19
PAY-006196,ORD-006196,Debit Card,Paid,2025-11-19
PAY-006197,ORD-006197,JazzCash,Refunded,2025-11-19
PAY-006198,ORD-006198,Cash on Delivery,Paid,2025-11-22
PAY-006199,ORD-006199,Credit Card,Refunded,2025-11-19
PAY-006200,ORD-006200,EasyPaisa,Paid,2025-11-19
PAY-006201,ORD-006201,Cash on Delivery,Refunded,2025-11-19
PAY-006202,ORD-006202,Debit Card,Paid,2025-11-20
PAY-006203,ORD-006203,Credit Card,Paid,2025-11-19
PAY-006204,ORD-006204,Cash on Delivery,Paid,2025-11-20
PAY-006205,ORD-006205,Credit Card,Paid,2025-11-20
PAY-006206,ORD-006206,Cash on Delivery,Refunded,2025-11-22
PAY-006207,ORD-006207,Credit Card,Paid,2025-11-20
PAY-006208,ORD-006208,Cash on Delivery,Paid,2025-11-21
PAY-006209,ORD-006209,Credit Card,Paid,2025-11-18
PAY-006210,ORD-006210,EasyPaisa,Paid,2025-11-20
PAY-006211,ORD-006211,EasyPaisa,Paid,2025-11-20
PAY-006212,ORD-006212,Cash on Delivery,Pending,2025-11-20
PAY-006213,ORD-006213,EasyPaisa,Failed,2025-11-20
PAY-006214,ORD-006214,Debit Card,Paid,2025-11-21
PAY-006215,ORD-006215,JazzCash,Pending,2025-11-19
PAY-006216,ORD-006216,Credit Card,Refunded,2025-11-19
PAY-006217,ORD-006217,Debit Card,Pending,2025-11-20
PAY-006218,ORD-006218,Cash on Delivery,Paid,2025-11-22
PAY-006219,ORD-006219,Credit Card,Paid,2025-11-20
PAY-006220,ORD-006220,Cash on Delivery,Paid,2025-11-22
PAY-006221,ORD-006221,JazzCash,Paid,2025-11-20
PAY-006222,ORD-006222,EasyPaisa,Refunded,2025-11-19
PAY-006223,ORD-006223,Cash on Delivery,Failed,2025-11-21
PAY-006224,ORD-006224,Credit Card,Paid,2025-11-20
PAY-006225,ORD-006225,Cash on Delivery,Refunded,2025-11-22
PAY-006226,ORD-006226,Cash on Delivery,Refunded,2025-11-20
PAY-006227,ORD-006227,Credit Card,Paid,2025-11-21
PAY-006228,ORD-006228,Credit Card,Paid,2025-11-19
PAY-006229,ORD-006229,JazzCash,Pending,2025-11-21
PAY-006230,ORD-006230,Cash on Delivery,Paid,2025-11-21
PAY-006231,ORD-006231,Cash on Delivery,Paid,2025-11-25
PAY-006232,ORD-006232,Credit Card,Paid,2025-11-21
PAY-006233,ORD-006233,Cash on Delivery,Paid,2025-11-21
PAY-006234,ORD-006234,Debit Card,Failed,2025-11-21
PAY-006235,ORD-006235,Credit Card,Refunded,2025-11-21
PAY-006236,ORD-006236,Credit Card,Paid,2025-11-22
PAY-006237,ORD-006237,Debit Card,Paid,2025-11-20
PAY-006238,ORD-006238,Cash on Delivery,Paid,2025-11-23
PAY-006239,ORD-006239,Credit Card,Paid,2025-11-20
PAY-006240,ORD-006240,EasyPaisa,Paid,2025-11-21
PAY-006241,ORD-006241,Debit Card,Pending,2025-11-20
PAY-006242,ORD-006242,Cash on Delivery,Refunded,2025-11-24
PAY-006243,ORD-006243,Cash on Delivery,Paid,2025-11-23
PAY-006244,ORD-006244,Cash on Delivery,Refunded,2025-11-24
PAY-006245,ORD-006245,Cash on Delivery,Paid,2025-11-23
PAY-006246,ORD-006246,JazzCash,Paid,2025-11-22
PAY-006247,ORD-006247,Credit Card,Refunded,2025-11-20
PAY-006248,ORD-006248,Credit Card,Paid,2025-11-22
PAY-006249,ORD-006249,Bank Transfer,Paid,2025-11-21
PAY-006250,ORD-006250,Credit Card,Paid,2025-11-22
PAY-006251,ORD-006251,Cash on Delivery,Paid,2025-11-26
PAY-006252,ORD-006252,Credit Card,Paid,2025-11-20
PAY-006253,ORD-006253,Debit Card,Failed,2025-11-22
PAY-006254,ORD-006254,Credit Card,Paid,2025-11-23
PAY-006255,ORD-006255,Cash on Delivery,Paid,2025-11-25
PAY-006256,ORD-006256,Cash on Delivery,Paid,2025-11-24
PAY-006257,ORD-006257,Credit Card,Pending,2025-11-21
PAY-006258,ORD-006258,Cash on Delivery,Refunded,2025-11-23
PAY-006259,ORD-006259,Bank Transfer,Paid,2025-11-25
PAY-006260,ORD-006260,Debit Card,Paid,2025-11-21
PAY-006261,ORD-006261,Debit Card,Refunded,2025-11-22
PAY-006262,ORD-006262,Cash on Delivery,Paid,2025-11-22
PAY-006263,ORD-006263,Cash on Delivery,Pending,2025-11-25
PAY-006264,ORD-006264,Credit Card,Refunded,2025-11-22
PAY-006265,ORD-006265,JazzCash,Failed,2025-11-23
PAY-006266,ORD-006266,JazzCash,Failed,2025-11-23
PAY-006267,ORD-006267,Cash on Delivery,Paid,2025-11-24
PAY-006268,ORD-006268,JazzCash,Paid,2025-11-24
PAY-006269,ORD-006269,Cash on Delivery,Paid,2025-11-24
PAY-006270,ORD-006270,Cash on Delivery,Paid,2025-11-25
PAY-006271,ORD-006271,Cash on Delivery,Paid,2025-11-24
PAY-006272,ORD-006272,Debit Card,Paid,2025-11-22
PAY-006273,ORD-006273,Credit Card,Failed,2025-11-22
PAY-006274,ORD-006274,Credit Card,Paid,2025-11-24
PAY-006275,ORD-006275,Credit Card,Paid,2025-11-24
PAY-006276,ORD-006276,Cash on Delivery,Paid,2025-11-26
PAY-006277,ORD-006277,JazzCash,Paid,2025-11-22
PAY-006278,ORD-006278,Cash on Delivery,Refunded,2025-11-23
PAY-006279,ORD-006279,Debit Card,Paid,2025-11-22
PAY-006280,ORD-006280,Bank Transfer,Paid,2025-11-23
PAY-006281,ORD-006281,Credit Card,Paid,2025-11-24
PAY-006282,ORD-006282,JazzCash,Paid,2025-11-23
PAY-006283,ORD-006283,Bank Transfer,Paid,2025-11-26
PAY-006284,ORD-006284,Debit Card,Refunded,2025-11-22
PAY-006285,ORD-006285,Cash on Delivery,Paid,2025-11-25
PAY-006286,ORD-006286,JazzCash,Paid,2025-11-23
PAY-006287,ORD-006287,Debit Card,Failed,2025-11-23
PAY-006288,ORD-006288,Debit Card,Refunded,2025-11-23
PAY-006289,ORD-006289,Credit Card,Paid,2025-11-25
PAY-006290,ORD-006290,Credit Card,Paid,2025-11-25
PAY-006291,ORD-006291,JazzCash,Paid,2025-11-25
PAY-006292,ORD-006292,JazzCash,Refunded,2025-11-25
PAY-006293,ORD-006293,Credit Card,Paid,2025-11-24
PAY-006294,ORD-006294,Cash on Delivery,Paid,2025-11-26
PAY-006295,ORD-006295,Credit Card,Paid,2025-11-25
PAY-006296,ORD-006296,JazzCash,Pending,2025-11-24
PAY-006297,ORD-006297,Cash on Delivery,Paid,2025-11-28
PAY-006298,ORD-006298,Cash on Delivery,Paid,2025-11-24
PAY-006299,ORD-006299,Cash on Delivery,Paid,2025-11-30
PAY-006300,ORD-006300,Debit Card,Failed,2025-11-24
PAY-006301,ORD-006301,JazzCash,Paid,2025-11-25
PAY-006302,ORD-006302,Credit Card,Paid,2025-11-24
PAY-006303,ORD-006303,Debit Card,Paid,2025-11-26
PAY-006304,ORD-006304,Credit Card,Refunded,2025-11-25
PAY-006305,ORD-006305,Credit Card,Paid,2025-11-26
PAY-006306,ORD-006306,Cash on Delivery,Paid,2025-11-26
PAY-006307,ORD-006307,Credit Card,Paid,2025-11-25
PAY-006308,ORD-006308,Cash on Delivery,Refunded,2025-11-27
PAY-006309,ORD-006309,Cash on Delivery,Pending,2025-11-28
PAY-006310,ORD-006310,Credit Card,Paid,2025-11-24
PAY-006311,ORD-006311,JazzCash,Paid,2025-11-26
PAY-006312,ORD-006312,Cash on Delivery,Paid,2025-11-25
PAY-006313,ORD-006313,Debit Card,Paid,2025-11-26
PAY-006314,ORD-006314,Debit Card,Paid,2025-11-24
PAY-006315,ORD-006315,JazzCash,Paid,2025-11-24
PAY-006316,ORD-006316,Debit Card,Refunded,2025-11-25
PAY-006317,ORD-006317,Cash on Delivery,Refunded,2025-11-28
PAY-006318,ORD-006318,Credit Card,Paid,2025-11-26
PAY-006319,ORD-006319,Credit Card,Failed,2025-11-27
PAY-006320,ORD-006320,Cash on Delivery,Paid,2025-11-26
PAY-006321,ORD-006321,Credit Card,Paid,2025-11-26
PAY-006322,ORD-006322,Debit Card,Refunded,2025-11-25
PAY-006323,ORD-006323,Debit Card,Paid,2025-11-26
PAY-006324,ORD-006324,Cash on Delivery,Pending,2025-11-29
PAY-006325,ORD-006325,Credit Card,Paid,2025-11-26
PAY-006326,ORD-006326,Credit Card,Paid,2025-11-25
PAY-006327,ORD-006327,Debit Card,Paid,2025-11-27
PAY-006328,ORD-006328,Debit Card,Refunded,2025-11-26
PAY-006329,ORD-006329,Credit Card,Paid,2025-11-26
PAY-006330,ORD-006330,Bank Transfer,Paid,2025-11-27
PAY-006331,ORD-006331,Credit Card,Pending,2025-11-26
PAY-006332,ORD-006332,Debit Card,Refunded,2025-11-25
PAY-006333,ORD-006333,Debit Card,Paid,2025-11-25
PAY-006334,ORD-006334,Credit Card,Paid,2025-11-26
PAY-006335,ORD-006335,Cash on Delivery,Refunded,2025-11-30
PAY-006336,ORD-006336,Bank Transfer,Refunded,2025-11-28
PAY-006337,ORD-006337,Cash on Delivery,Paid,2025-11-29
PAY-006338,ORD-006338,Credit Card,Pending,2025-11-27
PAY-006339,ORD-006339,JazzCash,Paid,2025-11-27
PAY-006340,ORD-006340,JazzCash,Paid,2025-11-26
PAY-006341,ORD-006341,JazzCash,Pending,2025-11-28
PAY-006342,ORD-006342,Cash on Delivery,Pending,2025-11-27
PAY-006343,ORD-006343,Credit Card,Paid,2025-11-27
PAY-006344,ORD-006344,Cash on Delivery,Paid,2025-12-01
PAY-006345,ORD-006345,Credit Card,Paid,2025-11-26
PAY-006346,ORD-006346,EasyPaisa,Paid,2025-11-27
PAY-006347,ORD-006347,Cash on Delivery,Paid,2025-11-27
PAY-006348,ORD-006348,Cash on Delivery,Paid,2025-11-27
PAY-006349,ORD-006349,JazzCash,Paid,2025-11-28
PAY-006350,ORD-006350,Credit Card,Paid,2025-11-28
PAY-006351,ORD-006351,Credit Card,Paid,2025-11-26
PAY-006352,ORD-006352,Cash on Delivery,Paid,2025-11-30
PAY-006353,ORD-006353,Debit Card,Paid,2025-11-29
PAY-006354,ORD-006354,EasyPaisa,Paid,2025-11-29
PAY-006355,ORD-006355,Credit Card,Paid,2025-11-27
PAY-006356,ORD-006356,Cash on Delivery,Paid,2025-12-02
PAY-006357,ORD-006357,Credit Card,Paid,2025-11-29
PAY-006358,ORD-006358,Bank Transfer,Paid,2025-12-01
PAY-006359,ORD-006359,Cash on Delivery,Paid,2025-12-02
PAY-006360,ORD-006360,Credit Card,Paid,2025-11-29
PAY-006361,ORD-006361,JazzCash,Pending,2025-11-27
PAY-006362,ORD-006362,Debit Card,Failed,2025-11-29
PAY-006363,ORD-006363,Debit Card,Paid,2025-11-27
PAY-006364,ORD-006364,Cash on Delivery,Paid,2025-11-28
PAY-006365,ORD-006365,Debit Card,Paid,2025-11-27
PAY-006366,ORD-006366,Credit Card,Paid,2025-11-27
PAY-006367,ORD-006367,Bank Transfer,Paid,2025-12-02
PAY-006368,ORD-006368,Credit Card,Refunded,2025-11-27
PAY-006369,ORD-006369,Cash on Delivery,Paid,2025-11-30
PAY-006370,ORD-006370,JazzCash,Pending,2025-11-29
PAY-006371,ORD-006371,Cash on Delivery,Paid,2025-12-01
PAY-006372,ORD-006372,Debit Card,Paid,2025-11-30
PAY-006373,ORD-006373,Cash on Delivery,Paid,2025-12-03
PAY-006374,ORD-006374,Cash on Delivery,Paid,2025-12-03
PAY-006375,ORD-006375,Cash on Delivery,Paid,2025-12-03
PAY-006376,ORD-006376,JazzCash,Refunded,2025-11-28
PAY-006377,ORD-006377,EasyPaisa,Paid,2025-11-29
PAY-006378,ORD-006378,Cash on Delivery,Refunded,2025-11-30
PAY-006379,ORD-006379,Bank Transfer,Refunded,2025-12-04
PAY-006380,ORD-006380,Cash on Delivery,Paid,2025-12-02
PAY-006381,ORD-006381,Bank Transfer,Paid,2025-12-02
PAY-006382,ORD-006382,Cash on Delivery,Paid,2025-12-02
PAY-006383,ORD-006383,Bank Transfer,Paid,2025-11-30
PAY-006384,ORD-006384,Bank Transfer,Paid,2025-12-02
PAY-006385,ORD-006385,Credit Card,Paid,2025-11-29
PAY-006386,ORD-006386,Credit Card,Paid,2025-11-30
PAY-006387,ORD-006387,Debit Card,Refunded,2025-11-29
PAY-006388,ORD-006388,EasyPaisa,Paid,2025-11-28
PAY-006389,ORD-006389,Cash on Delivery,Paid,2025-12-01
PAY-006390,ORD-006390,Credit Card,Paid,2025-11-28
PAY-006391,ORD-006391,EasyPaisa,Paid,2025-11-30
PAY-006392,ORD-006392,Cash on Delivery,Paid,2025-12-04
PAY-006393,ORD-006393,Credit Card,Refunded,2025-12-01
PAY-006394,ORD-006394,Credit Card,Refunded,2025-12-01
PAY-006395,ORD-006395,Credit Card,Failed,2025-11-29
PAY-006396,ORD-006396,Credit Card,Paid,2025-11-29
PAY-006397,ORD-006397,Debit Card,Paid,2025-12-01
PAY-006398,ORD-006398,Debit Card,Paid,2025-11-29
PAY-006399,ORD-006399,EasyPaisa,Paid,2025-11-30
PAY-006400,ORD-006400,Cash on Delivery,Paid,2025-12-05
PAY-006401,ORD-006401,Debit Card,Paid,2025-12-01
PAY-006402,ORD-006402,Debit Card,Refunded,2025-11-29
PAY-006403,ORD-006403,Bank Transfer,Paid,2025-12-04
PAY-006404,ORD-006404,Credit Card,Paid,2025-12-01
PAY-006405,ORD-006405,EasyPaisa,Paid,2025-11-30
PAY-006406,ORD-006406,Credit Card,Pending,2025-12-01
PAY-006407,ORD-006407,Credit Card,Paid,2025-12-01
PAY-006408,ORD-006408,JazzCash,Refunded,2025-11-30
PAY-006409,ORD-006409,Credit Card,Refunded,2025-12-01
PAY-006410,ORD-006410,JazzCash,Paid,2025-11-30
PAY-006411,ORD-006411,Credit Card,Paid,2025-11-30
PAY-006412,ORD-006412,Credit Card,Paid,2025-11-30
PAY-006413,ORD-006413,Credit Card,Paid,2025-12-03
PAY-006414,ORD-006414,Cash on Delivery,Paid,2025-12-04
PAY-006415,ORD-006415,Debit Card,Paid,2025-12-02
PAY-006416,ORD-006416,Credit Card,Refunded,2025-12-02
PAY-006417,ORD-006417,Credit Card,Paid,2025-12-02
PAY-006418,ORD-006418,JazzCash,Paid,2025-12-01
PAY-006419,ORD-006419,Debit Card,Refunded,2025-12-03
PAY-006420,ORD-006420,Debit Card,Refunded,2025-12-01
PAY-006421,ORD-006421,Cash on Delivery,Failed,2025-12-07
PAY-006422,ORD-006422,JazzCash,Failed,2025-12-03
PAY-006423,ORD-006423,JazzCash,Paid,2025-12-03
PAY-006424,ORD-006424,Debit Card,Paid,2025-12-03
PAY-006425,ORD-006425,JazzCash,Failed,2025-12-01
PAY-006426,ORD-006426,EasyPaisa,Paid,2025-12-02
PAY-006427,ORD-006427,Credit Card,Paid,2025-12-03
PAY-006428,ORD-006428,Cash on Delivery,Paid,2025-12-05
PAY-006429,ORD-006429,JazzCash,Pending,2025-12-01
PAY-006430,ORD-006430,JazzCash,Refunded,2025-12-04
PAY-006431,ORD-006431,Credit Card,Paid,2025-12-03
PAY-006432,ORD-006432,Bank Transfer,Paid,2025-12-07
PAY-006433,ORD-006433,Cash on Delivery,Paid,2025-12-06
PAY-006434,ORD-006434,JazzCash,Paid,2025-12-03
PAY-006435,ORD-006435,Cash on Delivery,Paid,2025-12-03
PAY-006436,ORD-006436,JazzCash,Paid,2025-12-03
PAY-006437,ORD-006437,JazzCash,Paid,2025-12-02
PAY-006438,ORD-006438,JazzCash,Paid,2025-12-03
PAY-006439,ORD-006439,Cash on Delivery,Paid,2025-12-08
PAY-006440,ORD-006440,Debit Card,Paid,2025-12-04
PAY-006441,ORD-006441,Debit Card,Pending,2025-12-03
PAY-006442,ORD-006442,Debit Card,Paid,2025-12-03
PAY-006443,ORD-006443,Cash on Delivery,Paid,2025-12-04
PAY-006444,ORD-006444,Credit Card,Paid,2025-12-02
PAY-006445,ORD-006445,Cash on Delivery,Pending,2025-12-06
PAY-006446,ORD-006446,Debit Card,Paid,2025-12-02
PAY-006447,ORD-006447,Credit Card,Refunded,2025-12-03
PAY-006448,ORD-006448,Cash on Delivery,Refunded,2025-12-08
PAY-006449,ORD-006449,Credit Card,Paid,2025-12-03
PAY-006450,ORD-006450,Credit Card,Refunded,2025-12-03
PAY-006451,ORD-006451,Cash on Delivery,Paid,2025-12-08
PAY-006452,ORD-006452,EasyPaisa,Paid,2025-12-05
PAY-006453,ORD-006453,Bank Transfer,Refunded,2025-12-06
PAY-006454,ORD-006454,Credit Card,Paid,2025-12-04
PAY-006455,ORD-006455,JazzCash,Refunded,2025-12-03
PAY-006456,ORD-006456,Credit Card,Paid,2025-12-04
PAY-006457,ORD-006457,JazzCash,Paid,2025-12-04
PAY-006458,ORD-006458,Bank Transfer,Paid,2025-12-07
PAY-006459,ORD-006459,JazzCash,Paid,2025-12-04
PAY-006460,ORD-006460,Credit Card,Paid,2025-12-03
PAY-006461,ORD-006461,EasyPaisa,Refunded,2025-12-03
PAY-006462,ORD-006462,Bank Transfer,Refunded,2025-12-08
PAY-006463,ORD-006463,Cash on Delivery,Refunded,2025-12-04
PAY-006464,ORD-006464,JazzCash,Paid,2025-12-05
PAY-006465,ORD-006465,Credit Card,Paid,2025-12-03
PAY-006466,ORD-006466,Cash on Delivery,Pending,2025-12-09
PAY-006467,ORD-006467,Credit Card,Paid,2025-12-04
PAY-006468,ORD-006468,JazzCash,Paid,2025-12-04
PAY-006469,ORD-006469,Credit Card,Refunded,2025-12-03
PAY-006470,ORD-006470,Credit Card,Paid,2025-12-05
PAY-006471,ORD-006471,Credit Card,Paid,2025-12-04
PAY-006472,ORD-006472,Credit Card,Paid,2025-12-04
PAY-006473,ORD-006473,Credit Card,Paid,2025-12-03
PAY-006474,ORD-006474,Cash on Delivery,Paid,2025-12-05
PAY-006475,ORD-006475,Cash on Delivery,Refunded,2025-12-09
PAY-006476,ORD-006476,JazzCash,Pending,2025-12-04
PAY-006477,ORD-006477,Debit Card,Paid,2025-12-04
PAY-006478,ORD-006478,Credit Card,Paid,2025-12-06
PAY-006479,ORD-006479,Debit Card,Paid,2025-12-05
PAY-006480,ORD-006480,Cash on Delivery,Paid,2025-12-09
PAY-006481,ORD-006481,JazzCash,Paid,2025-12-06
PAY-006482,ORD-006482,Credit Card,Paid,2025-12-04
PAY-006483,ORD-006483,Credit Card,Paid,2025-12-06
PAY-006484,ORD-006484,Bank Transfer,Paid,2025-12-07
PAY-006485,ORD-006485,Credit Card,Paid,2025-12-04
PAY-006486,ORD-006486,Credit Card,Refunded,2025-12-04
PAY-006487,ORD-006487,Credit Card,Refunded,2025-12-06
PAY-006488,ORD-006488,Credit Card,Refunded,2025-12-05
PAY-006489,ORD-006489,JazzCash,Paid,2025-12-06
PAY-006490,ORD-006490,Debit Card,Refunded,2025-12-04
PAY-006491,ORD-006491,Credit Card,Paid,2025-12-06
PAY-006492,ORD-006492,Credit Card,Paid,2025-12-06
PAY-006493,ORD-006493,Cash on Delivery,Refunded,2025-12-10
PAY-006494,ORD-006494,Credit Card,Paid,2025-12-06
PAY-006495,ORD-006495,Debit Card,Paid,2025-12-07
PAY-006496,ORD-006496,JazzCash,Pending,2025-12-05
PAY-006497,ORD-006497,EasyPaisa,Paid,2025-12-05
PAY-006498,ORD-006498,JazzCash,Paid,2025-12-07
PAY-006499,ORD-006499,Debit Card,Paid,2025-12-05
PAY-006500,ORD-006500,Debit Card,Paid,2025-12-05
PAY-006501,ORD-006501,Debit Card,Paid,2025-12-07
PAY-006502,ORD-006502,Debit Card,Pending,2025-12-07
PAY-006503,ORD-006503,EasyPaisa,Refunded,2025-12-07
PAY-006504,ORD-006504,Credit Card,Paid,2025-12-07
PAY-006505,ORD-006505,JazzCash,Refunded,2025-12-05
PAY-006506,ORD-006506,Credit Card,Paid,2025-12-06
PAY-006507,ORD-006507,Bank Transfer,Paid,2025-12-10
PAY-006508,ORD-006508,EasyPaisa,Paid,2025-12-06
PAY-006509,ORD-006509,Bank Transfer,Paid,2025-12-09
PAY-006510,ORD-006510,Debit Card,Paid,2025-12-06
PAY-006511,ORD-006511,Bank Transfer,Paid,2025-12-12
PAY-006512,ORD-006512,Credit Card,Paid,2025-12-08
PAY-006513,ORD-006513,Debit Card,Paid,2025-12-07
PAY-006514,ORD-006514,Cash on Delivery,Failed,2025-12-09
PAY-006515,ORD-006515,Debit Card,Paid,2025-12-07
PAY-006516,ORD-006516,Bank Transfer,Paid,2025-12-12
PAY-006517,ORD-006517,Credit Card,Refunded,2025-12-07
PAY-006518,ORD-006518,Cash on Delivery,Paid,2025-12-10
PAY-006519,ORD-006519,Cash on Delivery,Paid,2025-12-10
PAY-006520,ORD-006520,Cash on Delivery,Pending,2025-12-09
PAY-006521,ORD-006521,Cash on Delivery,Refunded,2025-12-12
PAY-006522,ORD-006522,Cash on Delivery,Paid,2025-12-12
PAY-006523,ORD-006523,JazzCash,Paid,2025-12-08
PAY-006524,ORD-006524,Credit Card,Paid,2025-12-07
PAY-006525,ORD-006525,JazzCash,Failed,2025-12-06
PAY-006526,ORD-006526,Cash on Delivery,Paid,2025-12-12
PAY-006527,ORD-006527,JazzCash,Refunded,2025-12-06
PAY-006528,ORD-006528,Credit Card,Failed,2025-12-08
PAY-006529,ORD-006529,Debit Card,Refunded,2025-12-06
PAY-006530,ORD-006530,Debit Card,Pending,2025-12-07
PAY-006531,ORD-006531,Cash on Delivery,Paid,2025-12-09
PAY-006532,ORD-006532,JazzCash,Paid,2025-12-07
PAY-006533,ORD-006533,EasyPaisa,Paid,2025-12-09
PAY-006534,ORD-006534,Debit Card,Refunded,2025-12-07
PAY-006535,ORD-006535,JazzCash,Paid,2025-12-07
PAY-006536,ORD-006536,Credit Card,Failed,2025-12-07
PAY-006537,ORD-006537,Credit Card,Paid,2025-12-10
PAY-006538,ORD-006538,JazzCash,Refunded,2025-12-10
PAY-006539,ORD-006539,EasyPaisa,Paid,2025-12-09
PAY-006540,ORD-006540,Credit Card,Paid,2025-12-08
PAY-006541,ORD-006541,Cash on Delivery,Paid,2025-12-10
PAY-006542,ORD-006542,Cash on Delivery,Paid,2025-12-11
PAY-006543,ORD-006543,JazzCash,Paid,2025-12-08
PAY-006544,ORD-006544,Credit Card,Refunded,2025-12-08
PAY-006545,ORD-006545,Bank Transfer,Paid,2025-12-10
PAY-006546,ORD-006546,Debit Card,Paid,2025-12-10
PAY-006547,ORD-006547,Debit Card,Paid,2025-12-09
PAY-006548,ORD-006548,Debit Card,Refunded,2025-12-09
PAY-006549,ORD-006549,JazzCash,Paid,2025-12-09
PAY-006550,ORD-006550,Cash on Delivery,Paid,2025-12-11
PAY-006551,ORD-006551,Cash on Delivery,Paid,2025-12-14
PAY-006552,ORD-006552,EasyPaisa,Paid,2025-12-08
PAY-006553,ORD-006553,EasyPaisa,Paid,2025-12-11
PAY-006554,ORD-006554,Cash on Delivery,Pending,2025-12-12
PAY-006555,ORD-006555,Debit Card,Failed,2025-12-09
PAY-006556,ORD-006556,JazzCash,Paid,2025-12-11
PAY-006557,ORD-006557,Credit Card,Refunded,2025-12-11
PAY-006558,ORD-006558,Debit Card,Paid,2025-12-09
PAY-006559,ORD-006559,Credit Card,Paid,2025-12-09
PAY-006560,ORD-006560,EasyPaisa,Paid,2025-12-10
PAY-006561,ORD-006561,Cash on Delivery,Failed,2025-12-11
PAY-006562,ORD-006562,JazzCash,Paid,2025-12-09
PAY-006563,ORD-006563,Bank Transfer,Paid,2025-12-10
PAY-006564,ORD-006564,Cash on Delivery,Paid,2025-12-12
PAY-006565,ORD-006565,Debit Card,Paid,2025-12-09
PAY-006566,ORD-006566,Credit Card,Pending,2025-12-09
PAY-006567,ORD-006567,Debit Card,Paid,2025-12-09
PAY-006568,ORD-006568,Cash on Delivery,Paid,2025-12-14
PAY-006569,ORD-006569,Debit Card,Paid,2025-12-10
PAY-006570,ORD-006570,Cash on Delivery,Paid,2025-12-12
PAY-006571,ORD-006571,JazzCash,Paid,2025-12-12
PAY-006572,ORD-006572,Cash on Delivery,Paid,2025-12-12
PAY-006573,ORD-006573,Cash on Delivery,Paid,2025-12-14
PAY-006574,ORD-006574,Debit Card,Paid,2025-12-11
PAY-006575,ORD-006575,Cash on Delivery,Failed,2025-12-15
PAY-006576,ORD-006576,Credit Card,Paid,2025-12-12
PAY-006577,ORD-006577,Debit Card,Paid,2025-12-11
PAY-006578,ORD-006578,Cash on Delivery,Paid,2025-12-14
PAY-006579,ORD-006579,Cash on Delivery,Paid,2025-12-15
PAY-006580,ORD-006580,JazzCash,Paid,2025-12-10
PAY-006581,ORD-006581,Cash on Delivery,Refunded,2025-12-15
PAY-006582,ORD-006582,Credit Card,Refunded,2025-12-10
PAY-006583,ORD-006583,Cash on Delivery,Paid,2025-12-15
PAY-006584,ORD-006584,Cash on Delivery,Pending,2025-12-16
PAY-006585,ORD-006585,Credit Card,Paid,2025-12-10
PAY-006586,ORD-006586,Credit Card,Failed,2025-12-10
PAY-006587,ORD-006587,Cash on Delivery,Paid,2025-12-12
PAY-006588,ORD-006588,JazzCash,Paid,2025-12-12
PAY-006589,ORD-006589,Cash on Delivery,Paid,2025-12-15
PAY-006590,ORD-006590,Credit Card,Paid,2025-12-11
PAY-006591,ORD-006591,EasyPaisa,Paid,2025-12-11
PAY-006592,ORD-006592,EasyPaisa,Paid,2025-12-11
PAY-006593,ORD-006593,Credit Card,Paid,2025-12-13
PAY-006594,ORD-006594,Credit Card,Paid,2025-12-11
PAY-006595,ORD-006595,JazzCash,Paid,2025-12-12
PAY-006596,ORD-006596,Cash on Delivery,Failed,2025-12-14
PAY-006597,ORD-006597,Cash on Delivery,Paid,2025-12-14
PAY-006598,ORD-006598,EasyPaisa,Refunded,2025-12-13
PAY-006599,ORD-006599,Cash on Delivery,Paid,2025-12-16
PAY-006600,ORD-006600,EasyPaisa,Paid,2025-12-13
PAY-006601,ORD-006601,Credit Card,Paid,2025-12-13
PAY-006602,ORD-006602,JazzCash,Refunded,2025-12-11
PAY-006603,ORD-006603,Debit Card,Failed,2025-12-11
PAY-006604,ORD-006604,Cash on Delivery,Paid,2025-12-16
PAY-006605,ORD-006605,Cash on Delivery,Paid,2025-12-13
PAY-006606,ORD-006606,EasyPaisa,Paid,2025-12-12
PAY-006607,ORD-006607,Cash on Delivery,Refunded,2025-12-15
PAY-006608,ORD-006608,Cash on Delivery,Pending,2025-12-17
PAY-006609,ORD-006609,Bank Transfer,Paid,2025-12-18
PAY-006610,ORD-006610,JazzCash,Paid,2025-12-12
PAY-006611,ORD-006611,Credit Card,Paid,2025-12-13
PAY-006612,ORD-006612,Cash on Delivery,Paid,2025-12-15
PAY-006613,ORD-006613,Cash on Delivery,Paid,2025-12-15
PAY-006614,ORD-006614,Debit Card,Paid,2025-12-12
PAY-006615,ORD-006615,Credit Card,Paid,2025-12-12
PAY-006616,ORD-006616,Bank Transfer,Paid,2025-12-18
PAY-006617,ORD-006617,Cash on Delivery,Paid,2025-12-15
PAY-006618,ORD-006618,Cash on Delivery,Paid,2025-12-17
PAY-006619,ORD-006619,Credit Card,Paid,2025-12-13
PAY-006620,ORD-006620,Cash on Delivery,Paid,2025-12-17
PAY-006621,ORD-006621,Debit Card,Refunded,2025-12-14
PAY-006622,ORD-006622,Cash on Delivery,Paid,2025-12-17
PAY-006623,ORD-006623,Credit Card,Paid,2025-12-14
PAY-006624,ORD-006624,Cash on Delivery,Failed,2025-12-15
PAY-006625,ORD-006625,Bank Transfer,Paid,2025-12-18
PAY-006626,ORD-006626,JazzCash,Paid,2025-12-15
PAY-006627,ORD-006627,JazzCash,Paid,2025-12-13
PAY-006628,ORD-006628,Credit Card,Paid,2025-12-13
PAY-006629,ORD-006629,Credit Card,Paid,2025-12-13
PAY-006630,ORD-006630,Debit Card,Paid,2025-12-14
PAY-006631,ORD-006631,Bank Transfer,Paid,2025-12-14
PAY-006632,ORD-006632,Credit Card,Paid,2025-12-15
PAY-006633,ORD-006633,Cash on Delivery,Pending,2025-12-14
PAY-006634,ORD-006634,Credit Card,Paid,2025-12-15
PAY-006635,ORD-006635,Debit Card,Paid,2025-12-14
PAY-006636,ORD-006636,EasyPaisa,Paid,2025-12-13
PAY-006637,ORD-006637,Cash on Delivery,Paid,2025-12-17
PAY-006638,ORD-006638,JazzCash,Refunded,2025-12-14
PAY-006639,ORD-006639,EasyPaisa,Paid,2025-12-13
PAY-006640,ORD-006640,Credit Card,Paid,2025-12-16
PAY-006641,ORD-006641,Debit Card,Paid,2025-12-15
PAY-006642,ORD-006642,Cash on Delivery,Refunded,2025-12-19
PAY-006643,ORD-006643,Credit Card,Pending,2025-12-14
PAY-006644,ORD-006644,JazzCash,Paid,2025-12-16
PAY-006645,ORD-006645,Debit Card,Refunded,2025-12-14
PAY-006646,ORD-006646,Cash on Delivery,Paid,2025-12-16
PAY-006647,ORD-006647,JazzCash,Paid,2025-12-16
PAY-006648,ORD-006648,JazzCash,Refunded,2025-12-17
PAY-006649,ORD-006649,JazzCash,Refunded,2025-12-17
PAY-006650,ORD-006650,Credit Card,Refunded,2025-12-15
PAY-006651,ORD-006651,Cash on Delivery,Failed,2025-12-20
PAY-006652,ORD-006652,Debit Card,Paid,2025-12-17
PAY-006653,ORD-006653,JazzCash,Paid,2025-12-15
PAY-006654,ORD-006654,Cash on Delivery,Paid,2025-12-20
PAY-006655,ORD-006655,JazzCash,Paid,2025-12-17
PAY-006656,ORD-006656,Cash on Delivery,Paid,2025-12-16
PAY-006657,ORD-006657,EasyPaisa,Paid,2025-12-15
PAY-006658,ORD-006658,Debit Card,Pending,2025-12-16
PAY-006659,ORD-006659,Credit Card,Paid,2025-12-16
PAY-006660,ORD-006660,JazzCash,Paid,2025-12-17
PAY-006661,ORD-006661,Cash on Delivery,Paid,2025-12-22
PAY-006662,ORD-006662,EasyPaisa,Paid,2025-12-17
PAY-006663,ORD-006663,Credit Card,Refunded,2025-12-16
PAY-006664,ORD-006664,Cash on Delivery,Paid,2025-12-18
PAY-006665,ORD-006665,JazzCash,Failed,2025-12-18
PAY-006666,ORD-006666,Credit Card,Paid,2025-12-17
PAY-006667,ORD-006667,Cash on Delivery,Paid,2025-12-21
PAY-006668,ORD-006668,Cash on Delivery,Pending,2025-12-18
PAY-006669,ORD-006669,Debit Card,Failed,2025-12-18
PAY-006670,ORD-006670,Credit Card,Paid,2025-12-18
PAY-006671,ORD-006671,EasyPaisa,Paid,2025-12-17
PAY-006672,ORD-006672,Credit Card,Paid,2025-12-16
PAY-006673,ORD-006673,Credit Card,Paid,2025-12-18
PAY-006674,ORD-006674,EasyPaisa,Paid,2025-12-18
PAY-006675,ORD-006675,Credit Card,Refunded,2025-12-18
PAY-006676,ORD-006676,Credit Card,Paid,2025-12-18
PAY-006677,ORD-006677,Cash on Delivery,Pending,2025-12-18
PAY-006678,ORD-006678,Debit Card,Paid,2025-12-18
PAY-006679,ORD-006679,Cash on Delivery,Paid,2025-12-20
PAY-006680,ORD-006680,Credit Card,Refunded,2025-12-19
PAY-006681,ORD-006681,JazzCash,Paid,2025-12-18
PAY-006682,ORD-006682,Cash on Delivery,Paid,2025-12-20
PAY-006683,ORD-006683,Credit Card,Paid,2025-12-19
PAY-006684,ORD-006684,Cash on Delivery,Paid,2025-12-22
PAY-006685,ORD-006685,Credit Card,Paid,2025-12-19
PAY-006686,ORD-006686,Cash on Delivery,Paid,2025-12-22
PAY-006687,ORD-006687,Credit Card,Paid,2025-12-18
PAY-006688,ORD-006688,Debit Card,Paid,2025-12-18
PAY-006689,ORD-006689,Debit Card,Refunded,2025-12-19
PAY-006690,ORD-006690,JazzCash,Paid,2025-12-19
PAY-006691,ORD-006691,Credit Card,Pending,2025-12-18
PAY-006692,ORD-006692,Debit Card,Refunded,2025-12-18
PAY-006693,ORD-006693,Cash on Delivery,Refunded,2025-12-21
PAY-006694,ORD-006694,Cash on Delivery,Paid,2025-12-20
PAY-006695,ORD-006695,Cash on Delivery,Paid,2025-12-18
PAY-006696,ORD-006696,JazzCash,Paid,2025-12-18
PAY-006697,ORD-006697,Credit Card,Paid,2025-12-19
PAY-006698,ORD-006698,Debit Card,Paid,2025-12-18
PAY-006699,ORD-006699,Cash on Delivery,Failed,2025-12-20
PAY-006700,ORD-006700,Debit Card,Failed,2025-12-18
PAY-006701,ORD-006701,Bank Transfer,Paid,2025-12-24
PAY-006702,ORD-006702,JazzCash,Paid,2025-12-20
PAY-006703,ORD-006703,Bank Transfer,Paid,2025-12-24
PAY-006704,ORD-006704,Debit Card,Paid,2025-12-19
PAY-006705,ORD-006705,Credit Card,Pending,2025-12-20
PAY-006706,ORD-006706,Cash on Delivery,Paid,2025-12-24
PAY-006707,ORD-006707,Credit Card,Paid,2025-12-20
PAY-006708,ORD-006708,Credit Card,Paid,2025-12-19
PAY-006709,ORD-006709,Credit Card,Refunded,2025-12-19
PAY-006710,ORD-006710,EasyPaisa,Paid,2025-12-18
PAY-006711,ORD-006711,Credit Card,Refunded,2025-12-18
PAY-006712,ORD-006712,JazzCash,Paid,2025-12-20
PAY-006713,ORD-006713,Cash on Delivery,Pending,2025-12-20
PAY-006714,ORD-006714,Credit Card,Pending,2025-12-19
PAY-006715,ORD-006715,Credit Card,Paid,2025-12-19
PAY-006716,ORD-006716,Credit Card,Paid,2025-12-20
PAY-006717,ORD-006717,Debit Card,Refunded,2025-12-20
PAY-006718,ORD-006718,Cash on Delivery,Paid,2025-12-21
PAY-006719,ORD-006719,Credit Card,Refunded,2025-12-19
PAY-006720,ORD-006720,Cash on Delivery,Paid,2025-12-20
PAY-006721,ORD-006721,Debit Card,Refunded,2025-12-21
PAY-006722,ORD-006722,Cash on Delivery,Refunded,2025-12-24
PAY-006723,ORD-006723,Cash on Delivery,Paid,2025-12-25
PAY-006724,ORD-006724,Debit Card,Paid,2025-12-21
PAY-006725,ORD-006725,Debit Card,Paid,2025-12-19
PAY-006726,ORD-006726,Credit Card,Paid,2025-12-19
PAY-006727,ORD-006727,Credit Card,Paid,2025-12-20
PAY-006728,ORD-006728,Cash on Delivery,Paid,2025-12-21
PAY-006729,ORD-006729,Cash on Delivery,Paid,2025-12-23
PAY-006730,ORD-006730,JazzCash,Paid,2025-12-20
PAY-006731,ORD-006731,Cash on Delivery,Paid,2025-12-20
PAY-006732,ORD-006732,Cash on Delivery,Paid,2025-12-22
PAY-006733,ORD-006733,JazzCash,Paid,2025-12-21
PAY-006734,ORD-006734,Bank Transfer,Paid,2025-12-23
PAY-006735,ORD-006735,Debit Card,Paid,2025-12-21
PAY-006736,ORD-006736,EasyPaisa,Pending,2025-12-20
PAY-006737,ORD-006737,Credit Card,Paid,2025-12-20
PAY-006738,ORD-006738,Credit Card,Paid,2025-12-22
PAY-006739,ORD-006739,Debit Card,Paid,2025-12-20
PAY-006740,ORD-006740,Credit Card,Paid,2025-12-20
PAY-006741,ORD-006741,JazzCash,Paid,2025-12-22
PAY-006742,ORD-006742,Cash on Delivery,Failed,2025-12-23
PAY-006743,ORD-006743,Credit Card,Paid,2025-12-21
PAY-006744,ORD-006744,Debit Card,Paid,2025-12-20
PAY-006745,ORD-006745,Debit Card,Paid,2025-12-21
PAY-006746,ORD-006746,Credit Card,Paid,2025-12-22
PAY-006747,ORD-006747,Cash on Delivery,Paid,2025-12-21
PAY-006748,ORD-006748,Credit Card,Paid,2025-12-21
PAY-006749,ORD-006749,Credit Card,Pending,2025-12-20
PAY-006750,ORD-006750,Cash on Delivery,Paid,2025-12-26
PAY-006751,ORD-006751,JazzCash,Paid,2025-12-21
PAY-006752,ORD-006752,Cash on Delivery,Paid,2025-12-21
PAY-006753,ORD-006753,Credit Card,Refunded,2025-12-21
PAY-006754,ORD-006754,Cash on Delivery,Paid,2025-12-22
PAY-006755,ORD-006755,Credit Card,Paid,2025-12-22
PAY-006756,ORD-006756,Cash on Delivery,Paid,2025-12-21
PAY-006757,ORD-006757,Debit Card,Paid,2025-12-22
PAY-006758,ORD-006758,Cash on Delivery,Paid,2025-12-25
PAY-006759,ORD-006759,JazzCash,Paid,2025-12-22
PAY-006760,ORD-006760,Credit Card,Paid,2025-12-22
PAY-006761,ORD-006761,Credit Card,Refunded,2025-12-21
PAY-006762,ORD-006762,EasyPaisa,Failed,2025-12-22
PAY-006763,ORD-006763,EasyPaisa,Paid,2025-12-21
PAY-006764,ORD-006764,Debit Card,Paid,2025-12-23
PAY-006765,ORD-006765,Cash on Delivery,Paid,2025-12-22
PAY-006766,ORD-006766,Credit Card,Paid,2025-12-23
PAY-006767,ORD-006767,JazzCash,Paid,2025-12-21
PAY-006768,ORD-006768,Cash on Delivery,Paid,2025-12-25
PAY-006769,ORD-006769,Cash on Delivery,Paid,2025-12-26
PAY-006770,ORD-006770,JazzCash,Failed,2025-12-21
PAY-006771,ORD-006771,Credit Card,Paid,2025-12-21
PAY-006772,ORD-006772,Bank Transfer,Pending,2025-12-25
PAY-006773,ORD-006773,Cash on Delivery,Paid,2025-12-27
PAY-006774,ORD-006774,Cash on Delivery,Paid,2025-12-24
PAY-006775,ORD-006775,Debit Card,Paid,2025-12-23
PAY-006776,ORD-006776,Cash on Delivery,Paid,2025-12-22
PAY-006777,ORD-006777,Cash on Delivery,Failed,2025-12-25
PAY-006778,ORD-006778,JazzCash,Paid,2025-12-22
PAY-006779,ORD-006779,Credit Card,Paid,2025-12-24
PAY-006780,ORD-006780,JazzCash,Paid,2025-12-23
PAY-006781,ORD-006781,JazzCash,Paid,2025-12-23
PAY-006782,ORD-006782,JazzCash,Pending,2025-12-22
PAY-006783,ORD-006783,Bank Transfer,Refunded,2025-12-28
PAY-006784,ORD-006784,Credit Card,Paid,2025-12-22
PAY-006785,ORD-006785,Cash on Delivery,Paid,2025-12-23
PAY-006786,ORD-006786,Credit Card,Paid,2025-12-23
PAY-006787,ORD-006787,Bank Transfer,Refunded,2025-12-28
PAY-006788,ORD-006788,JazzCash,Paid,2025-12-24
PAY-006789,ORD-006789,EasyPaisa,Refunded,2025-12-24
PAY-006790,ORD-006790,Cash on Delivery,Failed,2025-12-28
PAY-006791,ORD-006791,Cash on Delivery,Paid,2025-12-25
PAY-006792,ORD-006792,Credit Card,Paid,2025-12-22
PAY-006793,ORD-006793,Cash on Delivery,Paid,2025-12-23
PAY-006794,ORD-006794,JazzCash,Paid,2025-12-24
PAY-006795,ORD-006795,Cash on Delivery,Refunded,2025-12-28
PAY-006796,ORD-006796,Credit Card,Refunded,2025-12-25
PAY-006797,ORD-006797,JazzCash,Paid,2025-12-24
PAY-006798,ORD-006798,JazzCash,Paid,2025-12-24
PAY-006799,ORD-006799,Cash on Delivery,Paid,2025-12-28
PAY-006800,ORD-006800,JazzCash,Paid,2025-12-25
PAY-006801,ORD-006801,Credit Card,Paid,2025-12-24
PAY-006802,ORD-006802,Cash on Delivery,Paid,2025-12-27
PAY-006803,ORD-006803,Debit Card,Paid,2025-12-23
PAY-006804,ORD-006804,Debit Card,Paid,2025-12-25
PAY-006805,ORD-006805,Cash on Delivery,Refunded,2025-12-24
PAY-006806,ORD-006806,Bank Transfer,Paid,2025-12-29
PAY-006807,ORD-006807,EasyPaisa,Paid,2025-12-25
PAY-006808,ORD-006808,Credit Card,Paid,2025-12-24
PAY-006809,ORD-006809,Cash on Delivery,Refunded,2025-12-24
PAY-006810,ORD-006810,Credit Card,Refunded,2025-12-23
PAY-006811,ORD-006811,JazzCash,Paid,2025-12-25
PAY-006812,ORD-006812,Cash on Delivery,Paid,2025-12-27
PAY-006813,ORD-006813,EasyPaisa,Failed,2025-12-25
PAY-006814,ORD-006814,Credit Card,Refunded,2025-12-25
PAY-006815,ORD-006815,Debit Card,Paid,2025-12-26
PAY-006816,ORD-006816,JazzCash,Paid,2025-12-24
PAY-006817,ORD-006817,Credit Card,Paid,2025-12-26
PAY-006818,ORD-006818,Credit Card,Paid,2025-12-24
PAY-006819,ORD-006819,JazzCash,Paid,2025-12-25
PAY-006820,ORD-006820,Credit Card,Paid,2025-12-24
PAY-006821,ORD-006821,Debit Card,Paid,2025-12-25
PAY-006822,ORD-006822,Cash on Delivery,Paid,2025-12-29
PAY-006823,ORD-006823,Credit Card,Pending,2025-12-25
PAY-006824,ORD-006824,EasyPaisa,Paid,2025-12-25
PAY-006825,ORD-006825,Bank Transfer,Paid,2025-12-28
PAY-006826,ORD-006826,JazzCash,Paid,2025-12-25
PAY-006827,ORD-006827,Credit Card,Paid,2025-12-26
PAY-006828,ORD-006828,Cash on Delivery,Paid,2025-12-27
PAY-006829,ORD-006829,Cash on Delivery,Paid,2025-12-27
PAY-006830,ORD-006830,Credit Card,Paid,2025-12-26
PAY-006831,ORD-006831,Credit Card,Paid,2025-12-25
PAY-006832,ORD-006832,Debit Card,Paid,2025-12-25
PAY-006833,ORD-006833,Cash on Delivery,Paid,2025-12-31
PAY-006834,ORD-006834,Credit Card,Paid,2025-12-26
PAY-006835,ORD-006835,Cash on Delivery,Paid,2025-12-31
PAY-006836,ORD-006836,Credit Card,Paid,2025-12-25
PAY-006837,ORD-006837,Cash on Delivery,Paid,2025-12-26
PAY-006838,ORD-006838,EasyPaisa,Paid,2025-12-26
PAY-006839,ORD-006839,Debit Card,Pending,2025-12-27
PAY-006840,ORD-006840,Credit Card,Paid,2025-12-28
PAY-006841,ORD-006841,Debit Card,Paid,2025-12-28
PAY-006842,ORD-006842,JazzCash,Paid,2025-12-28
PAY-006843,ORD-006843,Debit Card,Paid,2025-12-26
PAY-006844,ORD-006844,Cash on Delivery,Refunded,2025-12-28
PAY-006845,ORD-006845,JazzCash,Paid,2025-12-26
PAY-006846,ORD-006846,Bank Transfer,Refunded,2025-12-29
PAY-006847,ORD-006847,EasyPaisa,Paid,2025-12-28
PAY-006848,ORD-006848,Cash on Delivery,Paid,2025-12-28
PAY-006849,ORD-006849,JazzCash,Pending,2025-12-26
PAY-006850,ORD-006850,Bank Transfer,Pending,2025-12-29
PAY-006851,ORD-006851,Credit Card,Paid,2025-12-28
PAY-006852,ORD-006852,Credit Card,Paid,2025-12-26
PAY-006853,ORD-006853,Cash on Delivery,Paid,2025-12-31
PAY-006854,ORD-006854,EasyPaisa,Paid,2025-12-29
PAY-006855,ORD-006855,Cash on Delivery,Refunded,2026-01-01
PAY-006856,ORD-006856,JazzCash,Paid,2025-12-27
PAY-006857,ORD-006857,JazzCash,Failed,2025-12-27
PAY-006858,ORD-006858,JazzCash,Refunded,2025-12-28
PAY-006859,ORD-006859,Cash on Delivery,Paid,2026-01-02
PAY-006860,ORD-006860,Cash on Delivery,Refunded,2026-01-02
PAY-006861,ORD-006861,Bank Transfer,Paid,2026-01-02
PAY-006862,ORD-006862,Credit Card,Paid,2025-12-29
PAY-006863,ORD-006863,Debit Card,Paid,2025-12-29
PAY-006864,ORD-006864,Debit Card,Paid,2025-12-29
PAY-006865,ORD-006865,Cash on Delivery,Paid,2025-12-31
PAY-006866,ORD-006866,Bank Transfer,Paid,2026-01-02
PAY-006867,ORD-006867,Credit Card,Paid,2025-12-29
PAY-006868,ORD-006868,Credit Card,Failed,2025-12-27
PAY-006869,ORD-006869,JazzCash,Paid,2025-12-27
PAY-006870,ORD-006870,Credit Card,Failed,2025-12-29
PAY-006871,ORD-006871,EasyPaisa,Paid,2025-12-27
PAY-006872,ORD-006872,Credit Card,Paid,2025-12-30
PAY-006873,ORD-006873,Credit Card,Paid,2025-12-30
PAY-006874,ORD-006874,Debit Card,Paid,2025-12-28
PAY-006875,ORD-006875,Cash on Delivery,Paid,2026-01-03
PAY-006876,ORD-006876,Credit Card,Refunded,2025-12-28
PAY-006877,ORD-006877,Credit Card,Paid,2025-12-28
PAY-006878,ORD-006878,Cash on Delivery,Failed,2026-01-01
PAY-006879,ORD-006879,Debit Card,Paid,2025-12-30
PAY-006880,ORD-006880,EasyPaisa,Paid,2025-12-28
PAY-006881,ORD-006881,JazzCash,Paid,2025-12-30
PAY-006882,ORD-006882,JazzCash,Paid,2025-12-28
PAY-006883,ORD-006883,Cash on Delivery,Failed,2026-01-01
PAY-006884,ORD-006884,Bank Transfer,Refunded,2025-12-29
PAY-006885,ORD-006885,JazzCash,Paid,2025-12-29
PAY-006886,ORD-006886,EasyPaisa,Paid,2025-12-31
PAY-006887,ORD-006887,EasyPaisa,Paid,2025-12-31
PAY-006888,ORD-006888,Credit Card,Paid,2025-12-30
PAY-006889,ORD-006889,Cash on Delivery,Paid,2026-01-01
PAY-006890,ORD-006890,Cash on Delivery,Paid,2026-01-02
PAY-006891,ORD-006891,Credit Card,Paid,2025-12-29
PAY-006892,ORD-006892,Cash on Delivery,Pending,2026-01-04
PAY-006893,ORD-006893,JazzCash,Paid,2025-12-30
PAY-006894,ORD-006894,EasyPaisa,Refunded,2025-12-29
PAY-006895,ORD-006895,Credit Card,Paid,2026-01-01
PAY-006896,ORD-006896,Bank Transfer,Paid,2026-01-05
PAY-006897,ORD-006897,Debit Card,Paid,2025-12-31
PAY-006898,ORD-006898,Credit Card,Failed,2026-01-01
PAY-006899,ORD-006899,JazzCash,Paid,2026-01-01
PAY-006900,ORD-006900,Cash on Delivery,Paid,2026-01-02
PAY-006901,ORD-006901,JazzCash,Paid,2026-01-01
PAY-006902,ORD-006902,Bank Transfer,Paid,2026-01-05
PAY-006903,ORD-006903,Bank Transfer,Refunded,2026-01-01
PAY-006904,ORD-006904,EasyPaisa,Paid,2025-12-31
PAY-006905,ORD-006905,Cash on Delivery,Paid,2026-01-03
PAY-006906,ORD-006906,Cash on Delivery,Paid,2026-01-05
PAY-006907,ORD-006907,Debit Card,Pending,2025-12-30
PAY-006908,ORD-006908,Credit Card,Paid,2025-12-30
PAY-006909,ORD-006909,EasyPaisa,Paid,2026-01-01
PAY-006910,ORD-006910,EasyPaisa,Paid,2025-12-31
PAY-006911,ORD-006911,Credit Card,Pending,2026-01-01
PAY-006912,ORD-006912,Cash on Delivery,Paid,2026-01-03
PAY-006913,ORD-006913,Credit Card,Failed,2026-01-01
PAY-006914,ORD-006914,Credit Card,Paid,2025-12-31
PAY-006915,ORD-006915,JazzCash,Paid,2025-12-31
PAY-006916,ORD-006916,Cash on Delivery,Paid,2026-01-05
PAY-006917,ORD-006917,Credit Card,Paid,2025-12-31
PAY-006918,ORD-006918,EasyPaisa,Paid,2026-01-01
PAY-006919,ORD-006919,Cash on Delivery,Refunded,2026-01-02
PAY-006920,ORD-006920,Cash on Delivery,Paid,2026-01-03
PAY-006921,ORD-006921,Credit Card,Pending,2025-12-31
PAY-006922,ORD-006922,Debit Card,Pending,2025-12-31
PAY-006923,ORD-006923,Credit Card,Paid,2025-12-31
PAY-006924,ORD-006924,Cash on Delivery,Paid,2026-01-03
PAY-006925,ORD-006925,EasyPaisa,Pending,2026-01-01
PAY-006926,ORD-006926,Cash on Delivery,Paid,2026-01-06
PAY-006927,ORD-006927,Cash on Delivery,Paid,2026-01-04
PAY-006928,ORD-006928,Debit Card,Paid,2025-12-31
PAY-006929,ORD-006929,EasyPaisa,Paid,2026-01-01
PAY-006930,ORD-006930,Credit Card,Paid,2026-01-01
PAY-006931,ORD-006931,Credit Card,Paid,2026-01-01
PAY-006932,ORD-006932,Credit Card,Pending,2026-01-02
PAY-006933,ORD-006933,Debit Card,Paid,2026-01-03
PAY-006934,ORD-006934,Cash on Delivery,Refunded,2026-01-04
PAY-006935,ORD-006935,Debit Card,Pending,2026-01-01
PAY-006936,ORD-006936,JazzCash,Refunded,2026-01-02
PAY-006937,ORD-006937,Credit Card,Paid,2026-01-02
PAY-006938,ORD-006938,Credit Card,Paid,2026-01-02
PAY-006939,ORD-006939,Debit Card,Refunded,2026-01-01
PAY-006940,ORD-006940,Credit Card,Paid,2026-01-01
PAY-006941,ORD-006941,Credit Card,Paid,2026-01-03
PAY-006942,ORD-006942,Credit Card,Paid,2026-01-01
PAY-006943,ORD-006943,Cash on Delivery,Paid,2026-01-06
PAY-006944,ORD-006944,Cash on Delivery,Paid,2026-01-07
PAY-006945,ORD-006945,JazzCash,Paid,2026-01-02
PAY-006946,ORD-006946,EasyPaisa,Paid,2026-01-01
PAY-006947,ORD-006947,Credit Card,Pending,2026-01-02
PAY-006948,ORD-006948,Bank Transfer,Paid,2026-01-08
PAY-006949,ORD-006949,Cash on Delivery,Paid,2026-01-03
PAY-006950,ORD-006950,EasyPaisa,Paid,2026-01-03
PAY-006951,ORD-006951,Debit Card,Paid,2026-01-04
PAY-006952,ORD-006952,Cash on Delivery,Paid,2026-01-05
PAY-006953,ORD-006953,Credit Card,Paid,2026-01-02
PAY-006954,ORD-006954,EasyPaisa,Refunded,2026-01-03
PAY-006955,ORD-006955,Cash on Delivery,Refunded,2026-01-07
PAY-006956,ORD-006956,EasyPaisa,Paid,2026-01-02
PAY-006957,ORD-006957,Credit Card,Paid,2026-01-03
PAY-006958,ORD-006958,Debit Card,Paid,2026-01-02
PAY-006959,ORD-006959,Cash on Delivery,Failed,2026-01-08
PAY-006960,ORD-006960,Cash on Delivery,Paid,2026-01-06
PAY-006961,ORD-006961,Cash on Delivery,Paid,2026-01-09
PAY-006962,ORD-006962,Credit Card,Refunded,2026-01-05
PAY-006963,ORD-006963,JazzCash,Paid,2026-01-04
PAY-006964,ORD-006964,Credit Card,Pending,2026-01-03
PAY-006965,ORD-006965,Debit Card,Failed,2026-01-03
PAY-006966,ORD-006966,JazzCash,Paid,2026-01-04
PAY-006967,ORD-006967,Credit Card,Paid,2026-01-05
PAY-006968,ORD-006968,Credit Card,Pending,2026-01-05
PAY-006969,ORD-006969,Debit Card,Paid,2026-01-03
PAY-006970,ORD-006970,Credit Card,Refunded,2026-01-04
PAY-006971,ORD-006971,JazzCash,Paid,2026-01-06
PAY-006972,ORD-006972,Credit Card,Paid,2026-01-04
PAY-006973,ORD-006973,Cash on Delivery,Refunded,2026-01-09
PAY-006974,ORD-006974,Debit Card,Pending,2026-01-04
PAY-006975,ORD-006975,Credit Card,Pending,2026-01-05
PAY-006976,ORD-006976,EasyPaisa,Paid,2026-01-04
PAY-006977,ORD-006977,Credit Card,Paid,2026-01-05
PAY-006978,ORD-006978,Cash on Delivery,Paid,2026-01-10
PAY-006979,ORD-006979,Cash on Delivery,Pending,2026-01-08
PAY-006980,ORD-006980,Credit Card,Paid,2026-01-07
PAY-006981,ORD-006981,Cash on Delivery,Failed,2026-01-10
PAY-006982,ORD-006982,Cash on Delivery,Paid,2026-01-09
PAY-006983,ORD-006983,Cash on Delivery,Paid,2026-01-10
PAY-006984,ORD-006984,Cash on Delivery,Paid,2026-01-08
PAY-006985,ORD-006985,Credit Card,Paid,2026-01-06
PAY-006986,ORD-006986,JazzCash,Paid,2026-01-05
PAY-006987,ORD-006987,JazzCash,Paid,2026-01-05
PAY-006988,ORD-006988,Cash on Delivery,Paid,2026-01-07
PAY-006989,ORD-006989,JazzCash,Paid,2026-01-08
PAY-006990,ORD-006990,Credit Card,Paid,2026-01-07
PAY-006991,ORD-006991,Cash on Delivery,Pending,2026-01-09
PAY-006992,ORD-006992,Cash on Delivery,Refunded,2026-01-09
PAY-006993,ORD-006993,JazzCash,Paid,2026-01-07
PAY-006994,ORD-006994,Cash on Delivery,Paid,2026-01-07
PAY-006995,ORD-006995,Credit Card,Paid,2026-01-06
PAY-006996,ORD-006996,JazzCash,Paid,2026-01-07
PAY-006997,ORD-006997,Credit Card,Paid,2026-01-06
PAY-006998,ORD-006998,Cash on Delivery,Paid,2026-01-08
PAY-006999,ORD-006999,Cash on Delivery,Paid,2026-01-10
PAY-007000,ORD-007000,Cash on Delivery,Paid,2026-01-07
PAY-007001,ORD-007001,Credit Card,Paid,2026-01-06
PAY-007002,ORD-007002,Cash on Delivery,Paid,2026-01-12
PAY-007003,ORD-007003,JazzCash,Refunded,2026-01-08
PAY-007004,ORD-007004,JazzCash,Failed,2026-01-08
PAY-007005,ORD-007005,Cash on Delivery,Pending,2026-01-08
PAY-007006,ORD-007006,Credit Card,Paid,2026-01-08
PAY-007007,ORD-007007,EasyPaisa,Paid,2026-01-06
PAY-007008,ORD-007008,JazzCash,Paid,2026-01-06
PAY-007009,ORD-007009,EasyPaisa,Paid,2026-01-07
PAY-007010,ORD-007010,JazzCash,Paid,2026-01-06
PAY-007011,ORD-007011,Debit Card,Paid,2026-01-07
PAY-007012,ORD-007012,Credit Card,Refunded,2026-01-07
PAY-007013,ORD-007013,JazzCash,Refunded,2026-01-09
PAY-007014,ORD-007014,EasyPaisa,Paid,2026-01-09
PAY-007015,ORD-007015,Bank Transfer,Pending,2026-01-13
PAY-007016,ORD-007016,Debit Card,Paid,2026-01-09
PAY-007017,ORD-007017,Cash on Delivery,Paid,2026-01-13
PAY-007018,ORD-007018,Cash on Delivery,Paid,2026-01-11
PAY-007019,ORD-007019,JazzCash,Paid,2026-01-07
PAY-007020,ORD-007020,Debit Card,Paid,2026-01-08
PAY-007021,ORD-007021,Debit Card,Paid,2026-01-08
PAY-007022,ORD-007022,Credit Card,Paid,2026-01-09
PAY-007023,ORD-007023,Credit Card,Paid,2026-01-09
PAY-007024,ORD-007024,JazzCash,Paid,2026-01-09
PAY-007025,ORD-007025,Cash on Delivery,Refunded,2026-01-10
PAY-007026,ORD-007026,Debit Card,Refunded,2026-01-08
PAY-007027,ORD-007027,Cash on Delivery,Refunded,2026-01-09
PAY-007028,ORD-007028,JazzCash,Paid,2026-01-10
PAY-007029,ORD-007029,Cash on Delivery,Pending,2026-01-12
PAY-007030,ORD-007030,Cash on Delivery,Paid,2026-01-09
PAY-007031,ORD-007031,Debit Card,Failed,2026-01-09
PAY-007032,ORD-007032,Debit Card,Paid,2026-01-08
PAY-007033,ORD-007033,Debit Card,Refunded,2026-01-09
PAY-007034,ORD-007034,Debit Card,Refunded,2026-01-09
PAY-007035,ORD-007035,Debit Card,Paid,2026-01-09
PAY-007036,ORD-007036,JazzCash,Paid,2026-01-10
PAY-007037,ORD-007037,Credit Card,Paid,2026-01-09
PAY-007038,ORD-007038,Bank Transfer,Paid,2026-01-10
PAY-007039,ORD-007039,Debit Card,Refunded,2026-01-08
PAY-007040,ORD-007040,Bank Transfer,Paid,2026-01-12
PAY-007041,ORD-007041,Credit Card,Paid,2026-01-10
PAY-007042,ORD-007042,Debit Card,Paid,2026-01-11
PAY-007043,ORD-007043,Debit Card,Failed,2026-01-11
PAY-007044,ORD-007044,Cash on Delivery,Paid,2026-01-15
PAY-007045,ORD-007045,Credit Card,Paid,2026-01-09
PAY-007046,ORD-007046,Credit Card,Paid,2026-01-10
PAY-007047,ORD-007047,Cash on Delivery,Failed,2026-01-11
PAY-007048,ORD-007048,Credit Card,Paid,2026-01-10
PAY-007049,ORD-007049,Credit Card,Paid,2026-01-09
PAY-007050,ORD-007050,Cash on Delivery,Paid,2026-01-15
PAY-007051,ORD-007051,Credit Card,Paid,2026-01-10
PAY-007052,ORD-007052,Cash on Delivery,Paid,2026-01-11
PAY-007053,ORD-007053,Credit Card,Paid,2026-01-11
PAY-007054,ORD-007054,Bank Transfer,Pending,2026-01-12
PAY-007055,ORD-007055,Cash on Delivery,Pending,2026-01-12
PAY-007056,ORD-007056,Credit Card,Paid,2026-01-10
PAY-007057,ORD-007057,Cash on Delivery,Paid,2026-01-13
PAY-007058,ORD-007058,Debit Card,Paid,2026-01-10
PAY-007059,ORD-007059,EasyPaisa,Paid,2026-01-11
PAY-007060,ORD-007060,Debit Card,Paid,2026-01-11
PAY-007061,ORD-007061,JazzCash,Refunded,2026-01-09
PAY-007062,ORD-007062,Bank Transfer,Paid,2026-01-13
PAY-007063,ORD-007063,Debit Card,Refunded,2026-01-11
PAY-007064,ORD-007064,EasyPaisa,Pending,2026-01-12
PAY-007065,ORD-007065,Debit Card,Paid,2026-01-11
PAY-007066,ORD-007066,Credit Card,Paid,2026-01-10
PAY-007067,ORD-007067,Bank Transfer,Failed,2026-01-16
PAY-007068,ORD-007068,EasyPaisa,Paid,2026-01-10
PAY-007069,ORD-007069,Cash on Delivery,Paid,2026-01-11
PAY-007070,ORD-007070,Bank Transfer,Pending,2026-01-11
PAY-007071,ORD-007071,Cash on Delivery,Failed,2026-01-15
PAY-007072,ORD-007072,JazzCash,Paid,2026-01-11
PAY-007073,ORD-007073,Debit Card,Paid,2026-01-10
PAY-007074,ORD-007074,Cash on Delivery,Failed,2026-01-14
PAY-007075,ORD-007075,JazzCash,Paid,2026-01-12
PAY-007076,ORD-007076,Cash on Delivery,Paid,2026-01-14
PAY-007077,ORD-007077,Bank Transfer,Paid,2026-01-13
PAY-007078,ORD-007078,Bank Transfer,Refunded,2026-01-11
PAY-007079,ORD-007079,Debit Card,Paid,2026-01-11
PAY-007080,ORD-007080,JazzCash,Paid,2026-01-11
PAY-007081,ORD-007081,Credit Card,Paid,2026-01-10
PAY-007082,ORD-007082,Cash on Delivery,Paid,2026-01-14
PAY-007083,ORD-007083,Cash on Delivery,Pending,2026-01-14
PAY-007084,ORD-007084,JazzCash,Paid,2026-01-11
PAY-007085,ORD-007085,Cash on Delivery,Paid,2026-01-14
PAY-007086,ORD-007086,JazzCash,Paid,2026-01-11
PAY-007087,ORD-007087,Debit Card,Paid,2026-01-11
PAY-007088,ORD-007088,Credit Card,Pending,2026-01-12
PAY-007089,ORD-007089,Cash on Delivery,Failed,2026-01-12
PAY-007090,ORD-007090,JazzCash,Paid,2026-01-11
PAY-007091,ORD-007091,Cash on Delivery,Paid,2026-01-17
PAY-007092,ORD-007092,Debit Card,Paid,2026-01-12
PAY-007093,ORD-007093,Debit Card,Refunded,2026-01-12
PAY-007094,ORD-007094,Cash on Delivery,Paid,2026-01-13
PAY-007095,ORD-007095,JazzCash,Paid,2026-01-11
PAY-007096,ORD-007096,Credit Card,Paid,2026-01-12
PAY-007097,ORD-007097,Credit Card,Paid,2026-01-13
PAY-007098,ORD-007098,Credit Card,Refunded,2026-01-11
PAY-007099,ORD-007099,Bank Transfer,Refunded,2026-01-16
PAY-007100,ORD-007100,Cash on Delivery,Paid,2026-01-14
PAY-007101,ORD-007101,EasyPaisa,Paid,2026-01-12
PAY-007102,ORD-007102,EasyPaisa,Paid,2026-01-13
PAY-007103,ORD-007103,Credit Card,Paid,2026-01-13
PAY-007104,ORD-007104,Credit Card,Refunded,2026-01-14
PAY-007105,ORD-007105,Debit Card,Paid,2026-01-13
PAY-007106,ORD-007106,Bank Transfer,Paid,2026-01-15
PAY-007107,ORD-007107,Cash on Delivery,Pending,2026-01-14
PAY-007108,ORD-007108,Cash on Delivery,Failed,2026-01-14
PAY-007109,ORD-007109,Debit Card,Paid,2026-01-13
PAY-007110,ORD-007110,Debit Card,Refunded,2026-01-13
PAY-007111,ORD-007111,Debit Card,Paid,2026-01-13
PAY-007112,ORD-007112,Credit Card,Refunded,2026-01-15
PAY-007113,ORD-007113,EasyPaisa,Paid,2026-01-13
PAY-007114,ORD-007114,Credit Card,Paid,2026-01-15
PAY-007115,ORD-007115,Cash on Delivery,Refunded,2026-01-17
PAY-007116,ORD-007116,Cash on Delivery,Failed,2026-01-14
PAY-007117,ORD-007117,Bank Transfer,Paid,2026-01-18
PAY-007118,ORD-007118,Cash on Delivery,Refunded,2026-01-14
PAY-007119,ORD-007119,Cash on Delivery,Paid,2026-01-15
PAY-007120,ORD-007120,Credit Card,Paid,2026-01-13
PAY-007121,ORD-007121,Credit Card,Pending,2026-01-14
PAY-007122,ORD-007122,Credit Card,Paid,2026-01-15
PAY-007123,ORD-007123,Cash on Delivery,Refunded,2026-01-16
PAY-007124,ORD-007124,JazzCash,Paid,2026-01-14
PAY-007125,ORD-007125,Credit Card,Paid,2026-01-15
PAY-007126,ORD-007126,EasyPaisa,Paid,2026-01-15
PAY-007127,ORD-007127,EasyPaisa,Pending,2026-01-14
PAY-007128,ORD-007128,Cash on Delivery,Refunded,2026-01-17
PAY-007129,ORD-007129,Cash on Delivery,Paid,2026-01-18
PAY-007130,ORD-007130,Cash on Delivery,Paid,2026-01-20
PAY-007131,ORD-007131,JazzCash,Paid,2026-01-14
PAY-007132,ORD-007132,Bank Transfer,Paid,2026-01-19
PAY-007133,ORD-007133,Cash on Delivery,Pending,2026-01-18
PAY-007134,ORD-007134,Credit Card,Pending,2026-01-17
PAY-007135,ORD-007135,Credit Card,Paid,2026-01-16
PAY-007136,ORD-007136,Credit Card,Failed,2026-01-17
PAY-007137,ORD-007137,JazzCash,Paid,2026-01-16
PAY-007138,ORD-007138,Credit Card,Refunded,2026-01-17
PAY-007139,ORD-007139,EasyPaisa,Paid,2026-01-16
PAY-007140,ORD-007140,Credit Card,Pending,2026-01-17
PAY-007141,ORD-007141,Debit Card,Paid,2026-01-15
PAY-007142,ORD-007142,JazzCash,Paid,2026-01-17
PAY-007143,ORD-007143,JazzCash,Paid,2026-01-15
PAY-007144,ORD-007144,JazzCash,Paid,2026-01-17
PAY-007145,ORD-007145,JazzCash,Paid,2026-01-16
PAY-007146,ORD-007146,JazzCash,Paid,2026-01-16
PAY-007147,ORD-007147,Credit Card,Paid,2026-01-16
PAY-007148,ORD-007148,Debit Card,Paid,2026-01-16
PAY-007149,ORD-007149,Credit Card,Paid,2026-01-16
PAY-007150,ORD-007150,Cash on Delivery,Refunded,2026-01-18
PAY-007151,ORD-007151,Cash on Delivery,Paid,2026-01-21
PAY-007152,ORD-007152,JazzCash,Paid,2026-01-16
PAY-007153,ORD-007153,Cash on Delivery,Refunded,2026-01-20
PAY-007154,ORD-007154,Debit Card,Paid,2026-01-16
PAY-007155,ORD-007155,EasyPaisa,Pending,2026-01-16
PAY-007156,ORD-007156,Cash on Delivery,Paid,2026-01-18
PAY-007157,ORD-007157,Credit Card,Paid,2026-01-15
PAY-007158,ORD-007158,Cash on Delivery,Paid,2026-01-18
PAY-007159,ORD-007159,Debit Card,Failed,2026-01-18
PAY-007160,ORD-007160,Cash on Delivery,Paid,2026-01-20
PAY-007161,ORD-007161,Credit Card,Paid,2026-01-17
PAY-007162,ORD-007162,Credit Card,Paid,2026-01-18
PAY-007163,ORD-007163,Cash on Delivery,Pending,2026-01-21
PAY-007164,ORD-007164,JazzCash,Paid,2026-01-17
PAY-007165,ORD-007165,Cash on Delivery,Pending,2026-01-18
PAY-007166,ORD-007166,Cash on Delivery,Paid,2026-01-20
PAY-007167,ORD-007167,Debit Card,Paid,2026-01-17
PAY-007168,ORD-007168,JazzCash,Paid,2026-01-16
PAY-007169,ORD-007169,EasyPaisa,Paid,2026-01-18
PAY-007170,ORD-007170,JazzCash,Paid,2026-01-18
PAY-007171,ORD-007171,JazzCash,Paid,2026-01-18
PAY-007172,ORD-007172,Credit Card,Paid,2026-01-17
PAY-007173,ORD-007173,Cash on Delivery,Refunded,2026-01-20
PAY-007174,ORD-007174,JazzCash,Paid,2026-01-17
PAY-007175,ORD-007175,Credit Card,Paid,2026-01-17
PAY-007176,ORD-007176,Debit Card,Pending,2026-01-19
PAY-007177,ORD-007177,JazzCash,Refunded,2026-01-18
PAY-007178,ORD-007178,Cash on Delivery,Paid,2026-01-18
PAY-007179,ORD-007179,Cash on Delivery,Paid,2026-01-21
PAY-007180,ORD-007180,Cash on Delivery,Paid,2026-01-22
PAY-007181,ORD-007181,Bank Transfer,Paid,2026-01-21
PAY-007182,ORD-007182,Credit Card,Paid,2026-01-17
PAY-007183,ORD-007183,Debit Card,Paid,2026-01-17
PAY-007184,ORD-007184,Debit Card,Failed,2026-01-19
PAY-007185,ORD-007185,Credit Card,Pending,2026-01-19
PAY-007186,ORD-007186,EasyPaisa,Paid,2026-01-18
PAY-007187,ORD-007187,Credit Card,Refunded,2026-01-19
PAY-007188,ORD-007188,Cash on Delivery,Paid,2026-01-18
PAY-007189,ORD-007189,Credit Card,Failed,2026-01-17
PAY-007190,ORD-007190,Cash on Delivery,Paid,2026-01-20
PAY-007191,ORD-007191,Credit Card,Refunded,2026-01-17
PAY-007192,ORD-007192,Credit Card,Paid,2026-01-18
PAY-007193,ORD-007193,JazzCash,Refunded,2026-01-20
PAY-007194,ORD-007194,Cash on Delivery,Paid,2026-01-22
PAY-007195,ORD-007195,Cash on Delivery,Failed,2026-01-23
PAY-007196,ORD-007196,Cash on Delivery,Paid,2026-01-19
PAY-007197,ORD-007197,Credit Card,Paid,2026-01-19
PAY-007198,ORD-007198,Cash on Delivery,Paid,2026-01-19
PAY-007199,ORD-007199,Cash on Delivery,Refunded,2026-01-20
PAY-007200,ORD-007200,JazzCash,Paid,2026-01-18
PAY-007201,ORD-007201,Credit Card,Paid,2026-01-19
PAY-007202,ORD-007202,Credit Card,Paid,2026-01-20
PAY-007203,ORD-007203,Credit Card,Refunded,2026-01-18
PAY-007204,ORD-007204,Credit Card,Failed,2026-01-18
PAY-007205,ORD-007205,Cash on Delivery,Paid,2026-01-21
PAY-007206,ORD-007206,EasyPaisa,Paid,2026-01-20
PAY-007207,ORD-007207,Credit Card,Paid,2026-01-20
PAY-007208,ORD-007208,Bank Transfer,Refunded,2026-01-24
PAY-007209,ORD-007209,EasyPaisa,Paid,2026-01-19
PAY-007210,ORD-007210,Bank Transfer,Failed,2026-01-25
PAY-007211,ORD-007211,JazzCash,Paid,2026-01-20
PAY-007212,ORD-007212,Cash on Delivery,Paid,2026-01-21
PAY-007213,ORD-007213,Credit Card,Paid,2026-01-21
PAY-007214,ORD-007214,Credit Card,Paid,2026-01-21
PAY-007215,ORD-007215,Cash on Delivery,Paid,2026-01-25
PAY-007216,ORD-007216,Credit Card,Paid,2026-01-19
PAY-007217,ORD-007217,Debit Card,Paid,2026-01-21
PAY-007218,ORD-007218,EasyPaisa,Paid,2026-01-21
PAY-007219,ORD-007219,Credit Card,Paid,2026-01-20
PAY-007220,ORD-007220,Cash on Delivery,Paid,2026-01-22
PAY-007221,ORD-007221,JazzCash,Failed,2026-01-20
PAY-007222,ORD-007222,Cash on Delivery,Pending,2026-01-24
PAY-007223,ORD-007223,Debit Card,Failed,2026-01-21
PAY-007224,ORD-007224,Credit Card,Paid,2026-01-19
PAY-007225,ORD-007225,Credit Card,Paid,2026-01-22
PAY-007226,ORD-007226,Debit Card,Paid,2026-01-20
PAY-007227,ORD-007227,Credit Card,Paid,2026-01-20
PAY-007228,ORD-007228,Cash on Delivery,Paid,2026-01-26
PAY-007229,ORD-007229,Cash on Delivery,Paid,2026-01-25
PAY-007230,ORD-007230,Credit Card,Paid,2026-01-21
PAY-007231,ORD-007231,Cash on Delivery,Failed,2026-01-25
PAY-007232,ORD-007232,Cash on Delivery,Paid,2026-01-23
PAY-007233,ORD-007233,JazzCash,Paid,2026-01-22
PAY-007234,ORD-007234,Bank Transfer,Paid,2026-01-21
PAY-007235,ORD-007235,Cash on Delivery,Paid,2026-01-24
PAY-007236,ORD-007236,Bank Transfer,Paid,2026-01-26
PAY-007237,ORD-007237,Cash on Delivery,Paid,2026-01-22
PAY-007238,ORD-007238,EasyPaisa,Paid,2026-01-22
PAY-007239,ORD-007239,Credit Card,Paid,2026-01-20
PAY-007240,ORD-007240,Debit Card,Paid,2026-01-21
PAY-007241,ORD-007241,JazzCash,Paid,2026-01-20
PAY-007242,ORD-007242,Cash on Delivery,Paid,2026-01-23
PAY-007243,ORD-007243,Debit Card,Paid,2026-01-22
PAY-007244,ORD-007244,EasyPaisa,Paid,2026-01-22
PAY-007245,ORD-007245,JazzCash,Refunded,2026-01-21
PAY-007246,ORD-007246,Credit Card,Paid,2026-01-22
PAY-007247,ORD-007247,Debit Card,Paid,2026-01-23
PAY-007248,ORD-007248,Debit Card,Paid,2026-01-22
PAY-007249,ORD-007249,Credit Card,Refunded,2026-01-21
PAY-007250,ORD-007250,Bank Transfer,Paid,2026-01-24
PAY-007251,ORD-007251,Credit Card,Paid,2026-01-21
PAY-007252,ORD-007252,Cash on Delivery,Paid,2026-01-23
PAY-007253,ORD-007253,Cash on Delivery,Paid,2026-01-26
PAY-007254,ORD-007254,Credit Card,Paid,2026-01-21
PAY-007255,ORD-007255,Credit Card,Paid,2026-01-21
PAY-007256,ORD-007256,EasyPaisa,Paid,2026-01-23
PAY-007257,ORD-007257,Bank Transfer,Paid,2026-01-24
PAY-007258,ORD-007258,Cash on Delivery,Failed,2026-01-25
PAY-007259,ORD-007259,EasyPaisa,Pending,2026-01-23
PAY-007260,ORD-007260,Cash on Delivery,Paid,2026-01-24
PAY-007261,ORD-007261,JazzCash,Paid,2026-01-22
PAY-007262,ORD-007262,Cash on Delivery,Paid,2026-01-27
PAY-007263,ORD-007263,EasyPaisa,Paid,2026-01-22
PAY-007264,ORD-007264,Cash on Delivery,Failed,2026-01-24
PAY-007265,ORD-007265,Cash on Delivery,Paid,2026-01-26
PAY-007266,ORD-007266,EasyPaisa,Paid,2026-01-22
PAY-007267,ORD-007267,JazzCash,Paid,2026-01-22
PAY-007268,ORD-007268,Cash on Delivery,Paid,2026-01-25
PAY-007269,ORD-007269,Cash on Delivery,Paid,2026-01-23
PAY-007270,ORD-007270,Cash on Delivery,Paid,2026-01-26
PAY-007271,ORD-007271,Cash on Delivery,Paid,2026-01-23
PAY-007272,ORD-007272,Credit Card,Paid,2026-01-23
PAY-007273,ORD-007273,Credit Card,Paid,2026-01-24
PAY-007274,ORD-007274,Cash on Delivery,Paid,2026-01-26
PAY-007275,ORD-007275,JazzCash,Paid,2026-01-24
PAY-007276,ORD-007276,JazzCash,Paid,2026-01-22
PAY-007277,ORD-007277,Credit Card,Failed,2026-01-24
PAY-007278,ORD-007278,Debit Card,Paid,2026-01-23
PAY-007279,ORD-007279,JazzCash,Paid,2026-01-24
PAY-007280,ORD-007280,JazzCash,Pending,2026-01-24
PAY-007281,ORD-007281,Cash on Delivery,Pending,2026-01-28
PAY-007282,ORD-007282,Debit Card,Failed,2026-01-22
PAY-007283,ORD-007283,EasyPaisa,Paid,2026-01-23
PAY-007284,ORD-007284,JazzCash,Refunded,2026-01-23
PAY-007285,ORD-007285,Debit Card,Paid,2026-01-23
PAY-007286,ORD-007286,EasyPaisa,Paid,2026-01-24
PAY-007287,ORD-007287,Cash on Delivery,Refunded,2026-01-28
PAY-007288,ORD-007288,Cash on Delivery,Paid,2026-01-26
PAY-007289,ORD-007289,Debit Card,Paid,2026-01-24
PAY-007290,ORD-007290,Bank Transfer,Paid,2026-01-27
PAY-007291,ORD-007291,Debit Card,Paid,2026-01-24
PAY-007292,ORD-007292,Credit Card,Paid,2026-01-23
PAY-007293,ORD-007293,JazzCash,Paid,2026-01-24
PAY-007294,ORD-007294,Credit Card,Paid,2026-01-23
PAY-007295,ORD-007295,Cash on Delivery,Paid,2026-01-27
PAY-007296,ORD-007296,JazzCash,Paid,2026-01-23
PAY-007297,ORD-007297,Credit Card,Failed,2026-01-25
PAY-007298,ORD-007298,Debit Card,Paid,2026-01-25
PAY-007299,ORD-007299,Cash on Delivery,Paid,2026-01-29
PAY-007300,ORD-007300,JazzCash,Paid,2026-01-25
PAY-007301,ORD-007301,Debit Card,Paid,2026-01-25
PAY-007302,ORD-007302,JazzCash,Pending,2026-01-25
PAY-007303,ORD-007303,EasyPaisa,Paid,2026-01-26
PAY-007304,ORD-007304,Debit Card,Paid,2026-01-25
PAY-007305,ORD-007305,JazzCash,Paid,2026-01-26
PAY-007306,ORD-007306,JazzCash,Paid,2026-01-26
PAY-007307,ORD-007307,EasyPaisa,Paid,2026-01-24
PAY-007308,ORD-007308,Bank Transfer,Paid,2026-01-27
PAY-007309,ORD-007309,Bank Transfer,Paid,2026-01-27
PAY-007310,ORD-007310,Debit Card,Refunded,2026-01-25
PAY-007311,ORD-007311,Credit Card,Paid,2026-01-26
PAY-007312,ORD-007312,JazzCash,Paid,2026-01-26
PAY-007313,ORD-007313,Debit Card,Paid,2026-01-25
PAY-007314,ORD-007314,Cash on Delivery,Paid,2026-01-27
PAY-007315,ORD-007315,JazzCash,Paid,2026-01-25
PAY-007316,ORD-007316,EasyPaisa,Paid,2026-01-25
PAY-007317,ORD-007317,Bank Transfer,Paid,2026-01-26
PAY-007318,ORD-007318,Cash on Delivery,Refunded,2026-01-29
PAY-007319,ORD-007319,JazzCash,Refunded,2026-01-24
PAY-007320,ORD-007320,Cash on Delivery,Refunded,2026-01-30
PAY-007321,ORD-007321,EasyPaisa,Paid,2026-01-26
PAY-007322,ORD-007322,Credit Card,Paid,2026-01-26
PAY-007323,ORD-007323,Credit Card,Refunded,2026-01-25
PAY-007324,ORD-007324,JazzCash,Paid,2026-01-27
PAY-007325,ORD-007325,Credit Card,Refunded,2026-01-27
PAY-007326,ORD-007326,EasyPaisa,Pending,2026-01-27
PAY-007327,ORD-007327,Debit Card,Paid,2026-01-26
PAY-007328,ORD-007328,Cash on Delivery,Refunded,2026-01-26
PAY-007329,ORD-007329,Cash on Delivery,Failed,2026-01-26
PAY-007330,ORD-007330,Cash on Delivery,Paid,2026-01-29
PAY-007331,ORD-007331,Cash on Delivery,Paid,2026-01-27
PAY-007332,ORD-007332,Bank Transfer,Refunded,2026-01-31
PAY-007333,ORD-007333,Debit Card,Paid,2026-01-26
PAY-007334,ORD-007334,JazzCash,Refunded,2026-01-28
PAY-007335,ORD-007335,Debit Card,Paid,2026-01-26
PAY-007336,ORD-007336,Credit Card,Paid,2026-01-26
PAY-007337,ORD-007337,JazzCash,Paid,2026-01-28
PAY-007338,ORD-007338,EasyPaisa,Paid,2026-01-26
PAY-007339,ORD-007339,Bank Transfer,Pending,2026-02-01
PAY-007340,ORD-007340,Credit Card,Refunded,2026-01-28
PAY-007341,ORD-007341,Cash on Delivery,Paid,2026-02-01
PAY-007342,ORD-007342,Cash on Delivery,Paid,2026-01-27
PAY-007343,ORD-007343,Credit Card,Paid,2026-01-26
PAY-007344,ORD-007344,Debit Card,Refunded,2026-01-28
PAY-007345,ORD-007345,Cash on Delivery,Paid,2026-01-28
PAY-007346,ORD-007346,Cash on Delivery,Paid,2026-01-31
PAY-007347,ORD-007347,Cash on Delivery,Paid,2026-01-29
PAY-007348,ORD-007348,Cash on Delivery,Pending,2026-01-31
PAY-007349,ORD-007349,Debit Card,Paid,2026-01-26
PAY-007350,ORD-007350,Credit Card,Paid,2026-01-28
PAY-007351,ORD-007351,Cash on Delivery,Paid,2026-02-01
PAY-007352,ORD-007352,Cash on Delivery,Paid,2026-01-29
PAY-007353,ORD-007353,Cash on Delivery,Paid,2026-01-29
PAY-007354,ORD-007354,Cash on Delivery,Paid,2026-02-02
PAY-007355,ORD-007355,Bank Transfer,Refunded,2026-01-28
PAY-007356,ORD-007356,Credit Card,Paid,2026-01-29
PAY-007357,ORD-007357,Debit Card,Failed,2026-01-27
PAY-007358,ORD-007358,Credit Card,Pending,2026-01-29
PAY-007359,ORD-007359,Cash on Delivery,Paid,2026-01-28
PAY-007360,ORD-007360,Credit Card,Paid,2026-01-28
PAY-007361,ORD-007361,Bank Transfer,Pending,2026-02-01
PAY-007362,ORD-007362,Cash on Delivery,Refunded,2026-01-30
PAY-007363,ORD-007363,Credit Card,Refunded,2026-01-30
PAY-007364,ORD-007364,Cash on Delivery,Paid,2026-02-03
PAY-007365,ORD-007365,Bank Transfer,Paid,2026-02-01
PAY-007366,ORD-007366,Cash on Delivery,Refunded,2026-01-29
PAY-007367,ORD-007367,JazzCash,Pending,2026-01-29
PAY-007368,ORD-007368,JazzCash,Refunded,2026-01-29
PAY-007369,ORD-007369,Cash on Delivery,Paid,2026-02-01
PAY-007370,ORD-007370,Debit Card,Paid,2026-01-28
PAY-007371,ORD-007371,Debit Card,Paid,2026-01-30
PAY-007372,ORD-007372,Cash on Delivery,Paid,2026-01-31
PAY-007373,ORD-007373,Debit Card,Paid,2026-01-30
PAY-007374,ORD-007374,Cash on Delivery,Paid,2026-02-02
PAY-007375,ORD-007375,JazzCash,Paid,2026-01-28
PAY-007376,ORD-007376,Cash on Delivery,Pending,2026-01-31
PAY-007377,ORD-007377,Cash on Delivery,Paid,2026-02-01
PAY-007378,ORD-007378,Cash on Delivery,Paid,2026-01-30
PAY-007379,ORD-007379,Credit Card,Paid,2026-01-29
PAY-007380,ORD-007380,EasyPaisa,Paid,2026-01-29
PAY-007381,ORD-007381,JazzCash,Refunded,2026-01-30
PAY-007382,ORD-007382,Credit Card,Paid,2026-01-31
PAY-007383,ORD-007383,JazzCash,Paid,2026-01-31
PAY-007384,ORD-007384,Cash on Delivery,Paid,2026-01-31
PAY-007385,ORD-007385,Credit Card,Paid,2026-01-31
PAY-007386,ORD-007386,JazzCash,Paid,2026-01-29
PAY-007387,ORD-007387,Debit Card,Paid,2026-01-29
PAY-007388,ORD-007388,Credit Card,Paid,2026-01-30
PAY-007389,ORD-007389,Cash on Delivery,Refunded,2026-01-31
PAY-007390,ORD-007390,Credit Card,Refunded,2026-01-30
PAY-007391,ORD-007391,Debit Card,Paid,2026-01-30
PAY-007392,ORD-007392,Cash on Delivery,Paid,2026-02-02
PAY-007393,ORD-007393,Cash on Delivery,Paid,2026-02-02
PAY-007394,ORD-007394,Debit Card,Paid,2026-01-31
PAY-007395,ORD-007395,Credit Card,Paid,2026-01-30
PAY-007396,ORD-007396,Cash on Delivery,Paid,2026-02-04
PAY-007397,ORD-007397,Credit Card,Paid,2026-01-30
PAY-007398,ORD-007398,Credit Card,Paid,2026-01-30
PAY-007399,ORD-007399,Debit Card,Refunded,2026-01-30
PAY-007400,ORD-007400,Bank Transfer,Paid,2026-01-31
PAY-007401,ORD-007401,Credit Card,Paid,2026-01-30
PAY-007402,ORD-007402,Cash on Delivery,Paid,2026-01-31
PAY-007403,ORD-007403,Cash on Delivery,Refunded,2026-02-05
PAY-007404,ORD-007404,Cash on Delivery,Paid,2026-02-02
PAY-007405,ORD-007405,Cash on Delivery,Paid,2026-02-04
PAY-007406,ORD-007406,Credit Card,Paid,2026-01-30
PAY-007407,ORD-007407,Credit Card,Paid,2026-02-01
PAY-007408,ORD-007408,Cash on Delivery,Paid,2026-02-03
PAY-007409,ORD-007409,JazzCash,Refunded,2026-02-01
PAY-007410,ORD-007410,Cash on Delivery,Refunded,2026-02-05
PAY-007411,ORD-007411,Debit Card,Pending,2026-01-31
PAY-007412,ORD-007412,JazzCash,Paid,2026-01-31
PAY-007413,ORD-007413,Credit Card,Paid,2026-02-02
PAY-007414,ORD-007414,Credit Card,Paid,2026-01-31
PAY-007415,ORD-007415,Cash on Delivery,Paid,2026-02-02
PAY-007416,ORD-007416,Cash on Delivery,Paid,2026-02-04
PAY-007417,ORD-007417,Credit Card,Paid,2026-02-02
PAY-007418,ORD-007418,Debit Card,Paid,2026-02-01
PAY-007419,ORD-007419,Cash on Delivery,Paid,2026-02-05
PAY-007420,ORD-007420,Debit Card,Paid,2026-01-31
PAY-007421,ORD-007421,Cash on Delivery,Paid,2026-02-04
PAY-007422,ORD-007422,Credit Card,Paid,2026-02-02
PAY-007423,ORD-007423,EasyPaisa,Paid,2026-02-01
PAY-007424,ORD-007424,Debit Card,Failed,2026-02-01
PAY-007425,ORD-007425,Cash on Delivery,Paid,2026-02-06
PAY-007426,ORD-007426,Debit Card,Failed,2026-01-31
PAY-007427,ORD-007427,Credit Card,Paid,2026-02-01
PAY-007428,ORD-007428,Bank Transfer,Paid,2026-02-03
PAY-007429,ORD-007429,Credit Card,Paid,2026-02-01
PAY-007430,ORD-007430,JazzCash,Paid,2026-02-01
PAY-007431,ORD-007431,Cash on Delivery,Paid,2026-02-01
PAY-007432,ORD-007432,Cash on Delivery,Refunded,2026-02-04
PAY-007433,ORD-007433,Credit Card,Paid,2026-02-03
PAY-007434,ORD-007434,Cash on Delivery,Pending,2026-02-07
PAY-007435,ORD-007435,Credit Card,Paid,2026-02-03
PAY-007436,ORD-007436,JazzCash,Paid,2026-02-01
PAY-007437,ORD-007437,EasyPaisa,Refunded,2026-02-03
PAY-007438,ORD-007438,Credit Card,Refunded,2026-02-02
PAY-007439,ORD-007439,Cash on Delivery,Paid,2026-02-02
PAY-007440,ORD-007440,Credit Card,Paid,2026-02-01
PAY-007441,ORD-007441,Debit Card,Pending,2026-02-03
PAY-007442,ORD-007442,Credit Card,Paid,2026-02-03
PAY-007443,ORD-007443,Cash on Delivery,Paid,2026-02-07
PAY-007444,ORD-007444,Credit Card,Paid,2026-02-02
PAY-007445,ORD-007445,JazzCash,Refunded,2026-02-04
PAY-007446,ORD-007446,Cash on Delivery,Paid,2026-02-03
PAY-007447,ORD-007447,Cash on Delivery,Paid,2026-02-05
PAY-007448,ORD-007448,Credit Card,Paid,2026-02-03
PAY-007449,ORD-007449,EasyPaisa,Paid,2026-02-02
PAY-007450,ORD-007450,JazzCash,Paid,2026-02-04
PAY-007451,ORD-007451,Credit Card,Paid,2026-02-03
PAY-007452,ORD-007452,Bank Transfer,Paid,2026-02-03
PAY-007453,ORD-007453,Credit Card,Paid,2026-02-02
PAY-007454,ORD-007454,Credit Card,Paid,2026-02-04
PAY-007455,ORD-007455,Cash on Delivery,Refunded,2026-02-06
PAY-007456,ORD-007456,Cash on Delivery,Refunded,2026-02-07
PAY-007457,ORD-007457,Bank Transfer,Paid,2026-02-04
PAY-007458,ORD-007458,Credit Card,Paid,2026-02-02
PAY-007459,ORD-007459,Cash on Delivery,Pending,2026-02-04
PAY-007460,ORD-007460,Bank Transfer,Paid,2026-02-04
PAY-007461,ORD-007461,JazzCash,Paid,2026-02-03
PAY-007462,ORD-007462,Cash on Delivery,Paid,2026-02-05
PAY-007463,ORD-007463,Cash on Delivery,Paid,2026-02-08
PAY-007464,ORD-007464,Debit Card,Paid,2026-02-04
PAY-007465,ORD-007465,JazzCash,Paid,2026-02-04
PAY-007466,ORD-007466,Cash on Delivery,Failed,2026-02-04
PAY-007467,ORD-007467,Credit Card,Pending,2026-02-03
PAY-007468,ORD-007468,Cash on Delivery,Pending,2026-02-08
PAY-007469,ORD-007469,Cash on Delivery,Paid,2026-02-04
PAY-007470,ORD-007470,JazzCash,Paid,2026-02-04
PAY-007471,ORD-007471,Cash on Delivery,Pending,2026-02-09
PAY-007472,ORD-007472,EasyPaisa,Paid,2026-02-03
PAY-007473,ORD-007473,JazzCash,Paid,2026-02-04
PAY-007474,ORD-007474,Credit Card,Paid,2026-02-04
PAY-007475,ORD-007475,Cash on Delivery,Paid,2026-02-04
PAY-007476,ORD-007476,JazzCash,Paid,2026-02-05
PAY-007477,ORD-007477,JazzCash,Paid,2026-02-03
PAY-007478,ORD-007478,Cash on Delivery,Refunded,2026-02-09
PAY-007479,ORD-007479,Cash on Delivery,Paid,2026-02-06
PAY-007480,ORD-007480,Credit Card,Paid,2026-02-05
PAY-007481,ORD-007481,Cash on Delivery,Paid,2026-02-06
PAY-007482,ORD-007482,Cash on Delivery,Paid,2026-02-07
PAY-007483,ORD-007483,JazzCash,Paid,2026-02-04
PAY-007484,ORD-007484,Cash on Delivery,Paid,2026-02-05
PAY-007485,ORD-007485,JazzCash,Paid,2026-02-05
PAY-007486,ORD-007486,JazzCash,Paid,2026-02-04
PAY-007487,ORD-007487,Cash on Delivery,Refunded,2026-02-09
PAY-007488,ORD-007488,Bank Transfer,Failed,2026-02-07
PAY-007489,ORD-007489,Cash on Delivery,Refunded,2026-02-10
PAY-007490,ORD-007490,Cash on Delivery,Paid,2026-02-08
PAY-007491,ORD-007491,Credit Card,Paid,2026-02-04
PAY-007492,ORD-007492,Cash on Delivery,Paid,2026-02-08
PAY-007493,ORD-007493,Cash on Delivery,Pending,2026-02-05
PAY-007494,ORD-007494,Debit Card,Refunded,2026-02-05
PAY-007495,ORD-007495,JazzCash,Paid,2026-02-05
PAY-007496,ORD-007496,Credit Card,Refunded,2026-02-06
PAY-007497,ORD-007497,JazzCash,Pending,2026-02-04
PAY-007498,ORD-007498,Credit Card,Paid,2026-02-06
PAY-007499,ORD-007499,Credit Card,Pending,2026-02-04
PAY-007500,ORD-007500,EasyPaisa,Paid,2026-02-06
PAY-007501,ORD-007501,EasyPaisa,Paid,2026-02-06
PAY-007502,ORD-007502,Credit Card,Paid,2026-02-04
PAY-007503,ORD-007503,JazzCash,Paid,2026-02-04
PAY-007504,ORD-007504,Credit Card,Pending,2026-02-04
PAY-007505,ORD-007505,Cash on Delivery,Refunded,2026-02-06
PAY-007506,ORD-007506,Cash on Delivery,Paid,2026-02-10
PAY-007507,ORD-007507,JazzCash,Paid,2026-02-06
PAY-007508,ORD-007508,Cash on Delivery,Paid,2026-02-11
PAY-007509,ORD-007509,Cash on Delivery,Paid,2026-02-11
PAY-007510,ORD-007510,Cash on Delivery,Paid,2026-02-11
PAY-007511,ORD-007511,Cash on Delivery,Paid,2026-02-11
PAY-007512,ORD-007512,Cash on Delivery,Paid,2026-02-10
PAY-007513,ORD-007513,Bank Transfer,Paid,2026-02-06
PAY-007514,ORD-007514,Debit Card,Paid,2026-02-07
PAY-007515,ORD-007515,Debit Card,Paid,2026-02-07
PAY-007516,ORD-007516,Debit Card,Pending,2026-02-05
PAY-007517,ORD-007517,Cash on Delivery,Refunded,2026-02-10
PAY-007518,ORD-007518,Cash on Delivery,Paid,2026-02-10
PAY-007519,ORD-007519,Cash on Delivery,Failed,2026-02-11
PAY-007520,ORD-007520,Cash on Delivery,Paid,2026-02-08
PAY-007521,ORD-007521,EasyPaisa,Paid,2026-02-07
PAY-007522,ORD-007522,Cash on Delivery,Refunded,2026-02-11
PAY-007523,ORD-007523,Cash on Delivery,Paid,2026-02-11
PAY-007524,ORD-007524,Bank Transfer,Paid,2026-02-10
PAY-007525,ORD-007525,Debit Card,Paid,2026-02-06
PAY-007526,ORD-007526,Credit Card,Paid,2026-02-06
PAY-007527,ORD-007527,JazzCash,Paid,2026-02-06
PAY-007528,ORD-007528,Credit Card,Paid,2026-02-07
PAY-007529,ORD-007529,Cash on Delivery,Refunded,2026-02-08
PAY-007530,ORD-007530,Cash on Delivery,Paid,2026-02-11
PAY-007531,ORD-007531,Credit Card,Paid,2026-02-06
PAY-007532,ORD-007532,Cash on Delivery,Paid,2026-02-08
PAY-007533,ORD-007533,Credit Card,Paid,2026-02-06
PAY-007534,ORD-007534,Cash on Delivery,Paid,2026-02-07
PAY-007535,ORD-007535,Cash on Delivery,Paid,2026-02-08
PAY-007536,ORD-007536,Credit Card,Paid,2026-02-08
PAY-007537,ORD-007537,Bank Transfer,Paid,2026-02-11
PAY-007538,ORD-007538,Cash on Delivery,Paid,2026-02-09
PAY-007539,ORD-007539,Debit Card,Pending,2026-02-06
PAY-007540,ORD-007540,Bank Transfer,Paid,2026-02-09
PAY-007541,ORD-007541,Credit Card,Refunded,2026-02-06
PAY-007542,ORD-007542,Credit Card,Paid,2026-02-08
PAY-007543,ORD-007543,Cash on Delivery,Paid,2026-02-07
PAY-007544,ORD-007544,Bank Transfer,Paid,2026-02-12
PAY-007545,ORD-007545,Cash on Delivery,Pending,2026-02-11
PAY-007546,ORD-007546,Credit Card,Paid,2026-02-06
PAY-007547,ORD-007547,Cash on Delivery,Failed,2026-02-07
PAY-007548,ORD-007548,JazzCash,Paid,2026-02-07
PAY-007549,ORD-007549,EasyPaisa,Refunded,2026-02-07
PAY-007550,ORD-007550,EasyPaisa,Paid,2026-02-09
PAY-007551,ORD-007551,Credit Card,Paid,2026-02-08
PAY-007552,ORD-007552,Debit Card,Paid,2026-02-07
PAY-007553,ORD-007553,Debit Card,Paid,2026-02-07
PAY-007554,ORD-007554,JazzCash,Paid,2026-02-08
PAY-007555,ORD-007555,JazzCash,Paid,2026-02-07
PAY-007556,ORD-007556,Cash on Delivery,Refunded,2026-02-09
PAY-007557,ORD-007557,Credit Card,Paid,2026-02-08
PAY-007558,ORD-007558,Credit Card,Paid,2026-02-09
PAY-007559,ORD-007559,Cash on Delivery,Refunded,2026-02-08
PAY-007560,ORD-007560,EasyPaisa,Paid,2026-02-09
PAY-007561,ORD-007561,Credit Card,Failed,2026-02-09
PAY-007562,ORD-007562,Cash on Delivery,Paid,2026-02-08
PAY-007563,ORD-007563,Cash on Delivery,Paid,2026-02-09
PAY-007564,ORD-007564,Cash on Delivery,Paid,2026-02-12
PAY-007565,ORD-007565,Bank Transfer,Paid,2026-02-08
PAY-007566,ORD-007566,Debit Card,Paid,2026-02-09
PAY-007567,ORD-007567,JazzCash,Paid,2026-02-08
PAY-007568,ORD-007568,Credit Card,Pending,2026-02-07
PAY-007569,ORD-007569,Credit Card,Failed,2026-02-09
PAY-007570,ORD-007570,Cash on Delivery,Paid,2026-02-10
PAY-007571,ORD-007571,Credit Card,Paid,2026-02-10
PAY-007572,ORD-007572,Cash on Delivery,Refunded,2026-02-14
PAY-007573,ORD-007573,Cash on Delivery,Failed,2026-02-09
PAY-007574,ORD-007574,Bank Transfer,Paid,2026-02-14
PAY-007575,ORD-007575,Debit Card,Paid,2026-02-08
PAY-007576,ORD-007576,Debit Card,Paid,2026-02-10
PAY-007577,ORD-007577,Cash on Delivery,Failed,2026-02-11
PAY-007578,ORD-007578,Credit Card,Paid,2026-02-10
PAY-007579,ORD-007579,Credit Card,Paid,2026-02-09
PAY-007580,ORD-007580,Bank Transfer,Paid,2026-02-10
PAY-007581,ORD-007581,Credit Card,Paid,2026-02-08
PAY-007582,ORD-007582,Cash on Delivery,Refunded,2026-02-10
PAY-007583,ORD-007583,JazzCash,Paid,2026-02-10
PAY-007584,ORD-007584,Credit Card,Paid,2026-02-08
PAY-007585,ORD-007585,Cash on Delivery,Paid,2026-02-11
PAY-007586,ORD-007586,Debit Card,Paid,2026-02-11
PAY-007587,ORD-007587,Cash on Delivery,Refunded,2026-02-12
PAY-007588,ORD-007588,Cash on Delivery,Pending,2026-02-15
PAY-007589,ORD-007589,Cash on Delivery,Paid,2026-02-10
PAY-007590,ORD-007590,Cash on Delivery,Refunded,2026-02-15
PAY-007591,ORD-007591,Debit Card,Paid,2026-02-10
PAY-007592,ORD-007592,Debit Card,Paid,2026-02-11
PAY-007593,ORD-007593,Debit Card,Paid,2026-02-10
PAY-007594,ORD-007594,JazzCash,Failed,2026-02-09
PAY-007595,ORD-007595,Debit Card,Paid,2026-02-11
PAY-007596,ORD-007596,Debit Card,Paid,2026-02-09
PAY-007597,ORD-007597,EasyPaisa,Pending,2026-02-11
PAY-007598,ORD-007598,EasyPaisa,Paid,2026-02-11
PAY-007599,ORD-007599,Credit Card,Paid,2026-02-10
PAY-007600,ORD-007600,Credit Card,Paid,2026-02-10
PAY-007601,ORD-007601,Debit Card,Refunded,2026-02-11
PAY-007602,ORD-007602,JazzCash,Refunded,2026-02-10
PAY-007603,ORD-007603,Credit Card,Failed,2026-02-09
PAY-007604,ORD-007604,Credit Card,Paid,2026-02-10
PAY-007605,ORD-007605,Credit Card,Paid,2026-02-11
PAY-007606,ORD-007606,EasyPaisa,Paid,2026-02-10
PAY-007607,ORD-007607,Bank Transfer,Refunded,2026-02-13
PAY-007608,ORD-007608,JazzCash,Pending,2026-02-09
PAY-007609,ORD-007609,Debit Card,Pending,2026-02-11
PAY-007610,ORD-007610,Bank Transfer,Paid,2026-02-10
PAY-007611,ORD-007611,Bank Transfer,Paid,2026-02-14
PAY-007612,ORD-007612,Credit Card,Refunded,2026-02-10
PAY-007613,ORD-007613,Cash on Delivery,Paid,2026-02-11
PAY-007614,ORD-007614,Cash on Delivery,Failed,2026-02-13
PAY-007615,ORD-007615,Cash on Delivery,Paid,2026-02-12
PAY-007616,ORD-007616,JazzCash,Pending,2026-02-09
PAY-007617,ORD-007617,Cash on Delivery,Refunded,2026-02-12
PAY-007618,ORD-007618,Bank Transfer,Paid,2026-02-15
PAY-007619,ORD-007619,Cash on Delivery,Paid,2026-02-11
PAY-007620,ORD-007620,Bank Transfer,Paid,2026-02-11
PAY-007621,ORD-007621,Cash on Delivery,Paid,2026-02-12
PAY-007622,ORD-007622,Cash on Delivery,Paid,2026-02-14
PAY-007623,ORD-007623,Debit Card,Paid,2026-02-10
PAY-007624,ORD-007624,Cash on Delivery,Paid,2026-02-14
PAY-007625,ORD-007625,Credit Card,Paid,2026-02-10
PAY-007626,ORD-007626,Bank Transfer,Paid,2026-02-16
PAY-007627,ORD-007627,Cash on Delivery,Refunded,2026-02-13
PAY-007628,ORD-007628,Cash on Delivery,Refunded,2026-02-16
PAY-007629,ORD-007629,Credit Card,Paid,2026-02-12
PAY-007630,ORD-007630,Cash on Delivery,Paid,2026-02-11
PAY-007631,ORD-007631,Cash on Delivery,Paid,2026-02-11
PAY-007632,ORD-007632,Credit Card,Paid,2026-02-10
PAY-007633,ORD-007633,Cash on Delivery,Pending,2026-02-12
PAY-007634,ORD-007634,Debit Card,Refunded,2026-02-11
PAY-007635,ORD-007635,Credit Card,Paid,2026-02-13
PAY-007636,ORD-007636,JazzCash,Paid,2026-02-13
PAY-007637,ORD-007637,Debit Card,Paid,2026-02-13
PAY-007638,ORD-007638,Cash on Delivery,Paid,2026-02-17
PAY-007639,ORD-007639,JazzCash,Paid,2026-02-13
PAY-007640,ORD-007640,JazzCash,Paid,2026-02-12
PAY-007641,ORD-007641,Credit Card,Paid,2026-02-13
PAY-007642,ORD-007642,Cash on Delivery,Paid,2026-02-14
PAY-007643,ORD-007643,Bank Transfer,Refunded,2026-02-15
PAY-007644,ORD-007644,JazzCash,Paid,2026-02-13
PAY-007645,ORD-007645,Cash on Delivery,Paid,2026-02-12
PAY-007646,ORD-007646,Bank Transfer,Paid,2026-02-15
PAY-007647,ORD-007647,Cash on Delivery,Failed,2026-02-12
PAY-007648,ORD-007648,Bank Transfer,Paid,2026-02-15
PAY-007649,ORD-007649,Debit Card,Failed,2026-02-13
PAY-007650,ORD-007650,Cash on Delivery,Refunded,2026-02-13
PAY-007651,ORD-007651,Credit Card,Failed,2026-02-11
PAY-007652,ORD-007652,Credit Card,Paid,2026-02-13
PAY-007653,ORD-007653,Cash on Delivery,Refunded,2026-02-15
PAY-007654,ORD-007654,Cash on Delivery,Failed,2026-02-14
PAY-007655,ORD-007655,Cash on Delivery,Paid,2026-02-14
PAY-007656,ORD-007656,Credit Card,Paid,2026-02-13
PAY-007657,ORD-007657,JazzCash,Pending,2026-02-12
PAY-007658,ORD-007658,Credit Card,Refunded,2026-02-12
PAY-007659,ORD-007659,Cash on Delivery,Paid,2026-02-13
PAY-007660,ORD-007660,Cash on Delivery,Paid,2026-02-13
PAY-007661,ORD-007661,Credit Card,Paid,2026-02-12
PAY-007662,ORD-007662,Cash on Delivery,Pending,2026-02-13
PAY-007663,ORD-007663,Debit Card,Refunded,2026-02-14
PAY-007664,ORD-007664,Cash on Delivery,Failed,2026-02-18
PAY-007665,ORD-007665,Debit Card,Refunded,2026-02-13
PAY-007666,ORD-007666,Credit Card,Failed,2026-02-14
PAY-007667,ORD-007667,Debit Card,Paid,2026-02-14
PAY-007668,ORD-007668,JazzCash,Paid,2026-02-12
PAY-007669,ORD-007669,JazzCash,Paid,2026-02-14
PAY-007670,ORD-007670,Cash on Delivery,Paid,2026-02-17
PAY-007671,ORD-007671,EasyPaisa,Refunded,2026-02-13
PAY-007672,ORD-007672,JazzCash,Paid,2026-02-12
PAY-007673,ORD-007673,Cash on Delivery,Pending,2026-02-17
PAY-007674,ORD-007674,Cash on Delivery,Paid,2026-02-15
PAY-007675,ORD-007675,Cash on Delivery,Paid,2026-02-17
PAY-007676,ORD-007676,JazzCash,Failed,2026-02-12
PAY-007677,ORD-007677,Debit Card,Paid,2026-02-12
PAY-007678,ORD-007678,JazzCash,Refunded,2026-02-12
PAY-007679,ORD-007679,JazzCash,Paid,2026-02-14
PAY-007680,ORD-007680,Debit Card,Refunded,2026-02-13
PAY-007681,ORD-007681,Bank Transfer,Paid,2026-02-16
PAY-007682,ORD-007682,Bank Transfer,Paid,2026-02-18
PAY-007683,ORD-007683,Debit Card,Paid,2026-02-14
PAY-007684,ORD-007684,Credit Card,Paid,2026-02-13
PAY-007685,ORD-007685,JazzCash,Paid,2026-02-13
PAY-007686,ORD-007686,Cash on Delivery,Refunded,2026-02-14
PAY-007687,ORD-007687,Cash on Delivery,Refunded,2026-02-14
PAY-007688,ORD-007688,Cash on Delivery,Paid,2026-02-15
PAY-007689,ORD-007689,Credit Card,Paid,2026-02-14
PAY-007690,ORD-007690,Cash on Delivery,Paid,2026-02-19
PAY-007691,ORD-007691,Credit Card,Paid,2026-02-13
PAY-007692,ORD-007692,Cash on Delivery,Refunded,2026-02-17
PAY-007693,ORD-007693,Debit Card,Paid,2026-02-13
PAY-007694,ORD-007694,Debit Card,Paid,2026-02-15
PAY-007695,ORD-007695,Cash on Delivery,Paid,2026-02-15
PAY-007696,ORD-007696,JazzCash,Paid,2026-02-14
PAY-007697,ORD-007697,EasyPaisa,Pending,2026-02-15
PAY-007698,ORD-007698,Credit Card,Paid,2026-02-15
PAY-007699,ORD-007699,Cash on Delivery,Failed,2026-02-17
PAY-007700,ORD-007700,Cash on Delivery,Paid,2026-02-18
PAY-007701,ORD-007701,Cash on Delivery,Pending,2026-02-17
PAY-007702,ORD-007702,JazzCash,Paid,2026-02-15
PAY-007703,ORD-007703,Cash on Delivery,Refunded,2026-02-19
PAY-007704,ORD-007704,Credit Card,Paid,2026-02-15
PAY-007705,ORD-007705,JazzCash,Refunded,2026-02-14
PAY-007706,ORD-007706,EasyPaisa,Paid,2026-02-16
PAY-007707,ORD-007707,Debit Card,Paid,2026-02-16
PAY-007708,ORD-007708,EasyPaisa,Paid,2026-02-14
PAY-007709,ORD-007709,Bank Transfer,Paid,2026-02-15
PAY-007710,ORD-007710,Credit Card,Paid,2026-02-16
PAY-007711,ORD-007711,EasyPaisa,Paid,2026-02-16
PAY-007712,ORD-007712,Credit Card,Paid,2026-02-14
PAY-007713,ORD-007713,EasyPaisa,Paid,2026-02-15
PAY-007714,ORD-007714,Debit Card,Paid,2026-02-14
PAY-007715,ORD-007715,Credit Card,Paid,2026-02-14
PAY-007716,ORD-007716,Debit Card,Pending,2026-02-15
PAY-007717,ORD-007717,EasyPaisa,Paid,2026-02-14
PAY-007718,ORD-007718,Debit Card,Paid,2026-02-16
PAY-007719,ORD-007719,JazzCash,Paid,2026-02-15
PAY-007720,ORD-007720,Credit Card,Paid,2026-02-14
PAY-007721,ORD-007721,Cash on Delivery,Pending,2026-02-18
PAY-007722,ORD-007722,Bank Transfer,Paid,2026-02-18
PAY-007723,ORD-007723,Credit Card,Refunded,2026-02-16
PAY-007724,ORD-007724,Credit Card,Pending,2026-02-16
PAY-007725,ORD-007725,Cash on Delivery,Pending,2026-02-19
PAY-007726,ORD-007726,JazzCash,Paid,2026-02-15
PAY-007727,ORD-007727,EasyPaisa,Paid,2026-02-14
PAY-007728,ORD-007728,JazzCash,Paid,2026-02-15
PAY-007729,ORD-007729,JazzCash,Paid,2026-02-16
PAY-007730,ORD-007730,Cash on Delivery,Paid,2026-02-15
PAY-007731,ORD-007731,Debit Card,Paid,2026-02-16
PAY-007732,ORD-007732,Debit Card,Paid,2026-02-14
PAY-007733,ORD-007733,JazzCash,Paid,2026-02-16
PAY-007734,ORD-007734,Cash on Delivery,Refunded,2026-02-20
PAY-007735,ORD-007735,Credit Card,Paid,2026-02-16
PAY-007736,ORD-007736,EasyPaisa,Paid,2026-02-16
PAY-007737,ORD-007737,Debit Card,Paid,2026-02-15
PAY-007738,ORD-007738,Credit Card,Failed,2026-02-17
PAY-007739,ORD-007739,Debit Card,Paid,2026-02-15
PAY-007740,ORD-007740,JazzCash,Paid,2026-02-15
PAY-007741,ORD-007741,JazzCash,Paid,2026-02-16
PAY-007742,ORD-007742,Cash on Delivery,Paid,2026-02-21
PAY-007743,ORD-007743,JazzCash,Paid,2026-02-17
PAY-007744,ORD-007744,EasyPaisa,Paid,2026-02-15
PAY-007745,ORD-007745,Bank Transfer,Paid,2026-02-19
PAY-007746,ORD-007746,JazzCash,Paid,2026-02-15
PAY-007747,ORD-007747,Credit Card,Paid,2026-02-16
PAY-007748,ORD-007748,JazzCash,Paid,2026-02-15
PAY-007749,ORD-007749,Credit Card,Failed,2026-02-16
PAY-007750,ORD-007750,Cash on Delivery,Paid,2026-02-18
PAY-007751,ORD-007751,EasyPaisa,Paid,2026-02-18
PAY-007752,ORD-007752,Credit Card,Paid,2026-02-16
PAY-007753,ORD-007753,Credit Card,Failed,2026-02-16
PAY-007754,ORD-007754,Cash on Delivery,Paid,2026-02-22
PAY-007755,ORD-007755,Debit Card,Paid,2026-02-17
PAY-007756,ORD-007756,Credit Card,Paid,2026-02-16
PAY-007757,ORD-007757,Credit Card,Paid,2026-02-16
PAY-007758,ORD-007758,Debit Card,Paid,2026-02-17
PAY-007759,ORD-007759,Credit Card,Paid,2026-02-17
PAY-007760,ORD-007760,Cash on Delivery,Pending,2026-02-17
PAY-007761,ORD-007761,JazzCash,Paid,2026-02-17
PAY-007762,ORD-007762,Cash on Delivery,Paid,2026-02-19
PAY-007763,ORD-007763,Credit Card,Paid,2026-02-17
PAY-007764,ORD-007764,JazzCash,Paid,2026-02-18
PAY-007765,ORD-007765,EasyPaisa,Paid,2026-02-18
PAY-007766,ORD-007766,Cash on Delivery,Paid,2026-02-19
PAY-007767,ORD-007767,Debit Card,Paid,2026-02-18
PAY-007768,ORD-007768,Debit Card,Paid,2026-02-18
PAY-007769,ORD-007769,Debit Card,Paid,2026-02-16
PAY-007770,ORD-007770,Cash on Delivery,Paid,2026-02-22
PAY-007771,ORD-007771,JazzCash,Pending,2026-02-18
PAY-007772,ORD-007772,JazzCash,Refunded,2026-02-19
PAY-007773,ORD-007773,Debit Card,Paid,2026-02-19
PAY-007774,ORD-007774,Cash on Delivery,Paid,2026-02-21
PAY-007775,ORD-007775,Cash on Delivery,Paid,2026-02-19
PAY-007776,ORD-007776,Credit Card,Refunded,2026-02-19
PAY-007777,ORD-007777,Cash on Delivery,Paid,2026-02-18
PAY-007778,ORD-007778,Credit Card,Failed,2026-02-19
PAY-007779,ORD-007779,JazzCash,Paid,2026-02-19
PAY-007780,ORD-007780,Cash on Delivery,Paid,2026-02-18
PAY-007781,ORD-007781,Cash on Delivery,Paid,2026-02-19
PAY-007782,ORD-007782,Cash on Delivery,Pending,2026-02-18
PAY-007783,ORD-007783,Cash on Delivery,Paid,2026-02-18
PAY-007784,ORD-007784,Cash on Delivery,Paid,2026-02-23
PAY-007785,ORD-007785,JazzCash,Paid,2026-02-18
PAY-007786,ORD-007786,Debit Card,Paid,2026-02-18
PAY-007787,ORD-007787,Credit Card,Paid,2026-02-17
PAY-007788,ORD-007788,Cash on Delivery,Paid,2026-02-19
PAY-007789,ORD-007789,Cash on Delivery,Paid,2026-02-18
PAY-007790,ORD-007790,Credit Card,Refunded,2026-02-17
PAY-007791,ORD-007791,EasyPaisa,Paid,2026-02-19
PAY-007792,ORD-007792,Debit Card,Refunded,2026-02-19
PAY-007793,ORD-007793,Bank Transfer,Paid,2026-02-18
PAY-007794,ORD-007794,Debit Card,Paid,2026-02-17
PAY-007795,ORD-007795,Cash on Delivery,Refunded,2026-02-20
PAY-007796,ORD-007796,Debit Card,Paid,2026-02-18
PAY-007797,ORD-007797,JazzCash,Paid,2026-02-17
PAY-007798,ORD-007798,Debit Card,Paid,2026-02-20
PAY-007799,ORD-007799,EasyPaisa,Paid,2026-02-18
PAY-007800,ORD-007800,EasyPaisa,Paid,2026-02-20
PAY-007801,ORD-007801,Bank Transfer,Paid,2026-02-21
PAY-007802,ORD-007802,Cash on Delivery,Paid,2026-02-19
PAY-007803,ORD-007803,JazzCash,Paid,2026-02-20
PAY-007804,ORD-007804,Bank Transfer,Refunded,2026-02-19
PAY-007805,ORD-007805,JazzCash,Paid,2026-02-19
PAY-007806,ORD-007806,Credit Card,Failed,2026-02-19
PAY-007807,ORD-007807,Cash on Delivery,Paid,2026-02-21
PAY-007808,ORD-007808,JazzCash,Paid,2026-02-18
PAY-007809,ORD-007809,JazzCash,Paid,2026-02-20
PAY-007810,ORD-007810,Credit Card,Refunded,2026-02-20
PAY-007811,ORD-007811,Credit Card,Paid,2026-02-18
PAY-007812,ORD-007812,Cash on Delivery,Paid,2026-02-19
PAY-007813,ORD-007813,Cash on Delivery,Pending,2026-02-23
PAY-007814,ORD-007814,EasyPaisa,Paid,2026-02-19
PAY-007815,ORD-007815,EasyPaisa,Paid,2026-02-20
PAY-007816,ORD-007816,Cash on Delivery,Paid,2026-02-20
PAY-007817,ORD-007817,Bank Transfer,Refunded,2026-02-24
PAY-007818,ORD-007818,Credit Card,Paid,2026-02-18
PAY-007819,ORD-007819,EasyPaisa,Paid,2026-02-18
PAY-007820,ORD-007820,Credit Card,Refunded,2026-02-18
PAY-007821,ORD-007821,EasyPaisa,Paid,2026-02-20
PAY-007822,ORD-007822,Cash on Delivery,Paid,2026-02-19
PAY-007823,ORD-007823,Debit Card,Paid,2026-02-18
PAY-007824,ORD-007824,Bank Transfer,Failed,2026-02-20
PAY-007825,ORD-007825,Cash on Delivery,Paid,2026-02-23
PAY-007826,ORD-007826,JazzCash,Pending,2026-02-19
PAY-007827,ORD-007827,Credit Card,Paid,2026-02-20
PAY-007828,ORD-007828,JazzCash,Paid,2026-02-21
PAY-007829,ORD-007829,JazzCash,Refunded,2026-02-21
PAY-007830,ORD-007830,Credit Card,Paid,2026-02-20
PAY-007831,ORD-007831,Cash on Delivery,Paid,2026-02-25
PAY-007832,ORD-007832,JazzCash,Paid,2026-02-19
PAY-007833,ORD-007833,Cash on Delivery,Paid,2026-02-21
PAY-007834,ORD-007834,Cash on Delivery,Paid,2026-02-25
PAY-007835,ORD-007835,Debit Card,Refunded,2026-02-19
PAY-007836,ORD-007836,Credit Card,Paid,2026-02-20
PAY-007837,ORD-007837,Credit Card,Paid,2026-02-21
PAY-007838,ORD-007838,Bank Transfer,Paid,2026-02-20
PAY-007839,ORD-007839,Cash on Delivery,Paid,2026-02-24
PAY-007840,ORD-007840,Debit Card,Paid,2026-02-19
PAY-007841,ORD-007841,Bank Transfer,Paid,2026-02-22
PAY-007842,ORD-007842,Credit Card,Paid,2026-02-20
PAY-007843,ORD-007843,Credit Card,Paid,2026-02-20
PAY-007844,ORD-007844,Cash on Delivery,Refunded,2026-02-25
PAY-007845,ORD-007845,Credit Card,Paid,2026-02-21
PAY-007846,ORD-007846,JazzCash,Paid,2026-02-21
PAY-007847,ORD-007847,Debit Card,Paid,2026-02-19
PAY-007848,ORD-007848,Credit Card,Failed,2026-02-19
PAY-007849,ORD-007849,Debit Card,Paid,2026-02-19
PAY-007850,ORD-007850,Credit Card,Paid,2026-02-21
PAY-007851,ORD-007851,Credit Card,Refunded,2026-02-22
PAY-007852,ORD-007852,EasyPaisa,Paid,2026-02-21
PAY-007853,ORD-007853,Debit Card,Refunded,2026-02-20
PAY-007854,ORD-007854,JazzCash,Paid,2026-02-20
PAY-007855,ORD-007855,Credit Card,Paid,2026-02-20
PAY-007856,ORD-007856,EasyPaisa,Paid,2026-02-20
PAY-007857,ORD-007857,Debit Card,Paid,2026-02-22
PAY-007858,ORD-007858,Bank Transfer,Paid,2026-02-21
PAY-007859,ORD-007859,Credit Card,Paid,2026-02-20
PAY-007860,ORD-007860,Debit Card,Paid,2026-02-21
PAY-007861,ORD-007861,Debit Card,Paid,2026-02-21
PAY-007862,ORD-007862,Debit Card,Refunded,2026-02-21
PAY-007863,ORD-007863,Debit Card,Paid,2026-02-21
PAY-007864,ORD-007864,Credit Card,Refunded,2026-02-21
PAY-007865,ORD-007865,EasyPaisa,Paid,2026-02-20
PAY-007866,ORD-007866,Credit Card,Paid,2026-02-20
PAY-007867,ORD-007867,Debit Card,Paid,2026-02-20
PAY-007868,ORD-007868,Cash on Delivery,Paid,2026-02-21
PAY-007869,ORD-007869,Debit Card,Paid,2026-02-22
PAY-007870,ORD-007870,Credit Card,Paid,2026-02-22
PAY-007871,ORD-007871,EasyPaisa,Paid,2026-02-22
PAY-007872,ORD-007872,Credit Card,Pending,2026-02-20
PAY-007873,ORD-007873,JazzCash,Paid,2026-02-20
PAY-007874,ORD-007874,JazzCash,Paid,2026-02-22
PAY-007875,ORD-007875,JazzCash,Paid,2026-02-23
PAY-007876,ORD-007876,Debit Card,Paid,2026-02-23
PAY-007877,ORD-007877,Credit Card,Paid,2026-02-21
PAY-007878,ORD-007878,Cash on Delivery,Paid,2026-02-22
PAY-007879,ORD-007879,Credit Card,Paid,2026-02-23
PAY-007880,ORD-007880,JazzCash,Paid,2026-02-23
PAY-007881,ORD-007881,JazzCash,Refunded,2026-02-21
PAY-007882,ORD-007882,Cash on Delivery,Paid,2026-02-26
PAY-007883,ORD-007883,EasyPaisa,Paid,2026-02-21
PAY-007884,ORD-007884,Cash on Delivery,Paid,2026-02-24
PAY-007885,ORD-007885,Credit Card,Paid,2026-02-22
PAY-007886,ORD-007886,Credit Card,Pending,2026-02-22
PAY-007887,ORD-007887,Cash on Delivery,Paid,2026-02-28
PAY-007888,ORD-007888,Debit Card,Paid,2026-02-22
PAY-007889,ORD-007889,Cash on Delivery,Paid,2026-02-28
PAY-007890,ORD-007890,JazzCash,Paid,2026-02-23
PAY-007891,ORD-007891,JazzCash,Paid,2026-02-24
PAY-007892,ORD-007892,EasyPaisa,Paid,2026-02-23
PAY-007893,ORD-007893,Bank Transfer,Paid,2026-02-24
PAY-007894,ORD-007894,Debit Card,Paid,2026-02-24
PAY-007895,ORD-007895,Credit Card,Paid,2026-02-24
PAY-007896,ORD-007896,Debit Card,Paid,2026-02-24
PAY-007897,ORD-007897,Credit Card,Paid,2026-02-24
PAY-007898,ORD-007898,EasyPaisa,Paid,2026-02-23
PAY-007899,ORD-007899,Cash on Delivery,Refunded,2026-02-28
PAY-007900,ORD-007900,Cash on Delivery,Paid,2026-02-28
PAY-007901,ORD-007901,JazzCash,Refunded,2026-02-23
PAY-007902,ORD-007902,EasyPaisa,Paid,2026-02-24
PAY-007903,ORD-007903,JazzCash,Paid,2026-02-23
PAY-007904,ORD-007904,Bank Transfer,Paid,2026-02-24
PAY-007905,ORD-007905,Cash on Delivery,Paid,2026-02-24
PAY-007906,ORD-007906,Credit Card,Paid,2026-02-25
PAY-007907,ORD-007907,Cash on Delivery,Paid,2026-02-26
PAY-007908,ORD-007908,Cash on Delivery,Refunded,2026-02-24
PAY-007909,ORD-007909,Debit Card,Paid,2026-02-24
PAY-007910,ORD-007910,Credit Card,Paid,2026-02-23
PAY-007911,ORD-007911,EasyPaisa,Paid,2026-02-25
PAY-007912,ORD-007912,EasyPaisa,Paid,2026-02-25
PAY-007913,ORD-007913,Credit Card,Paid,2026-02-25
PAY-007914,ORD-007914,Cash on Delivery,Paid,2026-03-01
PAY-007915,ORD-007915,Cash on Delivery,Paid,2026-03-01
PAY-007916,ORD-007916,Cash on Delivery,Paid,2026-02-24
PAY-007917,ORD-007917,EasyPaisa,Paid,2026-02-24
PAY-007918,ORD-007918,Credit Card,Paid,2026-02-26
PAY-007919,ORD-007919,Cash on Delivery,Paid,2026-02-27
PAY-007920,ORD-007920,JazzCash,Paid,2026-02-26
PAY-007921,ORD-007921,Cash on Delivery,Paid,2026-02-26
PAY-007922,ORD-007922,JazzCash,Paid,2026-02-26
PAY-007923,ORD-007923,Debit Card,Paid,2026-02-25
PAY-007924,ORD-007924,Credit Card,Paid,2026-02-24
PAY-007925,ORD-007925,Cash on Delivery,Paid,2026-03-02
PAY-007926,ORD-007926,Cash on Delivery,Paid,2026-02-27
PAY-007927,ORD-007927,EasyPaisa,Paid,2026-02-24
PAY-007928,ORD-007928,JazzCash,Paid,2026-02-26
PAY-007929,ORD-007929,Cash on Delivery,Paid,2026-02-26
PAY-007930,ORD-007930,Credit Card,Paid,2026-02-26
PAY-007931,ORD-007931,Debit Card,Paid,2026-02-24
PAY-007932,ORD-007932,Debit Card,Paid,2026-02-25
PAY-007933,ORD-007933,Credit Card,Paid,2026-02-24
PAY-007934,ORD-007934,Credit Card,Pending,2026-02-26
PAY-007935,ORD-007935,Credit Card,Paid,2026-02-24
PAY-007936,ORD-007936,Credit Card,Paid,2026-02-26
PAY-007937,ORD-007937,Debit Card,Paid,2026-02-24
PAY-007938,ORD-007938,Debit Card,Paid,2026-02-26
PAY-007939,ORD-007939,Credit Card,Paid,2026-02-25
PAY-007940,ORD-007940,Cash on Delivery,Refunded,2026-02-25
PAY-007941,ORD-007941,Credit Card,Paid,2026-02-26
PAY-007942,ORD-007942,JazzCash,Paid,2026-02-25
PAY-007943,ORD-007943,Cash on Delivery,Refunded,2026-02-28
PAY-007944,ORD-007944,Bank Transfer,Paid,2026-02-27
PAY-007945,ORD-007945,Cash on Delivery,Refunded,2026-03-03
PAY-007946,ORD-007946,Cash on Delivery,Paid,2026-02-26
PAY-007947,ORD-007947,Cash on Delivery,Paid,2026-02-27
PAY-007948,ORD-007948,Bank Transfer,Failed,2026-02-26
PAY-007949,ORD-007949,Cash on Delivery,Refunded,2026-02-27
PAY-007950,ORD-007950,Cash on Delivery,Pending,2026-03-03
PAY-007951,ORD-007951,Cash on Delivery,Paid,2026-03-02
PAY-007952,ORD-007952,EasyPaisa,Paid,2026-02-25
PAY-007953,ORD-007953,Debit Card,Paid,2026-02-26
PAY-007954,ORD-007954,Debit Card,Paid,2026-02-27
PAY-007955,ORD-007955,Credit Card,Paid,2026-02-26
PAY-007956,ORD-007956,Credit Card,Refunded,2026-02-25
PAY-007957,ORD-007957,Credit Card,Paid,2026-02-27
PAY-007958,ORD-007958,Credit Card,Paid,2026-02-27
PAY-007959,ORD-007959,Debit Card,Failed,2026-02-26
PAY-007960,ORD-007960,Credit Card,Paid,2026-02-25
PAY-007961,ORD-007961,Credit Card,Paid,2026-02-26
PAY-007962,ORD-007962,Credit Card,Paid,2026-02-25
PAY-007963,ORD-007963,EasyPaisa,Paid,2026-02-27
PAY-007964,ORD-007964,Credit Card,Paid,2026-02-27
PAY-007965,ORD-007965,JazzCash,Paid,2026-02-25
PAY-007966,ORD-007966,Cash on Delivery,Paid,2026-02-28
PAY-007967,ORD-007967,Bank Transfer,Paid,2026-02-27
PAY-007968,ORD-007968,Cash on Delivery,Refunded,2026-03-03
PAY-007969,ORD-007969,JazzCash,Failed,2026-02-28
PAY-007970,ORD-007970,Debit Card,Paid,2026-02-27
PAY-007971,ORD-007971,Debit Card,Paid,2026-02-26
PAY-007972,ORD-007972,Cash on Delivery,Paid,2026-03-04
PAY-007973,ORD-007973,EasyPaisa,Paid,2026-02-28
PAY-007974,ORD-007974,Cash on Delivery,Paid,2026-02-27
PAY-007975,ORD-007975,Cash on Delivery,Paid,2026-03-02
PAY-007976,ORD-007976,Cash on Delivery,Paid,2026-02-28
PAY-007977,ORD-007977,JazzCash,Paid,2026-02-27
PAY-007978,ORD-007978,Credit Card,Pending,2026-02-27
PAY-007979,ORD-007979,EasyPaisa,Refunded,2026-02-28
PAY-007980,ORD-007980,Cash on Delivery,Refunded,2026-03-03
PAY-007981,ORD-007981,Debit Card,Paid,2026-02-26
PAY-007982,ORD-007982,Cash on Delivery,Refunded,2026-03-04
PAY-007983,ORD-007983,Debit Card,Paid,2026-02-28
PAY-007984,ORD-007984,Credit Card,Paid,2026-02-28
PAY-007985,ORD-007985,Credit Card,Refunded,2026-02-28
PAY-007986,ORD-007986,Credit Card,Refunded,2026-02-27
PAY-007987,ORD-007987,Debit Card,Paid,2026-02-28
PAY-007988,ORD-007988,Cash on Delivery,Paid,2026-03-03
PAY-007989,ORD-007989,Credit Card,Paid,2026-02-28
PAY-007990,ORD-007990,EasyPaisa,Paid,2026-03-01
PAY-007991,ORD-007991,Credit Card,Pending,2026-02-28
PAY-007992,ORD-007992,EasyPaisa,Paid,2026-02-27
PAY-007993,ORD-007993,Credit Card,Pending,2026-02-27
PAY-007994,ORD-007994,Bank Transfer,Paid,2026-03-03
PAY-007995,ORD-007995,JazzCash,Paid,2026-02-28
PAY-007996,ORD-007996,JazzCash,Paid,2026-02-28
PAY-007997,ORD-007997,JazzCash,Paid,2026-02-27
PAY-007998,ORD-007998,JazzCash,Paid,2026-02-28
PAY-007999,ORD-007999,Credit Card,Failed,2026-02-28
PAY-008000,ORD-008000,Cash on Delivery,Paid,2026-02-28
PAY-008001,ORD-008001,Credit Card,Refunded,2026-02-28
PAY-008002,ORD-008002,Credit Card,Pending,2026-02-27
PAY-008003,ORD-008003,Credit Card,Paid,2026-02-28
PAY-008004,ORD-008004,Credit Card,Paid,2026-02-28
PAY-008005,ORD-008005,Cash on Delivery,Paid,2026-03-01
PAY-008006,ORD-008006,Credit Card,Paid,2026-03-01
PAY-008007,ORD-008007,Credit Card,Refunded,2026-02-27
PAY-008008,ORD-008008,Cash on Delivery,Paid,2026-03-01
PAY-008009,ORD-008009,Bank Transfer,Pending,2026-03-05
PAY-008010,ORD-008010,EasyPaisa,Paid,2026-02-28
PAY-008011,ORD-008011,Cash on Delivery,Paid,2026-03-04
PAY-008012,ORD-008012,Bank Transfer,Pending,2026-03-05
PAY-008013,ORD-008013,JazzCash,Refunded,2026-02-28
PAY-008014,ORD-008014,Cash on Delivery,Paid,2026-03-02
PAY-008015,ORD-008015,Credit Card,Paid,2026-02-28
PAY-008016,ORD-008016,Credit Card,Paid,2026-03-02
PAY-008017,ORD-008017,Debit Card,Paid,2026-03-01
PAY-008018,ORD-008018,EasyPaisa,Paid,2026-03-02
PAY-008019,ORD-008019,Credit Card,Paid,2026-02-28
PAY-008020,ORD-008020,Bank Transfer,Paid,2026-03-05
PAY-008021,ORD-008021,Cash on Delivery,Paid,2026-03-05
PAY-008022,ORD-008022,Credit Card,Pending,2026-02-28
PAY-008023,ORD-008023,Cash on Delivery,Paid,2026-03-02
PAY-008024,ORD-008024,Debit Card,Paid,2026-03-01
PAY-008025,ORD-008025,Credit Card,Paid,2026-02-28
PAY-008026,ORD-008026,Credit Card,Paid,2026-03-01
PAY-008027,ORD-008027,JazzCash,Paid,2026-03-01
PAY-008028,ORD-008028,JazzCash,Paid,2026-03-02
PAY-008029,ORD-008029,Cash on Delivery,Paid,2026-03-06
PAY-008030,ORD-008030,EasyPaisa,Refunded,2026-03-01
PAY-008031,ORD-008031,Credit Card,Paid,2026-03-01
PAY-008032,ORD-008032,Debit Card,Refunded,2026-03-03
PAY-008033,ORD-008033,Credit Card,Paid,2026-03-02
PAY-008034,ORD-008034,Cash on Delivery,Paid,2026-03-06
PAY-008035,ORD-008035,JazzCash,Paid,2026-03-03
PAY-008036,ORD-008036,Bank Transfer,Paid,2026-03-06
PAY-008037,ORD-008037,Debit Card,Paid,2026-03-02
PAY-008038,ORD-008038,EasyPaisa,Refunded,2026-03-02
PAY-008039,ORD-008039,Credit Card,Paid,2026-03-04
PAY-008040,ORD-008040,Cash on Delivery,Paid,2026-03-07
PAY-008041,ORD-008041,Cash on Delivery,Paid,2026-03-07
PAY-008042,ORD-008042,Debit Card,Refunded,2026-03-02
PAY-008043,ORD-008043,EasyPaisa,Paid,2026-03-04
PAY-008044,ORD-008044,EasyPaisa,Paid,2026-03-02
PAY-008045,ORD-008045,Cash on Delivery,Paid,2026-03-06
PAY-008046,ORD-008046,Debit Card,Paid,2026-03-05
PAY-008047,ORD-008047,Credit Card,Paid,2026-03-04
PAY-008048,ORD-008048,Cash on Delivery,Paid,2026-03-06
PAY-008049,ORD-008049,Credit Card,Paid,2026-03-04
PAY-008050,ORD-008050,Debit Card,Refunded,2026-03-05
PAY-008051,ORD-008051,Credit Card,Failed,2026-03-03
PAY-008052,ORD-008052,JazzCash,Paid,2026-03-04
PAY-008053,ORD-008053,Cash on Delivery,Pending,2026-03-07
PAY-008054,ORD-008054,Bank Transfer,Pending,2026-03-06
PAY-008055,ORD-008055,JazzCash,Paid,2026-03-03
PAY-008056,ORD-008056,Cash on Delivery,Refunded,2026-03-05
PAY-008057,ORD-008057,Cash on Delivery,Paid,2026-03-07
PAY-008058,ORD-008058,Credit Card,Refunded,2026-03-04
PAY-008059,ORD-008059,Cash on Delivery,Paid,2026-03-06
PAY-008060,ORD-008060,Cash on Delivery,Paid,2026-03-04
PAY-008061,ORD-008061,Credit Card,Paid,2026-03-03
PAY-008062,ORD-008062,Cash on Delivery,Paid,2026-03-06
PAY-008063,ORD-008063,Cash on Delivery,Paid,2026-03-06
PAY-008064,ORD-008064,Cash on Delivery,Paid,2026-03-05
PAY-008065,ORD-008065,JazzCash,Paid,2026-03-04
PAY-008066,ORD-008066,Cash on Delivery,Pending,2026-03-08
PAY-008067,ORD-008067,Debit Card,Paid,2026-03-04
PAY-008068,ORD-008068,EasyPaisa,Paid,2026-03-04
PAY-008069,ORD-008069,Credit Card,Paid,2026-03-04
PAY-008070,ORD-008070,Debit Card,Paid,2026-03-04
PAY-008071,ORD-008071,Credit Card,Paid,2026-03-04
PAY-008072,ORD-008072,Debit Card,Paid,2026-03-04
PAY-008073,ORD-008073,Bank Transfer,Paid,2026-03-05
PAY-008074,ORD-008074,Cash on Delivery,Paid,2026-03-05
PAY-008075,ORD-008075,JazzCash,Paid,2026-03-05
PAY-008076,ORD-008076,Credit Card,Paid,2026-03-04
PAY-008077,ORD-008077,Credit Card,Paid,2026-03-05
PAY-008078,ORD-008078,Cash on Delivery,Paid,2026-03-08
PAY-008079,ORD-008079,EasyPaisa,Paid,2026-03-05
PAY-008080,ORD-008080,Cash on Delivery,Paid,2026-03-05
PAY-008081,ORD-008081,Credit Card,Paid,2026-03-04
PAY-008082,ORD-008082,Debit Card,Failed,2026-03-05
PAY-008083,ORD-008083,Cash on Delivery,Paid,2026-03-10
PAY-008084,ORD-008084,Credit Card,Paid,2026-03-05
PAY-008085,ORD-008085,Credit Card,Pending,2026-03-05
PAY-008086,ORD-008086,JazzCash,Paid,2026-03-06
PAY-008087,ORD-008087,Cash on Delivery,Paid,2026-03-08
PAY-008088,ORD-008088,Debit Card,Paid,2026-03-06
PAY-008089,ORD-008089,Cash on Delivery,Paid,2026-03-11
PAY-008090,ORD-008090,Credit Card,Paid,2026-03-05
PAY-008091,ORD-008091,JazzCash,Pending,2026-03-05
PAY-008092,ORD-008092,Credit Card,Paid,2026-03-05
PAY-008093,ORD-008093,Cash on Delivery,Paid,2026-03-08
PAY-008094,ORD-008094,JazzCash,Paid,2026-03-05
PAY-008095,ORD-008095,Credit Card,Paid,2026-03-05
PAY-008096,ORD-008096,Cash on Delivery,Paid,2026-03-06
PAY-008097,ORD-008097,Cash on Delivery,Paid,2026-03-10
PAY-008098,ORD-008098,Credit Card,Paid,2026-03-06
PAY-008099,ORD-008099,JazzCash,Refunded,2026-03-06
PAY-008100,ORD-008100,Cash on Delivery,Paid,2026-03-07
PAY-008101,ORD-008101,Credit Card,Paid,2026-03-08
PAY-008102,ORD-008102,EasyPaisa,Failed,2026-03-08
PAY-008103,ORD-008103,Cash on Delivery,Paid,2026-03-09
PAY-008104,ORD-008104,JazzCash,Paid,2026-03-08
PAY-008105,ORD-008105,Debit Card,Failed,2026-03-08
PAY-008106,ORD-008106,EasyPaisa,Paid,2026-03-07
PAY-008107,ORD-008107,Cash on Delivery,Paid,2026-03-09
PAY-008108,ORD-008108,Credit Card,Paid,2026-03-06
PAY-008109,ORD-008109,EasyPaisa,Paid,2026-03-08
PAY-008110,ORD-008110,EasyPaisa,Paid,2026-03-07
PAY-008111,ORD-008111,JazzCash,Pending,2026-03-06
PAY-008112,ORD-008112,Cash on Delivery,Paid,2026-03-12
PAY-008113,ORD-008113,Debit Card,Refunded,2026-03-06
PAY-008114,ORD-008114,JazzCash,Refunded,2026-03-07
PAY-008115,ORD-008115,JazzCash,Paid,2026-03-07
PAY-008116,ORD-008116,JazzCash,Refunded,2026-03-08
PAY-008117,ORD-008117,Bank Transfer,Paid,2026-03-11
PAY-008118,ORD-008118,EasyPaisa,Paid,2026-03-08
PAY-008119,ORD-008119,Bank Transfer,Refunded,2026-03-12
PAY-008120,ORD-008120,Cash on Delivery,Paid,2026-03-12
PAY-008121,ORD-008121,Cash on Delivery,Paid,2026-03-12
PAY-008122,ORD-008122,Cash on Delivery,Refunded,2026-03-10
PAY-008123,ORD-008123,Cash on Delivery,Failed,2026-03-13
PAY-008124,ORD-008124,Credit Card,Paid,2026-03-07
PAY-008125,ORD-008125,Credit Card,Paid,2026-03-07
PAY-008126,ORD-008126,Credit Card,Refunded,2026-03-09
PAY-008127,ORD-008127,EasyPaisa,Paid,2026-03-08
PAY-008128,ORD-008128,Credit Card,Paid,2026-03-09
PAY-008129,ORD-008129,Cash on Delivery,Paid,2026-03-09
PAY-008130,ORD-008130,Credit Card,Paid,2026-03-07
PAY-008131,ORD-008131,Cash on Delivery,Paid,2026-03-13
PAY-008132,ORD-008132,Cash on Delivery,Paid,2026-03-12
PAY-008133,ORD-008133,Cash on Delivery,Failed,2026-03-11
PAY-008134,ORD-008134,Credit Card,Failed,2026-03-08
PAY-008135,ORD-008135,Cash on Delivery,Paid,2026-03-11
PAY-008136,ORD-008136,Credit Card,Refunded,2026-03-08
PAY-008137,ORD-008137,JazzCash,Paid,2026-03-08
PAY-008138,ORD-008138,Cash on Delivery,Paid,2026-03-09
PAY-008139,ORD-008139,Bank Transfer,Failed,2026-03-11
PAY-008140,ORD-008140,JazzCash,Failed,2026-03-08
PAY-008141,ORD-008141,Credit Card,Pending,2026-03-09
PAY-008142,ORD-008142,Cash on Delivery,Paid,2026-03-09
PAY-008143,ORD-008143,Credit Card,Paid,2026-03-10
PAY-008144,ORD-008144,JazzCash,Failed,2026-03-09
PAY-008145,ORD-008145,Credit Card,Pending,2026-03-09
PAY-008146,ORD-008146,Credit Card,Paid,2026-03-08
PAY-008147,ORD-008147,EasyPaisa,Paid,2026-03-11
PAY-008148,ORD-008148,Credit Card,Paid,2026-03-10
PAY-008149,ORD-008149,Cash on Delivery,Paid,2026-03-15
PAY-008150,ORD-008150,EasyPaisa,Refunded,2026-03-09
PAY-008151,ORD-008151,Cash on Delivery,Paid,2026-03-11
PAY-008152,ORD-008152,Debit Card,Paid,2026-03-10
PAY-008153,ORD-008153,JazzCash,Failed,2026-03-11
PAY-008154,ORD-008154,Debit Card,Paid,2026-03-10
PAY-008155,ORD-008155,Debit Card,Paid,2026-03-11
PAY-008156,ORD-008156,Debit Card,Paid,2026-03-10
PAY-008157,ORD-008157,Cash on Delivery,Pending,2026-03-14
PAY-008158,ORD-008158,EasyPaisa,Paid,2026-03-10
PAY-008159,ORD-008159,Debit Card,Paid,2026-03-10
PAY-008160,ORD-008160,Debit Card,Refunded,2026-03-10
PAY-008161,ORD-008161,Cash on Delivery,Paid,2026-03-10
PAY-008162,ORD-008162,Debit Card,Refunded,2026-03-10
PAY-008163,ORD-008163,Credit Card,Paid,2026-03-11
PAY-008164,ORD-008164,Debit Card,Paid,2026-03-12
PAY-008165,ORD-008165,Credit Card,Paid,2026-03-12
PAY-008166,ORD-008166,Debit Card,Paid,2026-03-11
PAY-008167,ORD-008167,JazzCash,Paid,2026-03-10
PAY-008168,ORD-008168,Credit Card,Paid,2026-03-12
PAY-008169,ORD-008169,JazzCash,Paid,2026-03-10
PAY-008170,ORD-008170,Cash on Delivery,Paid,2026-03-13
PAY-008171,ORD-008171,Debit Card,Failed,2026-03-12
PAY-008172,ORD-008172,Credit Card,Paid,2026-03-10
PAY-008173,ORD-008173,Credit Card,Paid,2026-03-10
PAY-008174,ORD-008174,Credit Card,Refunded,2026-03-12
PAY-008175,ORD-008175,Debit Card,Failed,2026-03-10
PAY-008176,ORD-008176,Cash on Delivery,Paid,2026-03-14
PAY-008177,ORD-008177,JazzCash,Paid,2026-03-10
PAY-008178,ORD-008178,Credit Card,Paid,2026-03-12
PAY-008179,ORD-008179,Debit Card,Pending,2026-03-12
PAY-008180,ORD-008180,Credit Card,Refunded,2026-03-11
PAY-008181,ORD-008181,Credit Card,Refunded,2026-03-12
PAY-008182,ORD-008182,JazzCash,Paid,2026-03-13
PAY-008183,ORD-008183,Credit Card,Paid,2026-03-12
PAY-008184,ORD-008184,Debit Card,Paid,2026-03-13
PAY-008185,ORD-008185,Cash on Delivery,Paid,2026-03-17
PAY-008186,ORD-008186,Credit Card,Paid,2026-03-11
PAY-008187,ORD-008187,EasyPaisa,Paid,2026-03-11
PAY-008188,ORD-008188,Cash on Delivery,Refunded,2026-03-15
PAY-008189,ORD-008189,EasyPaisa,Paid,2026-03-12
PAY-008190,ORD-008190,Credit Card,Paid,2026-03-13
PAY-008191,ORD-008191,Credit Card,Pending,2026-03-12
PAY-008192,ORD-008192,Credit Card,Refunded,2026-03-12
PAY-008193,ORD-008193,Cash on Delivery,Paid,2026-03-14
PAY-008194,ORD-008194,JazzCash,Failed,2026-03-11
PAY-008195,ORD-008195,Debit Card,Paid,2026-03-11
PAY-008196,ORD-008196,Debit Card,Paid,2026-03-13
PAY-008197,ORD-008197,Debit Card,Refunded,2026-03-13
PAY-008198,ORD-008198,Credit Card,Paid,2026-03-13
PAY-008199,ORD-008199,Bank Transfer,Paid,2026-03-18
PAY-008200,ORD-008200,EasyPaisa,Paid,2026-03-13
PAY-008201,ORD-008201,JazzCash,Paid,2026-03-14
PAY-008202,ORD-008202,JazzCash,Paid,2026-03-13
PAY-008203,ORD-008203,Cash on Delivery,Failed,2026-03-14
PAY-008204,ORD-008204,Credit Card,Refunded,2026-03-12
PAY-008205,ORD-008205,Credit Card,Paid,2026-03-12
PAY-008206,ORD-008206,Debit Card,Paid,2026-03-13
PAY-008207,ORD-008207,Bank Transfer,Paid,2026-03-14
PAY-008208,ORD-008208,Credit Card,Failed,2026-03-14
PAY-008209,ORD-008209,Debit Card,Paid,2026-03-12
PAY-008210,ORD-008210,JazzCash,Paid,2026-03-14
PAY-008211,ORD-008211,Debit Card,Paid,2026-03-14
PAY-008212,ORD-008212,Cash on Delivery,Paid,2026-03-15
PAY-008213,ORD-008213,Cash on Delivery,Pending,2026-03-17
PAY-008214,ORD-008214,Credit Card,Paid,2026-03-12
PAY-008215,ORD-008215,EasyPaisa,Paid,2026-03-14
PAY-008216,ORD-008216,EasyPaisa,Paid,2026-03-12
PAY-008217,ORD-008217,Cash on Delivery,Paid,2026-03-13
PAY-008218,ORD-008218,Debit Card,Paid,2026-03-13
PAY-008219,ORD-008219,Cash on Delivery,Paid,2026-03-17
PAY-008220,ORD-008220,EasyPaisa,Paid,2026-03-14
PAY-008221,ORD-008221,Cash on Delivery,Paid,2026-03-14
PAY-008222,ORD-008222,Credit Card,Refunded,2026-03-14
PAY-008223,ORD-008223,Cash on Delivery,Paid,2026-03-19
PAY-008224,ORD-008224,Credit Card,Paid,2026-03-15
PAY-008225,ORD-008225,JazzCash,Paid,2026-03-13
PAY-008226,ORD-008226,Credit Card,Failed,2026-03-15
PAY-008227,ORD-008227,EasyPaisa,Paid,2026-03-15
PAY-008228,ORD-008228,Cash on Delivery,Paid,2026-03-15
PAY-008229,ORD-008229,Cash on Delivery,Paid,2026-03-18
PAY-008230,ORD-008230,Bank Transfer,Paid,2026-03-16
PAY-008231,ORD-008231,Debit Card,Paid,2026-03-13
PAY-008232,ORD-008232,EasyPaisa,Refunded,2026-03-13
PAY-008233,ORD-008233,Debit Card,Paid,2026-03-15
PAY-008234,ORD-008234,JazzCash,Paid,2026-03-15
PAY-008235,ORD-008235,Credit Card,Pending,2026-03-13
PAY-008236,ORD-008236,Cash on Delivery,Refunded,2026-03-15
PAY-008237,ORD-008237,Credit Card,Paid,2026-03-15
PAY-008238,ORD-008238,Cash on Delivery,Paid,2026-03-19
PAY-008239,ORD-008239,JazzCash,Paid,2026-03-14
PAY-008240,ORD-008240,Credit Card,Paid,2026-03-14
PAY-008241,ORD-008241,JazzCash,Paid,2026-03-15
PAY-008242,ORD-008242,Cash on Delivery,Paid,2026-03-18
PAY-008243,ORD-008243,EasyPaisa,Paid,2026-03-16
PAY-008244,ORD-008244,Cash on Delivery,Paid,2026-03-19
PAY-008245,ORD-008245,Bank Transfer,Refunded,2026-03-15
PAY-008246,ORD-008246,JazzCash,Paid,2026-03-14
PAY-008247,ORD-008247,Bank Transfer,Paid,2026-03-15
PAY-008248,ORD-008248,Cash on Delivery,Paid,2026-03-18
PAY-008249,ORD-008249,Debit Card,Paid,2026-03-16
PAY-008250,ORD-008250,JazzCash,Failed,2026-03-15
PAY-008251,ORD-008251,Credit Card,Paid,2026-03-15
PAY-008252,ORD-008252,Cash on Delivery,Paid,2026-03-20
PAY-008253,ORD-008253,EasyPaisa,Refunded,2026-03-14
PAY-008254,ORD-008254,JazzCash,Paid,2026-03-16
PAY-008255,ORD-008255,JazzCash,Paid,2026-03-16
PAY-008256,ORD-008256,Cash on Delivery,Refunded,2026-03-18
PAY-008257,ORD-008257,JazzCash,Paid,2026-03-15
PAY-008258,ORD-008258,Cash on Delivery,Paid,2026-03-21
PAY-008259,ORD-008259,Cash on Delivery,Paid,2026-03-19
PAY-008260,ORD-008260,Credit Card,Paid,2026-03-17
PAY-008261,ORD-008261,JazzCash,Paid,2026-03-17
PAY-008262,ORD-008262,Cash on Delivery,Pending,2026-03-21
PAY-008263,ORD-008263,Cash on Delivery,Paid,2026-03-16
PAY-008264,ORD-008264,Cash on Delivery,Pending,2026-03-17
PAY-008265,ORD-008265,EasyPaisa,Paid,2026-03-17
PAY-008266,ORD-008266,Cash on Delivery,Paid,2026-03-19
PAY-008267,ORD-008267,EasyPaisa,Paid,2026-03-17
PAY-008268,ORD-008268,Credit Card,Refunded,2026-03-18
PAY-008269,ORD-008269,Debit Card,Paid,2026-03-16
PAY-008270,ORD-008270,Debit Card,Paid,2026-03-16
PAY-008271,ORD-008271,Credit Card,Pending,2026-03-18
PAY-008272,ORD-008272,Credit Card,Paid,2026-03-16
PAY-008273,ORD-008273,Debit Card,Paid,2026-03-17
PAY-008274,ORD-008274,Credit Card,Paid,2026-03-17
PAY-008275,ORD-008275,JazzCash,Paid,2026-03-16
PAY-008276,ORD-008276,JazzCash,Paid,2026-03-17
PAY-008277,ORD-008277,Cash on Delivery,Paid,2026-03-17
PAY-008278,ORD-008278,Bank Transfer,Pending,2026-03-19
PAY-008279,ORD-008279,EasyPaisa,Pending,2026-03-19
PAY-008280,ORD-008280,Debit Card,Pending,2026-03-17
PAY-008281,ORD-008281,JazzCash,Paid,2026-03-19
PAY-008282,ORD-008282,Cash on Delivery,Paid,2026-03-20
PAY-008283,ORD-008283,Cash on Delivery,Refunded,2026-03-18
PAY-008284,ORD-008284,Credit Card,Paid,2026-03-19
PAY-008285,ORD-008285,EasyPaisa,Paid,2026-03-17
PAY-008286,ORD-008286,Cash on Delivery,Refunded,2026-03-21
PAY-008287,ORD-008287,Credit Card,Paid,2026-03-18
PAY-008288,ORD-008288,Cash on Delivery,Paid,2026-03-21
PAY-008289,ORD-008289,Cash on Delivery,Paid,2026-03-18
PAY-008290,ORD-008290,Credit Card,Refunded,2026-03-19
PAY-008291,ORD-008291,Credit Card,Pending,2026-03-19
PAY-008292,ORD-008292,JazzCash,Paid,2026-03-19
PAY-008293,ORD-008293,Cash on Delivery,Paid,2026-03-21
PAY-008294,ORD-008294,JazzCash,Paid,2026-03-18
PAY-008295,ORD-008295,Bank Transfer,Paid,2026-03-22
PAY-008296,ORD-008296,Credit Card,Paid,2026-03-19
PAY-008297,ORD-008297,Debit Card,Paid,2026-03-20
PAY-008298,ORD-008298,JazzCash,Refunded,2026-03-20
PAY-008299,ORD-008299,Cash on Delivery,Paid,2026-03-19
PAY-008300,ORD-008300,Debit Card,Paid,2026-03-18
PAY-008301,ORD-008301,Credit Card,Refunded,2026-03-19
PAY-008302,ORD-008302,Credit Card,Paid,2026-03-20
PAY-008303,ORD-008303,Credit Card,Paid,2026-03-20
PAY-008304,ORD-008304,Credit Card,Paid,2026-03-18
PAY-008305,ORD-008305,Bank Transfer,Paid,2026-03-22
PAY-008306,ORD-008306,JazzCash,Paid,2026-03-18
PAY-008307,ORD-008307,Cash on Delivery,Paid,2026-03-22
PAY-008308,ORD-008308,Bank Transfer,Paid,2026-03-22
PAY-008309,ORD-008309,Cash on Delivery,Paid,2026-03-21
PAY-008310,ORD-008310,JazzCash,Paid,2026-03-18
PAY-008311,ORD-008311,Credit Card,Paid,2026-03-19
PAY-008312,ORD-008312,Cash on Delivery,Paid,2026-03-24
PAY-008313,ORD-008313,JazzCash,Paid,2026-03-18
PAY-008314,ORD-008314,Cash on Delivery,Paid,2026-03-25
PAY-008315,ORD-008315,JazzCash,Paid,2026-03-21
PAY-008316,ORD-008316,Cash on Delivery,Failed,2026-03-20
PAY-008317,ORD-008317,JazzCash,Paid,2026-03-20
PAY-008318,ORD-008318,Debit Card,Paid,2026-03-20
PAY-008319,ORD-008319,Debit Card,Refunded,2026-03-20
PAY-008320,ORD-008320,EasyPaisa,Failed,2026-03-20
PAY-008321,ORD-008321,Credit Card,Paid,2026-03-21
PAY-008322,ORD-008322,Cash on Delivery,Paid,2026-03-23
PAY-008323,ORD-008323,Credit Card,Failed,2026-03-19
PAY-008324,ORD-008324,Debit Card,Pending,2026-03-19
PAY-008325,ORD-008325,Bank Transfer,Refunded,2026-03-21
PAY-008326,ORD-008326,Cash on Delivery,Refunded,2026-03-21
PAY-008327,ORD-008327,JazzCash,Paid,2026-03-21
PAY-008328,ORD-008328,Cash on Delivery,Refunded,2026-03-22
PAY-008329,ORD-008329,Cash on Delivery,Paid,2026-03-20
PAY-008330,ORD-008330,JazzCash,Paid,2026-03-20
PAY-008331,ORD-008331,Credit Card,Paid,2026-03-20
PAY-008332,ORD-008332,Credit Card,Paid,2026-03-21
PAY-008333,ORD-008333,Debit Card,Refunded,2026-03-20
PAY-008334,ORD-008334,Credit Card,Failed,2026-03-22
PAY-008335,ORD-008335,Cash on Delivery,Paid,2026-03-23
PAY-008336,ORD-008336,Debit Card,Refunded,2026-03-22
PAY-008337,ORD-008337,Cash on Delivery,Paid,2026-03-22
PAY-008338,ORD-008338,Credit Card,Paid,2026-03-21
PAY-008339,ORD-008339,JazzCash,Paid,2026-03-22
PAY-008340,ORD-008340,Debit Card,Paid,2026-03-21
PAY-008341,ORD-008341,Credit Card,Paid,2026-03-22
PAY-008342,ORD-008342,Debit Card,Paid,2026-03-21
PAY-008343,ORD-008343,Cash on Delivery,Refunded,2026-03-21
PAY-008344,ORD-008344,Cash on Delivery,Failed,2026-03-22
PAY-008345,ORD-008345,JazzCash,Paid,2026-03-21
PAY-008346,ORD-008346,EasyPaisa,Paid,2026-03-21
PAY-008347,ORD-008347,Bank Transfer,Paid,2026-03-24
PAY-008348,ORD-008348,Credit Card,Pending,2026-03-21
PAY-008349,ORD-008349,JazzCash,Refunded,2026-03-22
PAY-008350,ORD-008350,Cash on Delivery,Paid,2026-03-27
PAY-008351,ORD-008351,JazzCash,Paid,2026-03-23
PAY-008352,ORD-008352,Debit Card,Refunded,2026-03-21
PAY-008353,ORD-008353,Cash on Delivery,Paid,2026-03-22
PAY-008354,ORD-008354,EasyPaisa,Refunded,2026-03-22
PAY-008355,ORD-008355,Credit Card,Paid,2026-03-21
PAY-008356,ORD-008356,Cash on Delivery,Paid,2026-03-22
PAY-008357,ORD-008357,Credit Card,Paid,2026-03-21
PAY-008358,ORD-008358,EasyPaisa,Paid,2026-03-22
PAY-008359,ORD-008359,Credit Card,Paid,2026-03-23
PAY-008360,ORD-008360,JazzCash,Paid,2026-03-23
PAY-008361,ORD-008361,Cash on Delivery,Paid,2026-03-24
PAY-008362,ORD-008362,EasyPaisa,Paid,2026-03-23
PAY-008363,ORD-008363,EasyPaisa,Pending,2026-03-23
PAY-008364,ORD-008364,Debit Card,Paid,2026-03-23
PAY-008365,ORD-008365,JazzCash,Paid,2026-03-22
PAY-008366,ORD-008366,Debit Card,Paid,2026-03-22
PAY-008367,ORD-008367,Credit Card,Paid,2026-03-23
PAY-008368,ORD-008368,Credit Card,Paid,2026-03-22
PAY-008369,ORD-008369,JazzCash,Paid,2026-03-24
PAY-008370,ORD-008370,Credit Card,Refunded,2026-03-24
PAY-008371,ORD-008371,JazzCash,Pending,2026-03-22
PAY-008372,ORD-008372,Cash on Delivery,Paid,2026-03-24
PAY-008373,ORD-008373,Cash on Delivery,Paid,2026-03-25
PAY-008374,ORD-008374,JazzCash,Paid,2026-03-23
PAY-008375,ORD-008375,Cash on Delivery,Refunded,2026-03-24
PAY-008376,ORD-008376,Debit Card,Paid,2026-03-24
PAY-008377,ORD-008377,Credit Card,Paid,2026-03-22
PAY-008378,ORD-008378,Cash on Delivery,Paid,2026-03-27
PAY-008379,ORD-008379,JazzCash,Pending,2026-03-24
PAY-008380,ORD-008380,Cash on Delivery,Failed,2026-03-29
PAY-008381,ORD-008381,Credit Card,Paid,2026-03-24
PAY-008382,ORD-008382,Cash on Delivery,Paid,2026-03-24
PAY-008383,ORD-008383,JazzCash,Paid,2026-03-24
PAY-008384,ORD-008384,Cash on Delivery,Paid,2026-03-28
PAY-008385,ORD-008385,EasyPaisa,Paid,2026-03-23
PAY-008386,ORD-008386,Credit Card,Refunded,2026-03-25
PAY-008387,ORD-008387,JazzCash,Paid,2026-03-25
PAY-008388,ORD-008388,Debit Card,Paid,2026-03-23
PAY-008389,ORD-008389,Cash on Delivery,Paid,2026-03-24
PAY-008390,ORD-008390,Credit Card,Refunded,2026-03-25
PAY-008391,ORD-008391,Credit Card,Paid,2026-03-24
PAY-008392,ORD-008392,Bank Transfer,Paid,2026-03-26
PAY-008393,ORD-008393,Bank Transfer,Paid,2026-03-28
PAY-008394,ORD-008394,Cash on Delivery,Paid,2026-03-26
PAY-008395,ORD-008395,Debit Card,Paid,2026-03-24
PAY-008396,ORD-008396,EasyPaisa,Pending,2026-03-26
PAY-008397,ORD-008397,Debit Card,Paid,2026-03-24
PAY-008398,ORD-008398,Cash on Delivery,Paid,2026-03-30
PAY-008399,ORD-008399,Credit Card,Paid,2026-03-26
PAY-008400,ORD-008400,Credit Card,Paid,2026-03-26
PAY-008401,ORD-008401,Credit Card,Paid,2026-03-25
PAY-008402,ORD-008402,JazzCash,Paid,2026-03-26
PAY-008403,ORD-008403,Credit Card,Paid,2026-03-25
PAY-008404,ORD-008404,Debit Card,Paid,2026-03-24
PAY-008405,ORD-008405,JazzCash,Paid,2026-03-25
PAY-008406,ORD-008406,Credit Card,Paid,2026-03-24
PAY-008407,ORD-008407,Cash on Delivery,Paid,2026-03-25
PAY-008408,ORD-008408,Cash on Delivery,Paid,2026-03-30
PAY-008409,ORD-008409,Cash on Delivery,Paid,2026-03-27
PAY-008410,ORD-008410,JazzCash,Refunded,2026-03-25
PAY-008411,ORD-008411,Cash on Delivery,Paid,2026-03-29
PAY-008412,ORD-008412,Bank Transfer,Paid,2026-03-31
PAY-008413,ORD-008413,EasyPaisa,Pending,2026-03-27
PAY-008414,ORD-008414,Credit Card,Paid,2026-03-27
PAY-008415,ORD-008415,Cash on Delivery,Pending,2026-03-28
PAY-008416,ORD-008416,JazzCash,Paid,2026-03-27
PAY-008417,ORD-008417,Cash on Delivery,Paid,2026-03-31
PAY-008418,ORD-008418,Debit Card,Paid,2026-03-27
PAY-008419,ORD-008419,Cash on Delivery,Paid,2026-03-30
PAY-008420,ORD-008420,Cash on Delivery,Paid,2026-03-29
PAY-008421,ORD-008421,Credit Card,Paid,2026-03-25
PAY-008422,ORD-008422,JazzCash,Paid,2026-03-28
PAY-008423,ORD-008423,Debit Card,Refunded,2026-03-28
PAY-008424,ORD-008424,Credit Card,Failed,2026-03-26
PAY-008425,ORD-008425,JazzCash,Failed,2026-03-26
PAY-008426,ORD-008426,Debit Card,Paid,2026-03-26
PAY-008427,ORD-008427,Credit Card,Paid,2026-03-26
PAY-008428,ORD-008428,Credit Card,Paid,2026-03-27
PAY-008429,ORD-008429,Credit Card,Paid,2026-03-26
PAY-008430,ORD-008430,Cash on Delivery,Paid,2026-03-31
PAY-008431,ORD-008431,Debit Card,Paid,2026-03-27
PAY-008432,ORD-008432,Credit Card,Paid,2026-03-27
PAY-008433,ORD-008433,Credit Card,Paid,2026-03-26
PAY-008434,ORD-008434,Credit Card,Paid,2026-03-27
PAY-008435,ORD-008435,Cash on Delivery,Paid,2026-03-29
PAY-008436,ORD-008436,Credit Card,Paid,2026-03-26
PAY-008437,ORD-008437,Cash on Delivery,Paid,2026-03-27
PAY-008438,ORD-008438,Cash on Delivery,Pending,2026-03-30
PAY-008439,ORD-008439,Bank Transfer,Paid,2026-04-01
PAY-008440,ORD-008440,Credit Card,Paid,2026-03-27
PAY-008441,ORD-008441,Debit Card,Paid,2026-03-27
PAY-008442,ORD-008442,EasyPaisa,Paid,2026-03-28
PAY-008443,ORD-008443,Credit Card,Paid,2026-03-29
PAY-008444,ORD-008444,JazzCash,Paid,2026-03-29
PAY-008445,ORD-008445,Credit Card,Failed,2026-03-28
PAY-008446,ORD-008446,JazzCash,Refunded,2026-03-27
PAY-008447,ORD-008447,Debit Card,Failed,2026-03-29
PAY-008448,ORD-008448,Credit Card,Paid,2026-03-29
PAY-008449,ORD-008449,Cash on Delivery,Paid,2026-03-29
PAY-008450,ORD-008450,Credit Card,Paid,2026-03-29
PAY-008451,ORD-008451,EasyPaisa,Refunded,2026-03-28
PAY-008452,ORD-008452,Debit Card,Paid,2026-03-27
PAY-008453,ORD-008453,Cash on Delivery,Paid,2026-03-28
PAY-008454,ORD-008454,Debit Card,Refunded,2026-03-28
PAY-008455,ORD-008455,JazzCash,Refunded,2026-03-29
PAY-008456,ORD-008456,Cash on Delivery,Paid,2026-03-30
PAY-008457,ORD-008457,Bank Transfer,Paid,2026-03-29
PAY-008458,ORD-008458,Credit Card,Paid,2026-03-27
PAY-008459,ORD-008459,Credit Card,Paid,2026-03-27
PAY-008460,ORD-008460,Credit Card,Paid,2026-03-29
PAY-008461,ORD-008461,Cash on Delivery,Refunded,2026-03-31
PAY-008462,ORD-008462,EasyPaisa,Paid,2026-03-29
PAY-008463,ORD-008463,Cash on Delivery,Pending,2026-03-28
PAY-008464,ORD-008464,Credit Card,Pending,2026-03-29
PAY-008465,ORD-008465,Bank Transfer,Paid,2026-03-31
PAY-008466,ORD-008466,Credit Card,Paid,2026-03-30
PAY-008467,ORD-008467,Credit Card,Paid,2026-03-29
PAY-008468,ORD-008468,Cash on Delivery,Refunded,2026-04-02
PAY-008469,ORD-008469,Credit Card,Paid,2026-03-28
PAY-008470,ORD-008470,Credit Card,Failed,2026-03-28
PAY-008471,ORD-008471,Credit Card,Paid,2026-03-29
PAY-008472,ORD-008472,Cash on Delivery,Paid,2026-03-31
PAY-008473,ORD-008473,Debit Card,Paid,2026-03-29
PAY-008474,ORD-008474,Credit Card,Failed,2026-03-29
PAY-008475,ORD-008475,Credit Card,Failed,2026-03-30
PAY-008476,ORD-008476,Cash on Delivery,Paid,2026-04-02
PAY-008477,ORD-008477,Credit Card,Paid,2026-03-28
PAY-008478,ORD-008478,Debit Card,Paid,2026-03-29
PAY-008479,ORD-008479,Debit Card,Paid,2026-03-29
PAY-008480,ORD-008480,Cash on Delivery,Paid,2026-04-04
PAY-008481,ORD-008481,Credit Card,Pending,2026-03-31
PAY-008482,ORD-008482,Credit Card,Paid,2026-03-30
PAY-008483,ORD-008483,EasyPaisa,Paid,2026-03-29
PAY-008484,ORD-008484,Cash on Delivery,Paid,2026-04-02
PAY-008485,ORD-008485,Credit Card,Paid,2026-03-31
PAY-008486,ORD-008486,Credit Card,Paid,2026-03-29
PAY-008487,ORD-008487,Credit Card,Paid,2026-03-29
PAY-008488,ORD-008488,JazzCash,Paid,2026-03-31
PAY-008489,ORD-008489,JazzCash,Refunded,2026-03-31
PAY-008490,ORD-008490,Credit Card,Paid,2026-03-30
PAY-008491,ORD-008491,EasyPaisa,Paid,2026-04-01
PAY-008492,ORD-008492,Credit Card,Paid,2026-03-30
PAY-008493,ORD-008493,Debit Card,Paid,2026-04-01
PAY-008494,ORD-008494,Bank Transfer,Pending,2026-04-02
PAY-008495,ORD-008495,Debit Card,Paid,2026-03-31
PAY-008496,ORD-008496,Credit Card,Paid,2026-04-01
PAY-008497,ORD-008497,JazzCash,Refunded,2026-04-01
PAY-008498,ORD-008498,Credit Card,Failed,2026-04-01
PAY-008499,ORD-008499,JazzCash,Pending,2026-04-01
PAY-008500,ORD-008500,Cash on Delivery,Paid,2026-04-04
PAY-008501,ORD-008501,Debit Card,Paid,2026-03-30
PAY-008502,ORD-008502,JazzCash,Refunded,2026-04-01
PAY-008503,ORD-008503,Debit Card,Paid,2026-03-30
PAY-008504,ORD-008504,Bank Transfer,Pending,2026-03-31
PAY-008505,ORD-008505,Credit Card,Paid,2026-03-30
PAY-008506,ORD-008506,Credit Card,Paid,2026-03-31
PAY-008507,ORD-008507,Credit Card,Refunded,2026-03-30
PAY-008508,ORD-008508,Cash on Delivery,Paid,2026-03-31
PAY-008509,ORD-008509,Bank Transfer,Paid,2026-04-03
PAY-008510,ORD-008510,Cash on Delivery,Paid,2026-04-05
PAY-008511,ORD-008511,Cash on Delivery,Paid,2026-04-03
PAY-008512,ORD-008512,Credit Card,Paid,2026-03-31
PAY-008513,ORD-008513,Credit Card,Refunded,2026-03-30
PAY-008514,ORD-008514,Debit Card,Paid,2026-04-01
PAY-008515,ORD-008515,Cash on Delivery,Paid,2026-04-05
PAY-008516,ORD-008516,JazzCash,Paid,2026-04-01
PAY-008517,ORD-008517,Cash on Delivery,Paid,2026-04-02
PAY-008518,ORD-008518,Credit Card,Refunded,2026-04-01
PAY-008519,ORD-008519,JazzCash,Paid,2026-04-01
PAY-008520,ORD-008520,EasyPaisa,Paid,2026-04-01
PAY-008521,ORD-008521,EasyPaisa,Paid,2026-03-31
PAY-008522,ORD-008522,Cash on Delivery,Paid,2026-04-01
PAY-008523,ORD-008523,Debit Card,Paid,2026-04-01
PAY-008524,ORD-008524,Credit Card,Paid,2026-04-02
PAY-008525,ORD-008525,Credit Card,Failed,2026-04-01
PAY-008526,ORD-008526,Cash on Delivery,Paid,2026-04-02
PAY-008527,ORD-008527,Bank Transfer,Paid,2026-04-04
PAY-008528,ORD-008528,JazzCash,Paid,2026-04-02
PAY-008529,ORD-008529,Credit Card,Paid,2026-03-31
PAY-008530,ORD-008530,Credit Card,Paid,2026-04-02
PAY-008531,ORD-008531,Cash on Delivery,Paid,2026-04-02
PAY-008532,ORD-008532,Credit Card,Refunded,2026-04-01
PAY-008533,ORD-008533,JazzCash,Refunded,2026-04-01
PAY-008534,ORD-008534,Bank Transfer,Paid,2026-04-07
PAY-008535,ORD-008535,Cash on Delivery,Paid,2026-04-07
PAY-008536,ORD-008536,Cash on Delivery,Paid,2026-04-07
PAY-008537,ORD-008537,Cash on Delivery,Paid,2026-04-03
PAY-008538,ORD-008538,Credit Card,Paid,2026-04-02
PAY-008539,ORD-008539,EasyPaisa,Paid,2026-04-02
PAY-008540,ORD-008540,Credit Card,Paid,2026-04-01
PAY-008541,ORD-008541,Credit Card,Paid,2026-04-02
PAY-008542,ORD-008542,Credit Card,Paid,2026-04-03
PAY-008543,ORD-008543,Cash on Delivery,Paid,2026-04-07
PAY-008544,ORD-008544,Cash on Delivery,Paid,2026-04-02
PAY-008545,ORD-008545,Bank Transfer,Paid,2026-04-03
PAY-008546,ORD-008546,EasyPaisa,Paid,2026-04-03
PAY-008547,ORD-008547,Credit Card,Paid,2026-04-03
PAY-008548,ORD-008548,Credit Card,Paid,2026-04-02
PAY-008549,ORD-008549,Credit Card,Refunded,2026-04-02
PAY-008550,ORD-008550,Debit Card,Paid,2026-04-04
PAY-008551,ORD-008551,Credit Card,Paid,2026-04-02
PAY-008552,ORD-008552,Cash on Delivery,Paid,2026-04-06
PAY-008553,ORD-008553,Debit Card,Refunded,2026-04-03
PAY-008554,ORD-008554,Debit Card,Paid,2026-04-03
PAY-008555,ORD-008555,Cash on Delivery,Paid,2026-04-07
PAY-008556,ORD-008556,Cash on Delivery,Paid,2026-04-06
PAY-008557,ORD-008557,Credit Card,Paid,2026-04-02
PAY-008558,ORD-008558,Credit Card,Paid,2026-04-04
PAY-008559,ORD-008559,Credit Card,Refunded,2026-04-02
PAY-008560,ORD-008560,Cash on Delivery,Paid,2026-04-06
PAY-008561,ORD-008561,Cash on Delivery,Refunded,2026-04-03
PAY-008562,ORD-008562,Credit Card,Pending,2026-04-03
PAY-008563,ORD-008563,Credit Card,Paid,2026-04-05
PAY-008564,ORD-008564,EasyPaisa,Paid,2026-04-03
PAY-008565,ORD-008565,JazzCash,Paid,2026-04-04
PAY-008566,ORD-008566,Credit Card,Paid,2026-04-04
PAY-008567,ORD-008567,Credit Card,Paid,2026-04-04
PAY-008568,ORD-008568,Bank Transfer,Paid,2026-04-08
PAY-008569,ORD-008569,JazzCash,Paid,2026-04-03
PAY-008570,ORD-008570,Credit Card,Refunded,2026-04-04
PAY-008571,ORD-008571,EasyPaisa,Paid,2026-04-04
PAY-008572,ORD-008572,Debit Card,Paid,2026-04-03
PAY-008573,ORD-008573,Bank Transfer,Paid,2026-04-08
PAY-008574,ORD-008574,EasyPaisa,Paid,2026-04-03
PAY-008575,ORD-008575,Cash on Delivery,Paid,2026-04-09
PAY-008576,ORD-008576,Credit Card,Failed,2026-04-04
PAY-008577,ORD-008577,Credit Card,Failed,2026-04-04
PAY-008578,ORD-008578,Cash on Delivery,Refunded,2026-04-09
PAY-008579,ORD-008579,Credit Card,Paid,2026-04-05
PAY-008580,ORD-008580,Debit Card,Paid,2026-04-05
PAY-008581,ORD-008581,EasyPaisa,Paid,2026-04-05
PAY-008582,ORD-008582,Credit Card,Paid,2026-04-06
PAY-008583,ORD-008583,JazzCash,Paid,2026-04-05
PAY-008584,ORD-008584,Cash on Delivery,Paid,2026-04-08
PAY-008585,ORD-008585,Credit Card,Paid,2026-04-06
PAY-008586,ORD-008586,Credit Card,Paid,2026-04-06
PAY-008587,ORD-008587,Debit Card,Refunded,2026-04-05
PAY-008588,ORD-008588,Debit Card,Paid,2026-04-06
PAY-008589,ORD-008589,Cash on Delivery,Paid,2026-04-10
PAY-008590,ORD-008590,Cash on Delivery,Paid,2026-04-05
PAY-008591,ORD-008591,Cash on Delivery,Refunded,2026-04-10
PAY-008592,ORD-008592,Debit Card,Paid,2026-04-04
PAY-008593,ORD-008593,Credit Card,Failed,2026-04-06
PAY-008594,ORD-008594,Credit Card,Failed,2026-04-04
PAY-008595,ORD-008595,Credit Card,Refunded,2026-04-04
PAY-008596,ORD-008596,EasyPaisa,Paid,2026-04-04
PAY-008597,ORD-008597,Cash on Delivery,Paid,2026-04-08
PAY-008598,ORD-008598,JazzCash,Pending,2026-04-07
PAY-008599,ORD-008599,Cash on Delivery,Pending,2026-04-10
PAY-008600,ORD-008600,Cash on Delivery,Paid,2026-04-09
PAY-008601,ORD-008601,Credit Card,Paid,2026-04-06
PAY-008602,ORD-008602,Cash on Delivery,Paid,2026-04-06
PAY-008603,ORD-008603,JazzCash,Paid,2026-04-05
PAY-008604,ORD-008604,Credit Card,Paid,2026-04-05
PAY-008605,ORD-008605,Credit Card,Paid,2026-04-06
PAY-008606,ORD-008606,Bank Transfer,Paid,2026-04-08
PAY-008607,ORD-008607,Debit Card,Paid,2026-04-06
PAY-008608,ORD-008608,Credit Card,Paid,2026-04-05
PAY-008609,ORD-008609,Credit Card,Refunded,2026-04-06
PAY-008610,ORD-008610,JazzCash,Paid,2026-04-05
PAY-008611,ORD-008611,Debit Card,Paid,2026-04-06
PAY-008612,ORD-008612,Debit Card,Paid,2026-04-07
PAY-008613,ORD-008613,Credit Card,Paid,2026-04-07
PAY-008614,ORD-008614,Credit Card,Paid,2026-04-07
PAY-008615,ORD-008615,Credit Card,Paid,2026-04-06
PAY-008616,ORD-008616,Credit Card,Paid,2026-04-08
PAY-008617,ORD-008617,Cash on Delivery,Paid,2026-04-10
PAY-008618,ORD-008618,JazzCash,Paid,2026-04-07
PAY-008619,ORD-008619,Credit Card,Paid,2026-04-07
PAY-008620,ORD-008620,Credit Card,Paid,2026-04-08
PAY-008621,ORD-008621,Credit Card,Paid,2026-04-06
PAY-008622,ORD-008622,JazzCash,Failed,2026-04-08
PAY-008623,ORD-008623,JazzCash,Failed,2026-04-07
PAY-008624,ORD-008624,Credit Card,Pending,2026-04-07
PAY-008625,ORD-008625,Credit Card,Paid,2026-04-07
PAY-008626,ORD-008626,Cash on Delivery,Paid,2026-04-09
PAY-008627,ORD-008627,Credit Card,Paid,2026-04-08
PAY-008628,ORD-008628,Debit Card,Paid,2026-04-07
PAY-008629,ORD-008629,Credit Card,Paid,2026-04-08
PAY-008630,ORD-008630,Credit Card,Paid,2026-04-08
PAY-008631,ORD-008631,Credit Card,Paid,2026-04-08
PAY-008632,ORD-008632,Credit Card,Paid,2026-04-08
PAY-008633,ORD-008633,Bank Transfer,Refunded,2026-04-09
PAY-008634,ORD-008634,Cash on Delivery,Refunded,2026-04-09
PAY-008635,ORD-008635,Cash on Delivery,Paid,2026-04-07
PAY-008636,ORD-008636,Debit Card,Paid,2026-04-07
PAY-008637,ORD-008637,Bank Transfer,Paid,2026-04-10
PAY-008638,ORD-008638,EasyPaisa,Paid,2026-04-07
PAY-008639,ORD-008639,Bank Transfer,Paid,2026-04-13
PAY-008640,ORD-008640,Cash on Delivery,Paid,2026-04-09
PAY-008641,ORD-008641,Credit Card,Refunded,2026-04-07
PAY-008642,ORD-008642,EasyPaisa,Paid,2026-04-08
PAY-008643,ORD-008643,EasyPaisa,Paid,2026-04-08
PAY-008644,ORD-008644,Credit Card,Paid,2026-04-07
PAY-008645,ORD-008645,Credit Card,Failed,2026-04-08
PAY-008646,ORD-008646,EasyPaisa,Paid,2026-04-08
PAY-008647,ORD-008647,Credit Card,Pending,2026-04-08
PAY-008648,ORD-008648,EasyPaisa,Paid,2026-04-09
PAY-008649,ORD-008649,Cash on Delivery,Paid,2026-04-11
PAY-008650,ORD-008650,Cash on Delivery,Refunded,2026-04-10
PAY-008651,ORD-008651,Cash on Delivery,Pending,2026-04-09
PAY-008652,ORD-008652,Credit Card,Paid,2026-04-09
PAY-008653,ORD-008653,Credit Card,Paid,2026-04-08
PAY-008654,ORD-008654,Cash on Delivery,Paid,2026-04-10
PAY-008655,ORD-008655,JazzCash,Paid,2026-04-09
PAY-008656,ORD-008656,JazzCash,Paid,2026-04-08
PAY-008657,ORD-008657,Debit Card,Paid,2026-04-08
PAY-008658,ORD-008658,Credit Card,Paid,2026-04-09
PAY-008659,ORD-008659,Cash on Delivery,Pending,2026-04-09
PAY-008660,ORD-008660,Cash on Delivery,Refunded,2026-04-11
PAY-008661,ORD-008661,Credit Card,Paid,2026-04-10
PAY-008662,ORD-008662,EasyPaisa,Paid,2026-04-09
PAY-008663,ORD-008663,Cash on Delivery,Paid,2026-04-12
PAY-008664,ORD-008664,Cash on Delivery,Refunded,2026-04-14
PAY-008665,ORD-008665,Bank Transfer,Paid,2026-04-11
PAY-008666,ORD-008666,JazzCash,Refunded,2026-04-09
PAY-008667,ORD-008667,Cash on Delivery,Paid,2026-04-13
PAY-008668,ORD-008668,Cash on Delivery,Paid,2026-04-12
PAY-008669,ORD-008669,Credit Card,Paid,2026-04-10
PAY-008670,ORD-008670,Cash on Delivery,Paid,2026-04-14
PAY-008671,ORD-008671,Credit Card,Paid,2026-04-11
PAY-008672,ORD-008672,Cash on Delivery,Paid,2026-04-11
PAY-008673,ORD-008673,Cash on Delivery,Paid,2026-04-15
PAY-008674,ORD-008674,Cash on Delivery,Paid,2026-04-11
PAY-008675,ORD-008675,JazzCash,Paid,2026-04-09
PAY-008676,ORD-008676,Debit Card,Paid,2026-04-10
PAY-008677,ORD-008677,EasyPaisa,Paid,2026-04-10
PAY-008678,ORD-008678,Debit Card,Paid,2026-04-10
PAY-008679,ORD-008679,Cash on Delivery,Paid,2026-04-12
PAY-008680,ORD-008680,Credit Card,Paid,2026-04-10
PAY-008681,ORD-008681,Cash on Delivery,Refunded,2026-04-13
PAY-008682,ORD-008682,Credit Card,Refunded,2026-04-09
PAY-008683,ORD-008683,EasyPaisa,Failed,2026-04-09
PAY-008684,ORD-008684,Credit Card,Paid,2026-04-10
PAY-008685,ORD-008685,Cash on Delivery,Paid,2026-04-14
PAY-008686,ORD-008686,Cash on Delivery,Failed,2026-04-12
PAY-008687,ORD-008687,JazzCash,Refunded,2026-04-11
PAY-008688,ORD-008688,Credit Card,Paid,2026-04-10
PAY-008689,ORD-008689,EasyPaisa,Paid,2026-04-10
PAY-008690,ORD-008690,Credit Card,Paid,2026-04-11
PAY-008691,ORD-008691,Cash on Delivery,Paid,2026-04-16
PAY-008692,ORD-008692,Credit Card,Paid,2026-04-12
PAY-008693,ORD-008693,EasyPaisa,Paid,2026-04-11
PAY-008694,ORD-008694,Credit Card,Paid,2026-04-12
PAY-008695,ORD-008695,Credit Card,Paid,2026-04-10
PAY-008696,ORD-008696,EasyPaisa,Paid,2026-04-10
PAY-008697,ORD-008697,Credit Card,Refunded,2026-04-11
PAY-008698,ORD-008698,Debit Card,Paid,2026-04-11
PAY-008699,ORD-008699,Cash on Delivery,Paid,2026-04-15
PAY-008700,ORD-008700,Bank Transfer,Paid,2026-04-16
PAY-008701,ORD-008701,Credit Card,Refunded,2026-04-12
PAY-008702,ORD-008702,Credit Card,Paid,2026-04-11
PAY-008703,ORD-008703,JazzCash,Pending,2026-04-12
PAY-008704,ORD-008704,JazzCash,Paid,2026-04-11
PAY-008705,ORD-008705,Debit Card,Paid,2026-04-12
PAY-008706,ORD-008706,Cash on Delivery,Paid,2026-04-13
PAY-008707,ORD-008707,Credit Card,Refunded,2026-04-12
PAY-008708,ORD-008708,EasyPaisa,Paid,2026-04-11
PAY-008709,ORD-008709,Debit Card,Paid,2026-04-13
PAY-008710,ORD-008710,Credit Card,Pending,2026-04-13
PAY-008711,ORD-008711,Cash on Delivery,Paid,2026-04-13
PAY-008712,ORD-008712,Credit Card,Paid,2026-04-11
PAY-008713,ORD-008713,JazzCash,Paid,2026-04-11
PAY-008714,ORD-008714,Credit Card,Paid,2026-04-12
PAY-008715,ORD-008715,Cash on Delivery,Paid,2026-04-16
PAY-008716,ORD-008716,Cash on Delivery,Refunded,2026-04-13
PAY-008717,ORD-008717,Bank Transfer,Paid,2026-04-15
PAY-008718,ORD-008718,Cash on Delivery,Paid,2026-04-16
PAY-008719,ORD-008719,Cash on Delivery,Paid,2026-04-12
PAY-008720,ORD-008720,Credit Card,Paid,2026-04-12
PAY-008721,ORD-008721,EasyPaisa,Paid,2026-04-11
PAY-008722,ORD-008722,Cash on Delivery,Paid,2026-04-15
PAY-008723,ORD-008723,EasyPaisa,Paid,2026-04-11
PAY-008724,ORD-008724,Bank Transfer,Paid,2026-04-13
PAY-008725,ORD-008725,Cash on Delivery,Refunded,2026-04-16
PAY-008726,ORD-008726,Debit Card,Pending,2026-04-12
PAY-008727,ORD-008727,Credit Card,Paid,2026-04-12
PAY-008728,ORD-008728,Cash on Delivery,Refunded,2026-04-14
PAY-008729,ORD-008729,Cash on Delivery,Paid,2026-04-15
PAY-008730,ORD-008730,EasyPaisa,Refunded,2026-04-12
PAY-008731,ORD-008731,Bank Transfer,Paid,2026-04-18
PAY-008732,ORD-008732,Cash on Delivery,Refunded,2026-04-17
PAY-008733,ORD-008733,Debit Card,Paid,2026-04-13
PAY-008734,ORD-008734,Cash on Delivery,Paid,2026-04-15
PAY-008735,ORD-008735,Debit Card,Refunded,2026-04-13
PAY-008736,ORD-008736,JazzCash,Paid,2026-04-12
PAY-008737,ORD-008737,JazzCash,Refunded,2026-04-12
PAY-008738,ORD-008738,Credit Card,Failed,2026-04-13
PAY-008739,ORD-008739,Credit Card,Pending,2026-04-13
PAY-008740,ORD-008740,EasyPaisa,Refunded,2026-04-13
PAY-008741,ORD-008741,Debit Card,Paid,2026-04-14
PAY-008742,ORD-008742,JazzCash,Paid,2026-04-14
PAY-008743,ORD-008743,Cash on Delivery,Failed,2026-04-19
PAY-008744,ORD-008744,JazzCash,Paid,2026-04-14
PAY-008745,ORD-008745,JazzCash,Paid,2026-04-13
PAY-008746,ORD-008746,Debit Card,Paid,2026-04-13
PAY-008747,ORD-008747,Cash on Delivery,Paid,2026-04-14
PAY-008748,ORD-008748,JazzCash,Refunded,2026-04-15
PAY-008749,ORD-008749,Credit Card,Refunded,2026-04-14
PAY-008750,ORD-008750,Credit Card,Paid,2026-04-14
PAY-008751,ORD-008751,JazzCash,Paid,2026-04-13
PAY-008752,ORD-008752,JazzCash,Paid,2026-04-15
PAY-008753,ORD-008753,EasyPaisa,Refunded,2026-04-15
PAY-008754,ORD-008754,JazzCash,Paid,2026-04-13
PAY-008755,ORD-008755,Credit Card,Paid,2026-04-14
PAY-008756,ORD-008756,Cash on Delivery,Paid,2026-04-17
PAY-008757,ORD-008757,Bank Transfer,Paid,2026-04-15
PAY-008758,ORD-008758,Cash on Delivery,Refunded,2026-04-17
PAY-008759,ORD-008759,Bank Transfer,Paid,2026-04-18
PAY-008760,ORD-008760,Debit Card,Paid,2026-04-13
PAY-008761,ORD-008761,EasyPaisa,Paid,2026-04-14
PAY-008762,ORD-008762,JazzCash,Refunded,2026-04-14
PAY-008763,ORD-008763,Cash on Delivery,Paid,2026-04-15
PAY-008764,ORD-008764,EasyPaisa,Paid,2026-04-16
PAY-008765,ORD-008765,Debit Card,Paid,2026-04-15
PAY-008766,ORD-008766,Cash on Delivery,Paid,2026-04-15
PAY-008767,ORD-008767,EasyPaisa,Paid,2026-04-14
PAY-008768,ORD-008768,Cash on Delivery,Paid,2026-04-18
PAY-008769,ORD-008769,Cash on Delivery,Paid,2026-04-17
PAY-008770,ORD-008770,Cash on Delivery,Paid,2026-04-19
PAY-008771,ORD-008771,EasyPaisa,Paid,2026-04-16
PAY-008772,ORD-008772,Debit Card,Refunded,2026-04-15
PAY-008773,ORD-008773,Credit Card,Paid,2026-04-16
PAY-008774,ORD-008774,Cash on Delivery,Refunded,2026-04-18
PAY-008775,ORD-008775,Debit Card,Paid,2026-04-14
PAY-008776,ORD-008776,Cash on Delivery,Refunded,2026-04-16
PAY-008777,ORD-008777,Debit Card,Paid,2026-04-14
PAY-008778,ORD-008778,EasyPaisa,Paid,2026-04-16
PAY-008779,ORD-008779,Cash on Delivery,Failed,2026-04-17
PAY-008780,ORD-008780,Cash on Delivery,Paid,2026-04-19
PAY-008781,ORD-008781,JazzCash,Paid,2026-04-16
PAY-008782,ORD-008782,JazzCash,Paid,2026-04-15
PAY-008783,ORD-008783,Debit Card,Refunded,2026-04-15
PAY-008784,ORD-008784,Cash on Delivery,Paid,2026-04-15
PAY-008785,ORD-008785,Bank Transfer,Paid,2026-04-19
PAY-008786,ORD-008786,Cash on Delivery,Paid,2026-04-17
PAY-008787,ORD-008787,Cash on Delivery,Paid,2026-04-20
PAY-008788,ORD-008788,Credit Card,Paid,2026-04-17
PAY-008789,ORD-008789,Bank Transfer,Paid,2026-04-20
PAY-008790,ORD-008790,JazzCash,Paid,2026-04-17
PAY-008791,ORD-008791,Credit Card,Paid,2026-04-16
PAY-008792,ORD-008792,EasyPaisa,Paid,2026-04-16
PAY-008793,ORD-008793,Credit Card,Paid,2026-04-15
PAY-008794,ORD-008794,EasyPaisa,Paid,2026-04-17
PAY-008795,ORD-008795,Bank Transfer,Paid,2026-04-17
PAY-008796,ORD-008796,Credit Card,Refunded,2026-04-16
PAY-008797,ORD-008797,Cash on Delivery,Refunded,2026-04-19
PAY-008798,ORD-008798,Debit Card,Pending,2026-04-17
PAY-008799,ORD-008799,Credit Card,Paid,2026-04-15
PAY-008800,ORD-008800,Credit Card,Refunded,2026-04-16
PAY-008801,ORD-008801,JazzCash,Paid,2026-04-15
PAY-008802,ORD-008802,Cash on Delivery,Pending,2026-04-17
PAY-008803,ORD-008803,EasyPaisa,Paid,2026-04-15
PAY-008804,ORD-008804,Credit Card,Failed,2026-04-17
PAY-008805,ORD-008805,Cash on Delivery,Paid,2026-04-20
PAY-008806,ORD-008806,JazzCash,Paid,2026-04-15
PAY-008807,ORD-008807,Cash on Delivery,Paid,2026-04-22
PAY-008808,ORD-008808,Credit Card,Refunded,2026-04-16
PAY-008809,ORD-008809,Credit Card,Paid,2026-04-16
PAY-008810,ORD-008810,Cash on Delivery,Paid,2026-04-19
PAY-008811,ORD-008811,Credit Card,Refunded,2026-04-17
PAY-008812,ORD-008812,Credit Card,Refunded,2026-04-16
PAY-008813,ORD-008813,Credit Card,Paid,2026-04-16
PAY-008814,ORD-008814,Credit Card,Paid,2026-04-16
PAY-008815,ORD-008815,Cash on Delivery,Paid,2026-04-22
PAY-008816,ORD-008816,Cash on Delivery,Refunded,2026-04-19
PAY-008817,ORD-008817,JazzCash,Paid,2026-04-16
PAY-008818,ORD-008818,JazzCash,Paid,2026-04-18
PAY-008819,ORD-008819,Cash on Delivery,Paid,2026-04-21
PAY-008820,ORD-008820,Cash on Delivery,Paid,2026-04-20
PAY-008821,ORD-008821,EasyPaisa,Pending,2026-04-16
PAY-008822,ORD-008822,Bank Transfer,Paid,2026-04-17
PAY-008823,ORD-008823,Debit Card,Pending,2026-04-16
PAY-008824,ORD-008824,Bank Transfer,Paid,2026-04-19
PAY-008825,ORD-008825,Cash on Delivery,Paid,2026-04-20
PAY-008826,ORD-008826,JazzCash,Paid,2026-04-19
PAY-008827,ORD-008827,Debit Card,Paid,2026-04-18
PAY-008828,ORD-008828,Debit Card,Paid,2026-04-18
PAY-008829,ORD-008829,Cash on Delivery,Refunded,2026-04-23
PAY-008830,ORD-008830,Cash on Delivery,Paid,2026-04-21
PAY-008831,ORD-008831,JazzCash,Paid,2026-04-18
PAY-008832,ORD-008832,Cash on Delivery,Paid,2026-04-23
PAY-008833,ORD-008833,Cash on Delivery,Refunded,2026-04-23
PAY-008834,ORD-008834,Bank Transfer,Paid,2026-04-19
PAY-008835,ORD-008835,Bank Transfer,Paid,2026-04-19
PAY-008836,ORD-008836,JazzCash,Paid,2026-04-19
PAY-008837,ORD-008837,Credit Card,Paid,2026-04-17
PAY-008838,ORD-008838,Credit Card,Failed,2026-04-18
PAY-008839,ORD-008839,JazzCash,Failed,2026-04-19
PAY-008840,ORD-008840,Debit Card,Paid,2026-04-17
PAY-008841,ORD-008841,Cash on Delivery,Paid,2026-04-18
PAY-008842,ORD-008842,Cash on Delivery,Paid,2026-04-23
PAY-008843,ORD-008843,Credit Card,Paid,2026-04-17
PAY-008844,ORD-008844,Credit Card,Paid,2026-04-17
PAY-008845,ORD-008845,Credit Card,Paid,2026-04-17
PAY-008846,ORD-008846,Debit Card,Paid,2026-04-18
PAY-008847,ORD-008847,JazzCash,Paid,2026-04-18
PAY-008848,ORD-008848,EasyPaisa,Paid,2026-04-19
PAY-008849,ORD-008849,Bank Transfer,Paid,2026-04-23
PAY-008850,ORD-008850,JazzCash,Paid,2026-04-18
PAY-008851,ORD-008851,Cash on Delivery,Paid,2026-04-20
PAY-008852,ORD-008852,EasyPaisa,Paid,2026-04-19
PAY-008853,ORD-008853,Bank Transfer,Paid,2026-04-23
PAY-008854,ORD-008854,Debit Card,Paid,2026-04-19
PAY-008855,ORD-008855,Credit Card,Paid,2026-04-18
PAY-008856,ORD-008856,Cash on Delivery,Paid,2026-04-21
PAY-008857,ORD-008857,Cash on Delivery,Paid,2026-04-19
PAY-008858,ORD-008858,JazzCash,Paid,2026-04-19
PAY-008859,ORD-008859,Cash on Delivery,Paid,2026-04-19
PAY-008860,ORD-008860,EasyPaisa,Paid,2026-04-18
PAY-008861,ORD-008861,Credit Card,Paid,2026-04-20
PAY-008862,ORD-008862,Cash on Delivery,Paid,2026-04-24
PAY-008863,ORD-008863,Debit Card,Paid,2026-04-19
PAY-008864,ORD-008864,Bank Transfer,Paid,2026-04-20
PAY-008865,ORD-008865,Cash on Delivery,Paid,2026-04-21
PAY-008866,ORD-008866,Cash on Delivery,Paid,2026-04-23
PAY-008867,ORD-008867,Credit Card,Pending,2026-04-19
PAY-008868,ORD-008868,Credit Card,Paid,2026-04-19
PAY-008869,ORD-008869,Debit Card,Failed,2026-04-21
PAY-008870,ORD-008870,Credit Card,Paid,2026-04-19
PAY-008871,ORD-008871,Credit Card,Paid,2026-04-19
PAY-008872,ORD-008872,Cash on Delivery,Refunded,2026-04-24
PAY-008873,ORD-008873,Debit Card,Refunded,2026-04-21
PAY-008874,ORD-008874,Credit Card,Paid,2026-04-20
PAY-008875,ORD-008875,EasyPaisa,Paid,2026-04-20
PAY-008876,ORD-008876,Cash on Delivery,Paid,2026-04-21
PAY-008877,ORD-008877,Cash on Delivery,Failed,2026-04-23
PAY-008878,ORD-008878,JazzCash,Refunded,2026-04-22
PAY-008879,ORD-008879,EasyPaisa,Refunded,2026-04-21
PAY-008880,ORD-008880,Cash on Delivery,Refunded,2026-04-22
PAY-008881,ORD-008881,Credit Card,Paid,2026-04-21
PAY-008882,ORD-008882,Cash on Delivery,Paid,2026-04-25
PAY-008883,ORD-008883,EasyPaisa,Paid,2026-04-21
PAY-008884,ORD-008884,Cash on Delivery,Refunded,2026-04-23
PAY-008885,ORD-008885,Debit Card,Paid,2026-04-21
PAY-008886,ORD-008886,EasyPaisa,Paid,2026-04-21
PAY-008887,ORD-008887,Credit Card,Paid,2026-04-20
PAY-008888,ORD-008888,JazzCash,Failed,2026-04-20
PAY-008889,ORD-008889,Cash on Delivery,Paid,2026-04-24
PAY-008890,ORD-008890,Credit Card,Paid,2026-04-20
PAY-008891,ORD-008891,Credit Card,Refunded,2026-04-21
PAY-008892,ORD-008892,Credit Card,Paid,2026-04-23
PAY-008893,ORD-008893,Cash on Delivery,Paid,2026-04-24
PAY-008894,ORD-008894,Credit Card,Paid,2026-04-21
PAY-008895,ORD-008895,Cash on Delivery,Paid,2026-04-25
PAY-008896,ORD-008896,JazzCash,Paid,2026-04-23
PAY-008897,ORD-008897,JazzCash,Paid,2026-04-21
PAY-008898,ORD-008898,Credit Card,Paid,2026-04-23
PAY-008899,ORD-008899,JazzCash,Paid,2026-04-21
PAY-008900,ORD-008900,Cash on Delivery,Refunded,2026-04-24
PAY-008901,ORD-008901,Cash on Delivery,Paid,2026-04-24
PAY-008902,ORD-008902,Credit Card,Paid,2026-04-23
PAY-008903,ORD-008903,Credit Card,Refunded,2026-04-23
PAY-008904,ORD-008904,Cash on Delivery,Refunded,2026-04-26
PAY-008905,ORD-008905,Cash on Delivery,Pending,2026-04-22
PAY-008906,ORD-008906,Debit Card,Paid,2026-04-21
PAY-008907,ORD-008907,Cash on Delivery,Pending,2026-04-24
PAY-008908,ORD-008908,Credit Card,Paid,2026-04-22
PAY-008909,ORD-008909,Cash on Delivery,Paid,2026-04-25
PAY-008910,ORD-008910,Credit Card,Failed,2026-04-23
PAY-008911,ORD-008911,Credit Card,Paid,2026-04-21
PAY-008912,ORD-008912,Credit Card,Paid,2026-04-21
PAY-008913,ORD-008913,Credit Card,Paid,2026-04-23
PAY-008914,ORD-008914,JazzCash,Paid,2026-04-23
PAY-008915,ORD-008915,Credit Card,Paid,2026-04-24
PAY-008916,ORD-008916,Debit Card,Refunded,2026-04-23
PAY-008917,ORD-008917,Debit Card,Paid,2026-04-23
PAY-008918,ORD-008918,Credit Card,Paid,2026-04-22
PAY-008919,ORD-008919,Debit Card,Paid,2026-04-23
PAY-008920,ORD-008920,Cash on Delivery,Refunded,2026-04-24
PAY-008921,ORD-008921,Credit Card,Paid,2026-04-24
PAY-008922,ORD-008922,Credit Card,Paid,2026-04-23
PAY-008923,ORD-008923,Credit Card,Paid,2026-04-23
PAY-008924,ORD-008924,EasyPaisa,Paid,2026-04-22
PAY-008925,ORD-008925,Credit Card,Paid,2026-04-24
PAY-008926,ORD-008926,Cash on Delivery,Paid,2026-04-27
PAY-008927,ORD-008927,Cash on Delivery,Paid,2026-04-27
PAY-008928,ORD-008928,JazzCash,Refunded,2026-04-24
PAY-008929,ORD-008929,Credit Card,Paid,2026-04-22
PAY-008930,ORD-008930,Cash on Delivery,Pending,2026-04-27
PAY-008931,ORD-008931,Cash on Delivery,Refunded,2026-04-24
PAY-008932,ORD-008932,Cash on Delivery,Paid,2026-04-28
PAY-008933,ORD-008933,Cash on Delivery,Paid,2026-04-28
PAY-008934,ORD-008934,Cash on Delivery,Pending,2026-04-26
PAY-008935,ORD-008935,Credit Card,Refunded,2026-04-25
PAY-008936,ORD-008936,Debit Card,Paid,2026-04-25
PAY-008937,ORD-008937,Credit Card,Paid,2026-04-25
PAY-008938,ORD-008938,Cash on Delivery,Paid,2026-04-28
PAY-008939,ORD-008939,Debit Card,Failed,2026-04-23
PAY-008940,ORD-008940,EasyPaisa,Paid,2026-04-25
PAY-008941,ORD-008941,Credit Card,Paid,2026-04-23
PAY-008942,ORD-008942,Credit Card,Paid,2026-04-23
PAY-008943,ORD-008943,JazzCash,Paid,2026-04-23
PAY-008944,ORD-008944,Debit Card,Pending,2026-04-25
PAY-008945,ORD-008945,Cash on Delivery,Paid,2026-04-26
PAY-008946,ORD-008946,Cash on Delivery,Paid,2026-04-26
PAY-008947,ORD-008947,Debit Card,Refunded,2026-04-23
PAY-008948,ORD-008948,Credit Card,Paid,2026-04-24
PAY-008949,ORD-008949,Bank Transfer,Paid,2026-04-25
PAY-008950,ORD-008950,Cash on Delivery,Paid,2026-04-29
PAY-008951,ORD-008951,Cash on Delivery,Refunded,2026-04-27
PAY-008952,ORD-008952,EasyPaisa,Paid,2026-04-26
PAY-008953,ORD-008953,EasyPaisa,Paid,2026-04-24
PAY-008954,ORD-008954,JazzCash,Failed,2026-04-24
PAY-008955,ORD-008955,Bank Transfer,Paid,2026-04-30
PAY-008956,ORD-008956,EasyPaisa,Pending,2026-04-26
PAY-008957,ORD-008957,Bank Transfer,Paid,2026-04-29
PAY-008958,ORD-008958,Cash on Delivery,Paid,2026-04-29
PAY-008959,ORD-008959,JazzCash,Paid,2026-04-25
PAY-008960,ORD-008960,Credit Card,Paid,2026-04-25
PAY-008961,ORD-008961,Cash on Delivery,Paid,2026-04-30
PAY-008962,ORD-008962,EasyPaisa,Paid,2026-04-24
PAY-008963,ORD-008963,Cash on Delivery,Paid,2026-04-28
PAY-008964,ORD-008964,Credit Card,Paid,2026-04-25
PAY-008965,ORD-008965,JazzCash,Paid,2026-04-26
PAY-008966,ORD-008966,Cash on Delivery,Paid,2026-04-28
PAY-008967,ORD-008967,EasyPaisa,Paid,2026-04-25
PAY-008968,ORD-008968,JazzCash,Paid,2026-04-26
PAY-008969,ORD-008969,Debit Card,Failed,2026-04-26
PAY-008970,ORD-008970,Credit Card,Paid,2026-04-25
PAY-008971,ORD-008971,JazzCash,Paid,2026-04-25
PAY-008972,ORD-008972,JazzCash,Paid,2026-04-25
PAY-008973,ORD-008973,Debit Card,Refunded,2026-04-25
PAY-008974,ORD-008974,Debit Card,Paid,2026-04-27
PAY-008975,ORD-008975,Credit Card,Paid,2026-04-25
PAY-008976,ORD-008976,Credit Card,Paid,2026-04-25
PAY-008977,ORD-008977,Credit Card,Refunded,2026-04-25
PAY-008978,ORD-008978,Bank Transfer,Paid,2026-05-01
PAY-008979,ORD-008979,JazzCash,Paid,2026-04-25
PAY-008980,ORD-008980,EasyPaisa,Paid,2026-04-27
PAY-008981,ORD-008981,Credit Card,Paid,2026-04-25
PAY-008982,ORD-008982,JazzCash,Paid,2026-04-27
PAY-008983,ORD-008983,Debit Card,Paid,2026-04-25
PAY-008984,ORD-008984,Debit Card,Paid,2026-04-26
PAY-008985,ORD-008985,Cash on Delivery,Paid,2026-05-02
PAY-008986,ORD-008986,Cash on Delivery,Paid,2026-05-02
PAY-008987,ORD-008987,Cash on Delivery,Paid,2026-04-30
PAY-008988,ORD-008988,EasyPaisa,Paid,2026-04-27
PAY-008989,ORD-008989,Cash on Delivery,Paid,2026-04-30
PAY-008990,ORD-008990,Cash on Delivery,Paid,2026-04-30
PAY-008991,ORD-008991,Debit Card,Paid,2026-04-27
PAY-008992,ORD-008992,JazzCash,Paid,2026-04-26
PAY-008993,ORD-008993,Cash on Delivery,Paid,2026-04-28
PAY-008994,ORD-008994,Credit Card,Paid,2026-04-26
PAY-008995,ORD-008995,Debit Card,Pending,2026-04-27
PAY-008996,ORD-008996,Credit Card,Paid,2026-04-27
PAY-008997,ORD-008997,Cash on Delivery,Paid,2026-04-30
PAY-008998,ORD-008998,Cash on Delivery,Pending,2026-05-03
PAY-008999,ORD-008999,Credit Card,Paid,2026-04-29
PAY-009000,ORD-009000,Credit Card,Paid,2026-04-28
PAY-009001,ORD-009001,EasyPaisa,Paid,2026-04-28
PAY-009002,ORD-009002,Cash on Delivery,Failed,2026-05-03
PAY-009003,ORD-009003,Credit Card,Paid,2026-04-29
PAY-009004,ORD-009004,Credit Card,Failed,2026-04-29
PAY-009005,ORD-009005,Credit Card,Refunded,2026-04-29
PAY-009006,ORD-009006,Credit Card,Paid,2026-04-29
PAY-009007,ORD-009007,Cash on Delivery,Paid,2026-05-03
PAY-009008,ORD-009008,JazzCash,Refunded,2026-04-27
PAY-009009,ORD-009009,Credit Card,Paid,2026-04-28
PAY-009010,ORD-009010,Debit Card,Paid,2026-04-28
PAY-009011,ORD-009011,EasyPaisa,Paid,2026-04-28
PAY-009012,ORD-009012,Debit Card,Paid,2026-04-29
PAY-009013,ORD-009013,Cash on Delivery,Paid,2026-04-29
PAY-009014,ORD-009014,EasyPaisa,Paid,2026-04-28
PAY-009015,ORD-009015,Bank Transfer,Paid,2026-05-01
PAY-009016,ORD-009016,Debit Card,Refunded,2026-04-29
PAY-009017,ORD-009017,JazzCash,Paid,2026-04-30
PAY-009018,ORD-009018,Credit Card,Paid,2026-04-30
PAY-009019,ORD-009019,Debit Card,Paid,2026-04-29
PAY-009020,ORD-009020,Cash on Delivery,Paid,2026-05-01
PAY-009021,ORD-009021,Debit Card,Failed,2026-04-28
PAY-009022,ORD-009022,Cash on Delivery,Paid,2026-05-04
PAY-009023,ORD-009023,Credit Card,Paid,2026-04-30
PAY-009024,ORD-009024,Credit Card,Paid,2026-04-28
PAY-009025,ORD-009025,Credit Card,Paid,2026-04-29
PAY-009026,ORD-009026,JazzCash,Paid,2026-04-28
PAY-009027,ORD-009027,Cash on Delivery,Paid,2026-04-30
PAY-009028,ORD-009028,Cash on Delivery,Paid,2026-05-02
PAY-009029,ORD-009029,JazzCash,Paid,2026-04-29
PAY-009030,ORD-009030,Credit Card,Paid,2026-04-28
PAY-009031,ORD-009031,EasyPaisa,Paid,2026-05-01
PAY-009032,ORD-009032,Debit Card,Paid,2026-05-01
PAY-009033,ORD-009033,Cash on Delivery,Paid,2026-05-03
PAY-009034,ORD-009034,JazzCash,Paid,2026-04-29
PAY-009035,ORD-009035,Debit Card,Paid,2026-04-30
PAY-009036,ORD-009036,Credit Card,Paid,2026-04-30
PAY-009037,ORD-009037,JazzCash,Paid,2026-04-30
PAY-009038,ORD-009038,Debit Card,Paid,2026-05-01
PAY-009039,ORD-009039,JazzCash,Paid,2026-04-29
PAY-009040,ORD-009040,Debit Card,Paid,2026-04-30
PAY-009041,ORD-009041,Credit Card,Paid,2026-04-30
PAY-009042,ORD-009042,EasyPaisa,Pending,2026-04-29
PAY-009043,ORD-009043,Credit Card,Refunded,2026-05-01
PAY-009044,ORD-009044,JazzCash,Paid,2026-04-29
PAY-009045,ORD-009045,Credit Card,Paid,2026-04-29
PAY-009046,ORD-009046,Debit Card,Pending,2026-05-01
PAY-009047,ORD-009047,Debit Card,Paid,2026-05-01
PAY-009048,ORD-009048,Credit Card,Pending,2026-05-01
PAY-009049,ORD-009049,Debit Card,Refunded,2026-05-02
PAY-009050,ORD-009050,Credit Card,Pending,2026-05-02
PAY-009051,ORD-009051,Debit Card,Paid,2026-05-02
PAY-009052,ORD-009052,Cash on Delivery,Paid,2026-05-01
PAY-009053,ORD-009053,Credit Card,Paid,2026-05-02
PAY-009054,ORD-009054,Credit Card,Paid,2026-05-02
PAY-009055,ORD-009055,Debit Card,Paid,2026-05-02
PAY-009056,ORD-009056,Cash on Delivery,Paid,2026-05-02
PAY-009057,ORD-009057,Debit Card,Paid,2026-05-01
PAY-009058,ORD-009058,Bank Transfer,Paid,2026-05-04
PAY-009059,ORD-009059,Debit Card,Paid,2026-05-02
PAY-009060,ORD-009060,Credit Card,Paid,2026-05-01
PAY-009061,ORD-009061,Cash on Delivery,Paid,2026-05-04
PAY-009062,ORD-009062,EasyPaisa,Paid,2026-05-01
PAY-009063,ORD-009063,JazzCash,Paid,2026-04-30
PAY-009064,ORD-009064,Debit Card,Paid,2026-05-02
PAY-009065,ORD-009065,EasyPaisa,Paid,2026-05-02
PAY-009066,ORD-009066,Credit Card,Paid,2026-05-02
PAY-009067,ORD-009067,JazzCash,Paid,2026-05-01
PAY-009068,ORD-009068,Bank Transfer,Refunded,2026-05-06
PAY-009069,ORD-009069,Cash on Delivery,Paid,2026-05-03
PAY-009070,ORD-009070,Credit Card,Pending,2026-05-01
PAY-009071,ORD-009071,Cash on Delivery,Paid,2026-05-05
PAY-009072,ORD-009072,Cash on Delivery,Paid,2026-05-04
PAY-009073,ORD-009073,JazzCash,Paid,2026-05-02
PAY-009074,ORD-009074,Cash on Delivery,Paid,2026-05-07
PAY-009075,ORD-009075,Debit Card,Refunded,2026-05-03
PAY-009076,ORD-009076,Cash on Delivery,Refunded,2026-05-07
PAY-009077,ORD-009077,JazzCash,Paid,2026-05-03
PAY-009078,ORD-009078,Credit Card,Paid,2026-05-03
PAY-009079,ORD-009079,Cash on Delivery,Refunded,2026-05-03
PAY-009080,ORD-009080,Credit Card,Paid,2026-05-02
PAY-009081,ORD-009081,Bank Transfer,Paid,2026-05-03
PAY-009082,ORD-009082,Cash on Delivery,Paid,2026-05-02
PAY-009083,ORD-009083,Bank Transfer,Paid,2026-05-05
PAY-009084,ORD-009084,Debit Card,Paid,2026-05-01
PAY-009085,ORD-009085,Cash on Delivery,Refunded,2026-05-06
PAY-009086,ORD-009086,JazzCash,Paid,2026-05-01
PAY-009087,ORD-009087,Credit Card,Pending,2026-05-02
PAY-009088,ORD-009088,JazzCash,Refunded,2026-05-04
PAY-009089,ORD-009089,EasyPaisa,Paid,2026-05-02
PAY-009090,ORD-009090,Debit Card,Pending,2026-05-03
PAY-009091,ORD-009091,Debit Card,Paid,2026-05-02
PAY-009092,ORD-009092,Cash on Delivery,Paid,2026-05-08
PAY-009093,ORD-009093,Cash on Delivery,Refunded,2026-05-04
PAY-009094,ORD-009094,Bank Transfer,Paid,2026-05-04
PAY-009095,ORD-009095,JazzCash,Paid,2026-05-03
PAY-009096,ORD-009096,JazzCash,Paid,2026-05-04
PAY-009097,ORD-009097,Credit Card,Paid,2026-05-02
PAY-009098,ORD-009098,JazzCash,Paid,2026-05-04
PAY-009099,ORD-009099,Bank Transfer,Failed,2026-05-06
PAY-009100,ORD-009100,Credit Card,Paid,2026-05-02
PAY-009101,ORD-009101,Credit Card,Paid,2026-05-03
PAY-009102,ORD-009102,Credit Card,Paid,2026-05-02
PAY-009103,ORD-009103,Debit Card,Paid,2026-05-02
PAY-009104,ORD-009104,Credit Card,Paid,2026-05-05
PAY-009105,ORD-009105,Credit Card,Paid,2026-05-05
PAY-009106,ORD-009106,JazzCash,Paid,2026-05-05
PAY-009107,ORD-009107,JazzCash,Paid,2026-05-03
PAY-009108,ORD-009108,Bank Transfer,Pending,2026-05-06
PAY-009109,ORD-009109,Debit Card,Paid,2026-05-03
PAY-009110,ORD-009110,Credit Card,Paid,2026-05-03
PAY-009111,ORD-009111,Cash on Delivery,Paid,2026-05-07
PAY-009112,ORD-009112,Debit Card,Paid,2026-05-05
PAY-009113,ORD-009113,Debit Card,Refunded,2026-05-05
PAY-009114,ORD-009114,Cash on Delivery,Paid,2026-05-08
PAY-009115,ORD-009115,JazzCash,Paid,2026-05-06
PAY-009116,ORD-009116,Credit Card,Pending,2026-05-05
PAY-009117,ORD-009117,Cash on Delivery,Refunded,2026-05-05
PAY-009118,ORD-009118,Bank Transfer,Pending,2026-05-08
PAY-009119,ORD-009119,Credit Card,Paid,2026-05-05
PAY-009120,ORD-009120,JazzCash,Paid,2026-05-04
PAY-009121,ORD-009121,JazzCash,Paid,2026-05-05
PAY-009122,ORD-009122,Credit Card,Refunded,2026-05-06
PAY-009123,ORD-009123,JazzCash,Paid,2026-05-06
PAY-009124,ORD-009124,Credit Card,Paid,2026-05-04
PAY-009125,ORD-009125,EasyPaisa,Paid,2026-05-04
PAY-009126,ORD-009126,JazzCash,Paid,2026-05-04
PAY-009127,ORD-009127,Debit Card,Paid,2026-05-04
PAY-009128,ORD-009128,Debit Card,Paid,2026-05-05
PAY-009129,ORD-009129,Credit Card,Pending,2026-05-06
PAY-009130,ORD-009130,Debit Card,Paid,2026-05-05
PAY-009131,ORD-009131,Cash on Delivery,Failed,2026-05-10
PAY-009132,ORD-009132,Debit Card,Paid,2026-05-06
PAY-009133,ORD-009133,Cash on Delivery,Paid,2026-05-05
PAY-009134,ORD-009134,JazzCash,Paid,2026-05-05
PAY-009135,ORD-009135,Cash on Delivery,Paid,2026-05-09
PAY-009136,ORD-009136,Credit Card,Paid,2026-05-06
PAY-009137,ORD-009137,Cash on Delivery,Paid,2026-05-07
PAY-009138,ORD-009138,Credit Card,Paid,2026-05-06
PAY-009139,ORD-009139,JazzCash,Refunded,2026-05-06
PAY-009140,ORD-009140,Cash on Delivery,Paid,2026-05-11
PAY-009141,ORD-009141,Debit Card,Paid,2026-05-06
PAY-009142,ORD-009142,Credit Card,Paid,2026-05-06
PAY-009143,ORD-009143,EasyPaisa,Paid,2026-05-06
PAY-009144,ORD-009144,Credit Card,Paid,2026-05-05
PAY-009145,ORD-009145,JazzCash,Pending,2026-05-05
PAY-009146,ORD-009146,Credit Card,Paid,2026-05-06
PAY-009147,ORD-009147,Bank Transfer,Paid,2026-05-08
PAY-009148,ORD-009148,Cash on Delivery,Paid,2026-05-06
PAY-009149,ORD-009149,Cash on Delivery,Paid,2026-05-08
PAY-009150,ORD-009150,JazzCash,Paid,2026-05-08
PAY-009151,ORD-009151,Bank Transfer,Paid,2026-05-10
PAY-009152,ORD-009152,EasyPaisa,Refunded,2026-05-07
PAY-009153,ORD-009153,Cash on Delivery,Paid,2026-05-12
PAY-009154,ORD-009154,JazzCash,Refunded,2026-05-07
PAY-009155,ORD-009155,EasyPaisa,Refunded,2026-05-06
PAY-009156,ORD-009156,Debit Card,Paid,2026-05-06
PAY-009157,ORD-009157,JazzCash,Paid,2026-05-06
PAY-009158,ORD-009158,Cash on Delivery,Paid,2026-05-11
PAY-009159,ORD-009159,Debit Card,Failed,2026-05-07
PAY-009160,ORD-009160,JazzCash,Paid,2026-05-07
PAY-009161,ORD-009161,Debit Card,Paid,2026-05-08
PAY-009162,ORD-009162,Credit Card,Paid,2026-05-08
PAY-009163,ORD-009163,Cash on Delivery,Pending,2026-05-11
PAY-009164,ORD-009164,EasyPaisa,Refunded,2026-05-06
PAY-009165,ORD-009165,Bank Transfer,Pending,2026-05-07
PAY-009166,ORD-009166,EasyPaisa,Paid,2026-05-06
PAY-009167,ORD-009167,Credit Card,Paid,2026-05-07
PAY-009168,ORD-009168,Cash on Delivery,Paid,2026-05-07
PAY-009169,ORD-009169,Cash on Delivery,Paid,2026-05-11
PAY-009170,ORD-009170,Bank Transfer,Paid,2026-05-11
PAY-009171,ORD-009171,Credit Card,Paid,2026-05-06
PAY-009172,ORD-009172,EasyPaisa,Pending,2026-05-07
PAY-009173,ORD-009173,JazzCash,Refunded,2026-05-07
PAY-009174,ORD-009174,Debit Card,Paid,2026-05-07
PAY-009175,ORD-009175,Cash on Delivery,Paid,2026-05-13
PAY-009176,ORD-009176,Credit Card,Paid,2026-05-07
PAY-009177,ORD-009177,Cash on Delivery,Paid,2026-05-09
PAY-009178,ORD-009178,JazzCash,Paid,2026-05-07
PAY-009179,ORD-009179,Cash on Delivery,Paid,2026-05-09
PAY-009180,ORD-009180,Credit Card,Refunded,2026-05-09
PAY-009181,ORD-009181,Credit Card,Paid,2026-05-09
PAY-009182,ORD-009182,EasyPaisa,Paid,2026-05-07
PAY-009183,ORD-009183,JazzCash,Paid,2026-05-07
PAY-009184,ORD-009184,JazzCash,Pending,2026-05-09
PAY-009185,ORD-009185,Credit Card,Paid,2026-05-09
PAY-009186,ORD-009186,JazzCash,Paid,2026-05-09
PAY-009187,ORD-009187,Cash on Delivery,Paid,2026-05-10
PAY-009188,ORD-009188,Credit Card,Paid,2026-05-07
PAY-009189,ORD-009189,Cash on Delivery,Failed,2026-05-12
PAY-009190,ORD-009190,Credit Card,Paid,2026-05-08
PAY-009191,ORD-009191,Cash on Delivery,Paid,2026-05-12
PAY-009192,ORD-009192,EasyPaisa,Paid,2026-05-09
PAY-009193,ORD-009193,JazzCash,Paid,2026-05-09
PAY-009194,ORD-009194,Debit Card,Paid,2026-05-10
PAY-009195,ORD-009195,JazzCash,Paid,2026-05-09
PAY-009196,ORD-009196,Cash on Delivery,Pending,2026-05-14
PAY-009197,ORD-009197,Debit Card,Paid,2026-05-10
PAY-009198,ORD-009198,Cash on Delivery,Refunded,2026-05-12
PAY-009199,ORD-009199,JazzCash,Paid,2026-05-10
PAY-009200,ORD-009200,Cash on Delivery,Paid,2026-05-13
PAY-009201,ORD-009201,Credit Card,Pending,2026-05-10
PAY-009202,ORD-009202,Cash on Delivery,Paid,2026-05-12
PAY-009203,ORD-009203,Cash on Delivery,Paid,2026-05-13
PAY-009204,ORD-009204,Credit Card,Paid,2026-05-10
PAY-009205,ORD-009205,Debit Card,Paid,2026-05-09
PAY-009206,ORD-009206,Cash on Delivery,Paid,2026-05-14
PAY-009207,ORD-009207,JazzCash,Paid,2026-05-10
PAY-009208,ORD-009208,Credit Card,Paid,2026-05-09
PAY-009209,ORD-009209,Debit Card,Paid,2026-05-11
PAY-009210,ORD-009210,Debit Card,Paid,2026-05-09
PAY-009211,ORD-009211,Bank Transfer,Paid,2026-05-11
PAY-009212,ORD-009212,Debit Card,Paid,2026-05-10
PAY-009213,ORD-009213,Credit Card,Paid,2026-05-11
PAY-009214,ORD-009214,Debit Card,Paid,2026-05-11
PAY-009215,ORD-009215,Bank Transfer,Paid,2026-05-15
PAY-009216,ORD-009216,EasyPaisa,Paid,2026-05-11
PAY-009217,ORD-009217,Credit Card,Paid,2026-05-11
PAY-009218,ORD-009218,Cash on Delivery,Paid,2026-05-13
PAY-009219,ORD-009219,JazzCash,Refunded,2026-05-09
PAY-009220,ORD-009220,Bank Transfer,Paid,2026-05-13
PAY-009221,ORD-009221,Bank Transfer,Paid,2026-05-11
PAY-009222,ORD-009222,Credit Card,Paid,2026-05-09
PAY-009223,ORD-009223,Credit Card,Refunded,2026-05-11
PAY-009224,ORD-009224,EasyPaisa,Paid,2026-05-10
PAY-009225,ORD-009225,Credit Card,Paid,2026-05-10
PAY-009226,ORD-009226,Credit Card,Failed,2026-05-10
PAY-009227,ORD-009227,Credit Card,Paid,2026-05-09
PAY-009228,ORD-009228,Debit Card,Paid,2026-05-12
PAY-009229,ORD-009229,Cash on Delivery,Paid,2026-05-13
PAY-009230,ORD-009230,Cash on Delivery,Paid,2026-05-15
PAY-009231,ORD-009231,Debit Card,Paid,2026-05-10
PAY-009232,ORD-009232,Cash on Delivery,Paid,2026-05-12
PAY-009233,ORD-009233,EasyPaisa,Paid,2026-05-12
PAY-009234,ORD-009234,Debit Card,Failed,2026-05-11
PAY-009235,ORD-009235,JazzCash,Paid,2026-05-12
PAY-009236,ORD-009236,Cash on Delivery,Paid,2026-05-14
PAY-009237,ORD-009237,Cash on Delivery,Refunded,2026-05-12
PAY-009238,ORD-009238,Credit Card,Paid,2026-05-11
PAY-009239,ORD-009239,Credit Card,Refunded,2026-05-13
PAY-009240,ORD-009240,Cash on Delivery,Paid,2026-05-15
PAY-009241,ORD-009241,EasyPaisa,Paid,2026-05-13
PAY-009242,ORD-009242,JazzCash,Failed,2026-05-11
PAY-009243,ORD-009243,JazzCash,Paid,2026-05-13
PAY-009244,ORD-009244,Debit Card,Paid,2026-05-11
PAY-009245,ORD-009245,Cash on Delivery,Refunded,2026-05-17
PAY-009246,ORD-009246,JazzCash,Failed,2026-05-11
PAY-009247,ORD-009247,JazzCash,Paid,2026-05-13
PAY-009248,ORD-009248,Cash on Delivery,Refunded,2026-05-16
PAY-009249,ORD-009249,Credit Card,Paid,2026-05-12
PAY-009250,ORD-009250,Debit Card,Paid,2026-05-13
PAY-009251,ORD-009251,Debit Card,Paid,2026-05-12
PAY-009252,ORD-009252,Cash on Delivery,Paid,2026-05-15
PAY-009253,ORD-009253,JazzCash,Refunded,2026-05-11
PAY-009254,ORD-009254,JazzCash,Paid,2026-05-13
PAY-009255,ORD-009255,Credit Card,Failed,2026-05-11
PAY-009256,ORD-009256,Cash on Delivery,Refunded,2026-05-16
PAY-009257,ORD-009257,Bank Transfer,Refunded,2026-05-13
PAY-009258,ORD-009258,EasyPaisa,Paid,2026-05-12
PAY-009259,ORD-009259,Credit Card,Refunded,2026-05-12
PAY-009260,ORD-009260,JazzCash,Refunded,2026-05-12
PAY-009261,ORD-009261,Credit Card,Paid,2026-05-14
PAY-009262,ORD-009262,Cash on Delivery,Paid,2026-05-13
PAY-009263,ORD-009263,Cash on Delivery,Paid,2026-05-14
PAY-009264,ORD-009264,EasyPaisa,Paid,2026-05-12
PAY-009265,ORD-009265,Bank Transfer,Failed,2026-05-17
PAY-009266,ORD-009266,Cash on Delivery,Paid,2026-05-18
PAY-009267,ORD-009267,JazzCash,Paid,2026-05-13
PAY-009268,ORD-009268,Debit Card,Paid,2026-05-13
PAY-009269,ORD-009269,Credit Card,Paid,2026-05-14
PAY-009270,ORD-009270,JazzCash,Paid,2026-05-13
PAY-009271,ORD-009271,Cash on Delivery,Paid,2026-05-17
PAY-009272,ORD-009272,Credit Card,Paid,2026-05-14
PAY-009273,ORD-009273,Debit Card,Paid,2026-05-14
PAY-009274,ORD-009274,JazzCash,Paid,2026-05-15
PAY-009275,ORD-009275,EasyPaisa,Paid,2026-05-14
PAY-009276,ORD-009276,Bank Transfer,Paid,2026-05-19
PAY-009277,ORD-009277,Cash on Delivery,Paid,2026-05-17
PAY-009278,ORD-009278,Debit Card,Refunded,2026-05-13
PAY-009279,ORD-009279,JazzCash,Paid,2026-05-13
PAY-009280,ORD-009280,Debit Card,Failed,2026-05-13
PAY-009281,ORD-009281,Credit Card,Paid,2026-05-15
PAY-009282,ORD-009282,EasyPaisa,Failed,2026-05-14
PAY-009283,ORD-009283,JazzCash,Refunded,2026-05-13
PAY-009284,ORD-009284,EasyPaisa,Paid,2026-05-13
PAY-009285,ORD-009285,Credit Card,Paid,2026-05-14
PAY-009286,ORD-009286,JazzCash,Pending,2026-05-13
PAY-009287,ORD-009287,JazzCash,Paid,2026-05-15
PAY-009288,ORD-009288,EasyPaisa,Paid,2026-05-14
PAY-009289,ORD-009289,Credit Card,Pending,2026-05-14
PAY-009290,ORD-009290,Cash on Delivery,Paid,2026-05-19
PAY-009291,ORD-009291,Cash on Delivery,Failed,2026-05-15
PAY-009292,ORD-009292,JazzCash,Paid,2026-05-15
PAY-009293,ORD-009293,Cash on Delivery,Paid,2026-05-15
PAY-009294,ORD-009294,Debit Card,Paid,2026-05-16
PAY-009295,ORD-009295,Credit Card,Paid,2026-05-15
PAY-009296,ORD-009296,Cash on Delivery,Paid,2026-05-20
PAY-009297,ORD-009297,Debit Card,Refunded,2026-05-15
PAY-009298,ORD-009298,Credit Card,Paid,2026-05-16
PAY-009299,ORD-009299,JazzCash,Paid,2026-05-16
PAY-009300,ORD-009300,JazzCash,Paid,2026-05-14
PAY-009301,ORD-009301,Credit Card,Paid,2026-05-14
PAY-009302,ORD-009302,Cash on Delivery,Paid,2026-05-20
PAY-009303,ORD-009303,JazzCash,Paid,2026-05-16
PAY-009304,ORD-009304,Debit Card,Paid,2026-05-14
PAY-009305,ORD-009305,Cash on Delivery,Pending,2026-05-17
PAY-009306,ORD-009306,Cash on Delivery,Paid,2026-05-18
PAY-009307,ORD-009307,EasyPaisa,Pending,2026-05-16
PAY-009308,ORD-009308,Cash on Delivery,Paid,2026-05-20
PAY-009309,ORD-009309,Debit Card,Paid,2026-05-14
PAY-009310,ORD-009310,Debit Card,Paid,2026-05-15
PAY-009311,ORD-009311,EasyPaisa,Pending,2026-05-15
PAY-009312,ORD-009312,Debit Card,Paid,2026-05-16
PAY-009313,ORD-009313,Debit Card,Pending,2026-05-17
PAY-009314,ORD-009314,Credit Card,Paid,2026-05-17
PAY-009315,ORD-009315,Debit Card,Refunded,2026-05-16
PAY-009316,ORD-009316,Credit Card,Paid,2026-05-16
PAY-009317,ORD-009317,JazzCash,Refunded,2026-05-16
PAY-009318,ORD-009318,Cash on Delivery,Paid,2026-05-18
PAY-009319,ORD-009319,JazzCash,Paid,2026-05-16
PAY-009320,ORD-009320,Credit Card,Refunded,2026-05-17
PAY-009321,ORD-009321,Cash on Delivery,Failed,2026-05-18
PAY-009322,ORD-009322,Cash on Delivery,Paid,2026-05-17
PAY-009323,ORD-009323,Credit Card,Paid,2026-05-15
PAY-009324,ORD-009324,Credit Card,Pending,2026-05-16
PAY-009325,ORD-009325,Debit Card,Paid,2026-05-15
PAY-009326,ORD-009326,Cash on Delivery,Pending,2026-05-16
PAY-009327,ORD-009327,Bank Transfer,Refunded,2026-05-18
PAY-009328,ORD-009328,Cash on Delivery,Pending,2026-05-17
PAY-009329,ORD-009329,JazzCash,Paid,2026-05-17
PAY-009330,ORD-009330,Cash on Delivery,Paid,2026-05-19
PAY-009331,ORD-009331,Bank Transfer,Refunded,2026-05-17
PAY-009332,ORD-009332,Debit Card,Paid,2026-05-18
PAY-009333,ORD-009333,Cash on Delivery,Paid,2026-05-20
PAY-009334,ORD-009334,Cash on Delivery,Refunded,2026-05-17
PAY-009335,ORD-009335,Bank Transfer,Paid,2026-05-19
PAY-009336,ORD-009336,Credit Card,Paid,2026-05-16
PAY-009337,ORD-009337,Cash on Delivery,Paid,2026-05-22
PAY-009338,ORD-009338,Bank Transfer,Refunded,2026-05-19
PAY-009339,ORD-009339,Debit Card,Pending,2026-05-17
PAY-009340,ORD-009340,Credit Card,Paid,2026-05-16
PAY-009341,ORD-009341,Cash on Delivery,Paid,2026-05-22
PAY-009342,ORD-009342,Debit Card,Paid,2026-05-18
PAY-009343,ORD-009343,Cash on Delivery,Paid,2026-05-18
PAY-009344,ORD-009344,Cash on Delivery,Paid,2026-05-20
PAY-009345,ORD-009345,Credit Card,Paid,2026-05-16
PAY-009346,ORD-009346,Debit Card,Paid,2026-05-17
PAY-009347,ORD-009347,Debit Card,Paid,2026-05-19
PAY-009348,ORD-009348,Debit Card,Paid,2026-05-17
PAY-009349,ORD-009349,Credit Card,Paid,2026-05-19
PAY-009350,ORD-009350,EasyPaisa,Pending,2026-05-17
PAY-009351,ORD-009351,Debit Card,Paid,2026-05-18
PAY-009352,ORD-009352,Cash on Delivery,Paid,2026-05-20
PAY-009353,ORD-009353,Bank Transfer,Pending,2026-05-22
PAY-009354,ORD-009354,EasyPaisa,Paid,2026-05-19
PAY-009355,ORD-009355,Bank Transfer,Refunded,2026-05-18
PAY-009356,ORD-009356,EasyPaisa,Paid,2026-05-19
PAY-009357,ORD-009357,JazzCash,Paid,2026-05-19
PAY-009358,ORD-009358,Credit Card,Paid,2026-05-19
PAY-009359,ORD-009359,EasyPaisa,Paid,2026-05-19
PAY-009360,ORD-009360,Debit Card,Refunded,2026-05-18
PAY-009361,ORD-009361,JazzCash,Paid,2026-05-18
PAY-009362,ORD-009362,Credit Card,Paid,2026-05-19
PAY-009363,ORD-009363,Cash on Delivery,Paid,2026-05-24
PAY-009364,ORD-009364,Cash on Delivery,Paid,2026-05-20
PAY-009365,ORD-009365,EasyPaisa,Refunded,2026-05-19
PAY-009366,ORD-009366,Cash on Delivery,Paid,2026-05-19
PAY-009367,ORD-009367,Credit Card,Paid,2026-05-20
PAY-009368,ORD-009368,Cash on Delivery,Paid,2026-05-24
PAY-009369,ORD-009369,Debit Card,Paid,2026-05-18
PAY-009370,ORD-009370,Debit Card,Failed,2026-05-19
PAY-009371,ORD-009371,JazzCash,Paid,2026-05-19
PAY-009372,ORD-009372,Credit Card,Paid,2026-05-19
PAY-009373,ORD-009373,EasyPaisa,Refunded,2026-05-20
PAY-009374,ORD-009374,EasyPaisa,Paid,2026-05-19
PAY-009375,ORD-009375,JazzCash,Refunded,2026-05-19
PAY-009376,ORD-009376,EasyPaisa,Paid,2026-05-19
PAY-009377,ORD-009377,Cash on Delivery,Paid,2026-05-22
PAY-009378,ORD-009378,Cash on Delivery,Paid,2026-05-25
PAY-009379,ORD-009379,Credit Card,Refunded,2026-05-21
PAY-009380,ORD-009380,Cash on Delivery,Paid,2026-05-25
PAY-009381,ORD-009381,Cash on Delivery,Paid,2026-05-22
PAY-009382,ORD-009382,Cash on Delivery,Refunded,2026-05-23
PAY-009383,ORD-009383,Debit Card,Paid,2026-05-20
PAY-009384,ORD-009384,Debit Card,Paid,2026-05-21
PAY-009385,ORD-009385,Bank Transfer,Paid,2026-05-25
PAY-009386,ORD-009386,Credit Card,Paid,2026-05-20
PAY-009387,ORD-009387,Cash on Delivery,Pending,2026-05-24
PAY-009388,ORD-009388,Credit Card,Paid,2026-05-21
PAY-009389,ORD-009389,JazzCash,Refunded,2026-05-21
PAY-009390,ORD-009390,Credit Card,Refunded,2026-05-20
PAY-009391,ORD-009391,Cash on Delivery,Refunded,2026-05-21
PAY-009392,ORD-009392,JazzCash,Paid,2026-05-21
PAY-009393,ORD-009393,Cash on Delivery,Paid,2026-05-21
PAY-009394,ORD-009394,Credit Card,Paid,2026-05-20
PAY-009395,ORD-009395,JazzCash,Paid,2026-05-22
PAY-009396,ORD-009396,Cash on Delivery,Paid,2026-05-26
PAY-009397,ORD-009397,Credit Card,Paid,2026-05-22
PAY-009398,ORD-009398,Cash on Delivery,Paid,2026-05-26
PAY-009399,ORD-009399,JazzCash,Paid,2026-05-22
PAY-009400,ORD-009400,JazzCash,Failed,2026-05-21
PAY-009401,ORD-009401,JazzCash,Paid,2026-05-21
PAY-009402,ORD-009402,Cash on Delivery,Paid,2026-05-22
PAY-009403,ORD-009403,Cash on Delivery,Paid,2026-05-23
PAY-009404,ORD-009404,Cash on Delivery,Paid,2026-05-22
PAY-009405,ORD-009405,Cash on Delivery,Paid,2026-05-26
PAY-009406,ORD-009406,Cash on Delivery,Paid,2026-05-26
PAY-009407,ORD-009407,JazzCash,Failed,2026-05-21
PAY-009408,ORD-009408,Credit Card,Paid,2026-05-22
PAY-009409,ORD-009409,JazzCash,Paid,2026-05-21
PAY-009410,ORD-009410,Debit Card,Refunded,2026-05-22
PAY-009411,ORD-009411,Credit Card,Refunded,2026-05-23
PAY-009412,ORD-009412,Cash on Delivery,Paid,2026-05-24
PAY-009413,ORD-009413,Cash on Delivery,Refunded,2026-05-27
PAY-009414,ORD-009414,Debit Card,Paid,2026-05-22
PAY-009415,ORD-009415,Credit Card,Paid,2026-05-22
PAY-009416,ORD-009416,Cash on Delivery,Paid,2026-05-23
PAY-009417,ORD-009417,Credit Card,Paid,2026-05-23
PAY-009418,ORD-009418,Debit Card,Paid,2026-05-21
PAY-009419,ORD-009419,Credit Card,Paid,2026-05-23
PAY-009420,ORD-009420,JazzCash,Paid,2026-05-21
PAY-009421,ORD-009421,Credit Card,Refunded,2026-05-22
PAY-009422,ORD-009422,Credit Card,Refunded,2026-05-21
PAY-009423,ORD-009423,JazzCash,Paid,2026-05-21
PAY-009424,ORD-009424,JazzCash,Refunded,2026-05-22
PAY-009425,ORD-009425,Cash on Delivery,Paid,2026-05-24
PAY-009426,ORD-009426,EasyPaisa,Paid,2026-05-24
PAY-009427,ORD-009427,EasyPaisa,Paid,2026-05-24
PAY-009428,ORD-009428,Debit Card,Paid,2026-05-23
PAY-009429,ORD-009429,Credit Card,Paid,2026-05-24
PAY-009430,ORD-009430,Credit Card,Pending,2026-05-24
PAY-009431,ORD-009431,Cash on Delivery,Paid,2026-05-28
PAY-009432,ORD-009432,Credit Card,Paid,2026-05-22
PAY-009433,ORD-009433,JazzCash,Paid,2026-05-24
PAY-009434,ORD-009434,EasyPaisa,Refunded,2026-05-23
PAY-009435,ORD-009435,JazzCash,Refunded,2026-05-23
PAY-009436,ORD-009436,Credit Card,Refunded,2026-05-24
PAY-009437,ORD-009437,Credit Card,Paid,2026-05-24
PAY-009438,ORD-009438,Cash on Delivery,Paid,2026-05-25
PAY-009439,ORD-009439,Debit Card,Paid,2026-05-22
PAY-009440,ORD-009440,Cash on Delivery,Paid,2026-05-27
PAY-009441,ORD-009441,Cash on Delivery,Refunded,2026-05-25
PAY-009442,ORD-009442,Cash on Delivery,Paid,2026-05-27
PAY-009443,ORD-009443,EasyPaisa,Paid,2026-05-24
PAY-009444,ORD-009444,Cash on Delivery,Paid,2026-05-28
PAY-009445,ORD-009445,Credit Card,Refunded,2026-05-23
PAY-009446,ORD-009446,EasyPaisa,Failed,2026-05-22
PAY-009447,ORD-009447,Credit Card,Paid,2026-05-25
PAY-009448,ORD-009448,Cash on Delivery,Paid,2026-05-25
PAY-009449,ORD-009449,Cash on Delivery,Paid,2026-05-25
PAY-009450,ORD-009450,Cash on Delivery,Paid,2026-05-27
PAY-009451,ORD-009451,Credit Card,Paid,2026-05-23
PAY-009452,ORD-009452,Credit Card,Paid,2026-05-23
PAY-009453,ORD-009453,JazzCash,Paid,2026-05-23
PAY-009454,ORD-009454,Cash on Delivery,Paid,2026-05-25
PAY-009455,ORD-009455,Credit Card,Pending,2026-05-23
PAY-009456,ORD-009456,Cash on Delivery,Paid,2026-05-26
PAY-009457,ORD-009457,Debit Card,Paid,2026-05-25
PAY-009458,ORD-009458,Cash on Delivery,Paid,2026-05-26
PAY-009459,ORD-009459,Credit Card,Refunded,2026-05-23
PAY-009460,ORD-009460,JazzCash,Paid,2026-05-25
PAY-009461,ORD-009461,EasyPaisa,Refunded,2026-05-24
PAY-009462,ORD-009462,Cash on Delivery,Paid,2026-05-27
PAY-009463,ORD-009463,Credit Card,Paid,2026-05-25
PAY-009464,ORD-009464,EasyPaisa,Paid,2026-05-26
PAY-009465,ORD-009465,Debit Card,Paid,2026-05-25
PAY-009466,ORD-009466,JazzCash,Paid,2026-05-25
PAY-009467,ORD-009467,Cash on Delivery,Paid,2026-05-29
PAY-009468,ORD-009468,Cash on Delivery,Paid,2026-05-27
PAY-009469,ORD-009469,Bank Transfer,Pending,2026-05-29
PAY-009470,ORD-009470,Cash on Delivery,Paid,2026-05-28
PAY-009471,ORD-009471,Cash on Delivery,Paid,2026-05-29
PAY-009472,ORD-009472,Cash on Delivery,Paid,2026-05-30
PAY-009473,ORD-009473,Credit Card,Pending,2026-05-25
PAY-009474,ORD-009474,JazzCash,Pending,2026-05-25
PAY-009475,ORD-009475,Credit Card,Paid,2026-05-27
PAY-009476,ORD-009476,JazzCash,Paid,2026-05-26
PAY-009477,ORD-009477,Debit Card,Pending,2026-05-25
PAY-009478,ORD-009478,Debit Card,Paid,2026-05-27
PAY-009479,ORD-009479,JazzCash,Pending,2026-05-27
PAY-009480,ORD-009480,JazzCash,Paid,2026-05-25
PAY-009481,ORD-009481,Credit Card,Paid,2026-05-27
PAY-009482,ORD-009482,Cash on Delivery,Paid,2026-05-30
PAY-009483,ORD-009483,Debit Card,Refunded,2026-05-25
PAY-009484,ORD-009484,Credit Card,Paid,2026-05-25
PAY-009485,ORD-009485,Cash on Delivery,Paid,2026-05-28
PAY-009486,ORD-009486,Cash on Delivery,Pending,2026-05-26
PAY-009487,ORD-009487,JazzCash,Paid,2026-05-25
PAY-009488,ORD-009488,Debit Card,Paid,2026-05-26
PAY-009489,ORD-009489,Cash on Delivery,Pending,2026-05-26
PAY-009490,ORD-009490,Cash on Delivery,Paid,2026-05-27
PAY-009491,ORD-009491,Credit Card,Paid,2026-05-27
PAY-009492,ORD-009492,EasyPaisa,Refunded,2026-05-25
PAY-009493,ORD-009493,Credit Card,Refunded,2026-05-26
PAY-009494,ORD-009494,JazzCash,Paid,2026-05-26
PAY-009495,ORD-009495,JazzCash,Paid,2026-05-25
PAY-009496,ORD-009496,EasyPaisa,Paid,2026-05-25
PAY-009497,ORD-009497,JazzCash,Paid,2026-05-26
PAY-009498,ORD-009498,Cash on Delivery,Failed,2026-05-29
PAY-009499,ORD-009499,Cash on Delivery,Paid,2026-05-27
PAY-009500,ORD-009500,EasyPaisa,Paid,2026-05-25
PAY-009501,ORD-009501,Credit Card,Paid,2026-05-25
PAY-009502,ORD-009502,Cash on Delivery,Paid,2026-05-30
PAY-009503,ORD-009503,JazzCash,Paid,2026-05-26
PAY-009504,ORD-009504,Credit Card,Refunded,2026-05-28
PAY-009505,ORD-009505,Debit Card,Paid,2026-05-26
PAY-009506,ORD-009506,Cash on Delivery,Paid,2026-05-27
PAY-009507,ORD-009507,JazzCash,Paid,2026-05-26
PAY-009508,ORD-009508,Credit Card,Paid,2026-05-26
PAY-009509,ORD-009509,Cash on Delivery,Paid,2026-05-27
PAY-009510,ORD-009510,Bank Transfer,Paid,2026-05-31
PAY-009511,ORD-009511,Debit Card,Paid,2026-05-27
PAY-009512,ORD-009512,Cash on Delivery,Paid,2026-05-29
PAY-009513,ORD-009513,Cash on Delivery,Paid,2026-05-28
PAY-009514,ORD-009514,Debit Card,Paid,2026-05-26
PAY-009515,ORD-009515,JazzCash,Paid,2026-05-26
PAY-009516,ORD-009516,Cash on Delivery,Paid,2026-05-30
PAY-009517,ORD-009517,JazzCash,Refunded,2026-05-29
PAY-009518,ORD-009518,Cash on Delivery,Refunded,2026-05-31
PAY-009519,ORD-009519,Credit Card,Paid,2026-05-28
PAY-009520,ORD-009520,JazzCash,Paid,2026-05-27
PAY-009521,ORD-009521,JazzCash,Paid,2026-05-27
PAY-009522,ORD-009522,JazzCash,Paid,2026-05-29
PAY-009523,ORD-009523,Cash on Delivery,Paid,2026-05-28
PAY-009524,ORD-009524,Credit Card,Paid,2026-05-28
PAY-009525,ORD-009525,Debit Card,Paid,2026-05-29
PAY-009526,ORD-009526,EasyPaisa,Paid,2026-05-28
PAY-009527,ORD-009527,Debit Card,Refunded,2026-05-27
PAY-009528,ORD-009528,Credit Card,Paid,2026-05-29
PAY-009529,ORD-009529,JazzCash,Paid,2026-05-27
PAY-009530,ORD-009530,EasyPaisa,Paid,2026-05-27
PAY-009531,ORD-009531,Credit Card,Paid,2026-05-28
PAY-009532,ORD-009532,JazzCash,Paid,2026-05-27
PAY-009533,ORD-009533,Cash on Delivery,Paid,2026-06-01
PAY-009534,ORD-009534,JazzCash,Paid,2026-05-28
PAY-009535,ORD-009535,Credit Card,Pending,2026-05-29
PAY-009536,ORD-009536,Cash on Delivery,Paid,2026-06-01
PAY-009537,ORD-009537,Debit Card,Paid,2026-05-29
PAY-009538,ORD-009538,Cash on Delivery,Paid,2026-06-01
PAY-009539,ORD-009539,Credit Card,Pending,2026-05-28
PAY-009540,ORD-009540,Cash on Delivery,Paid,2026-06-02
PAY-009541,ORD-009541,JazzCash,Pending,2026-05-29
PAY-009542,ORD-009542,JazzCash,Paid,2026-05-28
PAY-009543,ORD-009543,JazzCash,Paid,2026-05-28
PAY-009544,ORD-009544,Debit Card,Paid,2026-05-29
PAY-009545,ORD-009545,Cash on Delivery,Paid,2026-06-03
PAY-009546,ORD-009546,Credit Card,Paid,2026-05-30
PAY-009547,ORD-009547,Cash on Delivery,Paid,2026-05-31
PAY-009548,ORD-009548,Cash on Delivery,Paid,2026-06-04
PAY-009549,ORD-009549,Bank Transfer,Paid,2026-06-01
PAY-009550,ORD-009550,Cash on Delivery,Paid,2026-05-30
PAY-009551,ORD-009551,Cash on Delivery,Paid,2026-06-03
PAY-009552,ORD-009552,Debit Card,Paid,2026-05-30
PAY-009553,ORD-009553,Cash on Delivery,Paid,2026-06-03
PAY-009554,ORD-009554,Cash on Delivery,Paid,2026-06-01
PAY-009555,ORD-009555,Cash on Delivery,Refunded,2026-06-02
PAY-009556,ORD-009556,Cash on Delivery,Pending,2026-06-02
PAY-009557,ORD-009557,Debit Card,Paid,2026-05-29
PAY-009558,ORD-009558,EasyPaisa,Refunded,2026-05-29
PAY-009559,ORD-009559,Cash on Delivery,Paid,2026-05-30
PAY-009560,ORD-009560,Credit Card,Paid,2026-05-29
PAY-009561,ORD-009561,Cash on Delivery,Paid,2026-06-01
PAY-009562,ORD-009562,Debit Card,Paid,2026-05-30
PAY-009563,ORD-009563,JazzCash,Failed,2026-05-30
PAY-009564,ORD-009564,Bank Transfer,Paid,2026-06-01
PAY-009565,ORD-009565,JazzCash,Refunded,2026-05-31
PAY-009566,ORD-009566,Credit Card,Paid,2026-05-30
PAY-009567,ORD-009567,Cash on Delivery,Paid,2026-05-31
PAY-009568,ORD-009568,Credit Card,Paid,2026-05-29
PAY-009569,ORD-009569,Debit Card,Failed,2026-05-31
PAY-009570,ORD-009570,Credit Card,Paid,2026-06-01
PAY-009571,ORD-009571,Cash on Delivery,Refunded,2026-06-04
PAY-009572,ORD-009572,Cash on Delivery,Paid,2026-06-04
PAY-009573,ORD-009573,Credit Card,Paid,2026-06-01
PAY-009574,ORD-009574,Cash on Delivery,Paid,2026-05-31
PAY-009575,ORD-009575,Debit Card,Paid,2026-06-01
PAY-009576,ORD-009576,Credit Card,Paid,2026-05-30
PAY-009577,ORD-009577,JazzCash,Paid,2026-05-31
PAY-009578,ORD-009578,Credit Card,Paid,2026-06-01
PAY-009579,ORD-009579,EasyPaisa,Paid,2026-05-31
PAY-009580,ORD-009580,Credit Card,Paid,2026-05-31
PAY-009581,ORD-009581,Credit Card,Paid,2026-06-01
PAY-009582,ORD-009582,Credit Card,Refunded,2026-05-30
PAY-009583,ORD-009583,Debit Card,Paid,2026-05-30
PAY-009584,ORD-009584,JazzCash,Paid,2026-06-01
PAY-009585,ORD-009585,Debit Card,Refunded,2026-06-01
PAY-009586,ORD-009586,Bank Transfer,Paid,2026-06-02
PAY-009587,ORD-009587,JazzCash,Refunded,2026-06-02
PAY-009588,ORD-009588,Cash on Delivery,Paid,2026-06-06
PAY-009589,ORD-009589,EasyPaisa,Paid,2026-05-31
PAY-009590,ORD-009590,Debit Card,Paid,2026-05-31
PAY-009591,ORD-009591,Debit Card,Paid,2026-06-02
PAY-009592,ORD-009592,Cash on Delivery,Paid,2026-06-04
PAY-009593,ORD-009593,Cash on Delivery,Refunded,2026-06-06
PAY-009594,ORD-009594,JazzCash,Paid,2026-06-03
PAY-009595,ORD-009595,Bank Transfer,Pending,2026-06-03
PAY-009596,ORD-009596,Cash on Delivery,Paid,2026-06-04
PAY-009597,ORD-009597,Debit Card,Paid,2026-06-01
PAY-009598,ORD-009598,Credit Card,Paid,2026-06-01
PAY-009599,ORD-009599,Credit Card,Paid,2026-06-03
PAY-009600,ORD-009600,Cash on Delivery,Refunded,2026-06-06
PAY-009601,ORD-009601,Credit Card,Paid,2026-06-02
PAY-009602,ORD-009602,Cash on Delivery,Refunded,2026-06-04
PAY-009603,ORD-009603,Debit Card,Paid,2026-06-02
PAY-009604,ORD-009604,EasyPaisa,Pending,2026-06-04
PAY-009605,ORD-009605,Bank Transfer,Paid,2026-06-03
PAY-009606,ORD-009606,JazzCash,Paid,2026-06-04
PAY-009607,ORD-009607,Credit Card,Paid,2026-06-04
PAY-009608,ORD-009608,Cash on Delivery,Paid,2026-06-04
PAY-009609,ORD-009609,Credit Card,Pending,2026-06-04
PAY-009610,ORD-009610,JazzCash,Paid,2026-06-03
PAY-009611,ORD-009611,Cash on Delivery,Paid,2026-06-03
PAY-009612,ORD-009612,Credit Card,Paid,2026-06-02
PAY-009613,ORD-009613,Debit Card,Paid,2026-06-04
PAY-009614,ORD-009614,Bank Transfer,Paid,2026-06-07
PAY-009615,ORD-009615,Credit Card,Paid,2026-06-03
PAY-009616,ORD-009616,JazzCash,Paid,2026-06-02
PAY-009617,ORD-009617,Credit Card,Paid,2026-06-03
PAY-009618,ORD-009618,EasyPaisa,Refunded,2026-06-02
PAY-009619,ORD-009619,Cash on Delivery,Paid,2026-06-08
PAY-009620,ORD-009620,Cash on Delivery,Paid,2026-06-03
PAY-009621,ORD-009621,Debit Card,Paid,2026-06-04
PAY-009622,ORD-009622,JazzCash,Refunded,2026-06-04
PAY-009623,ORD-009623,JazzCash,Paid,2026-06-04
PAY-009624,ORD-009624,Cash on Delivery,Paid,2026-06-07
PAY-009625,ORD-009625,JazzCash,Paid,2026-06-05
PAY-009626,ORD-009626,Credit Card,Paid,2026-06-04
PAY-009627,ORD-009627,Credit Card,Failed,2026-06-04
PAY-009628,ORD-009628,JazzCash,Paid,2026-06-04
PAY-009629,ORD-009629,Cash on Delivery,Paid,2026-06-08
PAY-009630,ORD-009630,EasyPaisa,Paid,2026-06-03
PAY-009631,ORD-009631,Credit Card,Paid,2026-06-03
PAY-009632,ORD-009632,Credit Card,Paid,2026-06-03
PAY-009633,ORD-009633,Credit Card,Paid,2026-06-05
PAY-009634,ORD-009634,Credit Card,Paid,2026-06-03
PAY-009635,ORD-009635,Cash on Delivery,Paid,2026-06-06
PAY-009636,ORD-009636,Cash on Delivery,Paid,2026-06-06
PAY-009637,ORD-009637,Credit Card,Paid,2026-06-03
PAY-009638,ORD-009638,Debit Card,Paid,2026-06-03
PAY-009639,ORD-009639,JazzCash,Refunded,2026-06-04
PAY-009640,ORD-009640,Cash on Delivery,Paid,2026-06-06
PAY-009641,ORD-009641,JazzCash,Paid,2026-06-03
PAY-009642,ORD-009642,Credit Card,Failed,2026-06-03
PAY-009643,ORD-009643,Debit Card,Pending,2026-06-04
PAY-009644,ORD-009644,Cash on Delivery,Refunded,2026-06-08
PAY-009645,ORD-009645,Debit Card,Paid,2026-06-03
PAY-009646,ORD-009646,Debit Card,Paid,2026-06-05
PAY-009647,ORD-009647,Cash on Delivery,Pending,2026-06-09
PAY-009648,ORD-009648,Credit Card,Failed,2026-06-05
PAY-009649,ORD-009649,Debit Card,Paid,2026-06-04
PAY-009650,ORD-009650,Debit Card,Pending,2026-06-05
PAY-009651,ORD-009651,Credit Card,Failed,2026-06-04
PAY-009652,ORD-009652,Credit Card,Paid,2026-06-04
PAY-009653,ORD-009653,JazzCash,Paid,2026-06-05
PAY-009654,ORD-009654,Cash on Delivery,Paid,2026-06-05
PAY-009655,ORD-009655,EasyPaisa,Refunded,2026-06-05
PAY-009656,ORD-009656,Debit Card,Paid,2026-06-06
PAY-009657,ORD-009657,JazzCash,Paid,2026-06-06
PAY-009658,ORD-009658,EasyPaisa,Paid,2026-06-06
PAY-009659,ORD-009659,Credit Card,Refunded,2026-06-04
PAY-009660,ORD-009660,Credit Card,Paid,2026-06-04
PAY-009661,ORD-009661,Bank Transfer,Paid,2026-06-06
PAY-009662,ORD-009662,Cash on Delivery,Paid,2026-06-07
PAY-009663,ORD-009663,EasyPaisa,Paid,2026-06-05
PAY-009664,ORD-009664,EasyPaisa,Refunded,2026-06-05
PAY-009665,ORD-009665,Cash on Delivery,Paid,2026-06-05
PAY-009666,ORD-009666,Credit Card,Paid,2026-06-06
PAY-009667,ORD-009667,Debit Card,Paid,2026-06-06
PAY-009668,ORD-009668,Credit Card,Paid,2026-06-06
PAY-009669,ORD-009669,Credit Card,Paid,2026-06-06
PAY-009670,ORD-009670,Cash on Delivery,Pending,2026-06-06
PAY-009671,ORD-009671,Cash on Delivery,Pending,2026-06-10
PAY-009672,ORD-009672,Credit Card,Paid,2026-06-05
PAY-009673,ORD-009673,Credit Card,Paid,2026-06-05
PAY-009674,ORD-009674,JazzCash,Paid,2026-06-07
PAY-009675,ORD-009675,Cash on Delivery,Refunded,2026-06-11
PAY-009676,ORD-009676,Credit Card,Paid,2026-06-06
PAY-009677,ORD-009677,Cash on Delivery,Refunded,2026-06-11
PAY-009678,ORD-009678,JazzCash,Paid,2026-06-06
PAY-009679,ORD-009679,Credit Card,Paid,2026-06-05
PAY-009680,ORD-009680,Credit Card,Refunded,2026-06-07
PAY-009681,ORD-009681,Credit Card,Paid,2026-06-06
PAY-009682,ORD-009682,Cash on Delivery,Pending,2026-06-09
PAY-009683,ORD-009683,Cash on Delivery,Refunded,2026-06-11
PAY-009684,ORD-009684,JazzCash,Failed,2026-06-07
PAY-009685,ORD-009685,Credit Card,Refunded,2026-06-06
PAY-009686,ORD-009686,Cash on Delivery,Pending,2026-06-08
PAY-009687,ORD-009687,Credit Card,Paid,2026-06-07
PAY-009688,ORD-009688,JazzCash,Paid,2026-06-05
PAY-009689,ORD-009689,JazzCash,Refunded,2026-06-07
PAY-009690,ORD-009690,JazzCash,Paid,2026-06-07
PAY-009691,ORD-009691,EasyPaisa,Paid,2026-06-06
PAY-009692,ORD-009692,EasyPaisa,Paid,2026-06-07
PAY-009693,ORD-009693,JazzCash,Paid,2026-06-07
PAY-009694,ORD-009694,Credit Card,Paid,2026-06-06
PAY-009695,ORD-009695,Credit Card,Pending,2026-06-06
PAY-009696,ORD-009696,Cash on Delivery,Paid,2026-06-09
PAY-009697,ORD-009697,Cash on Delivery,Refunded,2026-06-12
PAY-009698,ORD-009698,EasyPaisa,Paid,2026-06-08
PAY-009699,ORD-009699,Bank Transfer,Paid,2026-06-07
PAY-009700,ORD-009700,Cash on Delivery,Paid,2026-06-11
PAY-009701,ORD-009701,Credit Card,Paid,2026-06-08
PAY-009702,ORD-009702,Credit Card,Pending,2026-06-07
PAY-009703,ORD-009703,Cash on Delivery,Paid,2026-06-09
PAY-009704,ORD-009704,Cash on Delivery,Refunded,2026-06-10
PAY-009705,ORD-009705,Credit Card,Refunded,2026-06-07
PAY-009706,ORD-009706,Debit Card,Paid,2026-06-08
PAY-009707,ORD-009707,EasyPaisa,Paid,2026-06-08
PAY-009708,ORD-009708,Cash on Delivery,Paid,2026-06-08
PAY-009709,ORD-009709,Credit Card,Refunded,2026-06-07
PAY-009710,ORD-009710,Debit Card,Paid,2026-06-08
PAY-009711,ORD-009711,Cash on Delivery,Paid,2026-06-09
PAY-009712,ORD-009712,Credit Card,Refunded,2026-06-08
PAY-009713,ORD-009713,Credit Card,Paid,2026-06-08
PAY-009714,ORD-009714,Debit Card,Paid,2026-06-09
PAY-009715,ORD-009715,JazzCash,Paid,2026-06-08
PAY-009716,ORD-009716,JazzCash,Refunded,2026-06-08
PAY-009717,ORD-009717,Cash on Delivery,Refunded,2026-06-11
PAY-009718,ORD-009718,Bank Transfer,Paid,2026-06-09
PAY-009719,ORD-009719,Credit Card,Paid,2026-06-07
PAY-009720,ORD-009720,EasyPaisa,Refunded,2026-06-08
PAY-009721,ORD-009721,JazzCash,Paid,2026-06-08
PAY-009722,ORD-009722,EasyPaisa,Paid,2026-06-08
PAY-009723,ORD-009723,JazzCash,Paid,2026-06-10
PAY-009724,ORD-009724,Cash on Delivery,Refunded,2026-06-12
PAY-009725,ORD-009725,Bank Transfer,Refunded,2026-06-11
PAY-009726,ORD-009726,EasyPaisa,Paid,2026-06-09
PAY-009727,ORD-009727,Credit Card,Paid,2026-06-09
PAY-009728,ORD-009728,Credit Card,Paid,2026-06-09
PAY-009729,ORD-009729,Credit Card,Paid,2026-06-10
PAY-009730,ORD-009730,Cash on Delivery,Paid,2026-06-10
PAY-009731,ORD-009731,Debit Card,Pending,2026-06-10
PAY-009732,ORD-009732,Debit Card,Paid,2026-06-08
PAY-009733,ORD-009733,Credit Card,Paid,2026-06-08
PAY-009734,ORD-009734,Debit Card,Paid,2026-06-09
PAY-009735,ORD-009735,Cash on Delivery,Pending,2026-06-14
PAY-009736,ORD-009736,Cash on Delivery,Paid,2026-06-13
PAY-009737,ORD-009737,Cash on Delivery,Paid,2026-06-10
PAY-009738,ORD-009738,JazzCash,Paid,2026-06-08
PAY-009739,ORD-009739,Credit Card,Paid,2026-06-09
PAY-009740,ORD-009740,JazzCash,Paid,2026-06-10
PAY-009741,ORD-009741,Cash on Delivery,Paid,2026-06-14
PAY-009742,ORD-009742,Cash on Delivery,Paid,2026-06-14
PAY-009743,ORD-009743,Debit Card,Refunded,2026-06-08
PAY-009744,ORD-009744,Cash on Delivery,Paid,2026-06-12
PAY-009745,ORD-009745,JazzCash,Paid,2026-06-09
PAY-009746,ORD-009746,Cash on Delivery,Paid,2026-06-14
PAY-009747,ORD-009747,EasyPaisa,Paid,2026-06-08
PAY-009748,ORD-009748,Credit Card,Refunded,2026-06-08
PAY-009749,ORD-009749,Credit Card,Paid,2026-06-08
PAY-009750,ORD-009750,Credit Card,Paid,2026-06-09
PAY-009751,ORD-009751,Bank Transfer,Paid,2026-06-11
PAY-009752,ORD-009752,Debit Card,Paid,2026-06-11
PAY-009753,ORD-009753,JazzCash,Paid,2026-06-11
PAY-009754,ORD-009754,Cash on Delivery,Paid,2026-06-11
PAY-009755,ORD-009755,Cash on Delivery,Paid,2026-06-10
PAY-009756,ORD-009756,Credit Card,Paid,2026-06-09
PAY-009757,ORD-009757,Bank Transfer,Refunded,2026-06-13
PAY-009758,ORD-009758,JazzCash,Paid,2026-06-10
PAY-009759,ORD-009759,Cash on Delivery,Paid,2026-06-13
PAY-009760,ORD-009760,JazzCash,Paid,2026-06-10
PAY-009761,ORD-009761,EasyPaisa,Paid,2026-06-09
PAY-009762,ORD-009762,Debit Card,Paid,2026-06-09
PAY-009763,ORD-009763,Debit Card,Paid,2026-06-11
PAY-009764,ORD-009764,Credit Card,Paid,2026-06-11
PAY-009765,ORD-009765,Credit Card,Paid,2026-06-09
PAY-009766,ORD-009766,Cash on Delivery,Paid,2026-06-11
PAY-009767,ORD-009767,Debit Card,Paid,2026-06-09
PAY-009768,ORD-009768,Credit Card,Pending,2026-06-09
PAY-009769,ORD-009769,Cash on Delivery,Paid,2026-06-12
PAY-009770,ORD-009770,Cash on Delivery,Paid,2026-06-15
PAY-009771,ORD-009771,Debit Card,Paid,2026-06-09
PAY-009772,ORD-009772,EasyPaisa,Paid,2026-06-11
PAY-009773,ORD-009773,Debit Card,Refunded,2026-06-10
PAY-009774,ORD-009774,Debit Card,Paid,2026-06-09
PAY-009775,ORD-009775,Debit Card,Paid,2026-06-10
PAY-009776,ORD-009776,Credit Card,Paid,2026-06-10
PAY-009777,ORD-009777,Credit Card,Paid,2026-06-12
PAY-009778,ORD-009778,Cash on Delivery,Paid,2026-06-15
PAY-009779,ORD-009779,Debit Card,Paid,2026-06-10
PAY-009780,ORD-009780,JazzCash,Refunded,2026-06-11
PAY-009781,ORD-009781,Credit Card,Paid,2026-06-12
PAY-009782,ORD-009782,Cash on Delivery,Paid,2026-06-11
PAY-009783,ORD-009783,Debit Card,Refunded,2026-06-12
PAY-009784,ORD-009784,Credit Card,Refunded,2026-06-10
PAY-009785,ORD-009785,Cash on Delivery,Paid,2026-06-11
PAY-009786,ORD-009786,Cash on Delivery,Refunded,2026-06-16
PAY-009787,ORD-009787,JazzCash,Refunded,2026-06-10
PAY-009788,ORD-009788,Cash on Delivery,Paid,2026-06-11
PAY-009789,ORD-009789,Cash on Delivery,Paid,2026-06-15
PAY-009790,ORD-009790,JazzCash,Paid,2026-06-10
PAY-009791,ORD-009791,Credit Card,Paid,2026-06-10
PAY-009792,ORD-009792,Credit Card,Paid,2026-06-10
PAY-009793,ORD-009793,Cash on Delivery,Paid,2026-06-11
PAY-009794,ORD-009794,Cash on Delivery,Pending,2026-06-11
PAY-009795,ORD-009795,Cash on Delivery,Pending,2026-06-11
PAY-009796,ORD-009796,Cash on Delivery,Paid,2026-06-13
PAY-009797,ORD-009797,Credit Card,Paid,2026-06-11
PAY-009798,ORD-009798,Credit Card,Paid,2026-06-13
PAY-009799,ORD-009799,Cash on Delivery,Paid,2026-06-17
PAY-009800,ORD-009800,Credit Card,Paid,2026-06-13
PAY-009801,ORD-009801,Bank Transfer,Failed,2026-06-13
PAY-009802,ORD-009802,EasyPaisa,Paid,2026-06-13
PAY-009803,ORD-009803,JazzCash,Failed,2026-06-12
PAY-009804,ORD-009804,Cash on Delivery,Paid,2026-06-15
PAY-009805,ORD-009805,EasyPaisa,Paid,2026-06-12
PAY-009806,ORD-009806,Debit Card,Paid,2026-06-11
PAY-009807,ORD-009807,Cash on Delivery,Paid,2026-06-12
PAY-009808,ORD-009808,JazzCash,Refunded,2026-06-13
PAY-009809,ORD-009809,Cash on Delivery,Paid,2026-06-15
PAY-009810,ORD-009810,Credit Card,Paid,2026-06-11
PAY-009811,ORD-009811,Credit Card,Refunded,2026-06-12
PAY-009812,ORD-009812,JazzCash,Refunded,2026-06-13
PAY-009813,ORD-009813,Cash on Delivery,Refunded,2026-06-16
PAY-009814,ORD-009814,Credit Card,Paid,2026-06-11
PAY-009815,ORD-009815,EasyPaisa,Paid,2026-06-13
PAY-009816,ORD-009816,JazzCash,Paid,2026-06-13
PAY-009817,ORD-009817,Credit Card,Pending,2026-06-13
PAY-009818,ORD-009818,Cash on Delivery,Paid,2026-06-14
PAY-009819,ORD-009819,Cash on Delivery,Paid,2026-06-17
PAY-009820,ORD-009820,JazzCash,Paid,2026-06-14
PAY-009821,ORD-009821,Cash on Delivery,Paid,2026-06-17
PAY-009822,ORD-009822,EasyPaisa,Paid,2026-06-13
PAY-009823,ORD-009823,Credit Card,Paid,2026-06-12
PAY-009824,ORD-009824,Debit Card,Paid,2026-06-14
PAY-009825,ORD-009825,Credit Card,Paid,2026-06-13
PAY-009826,ORD-009826,Cash on Delivery,Paid,2026-06-16
PAY-009827,ORD-009827,JazzCash,Paid,2026-06-13
PAY-009828,ORD-009828,Credit Card,Paid,2026-06-12
PAY-009829,ORD-009829,Credit Card,Paid,2026-06-12
PAY-009830,ORD-009830,EasyPaisa,Paid,2026-06-12
PAY-009831,ORD-009831,Debit Card,Failed,2026-06-14
PAY-009832,ORD-009832,Cash on Delivery,Refunded,2026-06-17
PAY-009833,ORD-009833,Bank Transfer,Pending,2026-06-15
PAY-009834,ORD-009834,Credit Card,Paid,2026-06-12
PAY-009835,ORD-009835,Credit Card,Paid,2026-06-14
PAY-009836,ORD-009836,Debit Card,Paid,2026-06-14
PAY-009837,ORD-009837,JazzCash,Pending,2026-06-13
PAY-009838,ORD-009838,Cash on Delivery,Paid,2026-06-19
PAY-009839,ORD-009839,Credit Card,Paid,2026-06-14
PAY-009840,ORD-009840,Credit Card,Paid,2026-06-15
PAY-009841,ORD-009841,Credit Card,Paid,2026-06-13
PAY-009842,ORD-009842,Credit Card,Paid,2026-06-13
PAY-009843,ORD-009843,Debit Card,Paid,2026-06-14
PAY-009844,ORD-009844,Credit Card,Pending,2026-06-15
PAY-009845,ORD-009845,Cash on Delivery,Paid,2026-06-18
PAY-009846,ORD-009846,Cash on Delivery,Paid,2026-06-18
PAY-009847,ORD-009847,Debit Card,Failed,2026-06-13
PAY-009848,ORD-009848,Debit Card,Paid,2026-06-13
PAY-009849,ORD-009849,Credit Card,Paid,2026-06-14
PAY-009850,ORD-009850,Debit Card,Paid,2026-06-14
PAY-009851,ORD-009851,EasyPaisa,Paid,2026-06-13
PAY-009852,ORD-009852,Cash on Delivery,Paid,2026-06-19
PAY-009853,ORD-009853,JazzCash,Refunded,2026-06-13
PAY-009854,ORD-009854,Cash on Delivery,Paid,2026-06-17
PAY-009855,ORD-009855,JazzCash,Paid,2026-06-13
PAY-009856,ORD-009856,Credit Card,Paid,2026-06-13
PAY-009857,ORD-009857,Cash on Delivery,Paid,2026-06-15
PAY-009858,ORD-009858,Bank Transfer,Refunded,2026-06-17
PAY-009859,ORD-009859,Cash on Delivery,Paid,2026-06-18
PAY-009860,ORD-009860,Debit Card,Paid,2026-06-15
PAY-009861,ORD-009861,Cash on Delivery,Paid,2026-06-17
PAY-009862,ORD-009862,Debit Card,Paid,2026-06-16
PAY-009863,ORD-009863,Debit Card,Paid,2026-06-15
PAY-009864,ORD-009864,Cash on Delivery,Pending,2026-06-20
PAY-009865,ORD-009865,JazzCash,Failed,2026-06-14
PAY-009866,ORD-009866,EasyPaisa,Paid,2026-06-14
PAY-009867,ORD-009867,Cash on Delivery,Paid,2026-06-19
PAY-009868,ORD-009868,JazzCash,Paid,2026-06-14
PAY-009869,ORD-009869,Cash on Delivery,Paid,2026-06-15
PAY-009870,ORD-009870,Debit Card,Paid,2026-06-15
PAY-009871,ORD-009871,Cash on Delivery,Paid,2026-06-18
PAY-009872,ORD-009872,JazzCash,Paid,2026-06-16
PAY-009873,ORD-009873,Cash on Delivery,Paid,2026-06-15
PAY-009874,ORD-009874,Credit Card,Paid,2026-06-15
PAY-009875,ORD-009875,Cash on Delivery,Pending,2026-06-18
PAY-009876,ORD-009876,Debit Card,Paid,2026-06-15
PAY-009877,ORD-009877,JazzCash,Pending,2026-06-15
PAY-009878,ORD-009878,JazzCash,Paid,2026-06-14
PAY-009879,ORD-009879,Credit Card,Paid,2026-06-15
PAY-009880,ORD-009880,Cash on Delivery,Paid,2026-06-16
PAY-009881,ORD-009881,JazzCash,Pending,2026-06-16
PAY-009882,ORD-009882,Debit Card,Refunded,2026-06-17
PAY-009883,ORD-009883,Debit Card,Paid,2026-06-16
PAY-009884,ORD-009884,Cash on Delivery,Paid,2026-06-16
PAY-009885,ORD-009885,Credit Card,Failed,2026-06-16
PAY-009886,ORD-009886,EasyPaisa,Pending,2026-06-16
PAY-009887,ORD-009887,Credit Card,Refunded,2026-06-15
PAY-009888,ORD-009888,Credit Card,Paid,2026-06-17
PAY-009889,ORD-009889,JazzCash,Refunded,2026-06-16
PAY-009890,ORD-009890,Credit Card,Paid,2026-06-17
PAY-009891,ORD-009891,Credit Card,Refunded,2026-06-16
PAY-009892,ORD-009892,Cash on Delivery,Paid,2026-06-17
PAY-009893,ORD-009893,Debit Card,Failed,2026-06-15
PAY-009894,ORD-009894,Debit Card,Paid,2026-06-16
PAY-009895,ORD-009895,Credit Card,Paid,2026-06-17
PAY-009896,ORD-009896,Debit Card,Paid,2026-06-18
PAY-009897,ORD-009897,Credit Card,Pending,2026-06-16
PAY-009898,ORD-009898,Cash on Delivery,Paid,2026-06-19
PAY-009899,ORD-009899,Cash on Delivery,Paid,2026-06-21
PAY-009900,ORD-009900,EasyPaisa,Paid,2026-06-17
PAY-009901,ORD-009901,EasyPaisa,Paid,2026-06-18
PAY-009902,ORD-009902,JazzCash,Refunded,2026-06-16
PAY-009903,ORD-009903,JazzCash,Paid,2026-06-16
PAY-009904,ORD-009904,JazzCash,Paid,2026-06-18
PAY-009905,ORD-009905,Cash on Delivery,Paid,2026-06-22
PAY-009906,ORD-009906,Cash on Delivery,Paid,2026-06-19
PAY-009907,ORD-009907,EasyPaisa,Pending,2026-06-18
PAY-009908,ORD-009908,Cash on Delivery,Paid,2026-06-21
PAY-009909,ORD-009909,Debit Card,Refunded,2026-06-19
PAY-009910,ORD-009910,EasyPaisa,Refunded,2026-06-18
PAY-009911,ORD-009911,Cash on Delivery,Paid,2026-06-20
PAY-009912,ORD-009912,Cash on Delivery,Refunded,2026-06-22
PAY-009913,ORD-009913,Debit Card,Paid,2026-06-18
PAY-009914,ORD-009914,Credit Card,Pending,2026-06-18
PAY-009915,ORD-009915,Bank Transfer,Paid,2026-06-19
PAY-009916,ORD-009916,Cash on Delivery,Pending,2026-06-18
PAY-009917,ORD-009917,JazzCash,Paid,2026-06-17
PAY-009918,ORD-009918,Cash on Delivery,Paid,2026-06-20
PAY-009919,ORD-009919,JazzCash,Paid,2026-06-19
PAY-009920,ORD-009920,Cash on Delivery,Paid,2026-06-20
PAY-009921,ORD-009921,Debit Card,Paid,2026-06-18
PAY-009922,ORD-009922,Cash on Delivery,Paid,2026-06-22
PAY-009923,ORD-009923,Credit Card,Paid,2026-06-19
PAY-009924,ORD-009924,JazzCash,Paid,2026-06-19
PAY-009925,ORD-009925,Credit Card,Paid,2026-06-18
PAY-009926,ORD-009926,Credit Card,Paid,2026-06-18
PAY-009927,ORD-009927,Bank Transfer,Paid,2026-06-22
PAY-009928,ORD-009928,Credit Card,Failed,2026-06-18
PAY-009929,ORD-009929,Credit Card,Paid,2026-06-20
PAY-009930,ORD-009930,Credit Card,Paid,2026-06-20
PAY-009931,ORD-009931,Cash on Delivery,Paid,2026-06-23
PAY-009932,ORD-009932,Credit Card,Refunded,2026-06-20
PAY-009933,ORD-009933,Credit Card,Refunded,2026-06-20
PAY-009934,ORD-009934,JazzCash,Paid,2026-06-20
PAY-009935,ORD-009935,Credit Card,Pending,2026-06-18
PAY-009936,ORD-009936,Cash on Delivery,Paid,2026-06-24
PAY-009937,ORD-009937,JazzCash,Refunded,2026-06-19
PAY-009938,ORD-009938,EasyPaisa,Paid,2026-06-20
PAY-009939,ORD-009939,Cash on Delivery,Paid,2026-06-21
PAY-009940,ORD-009940,EasyPaisa,Pending,2026-06-19
PAY-009941,ORD-009941,Cash on Delivery,Paid,2026-06-24
PAY-009942,ORD-009942,EasyPaisa,Paid,2026-06-18
PAY-009943,ORD-009943,Credit Card,Refunded,2026-06-18
PAY-009944,ORD-009944,JazzCash,Failed,2026-06-19
PAY-009945,ORD-009945,Cash on Delivery,Paid,2026-06-20
PAY-009946,ORD-009946,Cash on Delivery,Refunded,2026-06-22
PAY-009947,ORD-009947,Cash on Delivery,Failed,2026-06-24
PAY-009948,ORD-009948,Credit Card,Paid,2026-06-20
PAY-009949,ORD-009949,Debit Card,Pending,2026-06-19
PAY-009950,ORD-009950,Debit Card,Refunded,2026-06-19
PAY-009951,ORD-009951,Debit Card,Paid,2026-06-21
PAY-009952,ORD-009952,Credit Card,Paid,2026-06-19
PAY-009953,ORD-009953,Debit Card,Paid,2026-06-21
PAY-009954,ORD-009954,Cash on Delivery,Paid,2026-06-22
PAY-009955,ORD-009955,JazzCash,Paid,2026-06-19
PAY-009956,ORD-009956,Credit Card,Paid,2026-06-20
PAY-009957,ORD-009957,Debit Card,Refunded,2026-06-21
PAY-009958,ORD-009958,JazzCash,Refunded,2026-06-20
PAY-009959,ORD-009959,Bank Transfer,Paid,2026-06-24
PAY-009960,ORD-009960,Credit Card,Paid,2026-06-21
PAY-009961,ORD-009961,Cash on Delivery,Failed,2026-06-25
PAY-009962,ORD-009962,EasyPaisa,Paid,2026-06-21
PAY-009963,ORD-009963,Credit Card,Paid,2026-06-21
PAY-009964,ORD-009964,Credit Card,Paid,2026-06-20
PAY-009965,ORD-009965,Credit Card,Pending,2026-06-22
PAY-009966,ORD-009966,Debit Card,Paid,2026-06-20
PAY-009967,ORD-009967,Credit Card,Paid,2026-06-20
PAY-009968,ORD-009968,Credit Card,Paid,2026-06-21
PAY-009969,ORD-009969,EasyPaisa,Paid,2026-06-21
PAY-009970,ORD-009970,Cash on Delivery,Paid,2026-06-25
PAY-009971,ORD-009971,JazzCash,Pending,2026-06-21
PAY-009972,ORD-009972,JazzCash,Refunded,2026-06-22
PAY-009973,ORD-009973,Debit Card,Paid,2026-06-21
PAY-009974,ORD-009974,Credit Card,Paid,2026-06-21
PAY-009975,ORD-009975,JazzCash,Pending,2026-06-21
PAY-009976,ORD-009976,Credit Card,Paid,2026-06-21
PAY-009977,ORD-009977,Cash on Delivery,Refunded,2026-06-23
PAY-009978,ORD-009978,Debit Card,Paid,2026-06-23
PAY-009979,ORD-009979,Credit Card,Refunded,2026-06-23
PAY-009980,ORD-009980,JazzCash,Paid,2026-06-23
PAY-009981,ORD-009981,Credit Card,Paid,2026-06-23
PAY-009982,ORD-009982,Cash on Delivery,Paid,2026-06-25
PAY-009983,ORD-009983,Credit Card,Paid,2026-06-22
PAY-009984,ORD-009984,Credit Card,Paid,2026-06-22
PAY-009985,ORD-009985,Cash on Delivery,Paid,2026-06-27
PAY-009986,ORD-009986,JazzCash,Refunded,2026-06-22
PAY-009987,ORD-009987,Cash on Delivery,Refunded,2026-06-28
PAY-009988,ORD-009988,Credit Card,Refunded,2026-06-22
PAY-009989,ORD-009989,JazzCash,Refunded,2026-06-22
PAY-009990,ORD-009990,Debit Card,Paid,2026-06-23
PAY-009991,ORD-009991,EasyPaisa,Paid,2026-06-22
PAY-009992,ORD-009992,Debit Card,Paid,2026-06-22
PAY-009993,ORD-009993,Cash on Delivery,Paid,2026-06-23
PAY-009994,ORD-009994,Cash on Delivery,Paid,2026-06-24
PAY-009995,ORD-009995,Debit Card,Paid,2026-06-23
PAY-009996,ORD-009996,Cash on Delivery,Refunded,2026-06-23
PAY-009997,ORD-009997,Credit Card,Paid,2026-06-23
PAY-009998,ORD-009998,Bank Transfer,Paid,2026-06-24
PAY-009999,ORD-009999,JazzCash,Refunded,2026-06-24
PAY-010000,ORD-010000,Credit Card,Refunded,2026-06-22
PAY-010001,ORD-010001,Cash on Delivery,Paid,2026-06-25
PAY-010002,ORD-010002,Cash on Delivery,Refunded,2026-06-24
PAY-010003,ORD-010003,Credit Card,Paid,2026-06-24
PAY-010004,ORD-010004,Debit Card,Paid,2026-06-23
PAY-010005,ORD-010005,Credit Card,Paid,2026-06-24
PAY-010006,ORD-010006,Credit Card,Paid,2026-06-22
PAY-010007,ORD-010007,JazzCash,Paid,2026-06-24
PAY-010008,ORD-010008,JazzCash,Paid,2026-06-25
PAY-010009,ORD-010009,Bank Transfer,Paid,2026-06-24
PAY-010010,ORD-010010,Credit Card,Paid,2026-06-24
PAY-010011,ORD-010011,Debit Card,Failed,2026-06-23
PAY-010012,ORD-010012,Credit Card,Paid,2026-06-23
PAY-010013,ORD-010013,EasyPaisa,Paid,2026-06-23
PAY-010014,ORD-010014,Cash on Delivery,Refunded,2026-06-27
PAY-010015,ORD-010015,JazzCash,Failed,2026-06-24
PAY-010016,ORD-010016,Credit Card,Paid,2026-06-23
PAY-010017,ORD-010017,Debit Card,Paid,2026-06-23
PAY-010018,ORD-010018,Cash on Delivery,Refunded,2026-06-25
PAY-010019,ORD-010019,Cash on Delivery,Paid,2026-06-27
PAY-010020,ORD-010020,Credit Card,Paid,2026-06-26
PAY-010021,ORD-010021,Debit Card,Paid,2026-06-25
PAY-010022,ORD-010022,Debit Card,Paid,2026-06-26
PAY-010023,ORD-010023,Cash on Delivery,Paid,2026-06-26
PAY-010024,ORD-010024,Credit Card,Failed,2026-06-24
PAY-010025,ORD-010025,EasyPaisa,Pending,2026-06-26
PAY-010026,ORD-010026,Credit Card,Refunded,2026-06-26
PAY-010027,ORD-010027,JazzCash,Paid,2026-06-24
PAY-010028,ORD-010028,Credit Card,Pending,2026-06-24
PAY-010029,ORD-010029,Cash on Delivery,Paid,2026-06-28
PAY-010030,ORD-010030,Debit Card,Paid,2026-06-24
PAY-010031,ORD-010031,Cash on Delivery,Refunded,2026-06-26
PAY-010032,ORD-010032,EasyPaisa,Paid,2026-06-25
PAY-010033,ORD-010033,Bank Transfer,Paid,2026-06-25
PAY-010034,ORD-010034,JazzCash,Paid,2026-06-26
PAY-010035,ORD-010035,Cash on Delivery,Paid,2026-06-26
PAY-010036,ORD-010036,Credit Card,Paid,2026-06-26
PAY-010037,ORD-010037,Cash on Delivery,Paid,2026-06-26
PAY-010038,ORD-010038,JazzCash,Paid,2026-06-25
PAY-010039,ORD-010039,Cash on Delivery,Paid,2026-06-26
PAY-010040,ORD-010040,Credit Card,Paid,2026-06-27
PAY-010041,ORD-010041,Cash on Delivery,Paid,2026-06-30
PAY-010042,ORD-010042,Bank Transfer,Paid,2026-06-29
PAY-010043,ORD-010043,Debit Card,Paid,2026-06-26
PAY-010044,ORD-010044,Cash on Delivery,Paid,2026-06-30
PAY-010045,ORD-010045,Cash on Delivery,Paid,2026-07-01
PAY-010046,ORD-010046,Cash on Delivery,Paid,2026-06-29
PAY-010047,ORD-010047,Credit Card,Paid,2026-06-26
PAY-010048,ORD-010048,Credit Card,Paid,2026-06-27
PAY-010049,ORD-010049,Cash on Delivery,Pending,2026-07-01
PAY-010050,ORD-010050,Cash on Delivery,Refunded,2026-06-26
PAY-010051,ORD-010051,EasyPaisa,Pending,2026-06-26
PAY-010052,ORD-010052,Bank Transfer,Paid,2026-06-26
PAY-010053,ORD-010053,Credit Card,Refunded,2026-06-25
PAY-010054,ORD-010054,Debit Card,Paid,2026-06-27
PAY-010055,ORD-010055,JazzCash,Paid,2026-06-26
PAY-010056,ORD-010056,Credit Card,Paid,2026-06-27
PAY-010057,ORD-010057,Debit Card,Pending,2026-06-26
PAY-010058,ORD-010058,Credit Card,Paid,2026-06-26
PAY-010059,ORD-010059,Bank Transfer,Paid,2026-06-26
PAY-010060,ORD-010060,Credit Card,Paid,2026-06-25
PAY-010061,ORD-010061,Cash on Delivery,Paid,2026-06-30
PAY-010062,ORD-010062,Credit Card,Paid,2026-06-26
PAY-010063,ORD-010063,JazzCash,Paid,2026-06-26
PAY-010064,ORD-010064,Bank Transfer,Paid,2026-06-28
PAY-010065,ORD-010065,Debit Card,Paid,2026-06-26
PAY-010066,ORD-010066,Cash on Delivery,Pending,2026-06-28
PAY-010067,ORD-010067,Cash on Delivery,Paid,2026-06-29
PAY-010068,ORD-010068,Cash on Delivery,Paid,2026-06-27
PAY-010069,ORD-010069,Debit Card,Paid,2026-06-28
PAY-010070,ORD-010070,Bank Transfer,Paid,2026-06-28
PAY-010071,ORD-010071,Debit Card,Paid,2026-06-28
PAY-010072,ORD-010072,Credit Card,Paid,2026-06-27
PAY-010073,ORD-010073,EasyPaisa,Paid,2026-06-26
PAY-010074,ORD-010074,Cash on Delivery,Paid,2026-07-01
PAY-010075,ORD-010075,Cash on Delivery,Paid,2026-07-02
PAY-010076,ORD-010076,Credit Card,Paid,2026-06-28
PAY-010077,ORD-010077,Cash on Delivery,Paid,2026-07-02
PAY-010078,ORD-010078,Credit Card,Paid,2026-06-26
PAY-010079,ORD-010079,Credit Card,Failed,2026-06-27
PAY-010080,ORD-010080,Bank Transfer,Refunded,2026-06-29
PAY-010081,ORD-010081,Cash on Delivery,Paid,2026-07-03
PAY-010082,ORD-010082,EasyPaisa,Refunded,2026-06-28
PAY-010083,ORD-010083,EasyPaisa,Paid,2026-06-28
PAY-010084,ORD-010084,JazzCash,Pending,2026-06-28
PAY-010085,ORD-010085,Cash on Delivery,Paid,2026-06-30
PAY-010086,ORD-010086,Cash on Delivery,Failed,2026-06-29
PAY-010087,ORD-010087,Credit Card,Refunded,2026-06-27
PAY-010088,ORD-010088,Cash on Delivery,Pending,2026-06-30
PAY-010089,ORD-010089,Credit Card,Paid,2026-06-28
PAY-010090,ORD-010090,Cash on Delivery,Paid,2026-07-02
PAY-010091,ORD-010091,Debit Card,Refunded,2026-06-28
PAY-010092,ORD-010092,Debit Card,Paid,2026-06-28
PAY-010093,ORD-010093,Credit Card,Paid,2026-06-29
PAY-010094,ORD-010094,Credit Card,Paid,2026-06-28
PAY-010095,ORD-010095,Credit Card,Failed,2026-06-29
PAY-010096,ORD-010096,Cash on Delivery,Paid,2026-07-01
PAY-010097,ORD-010097,Credit Card,Paid,2026-06-27
PAY-010098,ORD-010098,Debit Card,Paid,2026-06-28
PAY-010099,ORD-010099,Debit Card,Paid,2026-06-30
PAY-010100,ORD-010100,Debit Card,Paid,2026-06-29
PAY-010101,ORD-010101,Credit Card,Failed,2026-06-30
PAY-010102,ORD-010102,JazzCash,Paid,2026-06-29
PAY-010103,ORD-010103,Cash on Delivery,Refunded,2026-07-04
PAY-010104,ORD-010104,Credit Card,Paid,2026-06-29
PAY-010105,ORD-010105,JazzCash,Paid,2026-06-29
PAY-010106,ORD-010106,Cash on Delivery,Paid,2026-07-02
PAY-010107,ORD-010107,Debit Card,Paid,2026-06-30
PAY-010108,ORD-010108,Credit Card,Paid,2026-06-28
PAY-010109,ORD-010109,EasyPaisa,Paid,2026-06-30
PAY-010110,ORD-010110,JazzCash,Paid,2026-06-30
PAY-010111,ORD-010111,Credit Card,Paid,2026-06-30
PAY-010112,ORD-010112,Credit Card,Refunded,2026-06-30
PAY-010113,ORD-010113,Credit Card,Paid,2026-06-29
PAY-010114,ORD-010114,EasyPaisa,Refunded,2026-06-28
PAY-010115,ORD-010115,Credit Card,Paid,2026-06-29
PAY-010116,ORD-010116,Credit Card,Paid,2026-06-29
PAY-010117,ORD-010117,Debit Card,Paid,2026-06-30
PAY-010118,ORD-010118,Cash on Delivery,Pending,2026-06-30
PAY-010119,ORD-010119,Debit Card,Paid,2026-06-29
PAY-010120,ORD-010120,Debit Card,Paid,2026-06-29
PAY-010121,ORD-010121,Credit Card,Paid,2026-06-29
PAY-010122,ORD-010122,Credit Card,Paid,2026-06-30
PAY-010123,ORD-010123,Cash on Delivery,Paid,2026-07-04
PAY-010124,ORD-010124,EasyPaisa,Paid,2026-06-30
PAY-010125,ORD-010125,Credit Card,Paid,2026-06-29
PAY-010126,ORD-010126,Bank Transfer,Paid,2026-07-02
PAY-010127,ORD-010127,Debit Card,Pending,2026-06-30
PAY-010128,ORD-010128,JazzCash,Pending,2026-07-01
PAY-010129,ORD-010129,Cash on Delivery,Paid,2026-07-01
PAY-010130,ORD-010130,Debit Card,Paid,2026-07-01
PAY-010131,ORD-010131,Credit Card,Paid,2026-06-30
PAY-010132,ORD-010132,Credit Card,Paid,2026-06-30
PAY-010133,ORD-010133,Credit Card,Refunded,2026-06-29
PAY-010134,ORD-010134,Credit Card,Paid,2026-06-30
PAY-010135,ORD-010135,Credit Card,Pending,2026-07-01
PAY-010136,ORD-010136,Credit Card,Paid,2026-06-29
PAY-010137,ORD-010137,JazzCash,Paid,2026-07-01
PAY-010138,ORD-010138,Bank Transfer,Refunded,2026-07-06
PAY-010139,ORD-010139,Bank Transfer,Paid,2026-07-02
PAY-010140,ORD-010140,Debit Card,Paid,2026-07-02
PAY-010141,ORD-010141,JazzCash,Paid,2026-07-02
PAY-010142,ORD-010142,EasyPaisa,Paid,2026-07-02
PAY-010143,ORD-010143,EasyPaisa,Paid,2026-07-01
PAY-010144,ORD-010144,JazzCash,Paid,2026-06-30
PAY-010145,ORD-010145,Debit Card,Paid,2026-06-30
PAY-010146,ORD-010146,Bank Transfer,Paid,2026-07-01
PAY-010147,ORD-010147,Cash on Delivery,Paid,2026-07-04
PAY-010148,ORD-010148,JazzCash,Refunded,2026-06-30
PAY-010149,ORD-010149,JazzCash,Pending,2026-07-02
PAY-010150,ORD-010150,Debit Card,Paid,2026-07-01
PAY-010151,ORD-010151,EasyPaisa,Paid,2026-07-02
PAY-010152,ORD-010152,Cash on Delivery,Paid,2026-07-02
PAY-010153,ORD-010153,Debit Card,Paid,2026-07-01
PAY-010154,ORD-010154,Debit Card,Paid,2026-07-02
PAY-010155,ORD-010155,Bank Transfer,Refunded,2026-07-06
PAY-010156,ORD-010156,Credit Card,Paid,2026-07-03
PAY-010157,ORD-010157,Cash on Delivery,Paid,2026-07-03
PAY-010158,ORD-010158,Cash on Delivery,Refunded,2026-07-06
PAY-010159,ORD-010159,Cash on Delivery,Paid,2026-07-05
PAY-010160,ORD-010160,Credit Card,Paid,2026-07-01
PAY-010161,ORD-010161,Credit Card,Paid,2026-07-03
PAY-010162,ORD-010162,JazzCash,Refunded,2026-07-03
PAY-010163,ORD-010163,Credit Card,Refunded,2026-07-01
PAY-010164,ORD-010164,Debit Card,Paid,2026-07-02
PAY-010165,ORD-010165,Credit Card,Paid,2026-07-03
PAY-010166,ORD-010166,JazzCash,Paid,2026-07-01
PAY-010167,ORD-010167,Credit Card,Paid,2026-07-02
PAY-010168,ORD-010168,Debit Card,Paid,2026-07-02
PAY-010169,ORD-010169,Credit Card,Paid,2026-07-02
PAY-010170,ORD-010170,Debit Card,Paid,2026-07-03
PAY-010171,ORD-010171,Debit Card,Paid,2026-07-04
PAY-010172,ORD-010172,Cash on Delivery,Paid,2026-07-07
PAY-010173,ORD-010173,Cash on Delivery,Failed,2026-07-05
PAY-010174,ORD-010174,JazzCash,Paid,2026-07-02
PAY-010175,ORD-010175,Credit Card,Paid,2026-07-04
PAY-010176,ORD-010176,Credit Card,Refunded,2026-07-04
PAY-010177,ORD-010177,EasyPaisa,Paid,2026-07-02
PAY-010178,ORD-010178,JazzCash,Paid,2026-07-02
PAY-010179,ORD-010179,JazzCash,Paid,2026-07-02
PAY-010180,ORD-010180,Credit Card,Paid,2026-07-04
PAY-010181,ORD-010181,JazzCash,Paid,2026-07-04
PAY-010182,ORD-010182,Cash on Delivery,Paid,2026-07-08
PAY-010183,ORD-010183,Cash on Delivery,Paid,2026-07-08
PAY-010184,ORD-010184,Cash on Delivery,Paid,2026-07-05
PAY-010185,ORD-010185,Credit Card,Paid,2026-07-03
PAY-010186,ORD-010186,Bank Transfer,Paid,2026-07-07
PAY-010187,ORD-010187,Debit Card,Paid,2026-07-04
PAY-010188,ORD-010188,Cash on Delivery,Paid,2026-07-08
PAY-010189,ORD-010189,Credit Card,Refunded,2026-07-05
PAY-010190,ORD-010190,Debit Card,Paid,2026-07-03
PAY-010191,ORD-010191,JazzCash,Paid,2026-07-04
PAY-010192,ORD-010192,JazzCash,Failed,2026-07-03
PAY-010193,ORD-010193,JazzCash,Paid,2026-07-05
PAY-010194,ORD-010194,Credit Card,Refunded,2026-07-03
PAY-010195,ORD-010195,Cash on Delivery,Paid,2026-07-05
PAY-010196,ORD-010196,EasyPaisa,Paid,2026-07-04
PAY-010197,ORD-010197,Debit Card,Refunded,2026-07-05
PAY-010198,ORD-010198,Credit Card,Paid,2026-07-05
PAY-010199,ORD-010199,Cash on Delivery,Paid,2026-07-07
PAY-010200,ORD-010200,JazzCash,Paid,2026-07-04
PAY-010201,ORD-010201,JazzCash,Paid,2026-07-05
PAY-010202,ORD-010202,Cash on Delivery,Refunded,2026-07-07
PAY-010203,ORD-010203,Cash on Delivery,Paid,2026-07-06
PAY-010204,ORD-010204,JazzCash,Paid,2026-07-03
PAY-010205,ORD-010205,Cash on Delivery,Paid,2026-07-07
PAY-010206,ORD-010206,Debit Card,Paid,2026-07-04
PAY-010207,ORD-010207,JazzCash,Paid,2026-07-06
PAY-010208,ORD-010208,Credit Card,Paid,2026-07-04
PAY-010209,ORD-010209,Credit Card,Paid,2026-07-06
PAY-010210,ORD-010210,Cash on Delivery,Paid,2026-07-07
PAY-010211,ORD-010211,Credit Card,Refunded,2026-07-06
PAY-010212,ORD-010212,Debit Card,Refunded,2026-07-06
PAY-010213,ORD-010213,Cash on Delivery,Refunded,2026-07-07
PAY-010214,ORD-010214,JazzCash,Paid,2026-07-04
PAY-010215,ORD-010215,Credit Card,Paid,2026-07-05
PAY-010216,ORD-010216,JazzCash,Paid,2026-07-06
PAY-010217,ORD-010217,Bank Transfer,Paid,2026-07-08
PAY-010218,ORD-010218,JazzCash,Paid,2026-07-05
PAY-010219,ORD-010219,Credit Card,Paid,2026-07-05
PAY-010220,ORD-010220,Cash on Delivery,Paid,2026-07-06
PAY-010221,ORD-010221,Debit Card,Paid,2026-07-05
PAY-010222,ORD-010222,Credit Card,Paid,2026-07-05
PAY-010223,ORD-010223,Cash on Delivery,Paid,2026-07-09
PAY-010224,ORD-010224,EasyPaisa,Paid,2026-07-06
PAY-010225,ORD-010225,Debit Card,Paid,2026-07-04
PAY-010226,ORD-010226,JazzCash,Paid,2026-07-04
PAY-010227,ORD-010227,Credit Card,Paid,2026-07-05
PAY-010228,ORD-010228,Cash on Delivery,Paid,2026-07-06
PAY-010229,ORD-010229,JazzCash,Paid,2026-07-05
PAY-010230,ORD-010230,Cash on Delivery,Refunded,2026-07-06
PAY-010231,ORD-010231,Credit Card,Paid,2026-07-05
PAY-010232,ORD-010232,Cash on Delivery,Paid,2026-07-06
PAY-010233,ORD-010233,Debit Card,Paid,2026-07-05
PAY-010234,ORD-010234,Credit Card,Refunded,2026-07-07
PAY-010235,ORD-010235,Credit Card,Paid,2026-07-06
PAY-010236,ORD-010236,Cash on Delivery,Paid,2026-07-10
PAY-010237,ORD-010237,Cash on Delivery,Paid,2026-07-08
PAY-010238,ORD-010238,JazzCash,Paid,2026-07-05
PAY-010239,ORD-010239,Bank Transfer,Paid,2026-07-08
PAY-010240,ORD-010240,Credit Card,Paid,2026-07-06
PAY-010241,ORD-010241,JazzCash,Paid,2026-07-08
PAY-010242,ORD-010242,JazzCash,Paid,2026-07-08
PAY-010243,ORD-010243,Debit Card,Paid,2026-07-06
PAY-010244,ORD-010244,Cash on Delivery,Paid,2026-07-09
PAY-010245,ORD-010245,EasyPaisa,Paid,2026-07-08
PAY-010246,ORD-010246,Cash on Delivery,Paid,2026-07-08
PAY-010247,ORD-010247,Bank Transfer,Failed,2026-07-12
PAY-010248,ORD-010248,Cash on Delivery,Paid,2026-07-07
PAY-010249,ORD-010249,Bank Transfer,Paid,2026-07-07
PAY-010250,ORD-010250,EasyPaisa,Paid,2026-07-06
PAY-010251,ORD-010251,Cash on Delivery,Paid,2026-07-12
PAY-010252,ORD-010252,Credit Card,Paid,2026-07-06
PAY-010253,ORD-010253,Debit Card,Paid,2026-07-08
PAY-010254,ORD-010254,JazzCash,Paid,2026-07-08
PAY-010255,ORD-010255,Cash on Delivery,Refunded,2026-07-08
PAY-010256,ORD-010256,Cash on Delivery,Refunded,2026-07-07
PAY-010257,ORD-010257,Cash on Delivery,Paid,2026-07-08
PAY-010258,ORD-010258,Cash on Delivery,Paid,2026-07-10
PAY-010259,ORD-010259,Cash on Delivery,Paid,2026-07-09
PAY-010260,ORD-010260,JazzCash,Paid,2026-07-07
PAY-010261,ORD-010261,JazzCash,Paid,2026-07-07
PAY-010262,ORD-010262,EasyPaisa,Paid,2026-07-07
PAY-010263,ORD-010263,Debit Card,Paid,2026-07-08
PAY-010264,ORD-010264,Credit Card,Paid,2026-07-07
PAY-010265,ORD-010265,Credit Card,Paid,2026-07-08
PAY-010266,ORD-010266,Debit Card,Paid,2026-07-09
PAY-010267,ORD-010267,Cash on Delivery,Paid,2026-07-10
PAY-010268,ORD-010268,Debit Card,Paid,2026-07-09
PAY-010269,ORD-010269,Credit Card,Paid,2026-07-09
PAY-010270,ORD-010270,Bank Transfer,Failed,2026-07-08
PAY-010271,ORD-010271,Cash on Delivery,Failed,2026-07-10
PAY-010272,ORD-010272,JazzCash,Paid,2026-07-08
PAY-010273,ORD-010273,JazzCash,Refunded,2026-07-09
PAY-010274,ORD-010274,Debit Card,Refunded,2026-07-07
PAY-010275,ORD-010275,JazzCash,Pending,2026-07-07
PAY-010276,ORD-010276,Cash on Delivery,Failed,2026-07-14
PAY-010277,ORD-010277,Debit Card,Paid,2026-07-08
PAY-010278,ORD-010278,Cash on Delivery,Paid,2026-07-09
PAY-010279,ORD-010279,Cash on Delivery,Pending,2026-07-13
PAY-010280,ORD-010280,Cash on Delivery,Refunded,2026-07-10
PAY-010281,ORD-010281,JazzCash,Pending,2026-07-09
PAY-010282,ORD-010282,Cash on Delivery,Paid,2026-07-11
PAY-010283,ORD-010283,EasyPaisa,Pending,2026-07-09
PAY-010284,ORD-010284,Debit Card,Paid,2026-07-08
PAY-010285,ORD-010285,Debit Card,Paid,2026-07-10
PAY-010286,ORD-010286,Cash on Delivery,Paid,2026-07-13
PAY-010287,ORD-010287,EasyPaisa,Paid,2026-07-09
PAY-010288,ORD-010288,Bank Transfer,Pending,2026-07-12
PAY-010289,ORD-010289,Credit Card,Paid,2026-07-10
PAY-010290,ORD-010290,Credit Card,Paid,2026-07-09
PAY-010291,ORD-010291,JazzCash,Pending,2026-07-09
PAY-010292,ORD-010292,Credit Card,Paid,2026-07-09
PAY-010293,ORD-010293,Cash on Delivery,Pending,2026-07-15
PAY-010294,ORD-010294,Credit Card,Paid,2026-07-10
PAY-010295,ORD-010295,Credit Card,Pending,2026-07-11
PAY-010296,ORD-010296,Credit Card,Paid,2026-07-11
PAY-010297,ORD-010297,Debit Card,Failed,2026-07-10
PAY-010298,ORD-010298,Cash on Delivery,Paid,2026-07-10
PAY-010299,ORD-010299,Cash on Delivery,Paid,2026-07-13
PAY-010300,ORD-010300,Bank Transfer,Paid,2026-07-13
PAY-010301,ORD-010301,Credit Card,Paid,2026-07-09
PAY-010302,ORD-010302,Credit Card,Paid,2026-07-10
PAY-010303,ORD-010303,Debit Card,Refunded,2026-07-10
PAY-010304,ORD-010304,Cash on Delivery,Refunded,2026-07-15
PAY-010305,ORD-010305,Debit Card,Refunded,2026-07-10
PAY-010306,ORD-010306,Cash on Delivery,Paid,2026-07-13
PAY-010307,ORD-010307,Credit Card,Paid,2026-07-09
PAY-010308,ORD-010308,Debit Card,Paid,2026-07-09
PAY-010309,ORD-010309,Credit Card,Paid,2026-07-11
PAY-010310,ORD-010310,Cash on Delivery,Paid,2026-07-10
PAY-010311,ORD-010311,Cash on Delivery,Paid,2026-07-12
PAY-010312,ORD-010312,Bank Transfer,Paid,2026-07-13
PAY-010313,ORD-010313,Credit Card,Failed,2026-07-11
PAY-010314,ORD-010314,Debit Card,Paid,2026-07-11
PAY-010315,ORD-010315,Debit Card,Paid,2026-07-09
PAY-010316,ORD-010316,Credit Card,Paid,2026-07-11
PAY-010317,ORD-010317,Cash on Delivery,Paid,2026-07-14
PAY-010318,ORD-010318,Credit Card,Paid,2026-07-12
PAY-010319,ORD-010319,Credit Card,Paid,2026-07-12
PAY-010320,ORD-010320,JazzCash,Paid,2026-07-10
PAY-010321,ORD-010321,JazzCash,Paid,2026-07-10
PAY-010322,ORD-010322,Cash on Delivery,Paid,2026-07-15
PAY-010323,ORD-010323,JazzCash,Paid,2026-07-12
PAY-010324,ORD-010324,Bank Transfer,Paid,2026-07-13
PAY-010325,ORD-010325,Credit Card,Paid,2026-07-10
PAY-010326,ORD-010326,Bank Transfer,Paid,2026-07-15
PAY-010327,ORD-010327,Cash on Delivery,Paid,2026-07-15
PAY-010328,ORD-010328,Debit Card,Paid,2026-07-12
PAY-010329,ORD-010329,Debit Card,Paid,2026-07-11
PAY-010330,ORD-010330,Cash on Delivery,Paid,2026-07-15
PAY-010331,ORD-010331,EasyPaisa,Failed,2026-07-12
PAY-010332,ORD-010332,Bank Transfer,Paid,2026-07-14
PAY-010333,ORD-010333,Credit Card,Paid,2026-07-11
PAY-010334,ORD-010334,Cash on Delivery,Pending,2026-07-11
PAY-010335,ORD-010335,Debit Card,Pending,2026-07-11
PAY-010336,ORD-010336,Bank Transfer,Paid,2026-07-16
PAY-010337,ORD-010337,Cash on Delivery,Failed,2026-07-13
PAY-010338,ORD-010338,Credit Card,Paid,2026-07-11
PAY-010339,ORD-010339,Credit Card,Refunded,2026-07-12
PAY-010340,ORD-010340,Debit Card,Paid,2026-07-11
PAY-010341,ORD-010341,Debit Card,Paid,2026-07-12
PAY-010342,ORD-010342,JazzCash,Paid,2026-07-13
PAY-010343,ORD-010343,EasyPaisa,Paid,2026-07-11
PAY-010344,ORD-010344,Cash on Delivery,Refunded,2026-07-14
PAY-010345,ORD-010345,EasyPaisa,Paid,2026-07-12
PAY-010346,ORD-010346,Cash on Delivery,Failed,2026-07-17
PAY-010347,ORD-010347,Credit Card,Paid,2026-07-12
PAY-010348,ORD-010348,Debit Card,Pending,2026-07-11
PAY-010349,ORD-010349,Credit Card,Paid,2026-07-13
PAY-010350,ORD-010350,EasyPaisa,Paid,2026-07-11
PAY-010351,ORD-010351,Cash on Delivery,Paid,2026-07-17
PAY-010352,ORD-010352,Credit Card,Paid,2026-07-12
PAY-010353,ORD-010353,EasyPaisa,Refunded,2026-07-14
PAY-010354,ORD-010354,EasyPaisa,Paid,2026-07-13
PAY-010355,ORD-010355,EasyPaisa,Paid,2026-07-12
PAY-010356,ORD-010356,Cash on Delivery,Paid,2026-07-14
PAY-010357,ORD-010357,Cash on Delivery,Refunded,2026-07-16
PAY-010358,ORD-010358,EasyPaisa,Paid,2026-07-12
PAY-010359,ORD-010359,Bank Transfer,Paid,2026-07-14
PAY-010360,ORD-010360,JazzCash,Paid,2026-07-12
PAY-010361,ORD-010361,Cash on Delivery,Refunded,2026-07-17
PAY-010362,ORD-010362,Debit Card,Paid,2026-07-15
PAY-010363,ORD-010363,EasyPaisa,Paid,2026-07-14
PAY-010364,ORD-010364,Credit Card,Paid,2026-07-13
PAY-010365,ORD-010365,EasyPaisa,Paid,2026-07-13
PAY-010366,ORD-010366,EasyPaisa,Refunded,2026-07-14
PAY-010367,ORD-010367,Cash on Delivery,Paid,2026-07-17
PAY-010368,ORD-010368,EasyPaisa,Paid,2026-07-15
PAY-010369,ORD-010369,Debit Card,Paid,2026-07-13
PAY-010370,ORD-010370,Credit Card,Paid,2026-07-15
PAY-010371,ORD-010371,JazzCash,Refunded,2026-07-15
PAY-010372,ORD-010372,Cash on Delivery,Refunded,2026-07-15
PAY-010373,ORD-010373,Cash on Delivery,Paid,2026-07-15
PAY-010374,ORD-010374,Cash on Delivery,Paid,2026-07-14
PAY-010375,ORD-010375,Cash on Delivery,Paid,2026-07-17
PAY-010376,ORD-010376,Cash on Delivery,Paid,2026-07-14
PAY-010377,ORD-010377,Bank Transfer,Paid,2026-07-14
PAY-010378,ORD-010378,Bank Transfer,Pending,2026-07-15
PAY-010379,ORD-010379,Cash on Delivery,Paid,2026-07-16
PAY-010380,ORD-010380,Cash on Delivery,Paid,2026-07-14
PAY-010381,ORD-010381,Credit Card,Paid,2026-07-13
PAY-010382,ORD-010382,JazzCash,Paid,2026-07-13
PAY-010383,ORD-010383,Cash on Delivery,Paid,2026-07-19
PAY-010384,ORD-010384,JazzCash,Paid,2026-07-13
PAY-010385,ORD-010385,Bank Transfer,Paid,2026-07-15
PAY-010386,ORD-010386,Cash on Delivery,Paid,2026-07-20
PAY-010387,ORD-010387,JazzCash,Paid,2026-07-14
PAY-010388,ORD-010388,Debit Card,Paid,2026-07-16
PAY-010389,ORD-010389,Cash on Delivery,Refunded,2026-07-15
PAY-010390,ORD-010390,Cash on Delivery,Pending,2026-07-18
PAY-010391,ORD-010391,JazzCash,Paid,2026-07-14
PAY-010392,ORD-010392,Cash on Delivery,Paid,2026-07-15
PAY-010393,ORD-010393,Bank Transfer,Failed,2026-07-17
PAY-010394,ORD-010394,Debit Card,Paid,2026-07-15
PAY-010395,ORD-010395,Debit Card,Paid,2026-07-16
PAY-010396,ORD-010396,Debit Card,Paid,2026-07-15
PAY-010397,ORD-010397,Debit Card,Paid,2026-07-16
PAY-010398,ORD-010398,Cash on Delivery,Paid,2026-07-20
PAY-010399,ORD-010399,Credit Card,Paid,2026-07-14
PAY-010400,ORD-010400,Credit Card,Paid,2026-07-15
PAY-010401,ORD-010401,Credit Card,Paid,2026-07-15
PAY-010402,ORD-010402,Credit Card,Paid,2026-07-17
PAY-010403,ORD-010403,JazzCash,Failed,2026-07-15
PAY-010404,ORD-010404,Credit Card,Paid,2026-07-16
PAY-010405,ORD-010405,Credit Card,Refunded,2026-07-16
PAY-010406,ORD-010406,Credit Card,Paid,2026-07-17
PAY-010407,ORD-010407,EasyPaisa,Refunded,2026-07-15
PAY-010408,ORD-010408,Cash on Delivery,Paid,2026-07-19
PAY-010409,ORD-010409,Credit Card,Failed,2026-07-15
PAY-010410,ORD-010410,Credit Card,Paid,2026-07-16
PAY-010411,ORD-010411,Cash on Delivery,Refunded,2026-07-17
PAY-010412,ORD-010412,Credit Card,Refunded,2026-07-17
PAY-010413,ORD-010413,JazzCash,Refunded,2026-07-17
PAY-010414,ORD-010414,JazzCash,Paid,2026-07-16
PAY-010415,ORD-010415,Cash on Delivery,Paid,2026-07-16
PAY-010416,ORD-010416,Credit Card,Paid,2026-07-16
PAY-010417,ORD-010417,Credit Card,Refunded,2026-07-16
PAY-010418,ORD-010418,Credit Card,Paid,2026-07-17
PAY-010419,ORD-010419,Credit Card,Paid,2026-07-18
PAY-010420,ORD-010420,Credit Card,Paid,2026-07-16
PAY-010421,ORD-010421,EasyPaisa,Refunded,2026-07-17
PAY-010422,ORD-010422,Debit Card,Refunded,2026-07-18
PAY-010423,ORD-010423,Cash on Delivery,Paid,2026-07-20
PAY-010424,ORD-010424,Cash on Delivery,Paid,2026-07-21
PAY-010425,ORD-010425,JazzCash,Paid,2026-07-16
PAY-010426,ORD-010426,Debit Card,Paid,2026-07-17
PAY-010427,ORD-010427,EasyPaisa,Paid,2026-07-16
PAY-010428,ORD-010428,Cash on Delivery,Refunded,2026-07-18
PAY-010429,ORD-010429,Cash on Delivery,Paid,2026-07-18
PAY-010430,ORD-010430,EasyPaisa,Paid,2026-07-17
PAY-010431,ORD-010431,Cash on Delivery,Refunded,2026-07-21
PAY-010432,ORD-010432,Cash on Delivery,Paid,2026-07-22
PAY-010433,ORD-010433,Cash on Delivery,Paid,2026-07-17
PAY-010434,ORD-010434,Debit Card,Paid,2026-07-16
PAY-010435,ORD-010435,Debit Card,Paid,2026-07-16
PAY-010436,ORD-010436,Debit Card,Paid,2026-07-19
PAY-010437,ORD-010437,Credit Card,Pending,2026-07-17
PAY-010438,ORD-010438,Credit Card,Paid,2026-07-19
PAY-010439,ORD-010439,Credit Card,Paid,2026-07-19
PAY-010440,ORD-010440,EasyPaisa,Paid,2026-07-17
PAY-010441,ORD-010441,Cash on Delivery,Pending,2026-07-20
PAY-010442,ORD-010442,Debit Card,Paid,2026-07-19
PAY-010443,ORD-010443,Cash on Delivery,Refunded,2026-07-19
PAY-010444,ORD-010444,Cash on Delivery,Paid,2026-07-18
PAY-010445,ORD-010445,JazzCash,Paid,2026-07-17
PAY-010446,ORD-010446,Cash on Delivery,Paid,2026-07-19
PAY-010447,ORD-010447,Credit Card,Paid,2026-07-19
PAY-010448,ORD-010448,Credit Card,Paid,2026-07-17
PAY-010449,ORD-010449,Cash on Delivery,Paid,2026-07-20
PAY-010450,ORD-010450,Credit Card,Paid,2026-07-19
PAY-010451,ORD-010451,Cash on Delivery,Refunded,2026-07-23
PAY-010452,ORD-010452,Cash on Delivery,Paid,2026-07-18
PAY-010453,ORD-010453,Debit Card,Refunded,2026-07-19
PAY-010454,ORD-010454,Credit Card,Refunded,2026-07-19
PAY-010455,ORD-010455,Cash on Delivery,Refunded,2026-07-23
PAY-010456,ORD-010456,EasyPaisa,Pending,2026-07-18
PAY-010457,ORD-010457,Debit Card,Paid,2026-07-18
PAY-010458,ORD-010458,JazzCash,Paid,2026-07-18
PAY-010459,ORD-010459,Cash on Delivery,Refunded,2026-07-20
PAY-010460,ORD-010460,Credit Card,Paid,2026-07-18
PAY-010461,ORD-010461,EasyPaisa,Paid,2026-07-19
PAY-010462,ORD-010462,Cash on Delivery,Failed,2026-07-21
PAY-010463,ORD-010463,JazzCash,Refunded,2026-07-18
PAY-010464,ORD-010464,Debit Card,Failed,2026-07-18
PAY-010465,ORD-010465,Cash on Delivery,Paid,2026-07-24
PAY-010466,ORD-010466,Credit Card,Paid,2026-07-18
PAY-010467,ORD-010467,JazzCash,Refunded,2026-07-19
PAY-010468,ORD-010468,EasyPaisa,Paid,2026-07-18
PAY-010469,ORD-010469,Debit Card,Paid,2026-07-18
PAY-010470,ORD-010470,JazzCash,Paid,2026-07-18
PAY-010471,ORD-010471,Cash on Delivery,Pending,2026-07-22
PAY-010472,ORD-010472,Credit Card,Paid,2026-07-18
PAY-010473,ORD-010473,Cash on Delivery,Failed,2026-07-19
PAY-010474,ORD-010474,JazzCash,Paid,2026-07-18
PAY-010475,ORD-010475,Cash on Delivery,Paid,2026-07-24
PAY-010476,ORD-010476,JazzCash,Refunded,2026-07-20
PAY-010477,ORD-010477,Debit Card,Refunded,2026-07-20
PAY-010478,ORD-010478,Cash on Delivery,Paid,2026-07-20
PAY-010479,ORD-010479,Cash on Delivery,Paid,2026-07-21
PAY-010480,ORD-010480,Credit Card,Paid,2026-07-18
PAY-010481,ORD-010481,Debit Card,Paid,2026-07-20
PAY-010482,ORD-010482,Credit Card,Paid,2026-07-19
PAY-010483,ORD-010483,JazzCash,Pending,2026-07-19
PAY-010484,ORD-010484,JazzCash,Refunded,2026-07-21
PAY-010485,ORD-010485,Cash on Delivery,Paid,2026-07-20
PAY-010486,ORD-010486,EasyPaisa,Paid,2026-07-21
PAY-010487,ORD-010487,Credit Card,Paid,2026-07-20
PAY-010488,ORD-010488,Bank Transfer,Paid,2026-07-23
PAY-010489,ORD-010489,Credit Card,Paid,2026-07-21
PAY-010490,ORD-010490,Credit Card,Paid,2026-07-21
PAY-010491,ORD-010491,Credit Card,Paid,2026-07-20
PAY-010492,ORD-010492,Debit Card,Paid,2026-07-20
PAY-010493,ORD-010493,Cash on Delivery,Paid,2026-07-25
PAY-010494,ORD-010494,JazzCash,Paid,2026-07-21
PAY-010495,ORD-010495,Cash on Delivery,Pending,2026-07-24
PAY-010496,ORD-010496,Cash on Delivery,Paid,2026-07-24
PAY-010497,ORD-010497,Cash on Delivery,Paid,2026-07-22
PAY-010498,ORD-010498,Cash on Delivery,Refunded,2026-07-25
PAY-010499,ORD-010499,Cash on Delivery,Paid,2026-07-22
PAY-010500,ORD-010500,Credit Card,Paid,2026-07-21
PAY-010501,ORD-010501,Cash on Delivery,Refunded,2026-07-25
PAY-010502,ORD-010502,Debit Card,Failed,2026-07-21
PAY-010503,ORD-010503,JazzCash,Paid,2026-07-20
PAY-010504,ORD-010504,Cash on Delivery,Paid,2026-07-23
PAY-010505,ORD-010505,Credit Card,Pending,2026-07-22
PAY-010506,ORD-010506,Credit Card,Refunded,2026-07-21
PAY-010507,ORD-010507,Debit Card,Paid,2026-07-22
PAY-010508,ORD-010508,Debit Card,Failed,2026-07-21
PAY-010509,ORD-010509,Cash on Delivery,Paid,2026-07-21
PAY-010510,ORD-010510,Cash on Delivery,Paid,2026-07-22
PAY-010511,ORD-010511,Debit Card,Paid,2026-07-20
PAY-010512,ORD-010512,Debit Card,Paid,2026-07-21
PAY-010513,ORD-010513,Credit Card,Paid,2026-07-20
PAY-010514,ORD-010514,EasyPaisa,Refunded,2026-07-20
PAY-010515,ORD-010515,Debit Card,Paid,2026-07-21
PAY-010516,ORD-010516,Debit Card,Paid,2026-07-21
PAY-010517,ORD-010517,Credit Card,Paid,2026-07-22
PAY-010518,ORD-010518,Debit Card,Refunded,2026-07-22
PAY-010519,ORD-010519,Credit Card,Paid,2026-07-21
PAY-010520,ORD-010520,EasyPaisa,Failed,2026-07-22
PAY-010521,ORD-010521,Credit Card,Paid,2026-07-21
PAY-010522,ORD-010522,Cash on Delivery,Failed,2026-07-27
PAY-010523,ORD-010523,Cash on Delivery,Paid,2026-07-25
PAY-010524,ORD-010524,Cash on Delivery,Paid,2026-07-23
PAY-010525,ORD-010525,Debit Card,Refunded,2026-07-23
PAY-010526,ORD-010526,Credit Card,Refunded,2026-07-21
PAY-010527,ORD-010527,Credit Card,Paid,2026-07-22
PAY-010528,ORD-010528,EasyPaisa,Refunded,2026-07-22
PAY-010529,ORD-010529,Cash on Delivery,Paid,2026-07-22
PAY-010530,ORD-010530,Cash on Delivery,Paid,2026-07-23
PAY-010531,ORD-010531,Credit Card,Paid,2026-07-23
PAY-010532,ORD-010532,Cash on Delivery,Paid,2026-07-23
PAY-010533,ORD-010533,Cash on Delivery,Paid,2026-07-22
PAY-010534,ORD-010534,Cash on Delivery,Paid,2026-07-22
PAY-010535,ORD-010535,Credit Card,Pending,2026-07-21
PAY-010536,ORD-010536,EasyPaisa,Paid,2026-07-21
PAY-010537,ORD-010537,JazzCash,Paid,2026-07-22
PAY-010538,ORD-010538,EasyPaisa,Paid,2026-07-23
PAY-010539,ORD-010539,Bank Transfer,Paid,2026-07-25
PAY-010540,ORD-010540,Debit Card,Refunded,2026-07-23
PAY-010541,ORD-010541,JazzCash,Refunded,2026-07-24
PAY-010542,ORD-010542,Credit Card,Paid,2026-07-22
PAY-010543,ORD-010543,Debit Card,Paid,2026-07-24
PAY-010544,ORD-010544,Credit Card,Paid,2026-07-23
PAY-010545,ORD-010545,Credit Card,Pending,2026-07-22
PAY-010546,ORD-010546,Credit Card,Paid,2026-07-22
PAY-010547,ORD-010547,EasyPaisa,Refunded,2026-07-23
PAY-010548,ORD-010548,Credit Card,Paid,2026-07-23
PAY-010549,ORD-010549,Cash on Delivery,Paid,2026-07-26
PAY-010550,ORD-010550,Cash on Delivery,Refunded,2026-07-24
PAY-010551,ORD-010551,Credit Card,Paid,2026-07-23
PAY-010552,ORD-010552,Debit Card,Refunded,2026-07-22
PAY-010553,ORD-010553,Cash on Delivery,Paid,2026-07-27
PAY-010554,ORD-010554,Cash on Delivery,Paid,2026-07-24
PAY-010555,ORD-010555,Credit Card,Paid,2026-07-23
PAY-010556,ORD-010556,JazzCash,Paid,2026-07-22
PAY-010557,ORD-010557,Credit Card,Paid,2026-07-22
PAY-010558,ORD-010558,Cash on Delivery,Refunded,2026-07-27
PAY-010559,ORD-010559,Credit Card,Paid,2026-07-23
PAY-010560,ORD-010560,Credit Card,Paid,2026-07-23
PAY-010561,ORD-010561,Bank Transfer,Paid,2026-07-26
PAY-010562,ORD-010562,EasyPaisa,Paid,2026-07-25
PAY-010563,ORD-010563,Bank Transfer,Paid,2026-07-28
PAY-010564,ORD-010564,Credit Card,Paid,2026-07-23
PAY-010565,ORD-010565,JazzCash,Refunded,2026-07-23
PAY-010566,ORD-010566,Credit Card,Paid,2026-07-24
PAY-010567,ORD-010567,Cash on Delivery,Paid,2026-07-26
PAY-010568,ORD-010568,Debit Card,Refunded,2026-07-24
PAY-010569,ORD-010569,Cash on Delivery,Refunded,2026-07-26
PAY-010570,ORD-010570,Cash on Delivery,Refunded,2026-07-29
PAY-010571,ORD-010571,Cash on Delivery,Paid,2026-07-28
PAY-010572,ORD-010572,Cash on Delivery,Failed,2026-07-28
PAY-010573,ORD-010573,Debit Card,Paid,2026-07-25
PAY-010574,ORD-010574,JazzCash,Paid,2026-07-23
PAY-010575,ORD-010575,Credit Card,Paid,2026-07-25
PAY-010576,ORD-010576,Cash on Delivery,Paid,2026-07-27
PAY-010577,ORD-010577,Credit Card,Paid,2026-07-25
PAY-010578,ORD-010578,EasyPaisa,Paid,2026-07-26
PAY-010579,ORD-010579,Credit Card,Paid,2026-07-25
PAY-010580,ORD-010580,Credit Card,Refunded,2026-07-24
PAY-010581,ORD-010581,Credit Card,Paid,2026-07-24
PAY-010582,ORD-010582,Debit Card,Paid,2026-07-24
PAY-010583,ORD-010583,EasyPaisa,Paid,2026-07-25
PAY-010584,ORD-010584,Cash on Delivery,Paid,2026-07-26
PAY-010585,ORD-010585,Debit Card,Paid,2026-07-24
PAY-010586,ORD-010586,Bank Transfer,Paid,2026-07-26
PAY-010587,ORD-010587,Bank Transfer,Paid,2026-07-29
PAY-010588,ORD-010588,Credit Card,Paid,2026-07-24
PAY-010589,ORD-010589,JazzCash,Paid,2026-07-24
PAY-010590,ORD-010590,EasyPaisa,Refunded,2026-07-25
PAY-010591,ORD-010591,Cash on Delivery,Refunded,2026-07-28
PAY-010592,ORD-010592,Cash on Delivery,Paid,2026-07-29
PAY-010593,ORD-010593,Cash on Delivery,Paid,2026-07-26
PAY-010594,ORD-010594,Cash on Delivery,Refunded,2026-07-30
PAY-010595,ORD-010595,Credit Card,Pending,2026-07-25
PAY-010596,ORD-010596,JazzCash,Paid,2026-07-25
PAY-010597,ORD-010597,Debit Card,Paid,2026-07-25
PAY-010598,ORD-010598,EasyPaisa,Paid,2026-07-26
PAY-010599,ORD-010599,Debit Card,Paid,2026-07-26
PAY-010600,ORD-010600,Credit Card,Refunded,2026-07-25
PAY-010601,ORD-010601,Credit Card,Paid,2026-07-26
PAY-010602,ORD-010602,Cash on Delivery,Refunded,2026-07-29
PAY-010603,ORD-010603,Cash on Delivery,Refunded,2026-07-31
PAY-010604,ORD-010604,Cash on Delivery,Paid,2026-07-28
PAY-010605,ORD-010605,Debit Card,Paid,2026-07-27
PAY-010606,ORD-010606,Cash on Delivery,Paid,2026-07-30
PAY-010607,ORD-010607,Cash on Delivery,Paid,2026-07-31
PAY-010608,ORD-010608,Debit Card,Pending,2026-07-27
PAY-010609,ORD-010609,Credit Card,Paid,2026-07-26
PAY-010610,ORD-010610,JazzCash,Failed,2026-07-25
PAY-010611,ORD-010611,EasyPaisa,Paid,2026-07-27
PAY-010612,ORD-010612,Cash on Delivery,Refunded,2026-07-29
PAY-010613,ORD-010613,Debit Card,Paid,2026-07-25
PAY-010614,ORD-010614,Credit Card,Paid,2026-07-25
PAY-010615,ORD-010615,Credit Card,Paid,2026-07-26
PAY-010616,ORD-010616,JazzCash,Pending,2026-07-25
PAY-010617,ORD-010617,JazzCash,Paid,2026-07-26
PAY-010618,ORD-010618,JazzCash,Paid,2026-07-26
PAY-010619,ORD-010619,JazzCash,Paid,2026-07-27
PAY-010620,ORD-010620,Debit Card,Paid,2026-07-26
PAY-010621,ORD-010621,JazzCash,Paid,2026-07-26
PAY-010622,ORD-010622,JazzCash,Paid,2026-07-27
PAY-010623,ORD-010623,Credit Card,Failed,2026-07-28
PAY-010624,ORD-010624,Credit Card,Paid,2026-07-27
PAY-010625,ORD-010625,Cash on Delivery,Paid,2026-07-29
PAY-010626,ORD-010626,Cash on Delivery,Paid,2026-07-29
PAY-010627,ORD-010627,Credit Card,Paid,2026-07-26
PAY-010628,ORD-010628,Cash on Delivery,Paid,2026-08-01
PAY-010629,ORD-010629,Bank Transfer,Paid,2026-07-28
PAY-010630,ORD-010630,Credit Card,Paid,2026-07-28
PAY-010631,ORD-010631,Credit Card,Refunded,2026-07-28
PAY-010632,ORD-010632,Cash on Delivery,Refunded,2026-08-01
PAY-010633,ORD-010633,Cash on Delivery,Paid,2026-07-31
PAY-010634,ORD-010634,Bank Transfer,Paid,2026-07-31
PAY-010635,ORD-010635,Credit Card,Paid,2026-07-28
PAY-010636,ORD-010636,JazzCash,Paid,2026-07-27
PAY-010637,ORD-010637,Credit Card,Failed,2026-07-27
PAY-010638,ORD-010638,Debit Card,Refunded,2026-07-27
PAY-010639,ORD-010639,Debit Card,Paid,2026-07-27
PAY-010640,ORD-010640,Cash on Delivery,Paid,2026-08-01
PAY-010641,ORD-010641,Debit Card,Paid,2026-07-27
PAY-010642,ORD-010642,Credit Card,Paid,2026-07-27
PAY-010643,ORD-010643,Cash on Delivery,Paid,2026-08-02
PAY-010644,ORD-010644,JazzCash,Paid,2026-07-29
PAY-010645,ORD-010645,JazzCash,Paid,2026-07-29
PAY-010646,ORD-010646,Credit Card,Paid,2026-07-27
PAY-010647,ORD-010647,EasyPaisa,Paid,2026-07-29
PAY-010648,ORD-010648,Credit Card,Paid,2026-07-29
PAY-010649,ORD-010649,JazzCash,Paid,2026-07-29
PAY-010650,ORD-010650,Credit Card,Refunded,2026-07-27
PAY-010651,ORD-010651,JazzCash,Paid,2026-07-28
PAY-010652,ORD-010652,JazzCash,Paid,2026-07-27
PAY-010653,ORD-010653,Credit Card,Paid,2026-07-29
PAY-010654,ORD-010654,Cash on Delivery,Pending,2026-07-30
PAY-010655,ORD-010655,EasyPaisa,Paid,2026-07-29
PAY-010656,ORD-010656,Debit Card,Paid,2026-07-29
PAY-010657,ORD-010657,Cash on Delivery,Refunded,2026-08-02
PAY-010658,ORD-010658,Cash on Delivery,Refunded,2026-07-31
PAY-010659,ORD-010659,Credit Card,Paid,2026-07-30
PAY-010660,ORD-010660,JazzCash,Paid,2026-07-29
PAY-010661,ORD-010661,Credit Card,Paid,2026-07-29
PAY-010662,ORD-010662,Cash on Delivery,Paid,2026-07-30
PAY-010663,ORD-010663,Cash on Delivery,Paid,2026-08-02
PAY-010664,ORD-010664,Debit Card,Pending,2026-07-28
PAY-010665,ORD-010665,Credit Card,Paid,2026-07-30
PAY-010666,ORD-010666,Credit Card,Paid,2026-07-29
PAY-010667,ORD-010667,Credit Card,Pending,2026-07-28
PAY-010668,ORD-010668,Credit Card,Refunded,2026-07-28
PAY-010669,ORD-010669,Cash on Delivery,Paid,2026-07-29
PAY-010670,ORD-010670,Cash on Delivery,Paid,2026-07-31
PAY-010671,ORD-010671,Cash on Delivery,Paid,2026-07-31
PAY-010672,ORD-010672,Credit Card,Paid,2026-07-28
PAY-010673,ORD-010673,JazzCash,Paid,2026-07-30
PAY-010674,ORD-010674,JazzCash,Paid,2026-07-29
PAY-010675,ORD-010675,Debit Card,Pending,2026-07-29
PAY-010676,ORD-010676,Debit Card,Paid,2026-07-30
PAY-010677,ORD-010677,Credit Card,Refunded,2026-07-28
PAY-010678,ORD-010678,JazzCash,Paid,2026-07-28
PAY-010679,ORD-010679,Credit Card,Paid,2026-07-28
PAY-010680,ORD-010680,Credit Card,Paid,2026-07-29
PAY-010681,ORD-010681,Credit Card,Paid,2026-07-30
PAY-010682,ORD-010682,Credit Card,Failed,2026-07-31
PAY-010683,ORD-010683,Debit Card,Paid,2026-07-30
PAY-010684,ORD-010684,JazzCash,Paid,2026-07-29
PAY-010685,ORD-010685,Debit Card,Paid,2026-07-31
PAY-010686,ORD-010686,EasyPaisa,Paid,2026-07-31
PAY-010687,ORD-010687,Credit Card,Paid,2026-07-29
PAY-010688,ORD-010688,EasyPaisa,Paid,2026-07-29
PAY-010689,ORD-010689,Cash on Delivery,Pending,2026-07-30
PAY-010690,ORD-010690,Cash on Delivery,Paid,2026-07-31
PAY-010691,ORD-010691,Cash on Delivery,Paid,2026-07-31
PAY-010692,ORD-010692,Cash on Delivery,Paid,2026-08-01
PAY-010693,ORD-010693,Credit Card,Pending,2026-07-29
PAY-010694,ORD-010694,Debit Card,Paid,2026-07-29
PAY-010695,ORD-010695,Debit Card,Paid,2026-07-30
PAY-010696,ORD-010696,Credit Card,Failed,2026-07-30
PAY-010697,ORD-010697,Cash on Delivery,Paid,2026-07-30
PAY-010698,ORD-010698,Credit Card,Paid,2026-07-30
PAY-010699,ORD-010699,JazzCash,Refunded,2026-07-29
PAY-010700,ORD-010700,Bank Transfer,Paid,2026-07-30
PAY-010701,ORD-010701,Debit Card,Paid,2026-07-29
PAY-010702,ORD-010702,Cash on Delivery,Paid,2026-08-03
PAY-010703,ORD-010703,Cash on Delivery,Paid,2026-08-05
PAY-010704,ORD-010704,JazzCash,Paid,2026-07-30
PAY-010705,ORD-010705,Cash on Delivery,Refunded,2026-08-04
PAY-010706,ORD-010706,Cash on Delivery,Paid,2026-08-02
PAY-010707,ORD-010707,JazzCash,Paid,2026-07-31
PAY-010708,ORD-010708,Debit Card,Pending,2026-08-01
PAY-010709,ORD-010709,Cash on Delivery,Paid,2026-08-05
PAY-010710,ORD-010710,Debit Card,Paid,2026-07-31
PAY-010711,ORD-010711,Credit Card,Paid,2026-07-31
PAY-010712,ORD-010712,Credit Card,Paid,2026-07-31
PAY-010713,ORD-010713,JazzCash,Paid,2026-07-31
PAY-010714,ORD-010714,JazzCash,Paid,2026-08-01
PAY-010715,ORD-010715,Credit Card,Paid,2026-07-31
PAY-010716,ORD-010716,JazzCash,Paid,2026-08-01
PAY-010717,ORD-010717,EasyPaisa,Refunded,2026-07-31
PAY-010718,ORD-010718,JazzCash,Paid,2026-07-31
PAY-010719,ORD-010719,Cash on Delivery,Paid,2026-08-01
PAY-010720,ORD-010720,JazzCash,Paid,2026-07-31
PAY-010721,ORD-010721,Credit Card,Paid,2026-07-31
PAY-010722,ORD-010722,JazzCash,Paid,2026-08-02
PAY-010723,ORD-010723,Credit Card,Paid,2026-08-01
PAY-010724,ORD-010724,Cash on Delivery,Refunded,2026-08-02
PAY-010725,ORD-010725,Cash on Delivery,Paid,2026-08-04
PAY-010726,ORD-010726,Credit Card,Paid,2026-08-02
PAY-010727,ORD-010727,JazzCash,Paid,2026-08-01
PAY-010728,ORD-010728,Cash on Delivery,Paid,2026-08-01
PAY-010729,ORD-010729,Cash on Delivery,Paid,2026-08-05
PAY-010730,ORD-010730,Cash on Delivery,Paid,2026-08-06
PAY-010731,ORD-010731,Debit Card,Paid,2026-07-31
PAY-010732,ORD-010732,Debit Card,Pending,2026-08-01
PAY-010733,ORD-010733,Credit Card,Refunded,2026-08-02
PAY-010734,ORD-010734,Credit Card,Refunded,2026-08-01
PAY-010735,ORD-010735,Credit Card,Paid,2026-08-02
PAY-010736,ORD-010736,Cash on Delivery,Paid,2026-08-05
PAY-010737,ORD-010737,Credit Card,Paid,2026-08-01
PAY-010738,ORD-010738,EasyPaisa,Paid,2026-08-01
PAY-010739,ORD-010739,JazzCash,Paid,2026-08-01
PAY-010740,ORD-010740,EasyPaisa,Pending,2026-07-31
PAY-010741,ORD-010741,JazzCash,Failed,2026-08-02
PAY-010742,ORD-010742,Cash on Delivery,Paid,2026-08-03
PAY-010743,ORD-010743,Credit Card,Paid,2026-08-01
PAY-010744,ORD-010744,Debit Card,Paid,2026-08-02
PAY-010745,ORD-010745,EasyPaisa,Paid,2026-08-02
PAY-010746,ORD-010746,Cash on Delivery,Paid,2026-08-04
PAY-010747,ORD-010747,Debit Card,Paid,2026-08-03
PAY-010748,ORD-010748,Cash on Delivery,Paid,2026-08-06
PAY-010749,ORD-010749,Credit Card,Refunded,2026-08-01
PAY-010750,ORD-010750,JazzCash,Paid,2026-08-02
PAY-010751,ORD-010751,Debit Card,Pending,2026-08-02
PAY-010752,ORD-010752,Credit Card,Paid,2026-08-02
PAY-010753,ORD-010753,Credit Card,Paid,2026-08-02
PAY-010754,ORD-010754,Credit Card,Paid,2026-08-03
PAY-010755,ORD-010755,Cash on Delivery,Paid,2026-08-04
PAY-010756,ORD-010756,Debit Card,Paid,2026-08-03
PAY-010757,ORD-010757,Debit Card,Paid,2026-08-02
PAY-010758,ORD-010758,Bank Transfer,Paid,2026-08-03
PAY-010759,ORD-010759,Cash on Delivery,Paid,2026-08-02
PAY-010760,ORD-010760,JazzCash,Paid,2026-08-02
PAY-010761,ORD-010761,JazzCash,Paid,2026-08-04
PAY-010762,ORD-010762,Credit Card,Paid,2026-08-04
PAY-010763,ORD-010763,Debit Card,Paid,2026-08-04
PAY-010764,ORD-010764,JazzCash,Paid,2026-08-02
PAY-010765,ORD-010765,Cash on Delivery,Paid,2026-08-06
PAY-010766,ORD-010766,Credit Card,Paid,2026-08-04
PAY-010767,ORD-010767,Cash on Delivery,Paid,2026-08-08
PAY-010768,ORD-010768,Cash on Delivery,Failed,2026-08-06
PAY-010769,ORD-010769,Debit Card,Refunded,2026-08-03
PAY-010770,ORD-010770,Credit Card,Paid,2026-08-04
PAY-010771,ORD-010771,JazzCash,Paid,2026-08-03
PAY-010772,ORD-010772,JazzCash,Failed,2026-08-04
PAY-010773,ORD-010773,Cash on Delivery,Refunded,2026-08-06
PAY-010774,ORD-010774,EasyPaisa,Paid,2026-08-04
PAY-010775,ORD-010775,Credit Card,Paid,2026-08-03
PAY-010776,ORD-010776,JazzCash,Refunded,2026-08-03
PAY-010777,ORD-010777,Cash on Delivery,Paid,2026-08-04
PAY-010778,ORD-010778,Debit Card,Paid,2026-08-04
PAY-010779,ORD-010779,Debit Card,Paid,2026-08-03
PAY-010780,ORD-010780,Debit Card,Paid,2026-08-03
PAY-010781,ORD-010781,Cash on Delivery,Paid,2026-08-05
PAY-010782,ORD-010782,Credit Card,Paid,2026-08-03
PAY-010783,ORD-010783,Cash on Delivery,Failed,2026-08-05
PAY-010784,ORD-010784,Cash on Delivery,Refunded,2026-08-05
PAY-010785,ORD-010785,Debit Card,Paid,2026-08-04
PAY-010786,ORD-010786,Credit Card,Refunded,2026-08-04
PAY-010787,ORD-010787,Cash on Delivery,Paid,2026-08-05
PAY-010788,ORD-010788,Debit Card,Paid,2026-08-04
PAY-010789,ORD-010789,JazzCash,Paid,2026-08-05
PAY-010790,ORD-010790,Credit Card,Paid,2026-08-03
PAY-010791,ORD-010791,Debit Card,Refunded,2026-08-04
PAY-010792,ORD-010792,Credit Card,Paid,2026-08-06
PAY-010793,ORD-010793,Cash on Delivery,Paid,2026-08-05
PAY-010794,ORD-010794,Debit Card,Paid,2026-08-05
PAY-010795,ORD-010795,Cash on Delivery,Refunded,2026-08-06
PAY-010796,ORD-010796,Credit Card,Paid,2026-08-04
PAY-010797,ORD-010797,EasyPaisa,Paid,2026-08-05
PAY-010798,ORD-010798,Cash on Delivery,Refunded,2026-08-08
PAY-010799,ORD-010799,Bank Transfer,Paid,2026-08-07
PAY-010800,ORD-010800,Credit Card,Paid,2026-08-04
PAY-010801,ORD-010801,Debit Card,Refunded,2026-08-05
PAY-010802,ORD-010802,JazzCash,Paid,2026-08-06
PAY-010803,ORD-010803,Credit Card,Paid,2026-08-04
PAY-010804,ORD-010804,Credit Card,Paid,2026-08-06
PAY-010805,ORD-010805,Bank Transfer,Paid,2026-08-05
PAY-010806,ORD-010806,Debit Card,Paid,2026-08-04
PAY-010807,ORD-010807,Cash on Delivery,Paid,2026-08-08
PAY-010808,ORD-010808,JazzCash,Paid,2026-08-05
PAY-010809,ORD-010809,Cash on Delivery,Paid,2026-08-08
PAY-010810,ORD-010810,Credit Card,Refunded,2026-08-07
PAY-010811,ORD-010811,Credit Card,Paid,2026-08-05
PAY-010812,ORD-010812,Bank Transfer,Paid,2026-08-10
PAY-010813,ORD-010813,Cash on Delivery,Paid,2026-08-11
PAY-010814,ORD-010814,JazzCash,Paid,2026-08-07
PAY-010815,ORD-010815,EasyPaisa,Paid,2026-08-05
PAY-010816,ORD-010816,Debit Card,Paid,2026-08-05
PAY-010817,ORD-010817,Credit Card,Paid,2026-08-07
PAY-010818,ORD-010818,Debit Card,Paid,2026-08-07
PAY-010819,ORD-010819,JazzCash,Paid,2026-08-05
PAY-010820,ORD-010820,Credit Card,Paid,2026-08-05
PAY-010821,ORD-010821,Debit Card,Refunded,2026-08-05
PAY-010822,ORD-010822,Cash on Delivery,Paid,2026-08-09
PAY-010823,ORD-010823,Credit Card,Paid,2026-08-06
PAY-010824,ORD-010824,Debit Card,Failed,2026-08-05
PAY-010825,ORD-010825,Cash on Delivery,Paid,2026-08-08
PAY-010826,ORD-010826,Cash on Delivery,Paid,2026-08-06
PAY-010827,ORD-010827,JazzCash,Failed,2026-08-05
PAY-010828,ORD-010828,JazzCash,Paid,2026-08-06
PAY-010829,ORD-010829,Bank Transfer,Refunded,2026-08-09
PAY-010830,ORD-010830,Cash on Delivery,Paid,2026-08-08
PAY-010831,ORD-010831,JazzCash,Pending,2026-08-05
PAY-010832,ORD-010832,Credit Card,Paid,2026-08-05
PAY-010833,ORD-010833,Cash on Delivery,Paid,2026-08-07
PAY-010834,ORD-010834,Bank Transfer,Paid,2026-08-07
PAY-010835,ORD-010835,Cash on Delivery,Paid,2026-08-10
PAY-010836,ORD-010836,Debit Card,Paid,2026-08-06
PAY-010837,ORD-010837,EasyPaisa,Pending,2026-08-07
PAY-010838,ORD-010838,EasyPaisa,Paid,2026-08-07
PAY-010839,ORD-010839,JazzCash,Pending,2026-08-05
PAY-010840,ORD-010840,EasyPaisa,Failed,2026-08-06
PAY-010841,ORD-010841,EasyPaisa,Paid,2026-08-05
PAY-010842,ORD-010842,Debit Card,Refunded,2026-08-07
PAY-010843,ORD-010843,Credit Card,Paid,2026-08-07
PAY-010844,ORD-010844,JazzCash,Pending,2026-08-07
PAY-010845,ORD-010845,Cash on Delivery,Paid,2026-08-07
PAY-010846,ORD-010846,Debit Card,Paid,2026-08-07
PAY-010847,ORD-010847,Cash on Delivery,Failed,2026-08-07
PAY-010848,ORD-010848,Bank Transfer,Paid,2026-08-07
PAY-010849,ORD-010849,JazzCash,Paid,2026-08-08
PAY-010850,ORD-010850,Credit Card,Paid,2026-08-06
PAY-010851,ORD-010851,Cash on Delivery,Refunded,2026-08-09
PAY-010852,ORD-010852,JazzCash,Paid,2026-08-08
PAY-010853,ORD-010853,Cash on Delivery,Paid,2026-08-11
PAY-010854,ORD-010854,JazzCash,Pending,2026-08-07
PAY-010855,ORD-010855,Cash on Delivery,Refunded,2026-08-08
PAY-010856,ORD-010856,Cash on Delivery,Paid,2026-08-08
PAY-010857,ORD-010857,JazzCash,Paid,2026-08-08
PAY-010858,ORD-010858,Cash on Delivery,Paid,2026-08-09
PAY-010859,ORD-010859,EasyPaisa,Paid,2026-08-07
PAY-010860,ORD-010860,Debit Card,Paid,2026-08-06
PAY-010861,ORD-010861,Credit Card,Paid,2026-08-08
PAY-010862,ORD-010862,Cash on Delivery,Pending,2026-08-09
PAY-010863,ORD-010863,JazzCash,Paid,2026-08-08
PAY-010864,ORD-010864,Cash on Delivery,Paid,2026-08-07
PAY-010865,ORD-010865,JazzCash,Paid,2026-08-07
PAY-010866,ORD-010866,Cash on Delivery,Paid,2026-08-08
PAY-010867,ORD-010867,Cash on Delivery,Paid,2026-08-08
PAY-010868,ORD-010868,Credit Card,Paid,2026-08-07
PAY-010869,ORD-010869,Debit Card,Failed,2026-08-08
PAY-010870,ORD-010870,JazzCash,Pending,2026-08-08
PAY-010871,ORD-010871,Debit Card,Paid,2026-08-09
PAY-010872,ORD-010872,EasyPaisa,Failed,2026-08-08
PAY-010873,ORD-010873,Credit Card,Paid,2026-08-09
PAY-010874,ORD-010874,Cash on Delivery,Paid,2026-08-13
PAY-010875,ORD-010875,Debit Card,Pending,2026-08-07
PAY-010876,ORD-010876,Bank Transfer,Paid,2026-08-12
PAY-010877,ORD-010877,JazzCash,Refunded,2026-08-07
PAY-010878,ORD-010878,Debit Card,Paid,2026-08-09
PAY-010879,ORD-010879,Debit Card,Paid,2026-08-09
PAY-010880,ORD-010880,Cash on Delivery,Paid,2026-08-09
PAY-010881,ORD-010881,Cash on Delivery,Paid,2026-08-13
PAY-010882,ORD-010882,Cash on Delivery,Paid,2026-08-12
PAY-010883,ORD-010883,JazzCash,Failed,2026-08-10
PAY-010884,ORD-010884,JazzCash,Refunded,2026-08-10
PAY-010885,ORD-010885,Credit Card,Paid,2026-08-09
PAY-010886,ORD-010886,JazzCash,Paid,2026-08-10
PAY-010887,ORD-010887,JazzCash,Paid,2026-08-10
PAY-010888,ORD-010888,Credit Card,Paid,2026-08-08
PAY-010889,ORD-010889,JazzCash,Paid,2026-08-08
PAY-010890,ORD-010890,JazzCash,Paid,2026-08-08
PAY-010891,ORD-010891,Bank Transfer,Paid,2026-08-10
PAY-010892,ORD-010892,Credit Card,Paid,2026-08-08
PAY-010893,ORD-010893,EasyPaisa,Pending,2026-08-10
PAY-010894,ORD-010894,Debit Card,Paid,2026-08-08
PAY-010895,ORD-010895,Cash on Delivery,Paid,2026-08-11
PAY-010896,ORD-010896,Credit Card,Paid,2026-08-10
PAY-010897,ORD-010897,Bank Transfer,Refunded,2026-08-12
PAY-010898,ORD-010898,Credit Card,Paid,2026-08-08
PAY-010899,ORD-010899,JazzCash,Paid,2026-08-08
PAY-010900,ORD-010900,Credit Card,Paid,2026-08-08
PAY-010901,ORD-010901,Cash on Delivery,Refunded,2026-08-14
PAY-010902,ORD-010902,Bank Transfer,Paid,2026-08-09
PAY-010903,ORD-010903,Debit Card,Paid,2026-08-08
PAY-010904,ORD-010904,JazzCash,Paid,2026-08-10
PAY-010905,ORD-010905,Credit Card,Paid,2026-08-10
PAY-010906,ORD-010906,Credit Card,Refunded,2026-08-10
PAY-010907,ORD-010907,Cash on Delivery,Paid,2026-08-11
PAY-010908,ORD-010908,Cash on Delivery,Paid,2026-08-12
PAY-010909,ORD-010909,Credit Card,Paid,2026-08-09
PAY-010910,ORD-010910,JazzCash,Pending,2026-08-08
PAY-010911,ORD-010911,EasyPaisa,Paid,2026-08-09
PAY-010912,ORD-010912,Credit Card,Paid,2026-08-08
PAY-010913,ORD-010913,Credit Card,Pending,2026-08-11
PAY-010914,ORD-010914,Cash on Delivery,Paid,2026-08-15
PAY-010915,ORD-010915,Cash on Delivery,Paid,2026-08-14
PAY-010916,ORD-010916,Credit Card,Paid,2026-08-11
PAY-010917,ORD-010917,Credit Card,Refunded,2026-08-09
PAY-010918,ORD-010918,Debit Card,Paid,2026-08-10
PAY-010919,ORD-010919,JazzCash,Paid,2026-08-10
PAY-010920,ORD-010920,Credit Card,Refunded,2026-08-11
PAY-010921,ORD-010921,Credit Card,Pending,2026-08-10
PAY-010922,ORD-010922,Credit Card,Paid,2026-08-11
PAY-010923,ORD-010923,JazzCash,Refunded,2026-08-12
PAY-010924,ORD-010924,EasyPaisa,Paid,2026-08-10
PAY-010925,ORD-010925,JazzCash,Paid,2026-08-12
PAY-010926,ORD-010926,Credit Card,Paid,2026-08-11
PAY-010927,ORD-010927,Debit Card,Paid,2026-08-12
PAY-010928,ORD-010928,JazzCash,Paid,2026-08-10
PAY-010929,ORD-010929,Debit Card,Paid,2026-08-12
PAY-010930,ORD-010930,EasyPaisa,Paid,2026-08-10
PAY-010931,ORD-010931,Credit Card,Paid,2026-08-12
PAY-010932,ORD-010932,EasyPaisa,Refunded,2026-08-11
PAY-010933,ORD-010933,JazzCash,Paid,2026-08-11
PAY-010934,ORD-010934,JazzCash,Paid,2026-08-12
PAY-010935,ORD-010935,Debit Card,Refunded,2026-08-11
PAY-010936,ORD-010936,Credit Card,Paid,2026-08-10
PAY-010937,ORD-010937,Debit Card,Refunded,2026-08-11
PAY-010938,ORD-010938,Bank Transfer,Paid,2026-08-13
PAY-010939,ORD-010939,JazzCash,Pending,2026-08-12
PAY-010940,ORD-010940,JazzCash,Paid,2026-08-11
PAY-010941,ORD-010941,Cash on Delivery,Paid,2026-08-12
PAY-010942,ORD-010942,JazzCash,Paid,2026-08-11
PAY-010943,ORD-010943,Bank Transfer,Paid,2026-08-14
PAY-010944,ORD-010944,EasyPaisa,Paid,2026-08-12
PAY-010945,ORD-010945,Credit Card,Refunded,2026-08-11
PAY-010946,ORD-010946,EasyPaisa,Paid,2026-08-11
PAY-010947,ORD-010947,Cash on Delivery,Failed,2026-08-12
PAY-010948,ORD-010948,Credit Card,Failed,2026-08-12
PAY-010949,ORD-010949,Credit Card,Paid,2026-08-12
PAY-010950,ORD-010950,Bank Transfer,Failed,2026-08-15
PAY-010951,ORD-010951,Debit Card,Pending,2026-08-11
PAY-010952,ORD-010952,Debit Card,Refunded,2026-08-13
PAY-010953,ORD-010953,Credit Card,Refunded,2026-08-12
PAY-010954,ORD-010954,Credit Card,Paid,2026-08-12
PAY-010955,ORD-010955,JazzCash,Paid,2026-08-13
PAY-010956,ORD-010956,Bank Transfer,Paid,2026-08-16
PAY-010957,ORD-010957,JazzCash,Failed,2026-08-13
PAY-010958,ORD-010958,Debit Card,Paid,2026-08-12
PAY-010959,ORD-010959,Bank Transfer,Paid,2026-08-17
PAY-010960,ORD-010960,Cash on Delivery,Pending,2026-08-17
PAY-010961,ORD-010961,JazzCash,Refunded,2026-08-13
PAY-010962,ORD-010962,Credit Card,Failed,2026-08-12
PAY-010963,ORD-010963,Credit Card,Paid,2026-08-11
PAY-010964,ORD-010964,Credit Card,Paid,2026-08-13
PAY-010965,ORD-010965,Debit Card,Paid,2026-08-12
PAY-010966,ORD-010966,Bank Transfer,Pending,2026-08-15
PAY-010967,ORD-010967,Cash on Delivery,Paid,2026-08-14
PAY-010968,ORD-010968,Credit Card,Paid,2026-08-12
PAY-010969,ORD-010969,Credit Card,Paid,2026-08-12
PAY-010970,ORD-010970,Credit Card,Paid,2026-08-11
PAY-010971,ORD-010971,Debit Card,Paid,2026-08-11
PAY-010972,ORD-010972,EasyPaisa,Paid,2026-08-13
PAY-010973,ORD-010973,Cash on Delivery,Refunded,2026-08-15
PAY-010974,ORD-010974,Credit Card,Paid,2026-08-13
PAY-010975,ORD-010975,JazzCash,Pending,2026-08-13
PAY-010976,ORD-010976,Credit Card,Paid,2026-08-13
PAY-010977,ORD-010977,Credit Card,Paid,2026-08-12
PAY-010978,ORD-010978,Cash on Delivery,Paid,2026-08-17
PAY-010979,ORD-010979,Cash on Delivery,Refunded,2026-08-18
PAY-010980,ORD-010980,EasyPaisa,Failed,2026-08-12
PAY-010981,ORD-010981,Cash on Delivery,Paid,2026-08-18
PAY-010982,ORD-010982,Credit Card,Paid,2026-08-14
PAY-010983,ORD-010983,Cash on Delivery,Paid,2026-08-15
PAY-010984,ORD-010984,Credit Card,Failed,2026-08-12
PAY-010985,ORD-010985,JazzCash,Refunded,2026-08-12
PAY-010986,ORD-010986,Credit Card,Paid,2026-08-12
PAY-010987,ORD-010987,Cash on Delivery,Paid,2026-08-13
PAY-010988,ORD-010988,Credit Card,Refunded,2026-08-13
PAY-010989,ORD-010989,Credit Card,Refunded,2026-08-14
PAY-010990,ORD-010990,Credit Card,Paid,2026-08-12
PAY-010991,ORD-010991,Cash on Delivery,Paid,2026-08-16
PAY-010992,ORD-010992,Cash on Delivery,Refunded,2026-08-14
PAY-010993,ORD-010993,Credit Card,Paid,2026-08-12
PAY-010994,ORD-010994,Credit Card,Paid,2026-08-12
PAY-010995,ORD-010995,Debit Card,Paid,2026-08-15
PAY-010996,ORD-010996,JazzCash,Paid,2026-08-14
PAY-010997,ORD-010997,Credit Card,Paid,2026-08-13
PAY-010998,ORD-010998,JazzCash,Paid,2026-08-15
PAY-010999,ORD-010999,Bank Transfer,Paid,2026-08-18
PAY-011000,ORD-011000,EasyPaisa,Refunded,2026-08-15
PAY-011001,ORD-011001,Cash on Delivery,Failed,2026-08-16
PAY-011002,ORD-011002,Debit Card,Paid,2026-08-14
PAY-011003,ORD-011003,Debit Card,Paid,2026-08-13
PAY-011004,ORD-011004,Cash on Delivery,Paid,2026-08-14
PAY-011005,ORD-011005,JazzCash,Paid,2026-08-15
PAY-011006,ORD-011006,Cash on Delivery,Refunded,2026-08-17
PAY-011007,ORD-011007,Cash on Delivery,Paid,2026-08-15
PAY-011008,ORD-011008,Credit Card,Refunded,2026-08-14
PAY-011009,ORD-011009,Cash on Delivery,Paid,2026-08-18
PAY-011010,ORD-011010,Debit Card,Paid,2026-08-13
PAY-011011,ORD-011011,Debit Card,Paid,2026-08-14
PAY-011012,ORD-011012,JazzCash,Paid,2026-08-14
PAY-011013,ORD-011013,JazzCash,Refunded,2026-08-14
PAY-011014,ORD-011014,JazzCash,Paid,2026-08-15
PAY-011015,ORD-011015,Bank Transfer,Paid,2026-08-19
PAY-011016,ORD-011016,Credit Card,Paid,2026-08-15
PAY-011017,ORD-011017,Cash on Delivery,Paid,2026-08-20
PAY-011018,ORD-011018,EasyPaisa,Refunded,2026-08-14
PAY-011019,ORD-011019,Debit Card,Paid,2026-08-15
PAY-011020,ORD-011020,Cash on Delivery,Paid,2026-08-17
PAY-011021,ORD-011021,EasyPaisa,Paid,2026-08-15
PAY-011022,ORD-011022,Debit Card,Paid,2026-08-14
PAY-011023,ORD-011023,Cash on Delivery,Paid,2026-08-18
PAY-011024,ORD-011024,Debit Card,Pending,2026-08-14
PAY-011025,ORD-011025,Bank Transfer,Paid,2026-08-19
PAY-011026,ORD-011026,Cash on Delivery,Paid,2026-08-18
PAY-011027,ORD-011027,Cash on Delivery,Refunded,2026-08-15
PAY-011028,ORD-011028,JazzCash,Paid,2026-08-14
PAY-011029,ORD-011029,Credit Card,Paid,2026-08-14
PAY-011030,ORD-011030,Cash on Delivery,Paid,2026-08-20
PAY-011031,ORD-011031,JazzCash,Paid,2026-08-15
PAY-011032,ORD-011032,JazzCash,Paid,2026-08-15
PAY-011033,ORD-011033,Cash on Delivery,Paid,2026-08-15
PAY-011034,ORD-011034,Cash on Delivery,Paid,2026-08-16
PAY-011035,ORD-011035,Debit Card,Paid,2026-08-16
PAY-011036,ORD-011036,Credit Card,Pending,2026-08-14
PAY-011037,ORD-011037,JazzCash,Paid,2026-08-17
PAY-011038,ORD-011038,Cash on Delivery,Pending,2026-08-16
PAY-011039,ORD-011039,Credit Card,Pending,2026-08-17
PAY-011040,ORD-011040,Cash on Delivery,Paid,2026-08-20
PAY-011041,ORD-011041,Cash on Delivery,Refunded,2026-08-16
PAY-011042,ORD-011042,Debit Card,Paid,2026-08-15
PAY-011043,ORD-011043,Cash on Delivery,Paid,2026-08-20
PAY-011044,ORD-011044,Credit Card,Failed,2026-08-17
PAY-011045,ORD-011045,Cash on Delivery,Paid,2026-08-19
PAY-011046,ORD-011046,JazzCash,Paid,2026-08-16
PAY-011047,ORD-011047,Credit Card,Pending,2026-08-17
PAY-011048,ORD-011048,JazzCash,Paid,2026-08-16
PAY-011049,ORD-011049,Cash on Delivery,Failed,2026-08-19
PAY-011050,ORD-011050,Bank Transfer,Refunded,2026-08-16
PAY-011051,ORD-011051,EasyPaisa,Paid,2026-08-17
PAY-011052,ORD-011052,Cash on Delivery,Refunded,2026-08-20
PAY-011053,ORD-011053,Credit Card,Paid,2026-08-16
PAY-011054,ORD-011054,JazzCash,Pending,2026-08-16
PAY-011055,ORD-011055,Cash on Delivery,Refunded,2026-08-18
PAY-011056,ORD-011056,Credit Card,Paid,2026-08-17
PAY-011057,ORD-011057,JazzCash,Failed,2026-08-16
PAY-011058,ORD-011058,Credit Card,Paid,2026-08-17
PAY-011059,ORD-011059,Credit Card,Refunded,2026-08-16
PAY-011060,ORD-011060,JazzCash,Pending,2026-08-16
PAY-011061,ORD-011061,Cash on Delivery,Paid,2026-08-19
PAY-011062,ORD-011062,Debit Card,Refunded,2026-08-16
PAY-011063,ORD-011063,Credit Card,Pending,2026-08-17
PAY-011064,ORD-011064,Cash on Delivery,Paid,2026-08-22
PAY-011065,ORD-011065,EasyPaisa,Failed,2026-08-18
PAY-011066,ORD-011066,Debit Card,Paid,2026-08-16
PAY-011067,ORD-011067,JazzCash,Paid,2026-08-16
PAY-011068,ORD-011068,Cash on Delivery,Paid,2026-08-17
PAY-011069,ORD-011069,Debit Card,Paid,2026-08-18
PAY-011070,ORD-011070,Credit Card,Refunded,2026-08-18
PAY-011071,ORD-011071,JazzCash,Paid,2026-08-18
PAY-011072,ORD-011072,Debit Card,Paid,2026-08-17
PAY-011073,ORD-011073,JazzCash,Paid,2026-08-17
PAY-011074,ORD-011074,EasyPaisa,Paid,2026-08-17
PAY-011075,ORD-011075,Debit Card,Paid,2026-08-16
PAY-011076,ORD-011076,Credit Card,Paid,2026-08-18
PAY-011077,ORD-011077,Cash on Delivery,Paid,2026-08-19
PAY-011078,ORD-011078,Cash on Delivery,Paid,2026-08-23
PAY-011079,ORD-011079,Cash on Delivery,Paid,2026-08-23
PAY-011080,ORD-011080,Cash on Delivery,Paid,2026-08-18
PAY-011081,ORD-011081,Debit Card,Paid,2026-08-19
PAY-011082,ORD-011082,Debit Card,Failed,2026-08-19
PAY-011083,ORD-011083,JazzCash,Paid,2026-08-18
PAY-011084,ORD-011084,Credit Card,Paid,2026-08-18
PAY-011085,ORD-011085,Debit Card,Paid,2026-08-17
PAY-011086,ORD-011086,JazzCash,Paid,2026-08-19
PAY-011087,ORD-011087,Cash on Delivery,Paid,2026-08-21
PAY-011088,ORD-011088,Credit Card,Paid,2026-08-19
PAY-011089,ORD-011089,Cash on Delivery,Paid,2026-08-23
PAY-011090,ORD-011090,JazzCash,Paid,2026-08-17
PAY-011091,ORD-011091,JazzCash,Paid,2026-08-17
PAY-011092,ORD-011092,Cash on Delivery,Paid,2026-08-21
PAY-011093,ORD-011093,EasyPaisa,Refunded,2026-08-19
PAY-011094,ORD-011094,Debit Card,Refunded,2026-08-17
PAY-011095,ORD-011095,JazzCash,Paid,2026-08-18
PAY-011096,ORD-011096,Debit Card,Paid,2026-08-18
PAY-011097,ORD-011097,Cash on Delivery,Paid,2026-08-18
PAY-011098,ORD-011098,Debit Card,Paid,2026-08-18
PAY-011099,ORD-011099,JazzCash,Paid,2026-08-17
PAY-011100,ORD-011100,Debit Card,Failed,2026-08-17
PAY-011101,ORD-011101,Credit Card,Paid,2026-08-18
PAY-011102,ORD-011102,Credit Card,Refunded,2026-08-19
PAY-011103,ORD-011103,JazzCash,Paid,2026-08-17
PAY-011104,ORD-011104,Cash on Delivery,Paid,2026-08-21
PAY-011105,ORD-011105,Cash on Delivery,Paid,2026-08-18
PAY-011106,ORD-011106,Cash on Delivery,Paid,2026-08-23
PAY-011107,ORD-011107,Debit Card,Paid,2026-08-20
PAY-011108,ORD-011108,Cash on Delivery,Paid,2026-08-24
PAY-011109,ORD-011109,JazzCash,Paid,2026-08-20
PAY-011110,ORD-011110,EasyPaisa,Refunded,2026-08-20
PAY-011111,ORD-011111,Cash on Delivery,Paid,2026-08-19
PAY-011112,ORD-011112,JazzCash,Paid,2026-08-19
PAY-011113,ORD-011113,Cash on Delivery,Pending,2026-08-23
PAY-011114,ORD-011114,Credit Card,Refunded,2026-08-18
PAY-011115,ORD-011115,Credit Card,Paid,2026-08-19
PAY-011116,ORD-011116,EasyPaisa,Paid,2026-08-18
PAY-011117,ORD-011117,EasyPaisa,Pending,2026-08-18
PAY-011118,ORD-011118,Cash on Delivery,Paid,2026-08-21
PAY-011119,ORD-011119,Debit Card,Refunded,2026-08-19
PAY-011120,ORD-011120,Debit Card,Paid,2026-08-18
PAY-011121,ORD-011121,Debit Card,Failed,2026-08-20
PAY-011122,ORD-011122,Cash on Delivery,Refunded,2026-08-22
PAY-011123,ORD-011123,Credit Card,Paid,2026-08-20
PAY-011124,ORD-011124,Debit Card,Paid,2026-08-18
PAY-011125,ORD-011125,Credit Card,Paid,2026-08-19
PAY-011126,ORD-011126,Cash on Delivery,Paid,2026-08-21
PAY-011127,ORD-011127,JazzCash,Paid,2026-08-18
PAY-011128,ORD-011128,EasyPaisa,Paid,2026-08-20
PAY-011129,ORD-011129,Debit Card,Paid,2026-08-19
PAY-011130,ORD-011130,Bank Transfer,Paid,2026-08-21
PAY-011131,ORD-011131,EasyPaisa,Paid,2026-08-19
PAY-011132,ORD-011132,Cash on Delivery,Refunded,2026-08-19
PAY-011133,ORD-011133,JazzCash,Paid,2026-08-18
PAY-011134,ORD-011134,JazzCash,Paid,2026-08-20
PAY-011135,ORD-011135,Credit Card,Paid,2026-08-21
PAY-011136,ORD-011136,Cash on Delivery,Paid,2026-08-20
PAY-011137,ORD-011137,Cash on Delivery,Paid,2026-08-22
PAY-011138,ORD-011138,Cash on Delivery,Paid,2026-08-23
PAY-011139,ORD-011139,JazzCash,Paid,2026-08-21
PAY-011140,ORD-011140,Debit Card,Paid,2026-08-20
PAY-011141,ORD-011141,JazzCash,Paid,2026-08-20
PAY-011142,ORD-011142,Credit Card,Paid,2026-08-19
PAY-011143,ORD-011143,JazzCash,Paid,2026-08-19
PAY-011144,ORD-011144,Debit Card,Refunded,2026-08-21
PAY-011145,ORD-011145,Credit Card,Paid,2026-08-19
PAY-011146,ORD-011146,Credit Card,Paid,2026-08-19
PAY-011147,ORD-011147,EasyPaisa,Refunded,2026-08-21
PAY-011148,ORD-011148,Cash on Delivery,Refunded,2026-08-25
PAY-011149,ORD-011149,Cash on Delivery,Paid,2026-08-24
PAY-011150,ORD-011150,JazzCash,Paid,2026-08-20
PAY-011151,ORD-011151,Cash on Delivery,Paid,2026-08-21
PAY-011152,ORD-011152,Cash on Delivery,Paid,2026-08-22
PAY-011153,ORD-011153,EasyPaisa,Paid,2026-08-21
PAY-011154,ORD-011154,EasyPaisa,Paid,2026-08-22
PAY-011155,ORD-011155,Bank Transfer,Paid,2026-08-26
PAY-011156,ORD-011156,Debit Card,Paid,2026-08-20
PAY-011157,ORD-011157,EasyPaisa,Refunded,2026-08-20
PAY-011158,ORD-011158,Credit Card,Paid,2026-08-22
PAY-011159,ORD-011159,Debit Card,Paid,2026-08-21
PAY-011160,ORD-011160,Credit Card,Paid,2026-08-22
PAY-011161,ORD-011161,Cash on Delivery,Paid,2026-08-21
PAY-011162,ORD-011162,Cash on Delivery,Paid,2026-08-25
PAY-011163,ORD-011163,Cash on Delivery,Refunded,2026-08-22
PAY-011164,ORD-011164,JazzCash,Paid,2026-08-20
PAY-011165,ORD-011165,JazzCash,Refunded,2026-08-21
PAY-011166,ORD-011166,Cash on Delivery,Paid,2026-08-23
PAY-011167,ORD-011167,Cash on Delivery,Paid,2026-08-24
PAY-011168,ORD-011168,JazzCash,Refunded,2026-08-22
PAY-011169,ORD-011169,Bank Transfer,Paid,2026-08-26
PAY-011170,ORD-011170,Cash on Delivery,Paid,2026-08-24
PAY-011171,ORD-011171,EasyPaisa,Failed,2026-08-22
PAY-011172,ORD-011172,Debit Card,Paid,2026-08-21
PAY-011173,ORD-011173,JazzCash,Paid,2026-08-22
PAY-011174,ORD-011174,Cash on Delivery,Refunded,2026-08-22
PAY-011175,ORD-011175,Credit Card,Paid,2026-08-20
PAY-011176,ORD-011176,Debit Card,Paid,2026-08-21
PAY-011177,ORD-011177,Debit Card,Refunded,2026-08-22
PAY-011178,ORD-011178,EasyPaisa,Paid,2026-08-20
PAY-011179,ORD-011179,JazzCash,Paid,2026-08-22
PAY-011180,ORD-011180,Cash on Delivery,Paid,2026-08-24
PAY-011181,ORD-011181,JazzCash,Paid,2026-08-23
PAY-011182,ORD-011182,Credit Card,Paid,2026-08-21
PAY-011183,ORD-011183,Debit Card,Paid,2026-08-23
PAY-011184,ORD-011184,Cash on Delivery,Paid,2026-08-23
PAY-011185,ORD-011185,Cash on Delivery,Paid,2026-08-26
PAY-011186,ORD-011186,Credit Card,Paid,2026-08-21
PAY-011187,ORD-011187,Cash on Delivery,Paid,2026-08-22
PAY-011188,ORD-011188,Bank Transfer,Paid,2026-08-22
PAY-011189,ORD-011189,Credit Card,Paid,2026-08-22
PAY-011190,ORD-011190,EasyPaisa,Refunded,2026-08-21
PAY-011191,ORD-011191,JazzCash,Paid,2026-08-22
PAY-011192,ORD-011192,Cash on Delivery,Paid,2026-08-25
PAY-011193,ORD-011193,Cash on Delivery,Pending,2026-08-26
PAY-011194,ORD-011194,Credit Card,Refunded,2026-08-23
PAY-011195,ORD-011195,EasyPaisa,Refunded,2026-08-24
PAY-011196,ORD-011196,Cash on Delivery,Paid,2026-08-28
PAY-011197,ORD-011197,JazzCash,Paid,2026-08-22
PAY-011198,ORD-011198,Credit Card,Paid,2026-08-23
PAY-011199,ORD-011199,Cash on Delivery,Paid,2026-08-25
PAY-011200,ORD-011200,Debit Card,Paid,2026-08-24
PAY-011201,ORD-011201,Credit Card,Paid,2026-08-24
PAY-011202,ORD-011202,JazzCash,Paid,2026-08-24
PAY-011203,ORD-011203,Bank Transfer,Refunded,2026-08-27
PAY-011204,ORD-011204,Debit Card,Paid,2026-08-22
PAY-011205,ORD-011205,Cash on Delivery,Pending,2026-08-27
PAY-011206,ORD-011206,Cash on Delivery,Refunded,2026-08-23
PAY-011207,ORD-011207,JazzCash,Paid,2026-08-24
PAY-011208,ORD-011208,Debit Card,Refunded,2026-08-22
PAY-011209,ORD-011209,EasyPaisa,Paid,2026-08-23
PAY-011210,ORD-011210,Credit Card,Paid,2026-08-25
PAY-011211,ORD-011211,Debit Card,Paid,2026-08-25
PAY-011212,ORD-011212,Cash on Delivery,Paid,2026-08-25
PAY-011213,ORD-011213,Debit Card,Paid,2026-08-24
PAY-011214,ORD-011214,Cash on Delivery,Paid,2026-08-26
PAY-011215,ORD-011215,JazzCash,Paid,2026-08-25
PAY-011216,ORD-011216,EasyPaisa,Paid,2026-08-23
PAY-011217,ORD-011217,Credit Card,Refunded,2026-08-24
PAY-011218,ORD-011218,Credit Card,Paid,2026-08-23
PAY-011219,ORD-011219,Credit Card,Paid,2026-08-23
PAY-011220,ORD-011220,JazzCash,Paid,2026-08-24
PAY-011221,ORD-011221,Debit Card,Paid,2026-08-25
PAY-011222,ORD-011222,Debit Card,Paid,2026-08-25
PAY-011223,ORD-011223,Credit Card,Paid,2026-08-26
PAY-011224,ORD-011224,JazzCash,Paid,2026-08-26
PAY-011225,ORD-011225,JazzCash,Paid,2026-08-24
PAY-011226,ORD-011226,Credit Card,Paid,2026-08-24
PAY-011227,ORD-011227,Cash on Delivery,Paid,2026-08-29
PAY-011228,ORD-011228,Credit Card,Paid,2026-08-24
PAY-011229,ORD-011229,Debit Card,Paid,2026-08-24
PAY-011230,ORD-011230,Credit Card,Paid,2026-08-25
PAY-011231,ORD-011231,Cash on Delivery,Paid,2026-08-27
PAY-011232,ORD-011232,Cash on Delivery,Paid,2026-08-25
PAY-011233,ORD-011233,JazzCash,Paid,2026-08-26
PAY-011234,ORD-011234,Credit Card,Refunded,2026-08-25
PAY-011235,ORD-011235,Debit Card,Paid,2026-08-25
PAY-011236,ORD-011236,Cash on Delivery,Paid,2026-08-26
PAY-011237,ORD-011237,EasyPaisa,Paid,2026-08-26
PAY-011238,ORD-011238,Debit Card,Paid,2026-08-26
PAY-011239,ORD-011239,JazzCash,Paid,2026-08-26
PAY-011240,ORD-011240,Cash on Delivery,Paid,2026-08-27
PAY-011241,ORD-011241,JazzCash,Paid,2026-08-26
PAY-011242,ORD-011242,Bank Transfer,Refunded,2026-08-29
PAY-011243,ORD-011243,Cash on Delivery,Paid,2026-08-30
PAY-011244,ORD-011244,JazzCash,Paid,2026-08-26
PAY-011245,ORD-011245,EasyPaisa,Paid,2026-08-26
PAY-011246,ORD-011246,Debit Card,Paid,2026-08-24
PAY-011247,ORD-011247,Debit Card,Pending,2026-08-24
PAY-011248,ORD-011248,EasyPaisa,Refunded,2026-08-26
PAY-011249,ORD-011249,Debit Card,Paid,2026-08-26
PAY-011250,ORD-011250,Debit Card,Paid,2026-08-25
PAY-011251,ORD-011251,JazzCash,Failed,2026-08-25
PAY-011252,ORD-011252,Cash on Delivery,Paid,2026-08-28
PAY-011253,ORD-011253,JazzCash,Paid,2026-08-25
PAY-011254,ORD-011254,Debit Card,Paid,2026-08-26
PAY-011255,ORD-011255,Debit Card,Refunded,2026-08-26
PAY-011256,ORD-011256,Cash on Delivery,Paid,2026-08-31
PAY-011257,ORD-011257,Cash on Delivery,Paid,2026-08-29
PAY-011258,ORD-011258,Credit Card,Paid,2026-08-27
PAY-011259,ORD-011259,Cash on Delivery,Paid,2026-08-28
PAY-011260,ORD-011260,Bank Transfer,Paid,2026-08-31
PAY-011261,ORD-011261,Bank Transfer,Paid,2026-08-27
PAY-011262,ORD-011262,JazzCash,Paid,2026-08-27
PAY-011263,ORD-011263,Cash on Delivery,Paid,2026-08-30
PAY-011264,ORD-011264,Cash on Delivery,Refunded,2026-08-26
PAY-011265,ORD-011265,Credit Card,Paid,2026-08-26
PAY-011266,ORD-011266,Credit Card,Paid,2026-08-26
PAY-011267,ORD-011267,Debit Card,Paid,2026-08-27
PAY-011268,ORD-011268,Cash on Delivery,Refunded,2026-08-31
PAY-011269,ORD-011269,Credit Card,Paid,2026-08-28
PAY-011270,ORD-011270,EasyPaisa,Refunded,2026-08-26
PAY-011271,ORD-011271,Cash on Delivery,Paid,2026-08-28
PAY-011272,ORD-011272,Cash on Delivery,Refunded,2026-08-28
PAY-011273,ORD-011273,Credit Card,Paid,2026-08-26
PAY-011274,ORD-011274,Debit Card,Pending,2026-08-26
PAY-011275,ORD-011275,JazzCash,Paid,2026-08-27
PAY-011276,ORD-011276,JazzCash,Paid,2026-08-27
PAY-011277,ORD-011277,Debit Card,Paid,2026-08-26
PAY-011278,ORD-011278,JazzCash,Paid,2026-08-27
PAY-011279,ORD-011279,Credit Card,Paid,2026-08-28
PAY-011280,ORD-011280,JazzCash,Paid,2026-08-26
PAY-011281,ORD-011281,Credit Card,Paid,2026-08-28
PAY-011282,ORD-011282,Bank Transfer,Paid,2026-08-27
PAY-011283,ORD-011283,Credit Card,Refunded,2026-08-28
PAY-011284,ORD-011284,Bank Transfer,Paid,2026-08-28
PAY-011285,ORD-011285,Credit Card,Paid,2026-08-26
PAY-011286,ORD-011286,Cash on Delivery,Paid,2026-09-01
PAY-011287,ORD-011287,Credit Card,Paid,2026-08-28
PAY-011288,ORD-011288,JazzCash,Paid,2026-08-26
PAY-011289,ORD-011289,EasyPaisa,Refunded,2026-08-28
PAY-011290,ORD-011290,EasyPaisa,Refunded,2026-08-26
PAY-011291,ORD-011291,JazzCash,Paid,2026-08-26
PAY-011292,ORD-011292,Cash on Delivery,Paid,2026-08-30
PAY-011293,ORD-011293,Credit Card,Paid,2026-08-29
PAY-011294,ORD-011294,Debit Card,Paid,2026-08-28
PAY-011295,ORD-011295,JazzCash,Paid,2026-08-28
PAY-011296,ORD-011296,Debit Card,Paid,2026-08-28
PAY-011297,ORD-011297,Cash on Delivery,Refunded,2026-09-01
PAY-011298,ORD-011298,Credit Card,Paid,2026-08-29
PAY-011299,ORD-011299,Credit Card,Paid,2026-08-28
PAY-011300,ORD-011300,Cash on Delivery,Paid,2026-09-01
PAY-011301,ORD-011301,Debit Card,Refunded,2026-08-27
PAY-011302,ORD-011302,Bank Transfer,Paid,2026-08-31
PAY-011303,ORD-011303,Bank Transfer,Refunded,2026-08-30
PAY-011304,ORD-011304,Cash on Delivery,Refunded,2026-08-28
PAY-011305,ORD-011305,Cash on Delivery,Refunded,2026-08-29
PAY-011306,ORD-011306,Credit Card,Refunded,2026-08-29
PAY-011307,ORD-011307,Credit Card,Refunded,2026-08-28
PAY-011308,ORD-011308,Bank Transfer,Paid,2026-08-31
PAY-011309,ORD-011309,JazzCash,Paid,2026-08-29
PAY-011310,ORD-011310,Cash on Delivery,Pending,2026-09-01
PAY-011311,ORD-011311,Credit Card,Pending,2026-08-27
PAY-011312,ORD-011312,Cash on Delivery,Paid,2026-08-29
PAY-011313,ORD-011313,Debit Card,Paid,2026-08-28
PAY-011314,ORD-011314,Cash on Delivery,Paid,2026-09-02
PAY-011315,ORD-011315,Credit Card,Paid,2026-08-29
PAY-011316,ORD-011316,Cash on Delivery,Refunded,2026-09-02
PAY-011317,ORD-011317,JazzCash,Paid,2026-08-28
PAY-011318,ORD-011318,JazzCash,Failed,2026-08-27
PAY-011319,ORD-011319,JazzCash,Refunded,2026-08-27
PAY-011320,ORD-011320,Credit Card,Paid,2026-08-29
PAY-011321,ORD-011321,Cash on Delivery,Paid,2026-08-31
PAY-011322,ORD-011322,Credit Card,Refunded,2026-08-30
PAY-011323,ORD-011323,JazzCash,Paid,2026-08-28
PAY-011324,ORD-011324,Bank Transfer,Pending,2026-09-01
PAY-011325,ORD-011325,Credit Card,Paid,2026-08-29
PAY-011326,ORD-011326,Debit Card,Pending,2026-08-30
PAY-011327,ORD-011327,Debit Card,Paid,2026-08-28
PAY-011328,ORD-011328,EasyPaisa,Paid,2026-08-28
PAY-011329,ORD-011329,Cash on Delivery,Pending,2026-09-03
PAY-011330,ORD-011330,JazzCash,Paid,2026-08-28
PAY-011331,ORD-011331,Cash on Delivery,Paid,2026-09-03
PAY-011332,ORD-011332,Debit Card,Failed,2026-08-28
PAY-011333,ORD-011333,Cash on Delivery,Paid,2026-08-29
PAY-011334,ORD-011334,Cash on Delivery,Paid,2026-08-29
PAY-011335,ORD-011335,Debit Card,Pending,2026-08-30
PAY-011336,ORD-011336,Debit Card,Paid,2026-08-29
PAY-011337,ORD-011337,Cash on Delivery,Paid,2026-09-01
PAY-011338,ORD-011338,Credit Card,Paid,2026-08-30
PAY-011339,ORD-011339,EasyPaisa,Pending,2026-08-28
PAY-011340,ORD-011340,JazzCash,Failed,2026-08-29
PAY-011341,ORD-011341,Credit Card,Paid,2026-08-28
PAY-011342,ORD-011342,JazzCash,Paid,2026-08-28
PAY-011343,ORD-011343,Cash on Delivery,Paid,2026-09-03
PAY-011344,ORD-011344,Cash on Delivery,Paid,2026-09-03
PAY-011345,ORD-011345,Credit Card,Refunded,2026-08-28
PAY-011346,ORD-011346,Bank Transfer,Paid,2026-08-31
PAY-011347,ORD-011347,Cash on Delivery,Paid,2026-09-01
PAY-011348,ORD-011348,JazzCash,Paid,2026-08-30
PAY-011349,ORD-011349,Cash on Delivery,Paid,2026-08-31
PAY-011350,ORD-011350,Credit Card,Refunded,2026-08-29
PAY-011351,ORD-011351,Cash on Delivery,Paid,2026-09-03
PAY-011352,ORD-011352,Credit Card,Paid,2026-08-30
PAY-011353,ORD-011353,Cash on Delivery,Refunded,2026-08-31
PAY-011354,ORD-011354,Cash on Delivery,Refunded,2026-08-31
PAY-011355,ORD-011355,JazzCash,Paid,2026-08-29
PAY-011356,ORD-011356,Debit Card,Paid,2026-08-29
PAY-011357,ORD-011357,Credit Card,Paid,2026-08-29
PAY-011358,ORD-011358,EasyPaisa,Pending,2026-08-30
PAY-011359,ORD-011359,Debit Card,Paid,2026-08-29
PAY-011360,ORD-011360,Cash on Delivery,Paid,2026-09-02
PAY-011361,ORD-011361,Cash on Delivery,Paid,2026-08-31
PAY-011362,ORD-011362,Credit Card,Refunded,2026-08-29
PAY-011363,ORD-011363,Cash on Delivery,Failed,2026-09-02
PAY-011364,ORD-011364,Credit Card,Refunded,2026-08-31
PAY-011365,ORD-011365,Credit Card,Pending,2026-08-29
PAY-011366,ORD-011366,JazzCash,Paid,2026-08-29
PAY-011367,ORD-011367,Credit Card,Paid,2026-08-29
PAY-011368,ORD-011368,Credit Card,Paid,2026-08-31
PAY-011369,ORD-011369,Bank Transfer,Paid,2026-08-31
PAY-011370,ORD-011370,Credit Card,Paid,2026-08-31
PAY-011371,ORD-011371,Cash on Delivery,Paid,2026-09-03
PAY-011372,ORD-011372,EasyPaisa,Paid,2026-08-31
PAY-011373,ORD-011373,JazzCash,Paid,2026-08-29
PAY-011374,ORD-011374,Credit Card,Paid,2026-08-31
PAY-011375,ORD-011375,Debit Card,Paid,2026-09-01
PAY-011376,ORD-011376,Debit Card,Paid,2026-09-01
PAY-011377,ORD-011377,EasyPaisa,Paid,2026-09-01
PAY-011378,ORD-011378,JazzCash,Paid,2026-08-31
PAY-011379,ORD-011379,Credit Card,Refunded,2026-08-31
PAY-011380,ORD-011380,Credit Card,Paid,2026-08-30
PAY-011381,ORD-011381,JazzCash,Refunded,2026-08-30
PAY-011382,ORD-011382,Credit Card,Paid,2026-09-01
PAY-011383,ORD-011383,Cash on Delivery,Paid,2026-09-03
PAY-011384,ORD-011384,Cash on Delivery,Paid,2026-09-05
PAY-011385,ORD-011385,Cash on Delivery,Refunded,2026-09-02
PAY-011386,ORD-011386,Debit Card,Paid,2026-09-01
PAY-011387,ORD-011387,Cash on Delivery,Paid,2026-09-04
PAY-011388,ORD-011388,Cash on Delivery,Paid,2026-09-02
PAY-011389,ORD-011389,Cash on Delivery,Paid,2026-09-02
PAY-011390,ORD-011390,Debit Card,Paid,2026-08-31
PAY-011391,ORD-011391,Cash on Delivery,Failed,2026-09-03
PAY-011392,ORD-011392,Debit Card,Pending,2026-09-02
PAY-011393,ORD-011393,Credit Card,Paid,2026-09-01
PAY-011394,ORD-011394,EasyPaisa,Paid,2026-09-01
PAY-011395,ORD-011395,Credit Card,Pending,2026-09-01
PAY-011396,ORD-011396,JazzCash,Failed,2026-08-31
PAY-011397,ORD-011397,Cash on Delivery,Paid,2026-09-05
PAY-011398,ORD-011398,Cash on Delivery,Failed,2026-09-02
PAY-011399,ORD-011399,Credit Card,Paid,2026-09-01
PAY-011400,ORD-011400,Cash on Delivery,Paid,2026-09-03
PAY-011401,ORD-011401,EasyPaisa,Paid,2026-09-02
PAY-011402,ORD-011402,JazzCash,Paid,2026-08-31
PAY-011403,ORD-011403,Credit Card,Paid,2026-09-02
PAY-011404,ORD-011404,EasyPaisa,Paid,2026-09-02
PAY-011405,ORD-011405,Bank Transfer,Paid,2026-09-02
PAY-011406,ORD-011406,JazzCash,Paid,2026-08-31
PAY-011407,ORD-011407,Cash on Delivery,Pending,2026-09-05
PAY-011408,ORD-011408,Credit Card,Refunded,2026-09-01
PAY-011409,ORD-011409,Cash on Delivery,Paid,2026-09-03
PAY-011410,ORD-011410,Cash on Delivery,Pending,2026-09-06
PAY-011411,ORD-011411,Credit Card,Paid,2026-09-03
PAY-011412,ORD-011412,Cash on Delivery,Paid,2026-09-03
PAY-011413,ORD-011413,JazzCash,Paid,2026-09-03
PAY-011414,ORD-011414,Cash on Delivery,Paid,2026-09-05
PAY-011415,ORD-011415,Debit Card,Pending,2026-09-01
PAY-011416,ORD-011416,Debit Card,Paid,2026-09-03
PAY-011417,ORD-011417,Credit Card,Paid,2026-09-01
PAY-011418,ORD-011418,Debit Card,Paid,2026-09-01
PAY-011419,ORD-011419,Debit Card,Pending,2026-09-03
PAY-011420,ORD-011420,Credit Card,Paid,2026-09-03
PAY-011421,ORD-011421,EasyPaisa,Paid,2026-09-02
PAY-011422,ORD-011422,Credit Card,Paid,2026-09-02
PAY-011423,ORD-011423,Cash on Delivery,Paid,2026-09-02
PAY-011424,ORD-011424,Credit Card,Paid,2026-09-01
PAY-011425,ORD-011425,Credit Card,Pending,2026-09-03
PAY-011426,ORD-011426,JazzCash,Paid,2026-09-01
PAY-011427,ORD-011427,Bank Transfer,Pending,2026-09-03
PAY-011428,ORD-011428,Bank Transfer,Pending,2026-09-04
PAY-011429,ORD-011429,Cash on Delivery,Pending,2026-09-04
PAY-011430,ORD-011430,Credit Card,Paid,2026-09-01
PAY-011431,ORD-011431,JazzCash,Paid,2026-09-03
PAY-011432,ORD-011432,Cash on Delivery,Pending,2026-09-03
PAY-011433,ORD-011433,Credit Card,Paid,2026-09-04
PAY-011434,ORD-011434,Cash on Delivery,Paid,2026-09-03
PAY-011435,ORD-011435,Cash on Delivery,Pending,2026-09-08
PAY-011436,ORD-011436,Debit Card,Pending,2026-09-02
PAY-011437,ORD-011437,Credit Card,Paid,2026-09-02
PAY-011438,ORD-011438,Cash on Delivery,Pending,2026-09-08
PAY-011439,ORD-011439,Debit Card,Paid,2026-09-03
PAY-011440,ORD-011440,JazzCash,Pending,2026-09-04
PAY-011441,ORD-011441,Debit Card,Paid,2026-09-02
PAY-011442,ORD-011442,JazzCash,Paid,2026-09-02
PAY-011443,ORD-011443,Cash on Delivery,Refunded,2026-09-05
PAY-011444,ORD-011444,EasyPaisa,Paid,2026-09-04
PAY-011445,ORD-011445,JazzCash,Paid,2026-09-02
PAY-011446,ORD-011446,Cash on Delivery,Paid,2026-09-03
PAY-011447,ORD-011447,Cash on Delivery,Pending,2026-09-04
PAY-011448,ORD-011448,JazzCash,Pending,2026-09-04
PAY-011449,ORD-011449,Credit Card,Pending,2026-09-02
PAY-011450,ORD-011450,Debit Card,Paid,2026-09-04
PAY-011451,ORD-011451,EasyPaisa,Pending,2026-09-03
PAY-011452,ORD-011452,Cash on Delivery,Pending,2026-09-08
PAY-011453,ORD-011453,Cash on Delivery,Paid,2026-09-07
PAY-011454,ORD-011454,Credit Card,Paid,2026-09-05
PAY-011455,ORD-011455,JazzCash,Paid,2026-09-05
PAY-011456,ORD-011456,Credit Card,Paid,2026-09-04
PAY-011457,ORD-011457,Credit Card,Paid,2026-09-03
PAY-011458,ORD-011458,Cash on Delivery,Paid,2026-09-05
PAY-011459,ORD-011459,Credit Card,Pending,2026-09-03
PAY-011460,ORD-011460,JazzCash,Pending,2026-09-03
PAY-011461,ORD-011461,Cash on Delivery,Paid,2026-09-09
PAY-011462,ORD-011462,Credit Card,Paid,2026-09-05
PAY-011463,ORD-011463,Cash on Delivery,Paid,2026-09-06
PAY-011464,ORD-011464,Credit Card,Paid,2026-09-05
PAY-011465,ORD-011465,Debit Card,Paid,2026-09-03
PAY-011466,ORD-011466,JazzCash,Pending,2026-09-05
PAY-011467,ORD-011467,JazzCash,Pending,2026-09-03
PAY-011468,ORD-011468,Credit Card,Pending,2026-09-03
PAY-011469,ORD-011469,JazzCash,Paid,2026-09-05
PAY-011470,ORD-011470,Credit Card,Paid,2026-09-03
PAY-011471,ORD-011471,Credit Card,Paid,2026-09-05
PAY-011472,ORD-011472,Cash on Delivery,Pending,2026-09-07
PAY-011473,ORD-011473,Cash on Delivery,Paid,2026-09-06
PAY-011474,ORD-011474,Cash on Delivery,Pending,2026-09-05
PAY-011475,ORD-011475,Credit Card,Pending,2026-09-04
PAY-011476,ORD-011476,Cash on Delivery,Paid,2026-09-08
PAY-011477,ORD-011477,Bank Transfer,Pending,2026-09-05
PAY-011478,ORD-011478,Credit Card,Pending,2026-09-04
PAY-011479,ORD-011479,Debit Card,Pending,2026-09-04
PAY-011480,ORD-011480,Credit Card,Pending,2026-09-06
PAY-011481,ORD-011481,Cash on Delivery,Pending,2026-09-08
PAY-011482,ORD-011482,EasyPaisa,Pending,2026-09-04
PAY-011483,ORD-011483,Cash on Delivery,Pending,2026-09-05
PAY-011484,ORD-011484,Credit Card,Paid,2026-09-05
PAY-011485,ORD-011485,JazzCash,Paid,2026-09-04
PAY-011486,ORD-011486,Debit Card,Paid,2026-09-04
PAY-011487,ORD-011487,EasyPaisa,Paid,2026-09-04
PAY-011488,ORD-011488,Cash on Delivery,Paid,2026-09-09
PAY-011489,ORD-011489,Cash on Delivery,Pending,2026-09-09
PAY-011490,ORD-011490,Debit Card,Pending,2026-09-05
PAY-011491,ORD-011491,JazzCash,Paid,2026-09-06
PAY-011492,ORD-011492,Cash on Delivery,Pending,2026-09-09
PAY-011493,ORD-011493,Cash on Delivery,Paid,2026-09-06
PAY-011494,ORD-011494,Bank Transfer,Pending,2026-09-07
PAY-011495,ORD-011495,JazzCash,Paid,2026-09-04
PAY-011496,ORD-011496,JazzCash,Paid,2026-09-06
PAY-011497,ORD-011497,Debit Card,Refunded,2026-09-06
PAY-011498,ORD-011498,Debit Card,Paid,2026-09-05
PAY-011499,ORD-011499,Cash on Delivery,Paid,2026-09-07
PAY-011500,ORD-011500,Debit Card,Pending,2026-09-06
PAY-011501,ORD-011501,Credit Card,Paid,2026-09-06
PAY-011502,ORD-011502,EasyPaisa,Paid,2026-09-05
PAY-011503,ORD-011503,Debit Card,Pending,2026-09-05
PAY-011504,ORD-011504,Bank Transfer,Paid,2026-09-06
PAY-011505,ORD-011505,Debit Card,Refunded,2026-09-05
PAY-011506,ORD-011506,JazzCash,Pending,2026-09-07
PAY-011507,ORD-011507,JazzCash,Paid,2026-09-06
PAY-011508,ORD-011508,Cash on Delivery,Paid,2026-09-08
PAY-011509,ORD-011509,Cash on Delivery,Pending,2026-09-10
PAY-011510,ORD-011510,Cash on Delivery,Paid,2026-09-07
PAY-011511,ORD-011511,EasyPaisa,Paid,2026-09-07
PAY-011512,ORD-011512,Cash on Delivery,Pending,2026-09-11
PAY-011513,ORD-011513,EasyPaisa,Paid,2026-09-07
PAY-011514,ORD-011514,JazzCash,Paid,2026-09-05
PAY-011515,ORD-011515,Cash on Delivery,Paid,2026-09-10
PAY-011516,ORD-011516,Debit Card,Paid,2026-09-06
PAY-011517,ORD-011517,JazzCash,Failed,2026-09-06
PAY-011518,ORD-011518,EasyPaisa,Paid,2026-09-06
PAY-011519,ORD-011519,Credit Card,Paid,2026-09-07
PAY-011520,ORD-011520,Credit Card,Paid,2026-09-07
PAY-011521,ORD-011521,JazzCash,Failed,2026-09-08
PAY-011522,ORD-011522,Credit Card,Paid,2026-09-06
PAY-011523,ORD-011523,Credit Card,Refunded,2026-09-09
PAY-011524,ORD-011524,Credit Card,Refunded,2026-09-09
PAY-011525,ORD-011525,Credit Card,Paid,2026-09-08
PAY-011526,ORD-011526,JazzCash,Refunded,2026-09-09
PAY-011527,ORD-011527,JazzCash,Paid,2026-09-07
PAY-011528,ORD-011528,Credit Card,Pending,2026-09-08
PAY-011529,ORD-011529,Credit Card,Paid,2026-09-07
PAY-011530,ORD-011530,Cash on Delivery,Pending,2026-09-12
PAY-011531,ORD-011531,EasyPaisa,Refunded,2026-09-09
PAY-011532,ORD-011532,Cash on Delivery,Paid,2026-09-10
PAY-011533,ORD-011533,EasyPaisa,Paid,2026-09-08
PAY-011534,ORD-011534,Credit Card,Paid,2026-09-09
PAY-011535,ORD-011535,Cash on Delivery,Paid,2026-09-11
PAY-011536,ORD-011536,Credit Card,Paid,2026-09-08
PAY-011537,ORD-011537,Credit Card,Paid,2026-09-08
PAY-011538,ORD-011538,Cash on Delivery,Paid,2026-09-12
PAY-011539,ORD-011539,Cash on Delivery,Paid,2026-09-13
PAY-011540,ORD-011540,Credit Card,Pending,2026-09-07
PAY-011541,ORD-011541,Cash on Delivery,Pending,2026-09-10
PAY-011542,ORD-011542,EasyPaisa,Paid,2026-09-07
PAY-011543,ORD-011543,Credit Card,Paid,2026-09-09
PAY-011544,ORD-011544,Credit Card,Paid,2026-09-09
PAY-011545,ORD-011545,Cash on Delivery,Pending,2026-09-13
PAY-011546,ORD-011546,Cash on Delivery,Paid,2026-09-11
PAY-011547,ORD-011547,Debit Card,Paid,2026-09-09
PAY-011548,ORD-011548,Credit Card,Paid,2026-09-10
PAY-011549,ORD-011549,EasyPaisa,Refunded,2026-09-09
PAY-011550,ORD-011550,Cash on Delivery,Paid,2026-09-11
PAY-011551,ORD-011551,Debit Card,Pending,2026-09-10
PAY-011552,ORD-011552,JazzCash,Paid,2026-09-10
PAY-011553,ORD-011553,Credit Card,Refunded,2026-09-10
PAY-011554,ORD-011554,Debit Card,Paid,2026-09-10
PAY-011555,ORD-011555,Cash on Delivery,Paid,2026-09-14
PAY-011556,ORD-011556,JazzCash,Pending,2026-09-10
PAY-011557,ORD-011557,Credit Card,Paid,2026-09-10
PAY-011558,ORD-011558,EasyPaisa,Failed,2026-09-10
PAY-011559,ORD-011559,JazzCash,Refunded,2026-09-08
PAY-011560,ORD-011560,Debit Card,Paid,2026-09-10
PAY-011561,ORD-011561,JazzCash,Paid,2026-09-10
PAY-011562,ORD-011562,EasyPaisa,Paid,2026-09-08
PAY-011563,ORD-011563,Cash on Delivery,Pending,2026-09-11
PAY-011564,ORD-011564,JazzCash,Paid,2026-09-10
PAY-011565,ORD-011565,JazzCash,Paid,2026-09-08
PAY-011566,ORD-011566,Credit Card,Paid,2026-09-08
PAY-011567,ORD-011567,Credit Card,Pending,2026-09-10
PAY-011568,ORD-011568,Credit Card,Paid,2026-09-10
PAY-011569,ORD-011569,Credit Card,Refunded,2026-09-09
PAY-011570,ORD-011570,Credit Card,Pending,2026-09-10
PAY-011571,ORD-011571,Cash on Delivery,Paid,2026-09-10
PAY-011572,ORD-011572,Cash on Delivery,Paid,2026-09-13
PAY-011573,ORD-011573,JazzCash,Paid,2026-09-08
PAY-011574,ORD-011574,Debit Card,Paid,2026-09-09
PAY-011575,ORD-011575,Cash on Delivery,Refunded,2026-09-10
PAY-011576,ORD-011576,Cash on Delivery,Paid,2026-09-13
PAY-011577,ORD-011577,EasyPaisa,Paid,2026-09-10
PAY-011578,ORD-011578,JazzCash,Refunded,2026-09-10
PAY-011579,ORD-011579,JazzCash,Paid,2026-09-10
PAY-011580,ORD-011580,Debit Card,Refunded,2026-09-09
PAY-011581,ORD-011581,Cash on Delivery,Paid,2026-09-12
PAY-011582,ORD-011582,Cash on Delivery,Paid,2026-09-15
PAY-011583,ORD-011583,Debit Card,Pending,2026-09-09
PAY-011584,ORD-011584,Credit Card,Refunded,2026-09-11
PAY-011585,ORD-011585,Debit Card,Paid,2026-09-10
PAY-011586,ORD-011586,Credit Card,Pending,2026-09-10
PAY-011587,ORD-011587,Bank Transfer,Pending,2026-09-15
PAY-011588,ORD-011588,Bank Transfer,Pending,2026-09-12
PAY-011589,ORD-011589,Debit Card,Pending,2026-09-11
PAY-011590,ORD-011590,Credit Card,Paid,2026-09-10
PAY-011591,ORD-011591,JazzCash,Pending,2026-09-10
PAY-011592,ORD-011592,Credit Card,Paid,2026-09-10
PAY-011593,ORD-011593,Credit Card,Failed,2026-09-11
PAY-011594,ORD-011594,JazzCash,Pending,2026-09-09
PAY-011595,ORD-011595,Credit Card,Pending,2026-09-10
PAY-011596,ORD-011596,Cash on Delivery,Paid,2026-09-13
PAY-011597,ORD-011597,JazzCash,Pending,2026-09-09
PAY-011598,ORD-011598,JazzCash,Pending,2026-09-11
PAY-011599,ORD-011599,Cash on Delivery,Paid,2026-09-15
PAY-011600,ORD-011600,Bank Transfer,Pending,2026-09-10
PAY-011601,ORD-011601,JazzCash,Pending,2026-09-10
PAY-011602,ORD-011602,Bank Transfer,Paid,2026-09-14
PAY-011603,ORD-011603,Cash on Delivery,Paid,2026-09-13
PAY-011604,ORD-011604,Cash on Delivery,Pending,2026-09-16
PAY-011605,ORD-011605,Debit Card,Paid,2026-09-10
PAY-011606,ORD-011606,Debit Card,Pending,2026-09-11
PAY-011607,ORD-011607,JazzCash,Paid,2026-09-11
PAY-011608,ORD-011608,Debit Card,Paid,2026-09-12
PAY-011609,ORD-011609,Debit Card,Paid,2026-09-12
PAY-011610,ORD-011610,Credit Card,Paid,2026-09-10
PAY-011611,ORD-011611,Debit Card,Paid,2026-09-11
PAY-011612,ORD-011612,Credit Card,Paid,2026-09-12
PAY-011613,ORD-011613,EasyPaisa,Paid,2026-09-11
PAY-011614,ORD-011614,Debit Card,Pending,2026-09-12
PAY-011615,ORD-011615,JazzCash,Paid,2026-09-11
PAY-011616,ORD-011616,JazzCash,Pending,2026-09-12
PAY-011617,ORD-011617,Credit Card,Paid,2026-09-10
PAY-011618,ORD-011618,Credit Card,Refunded,2026-09-11
PAY-011619,ORD-011619,Cash on Delivery,Paid,2026-09-15
PAY-011620,ORD-011620,Cash on Delivery,Pending,2026-09-14
PAY-011621,ORD-011621,Debit Card,Pending,2026-09-10
PAY-011622,ORD-011622,Debit Card,Pending,2026-09-11
PAY-011623,ORD-011623,Bank Transfer,Pending,2026-09-11
PAY-011624,ORD-011624,Credit Card,Paid,2026-09-11
PAY-011625,ORD-011625,Credit Card,Pending,2026-09-12
PAY-011626,ORD-011626,Credit Card,Paid,2026-09-12
PAY-011627,ORD-011627,JazzCash,Failed,2026-09-10
PAY-011628,ORD-011628,Cash on Delivery,Paid,2026-09-15
PAY-011629,ORD-011629,Cash on Delivery,Paid,2026-09-12
PAY-011630,ORD-011630,JazzCash,Pending,2026-09-11
PAY-011631,ORD-011631,JazzCash,Paid,2026-09-12
PAY-011632,ORD-011632,Credit Card,Pending,2026-09-13
PAY-011633,ORD-011633,Credit Card,Pending,2026-09-12
PAY-011634,ORD-011634,Cash on Delivery,Pending,2026-09-17
PAY-011635,ORD-011635,Debit Card,Paid,2026-09-11
PAY-011636,ORD-011636,Cash on Delivery,Paid,2026-09-16
PAY-011637,ORD-011637,Credit Card,Pending,2026-09-12
PAY-011638,ORD-011638,EasyPaisa,Paid,2026-09-13
PAY-011639,ORD-011639,Credit Card,Refunded,2026-09-11
PAY-011640,ORD-011640,Debit Card,Pending,2026-09-12
PAY-011641,ORD-011641,Credit Card,Pending,2026-09-12
PAY-011642,ORD-011642,Credit Card,Paid,2026-09-11
PAY-011643,ORD-011643,Cash on Delivery,Pending,2026-09-13
PAY-011644,ORD-011644,Cash on Delivery,Refunded,2026-09-16
PAY-011645,ORD-011645,Credit Card,Paid,2026-09-11
PAY-011646,ORD-011646,Credit Card,Paid,2026-09-11
PAY-011647,ORD-011647,JazzCash,Pending,2026-09-13
PAY-011648,ORD-011648,Bank Transfer,Pending,2026-09-16
PAY-011649,ORD-011649,EasyPaisa,Pending,2026-09-11
PAY-011650,ORD-011650,Credit Card,Pending,2026-09-13
PAY-011651,ORD-011651,Credit Card,Pending,2026-09-12
PAY-011652,ORD-011652,Cash on Delivery,Paid,2026-09-12
PAY-011653,ORD-011653,Cash on Delivery,Paid,2026-09-13
PAY-011654,ORD-011654,Cash on Delivery,Failed,2026-09-16
PAY-011655,ORD-011655,Cash on Delivery,Pending,2026-09-17
PAY-011656,ORD-011656,Debit Card,Pending,2026-09-12
PAY-011657,ORD-011657,EasyPaisa,Paid,2026-09-14
PAY-011658,ORD-011658,EasyPaisa,Paid,2026-09-14
PAY-011659,ORD-011659,Cash on Delivery,Refunded,2026-09-13
PAY-011660,ORD-011660,Cash on Delivery,Refunded,2026-09-15
PAY-011661,ORD-011661,Cash on Delivery,Refunded,2026-09-16
PAY-011662,ORD-011662,Cash on Delivery,Paid,2026-09-13
PAY-011663,ORD-011663,Cash on Delivery,Pending,2026-09-13
PAY-011664,ORD-011664,JazzCash,Pending,2026-09-13
PAY-011665,ORD-011665,Bank Transfer,Pending,2026-09-14
PAY-011666,ORD-011666,EasyPaisa,Paid,2026-09-14
PAY-011667,ORD-011667,Credit Card,Pending,2026-09-12
PAY-011668,ORD-011668,JazzCash,Paid,2026-09-12
PAY-011669,ORD-011669,Cash on Delivery,Paid,2026-09-18
PAY-011670,ORD-011670,Cash on Delivery,Pending,2026-09-15
PAY-011671,ORD-011671,JazzCash,Pending,2026-09-14
PAY-011672,ORD-011672,Debit Card,Pending,2026-09-13
PAY-011673,ORD-011673,Bank Transfer,Paid,2026-09-16
PAY-011674,ORD-011674,JazzCash,Pending,2026-09-14
PAY-011675,ORD-011675,Cash on Delivery,Paid,2026-09-19
PAY-011676,ORD-011676,Debit Card,Refunded,2026-09-13
PAY-011677,ORD-011677,Cash on Delivery,Paid,2026-09-15
PAY-011678,ORD-011678,Cash on Delivery,Paid,2026-09-15
PAY-011679,ORD-011679,Credit Card,Refunded,2026-09-14
PAY-011680,ORD-011680,JazzCash,Pending,2026-09-13
PAY-011681,ORD-011681,Cash on Delivery,Paid,2026-09-17
PAY-011682,ORD-011682,Cash on Delivery,Paid,2026-09-18
PAY-011683,ORD-011683,EasyPaisa,Paid,2026-09-13
PAY-011684,ORD-011684,Cash on Delivery,Paid,2026-09-17
PAY-011685,ORD-011685,Cash on Delivery,Paid,2026-09-14
PAY-011686,ORD-011686,Credit Card,Refunded,2026-09-13
PAY-011687,ORD-011687,JazzCash,Pending,2026-09-15
PAY-011688,ORD-011688,Cash on Delivery,Paid,2026-09-16
PAY-011689,ORD-011689,JazzCash,Pending,2026-09-14
PAY-011690,ORD-011690,Cash on Delivery,Pending,2026-09-19
PAY-011691,ORD-011691,EasyPaisa,Pending,2026-09-14
PAY-011692,ORD-011692,Debit Card,Refunded,2026-09-16
PAY-011693,ORD-011693,Credit Card,Pending,2026-09-16
PAY-011694,ORD-011694,Credit Card,Paid,2026-09-14
PAY-011695,ORD-011695,Credit Card,Pending,2026-09-16
PAY-011696,ORD-011696,Bank Transfer,Pending,2026-09-18
PAY-011697,ORD-011697,Cash on Delivery,Pending,2026-09-19
PAY-011698,ORD-011698,Credit Card,Paid,2026-09-14
PAY-011699,ORD-011699,Debit Card,Pending,2026-09-16
PAY-011700,ORD-011700,Credit Card,Failed,2026-09-16
PAY-011701,ORD-011701,Debit Card,Paid,2026-09-14
PAY-011702,ORD-011702,Cash on Delivery,Paid,2026-09-18
PAY-011703,ORD-011703,JazzCash,Pending,2026-09-15
PAY-011704,ORD-011704,JazzCash,Refunded,2026-09-16
PAY-011705,ORD-011705,Credit Card,Paid,2026-09-16
PAY-011706,ORD-011706,Credit Card,Paid,2026-09-16
PAY-011707,ORD-011707,Cash on Delivery,Paid,2026-09-17
PAY-011708,ORD-011708,Credit Card,Pending,2026-09-15
PAY-011709,ORD-011709,Cash on Delivery,Refunded,2026-09-15
PAY-011710,ORD-011710,Debit Card,Paid,2026-09-14
PAY-011711,ORD-011711,Debit Card,Pending,2026-09-15
PAY-011712,ORD-011712,Cash on Delivery,Paid,2026-09-20
PAY-011713,ORD-011713,JazzCash,Paid,2026-09-14
PAY-011714,ORD-011714,JazzCash,Paid,2026-09-14
PAY-011715,ORD-011715,EasyPaisa,Pending,2026-09-14
PAY-011716,ORD-011716,Bank Transfer,Paid,2026-09-16
PAY-011717,ORD-011717,Credit Card,Paid,2026-09-16
PAY-011718,ORD-011718,JazzCash,Paid,2026-09-15
PAY-011719,ORD-011719,Credit Card,Paid,2026-09-16
PAY-011720,ORD-011720,Cash on Delivery,Paid,2026-09-17
PAY-011721,ORD-011721,Credit Card,Pending,2026-09-15
PAY-011722,ORD-011722,Cash on Delivery,Pending,2026-09-18
PAY-011723,ORD-011723,Credit Card,Pending,2026-09-17
PAY-011724,ORD-011724,Bank Transfer,Paid,2026-09-20
PAY-011725,ORD-011725,JazzCash,Refunded,2026-09-16
PAY-011726,ORD-011726,Cash on Delivery,Pending,2026-09-17
PAY-011727,ORD-011727,EasyPaisa,Paid,2026-09-16
PAY-011728,ORD-011728,Debit Card,Failed,2026-09-16
PAY-011729,ORD-011729,Credit Card,Paid,2026-09-17
PAY-011730,ORD-011730,Cash on Delivery,Failed,2026-09-16
PAY-011731,ORD-011731,Cash on Delivery,Failed,2026-09-19
PAY-011732,ORD-011732,Cash on Delivery,Paid,2026-09-16
PAY-011733,ORD-011733,Credit Card,Pending,2026-09-17
PAY-011734,ORD-011734,JazzCash,Pending,2026-09-17
PAY-011735,ORD-011735,Cash on Delivery,Pending,2026-09-18
PAY-011736,ORD-011736,Credit Card,Pending,2026-09-15
PAY-011737,ORD-011737,Debit Card,Paid,2026-09-16
PAY-011738,ORD-011738,JazzCash,Pending,2026-09-18
PAY-011739,ORD-011739,Credit Card,Refunded,2026-09-18
PAY-011740,ORD-011740,Credit Card,Paid,2026-09-17
PAY-011741,ORD-011741,Cash on Delivery,Paid,2026-09-22
PAY-011742,ORD-011742,Cash on Delivery,Refunded,2026-09-19
PAY-011743,ORD-011743,Cash on Delivery,Pending,2026-09-21
PAY-011744,ORD-011744,Debit Card,Pending,2026-09-18
PAY-011745,ORD-011745,EasyPaisa,Paid,2026-09-18
PAY-011746,ORD-011746,Credit Card,Paid,2026-09-18
PAY-011747,ORD-011747,Credit Card,Paid,2026-09-17
PAY-011748,ORD-011748,Cash on Delivery,Pending,2026-09-21
PAY-011749,ORD-011749,Cash on Delivery,Pending,2026-09-21
PAY-011750,ORD-011750,Credit Card,Refunded,2026-09-18
PAY-011751,ORD-011751,Bank Transfer,Paid,2026-09-21
PAY-011752,ORD-011752,Cash on Delivery,Paid,2026-09-17
PAY-011753,ORD-011753,Debit Card,Pending,2026-09-17
PAY-011754,ORD-011754,Credit Card,Pending,2026-09-16
PAY-011755,ORD-011755,Bank Transfer,Pending,2026-09-17
PAY-011756,ORD-011756,Cash on Delivery,Refunded,2026-09-21
PAY-011757,ORD-011757,EasyPaisa,Pending,2026-09-18
PAY-011758,ORD-011758,Cash on Delivery,Paid,2026-09-19
PAY-011759,ORD-011759,Cash on Delivery,Paid,2026-09-19
PAY-011760,ORD-011760,Credit Card,Paid,2026-09-17
PAY-011761,ORD-011761,EasyPaisa,Paid,2026-09-16
PAY-011762,ORD-011762,Credit Card,Paid,2026-09-18
PAY-011763,ORD-011763,JazzCash,Paid,2026-09-18
PAY-011764,ORD-011764,JazzCash,Refunded,2026-09-18
PAY-011765,ORD-011765,Cash on Delivery,Pending,2026-09-19
PAY-011766,ORD-011766,Cash on Delivery,Paid,2026-09-19
PAY-011767,ORD-011767,Credit Card,Paid,2026-09-19
PAY-011768,ORD-011768,EasyPaisa,Paid,2026-09-18
PAY-011769,ORD-011769,Cash on Delivery,Paid,2026-09-20
PAY-011770,ORD-011770,Cash on Delivery,Paid,2026-09-19
PAY-011771,ORD-011771,Debit Card,Pending,2026-09-17
PAY-011772,ORD-011772,JazzCash,Pending,2026-09-18
PAY-011773,ORD-011773,Credit Card,Paid,2026-09-17
PAY-011774,ORD-011774,Debit Card,Failed,2026-09-19
PAY-011775,ORD-011775,Debit Card,Paid,2026-09-19
PAY-011776,ORD-011776,JazzCash,Paid,2026-09-18
PAY-011777,ORD-011777,JazzCash,Pending,2026-09-17
PAY-011778,ORD-011778,Credit Card,Pending,2026-09-19
PAY-011779,ORD-011779,Cash on Delivery,Paid,2026-09-21
PAY-011780,ORD-011780,Cash on Delivery,Paid,2026-09-21
PAY-011781,ORD-011781,JazzCash,Paid,2026-09-19
PAY-011782,ORD-011782,Cash on Delivery,Refunded,2026-09-23
PAY-011783,ORD-011783,Debit Card,Refunded,2026-09-18
PAY-011784,ORD-011784,Credit Card,Pending,2026-09-18
PAY-011785,ORD-011785,JazzCash,Refunded,2026-09-17
PAY-011786,ORD-011786,JazzCash,Paid,2026-09-19
PAY-011787,ORD-011787,JazzCash,Paid,2026-09-19
PAY-011788,ORD-011788,Debit Card,Pending,2026-09-20
PAY-011789,ORD-011789,Cash on Delivery,Paid,2026-09-24
PAY-011790,ORD-011790,Cash on Delivery,Paid,2026-09-19
PAY-011791,ORD-011791,Cash on Delivery,Paid,2026-09-21
PAY-011792,ORD-011792,Credit Card,Paid,2026-09-20
PAY-011793,ORD-011793,JazzCash,Refunded,2026-09-20
PAY-011794,ORD-011794,Credit Card,Paid,2026-09-20
PAY-011795,ORD-011795,Cash on Delivery,Paid,2026-09-24
PAY-011796,ORD-011796,Credit Card,Pending,2026-09-18
PAY-011797,ORD-011797,Cash on Delivery,Paid,2026-09-20
PAY-011798,ORD-011798,Cash on Delivery,Paid,2026-09-20
PAY-011799,ORD-011799,Credit Card,Pending,2026-09-19
PAY-011800,ORD-011800,Debit Card,Paid,2026-09-20
PAY-011801,ORD-011801,Credit Card,Paid,2026-09-20
PAY-011802,ORD-011802,Cash on Delivery,Paid,2026-09-22
PAY-011803,ORD-011803,Cash on Delivery,Paid,2026-09-24
PAY-011804,ORD-011804,JazzCash,Paid,2026-09-19
PAY-011805,ORD-011805,Cash on Delivery,Refunded,2026-09-19
PAY-011806,ORD-011806,JazzCash,Refunded,2026-09-18
PAY-011807,ORD-011807,Debit Card,Paid,2026-09-19
PAY-011808,ORD-011808,Cash on Delivery,Paid,2026-09-24
PAY-011809,ORD-011809,Debit Card,Paid,2026-09-19
PAY-011810,ORD-011810,Credit Card,Paid,2026-09-20
PAY-011811,ORD-011811,Debit Card,Pending,2026-09-19
PAY-011812,ORD-011812,EasyPaisa,Paid,2026-09-19
PAY-011813,ORD-011813,Cash on Delivery,Pending,2026-09-22
PAY-011814,ORD-011814,Debit Card,Failed,2026-09-19
PAY-011815,ORD-011815,Credit Card,Paid,2026-09-19
PAY-011816,ORD-011816,Cash on Delivery,Pending,2026-09-22
PAY-011817,ORD-011817,JazzCash,Paid,2026-09-19
PAY-011818,ORD-011818,Credit Card,Paid,2026-09-19
PAY-011819,ORD-011819,JazzCash,Pending,2026-09-21
PAY-011820,ORD-011820,JazzCash,Pending,2026-09-20
PAY-011821,ORD-011821,JazzCash,Paid,2026-09-19
PAY-011822,ORD-011822,JazzCash,Refunded,2026-09-20
PAY-011823,ORD-011823,Credit Card,Pending,2026-09-21
PAY-011824,ORD-011824,Credit Card,Paid,2026-09-21
PAY-011825,ORD-011825,EasyPaisa,Pending,2026-09-20
PAY-011826,ORD-011826,Debit Card,Pending,2026-09-21
PAY-011827,ORD-011827,JazzCash,Pending,2026-09-21
PAY-011828,ORD-011828,Cash on Delivery,Pending,2026-09-21
PAY-011829,ORD-011829,Cash on Delivery,Pending,2026-09-22
PAY-011830,ORD-011830,EasyPaisa,Paid,2026-09-19
PAY-011831,ORD-011831,Cash on Delivery,Paid,2026-09-21
PAY-011832,ORD-011832,Cash on Delivery,Paid,2026-09-22
PAY-011833,ORD-011833,Debit Card,Refunded,2026-09-19
PAY-011834,ORD-011834,JazzCash,Paid,2026-09-19
PAY-011835,ORD-011835,Cash on Delivery,Pending,2026-09-25
PAY-011836,ORD-011836,JazzCash,Pending,2026-09-20
PAY-011837,ORD-011837,Debit Card,Pending,2026-09-20
PAY-011838,ORD-011838,EasyPaisa,Paid,2026-09-21
PAY-011839,ORD-011839,Debit Card,Pending,2026-09-19
PAY-011840,ORD-011840,Bank Transfer,Paid,2026-09-21
PAY-011841,ORD-011841,EasyPaisa,Pending,2026-09-21
PAY-011842,ORD-011842,Cash on Delivery,Paid,2026-09-25
PAY-011843,ORD-011843,Cash on Delivery,Paid,2026-09-26
PAY-011844,ORD-011844,Credit Card,Pending,2026-09-22
PAY-011845,ORD-011845,Cash on Delivery,Paid,2026-09-26
PAY-011846,ORD-011846,Debit Card,Pending,2026-09-22
PAY-011847,ORD-011847,Bank Transfer,Refunded,2026-09-22
PAY-011848,ORD-011848,Bank Transfer,Paid,2026-09-26
PAY-011849,ORD-011849,EasyPaisa,Paid,2026-09-20
PAY-011850,ORD-011850,Debit Card,Failed,2026-09-21
PAY-011851,ORD-011851,Bank Transfer,Pending,2026-09-24
PAY-011852,ORD-011852,Credit Card,Pending,2026-09-22
PAY-011853,ORD-011853,Credit Card,Pending,2026-09-20
PAY-011854,ORD-011854,Cash on Delivery,Pending,2026-09-24
PAY-011855,ORD-011855,Debit Card,Pending,2026-09-21
PAY-011856,ORD-011856,Debit Card,Pending,2026-09-22
PAY-011857,ORD-011857,JazzCash,Pending,2026-09-22
PAY-011858,ORD-011858,Bank Transfer,Paid,2026-09-22
PAY-011859,ORD-011859,Credit Card,Refunded,2026-09-23
PAY-011860,ORD-011860,Cash on Delivery,Pending,2026-09-23
PAY-011861,ORD-011861,Credit Card,Refunded,2026-09-23
PAY-011862,ORD-011862,Cash on Delivery,Paid,2026-09-26
PAY-011863,ORD-011863,Cash on Delivery,Paid,2026-09-22
PAY-011864,ORD-011864,Cash on Delivery,Failed,2026-09-22
PAY-011865,ORD-011865,JazzCash,Failed,2026-09-23
PAY-011866,ORD-011866,Debit Card,Paid,2026-09-22
PAY-011867,ORD-011867,JazzCash,Pending,2026-09-21
PAY-011868,ORD-011868,Credit Card,Pending,2026-09-23
PAY-011869,ORD-011869,Bank Transfer,Pending,2026-09-26
PAY-011870,ORD-011870,Debit Card,Paid,2026-09-22
PAY-011871,ORD-011871,EasyPaisa,Paid,2026-09-21
PAY-011872,ORD-011872,Cash on Delivery,Refunded,2026-09-24
PAY-011873,ORD-011873,Cash on Delivery,Pending,2026-09-23
PAY-011874,ORD-011874,EasyPaisa,Paid,2026-09-21
PAY-011875,ORD-011875,EasyPaisa,Pending,2026-09-23
PAY-011876,ORD-011876,JazzCash,Refunded,2026-09-21
PAY-011877,ORD-011877,Cash on Delivery,Pending,2026-09-25
PAY-011878,ORD-011878,JazzCash,Paid,2026-09-21
PAY-011879,ORD-011879,Debit Card,Pending,2026-09-21
PAY-011880,ORD-011880,JazzCash,Paid,2026-09-24
PAY-011881,ORD-011881,Cash on Delivery,Refunded,2026-09-24
PAY-011882,ORD-011882,JazzCash,Pending,2026-09-22
PAY-011883,ORD-011883,Credit Card,Paid,2026-09-22
PAY-011884,ORD-011884,Credit Card,Paid,2026-09-24
PAY-011885,ORD-011885,JazzCash,Paid,2026-09-23
PAY-011886,ORD-011886,Credit Card,Refunded,2026-09-23
PAY-011887,ORD-011887,Credit Card,Refunded,2026-09-22
PAY-011888,ORD-011888,Cash on Delivery,Paid,2026-09-23
PAY-011889,ORD-011889,JazzCash,Paid,2026-09-24
PAY-011890,ORD-011890,Credit Card,Paid,2026-09-24
PAY-011891,ORD-011891,Credit Card,Paid,2026-09-24
PAY-011892,ORD-011892,Debit Card,Pending,2026-09-23
PAY-011893,ORD-011893,EasyPaisa,Paid,2026-09-24
PAY-011894,ORD-011894,Cash on Delivery,Paid,2026-09-24
PAY-011895,ORD-011895,Credit Card,Pending,2026-09-22
PAY-011896,ORD-011896,Credit Card,Refunded,2026-09-23
PAY-011897,ORD-011897,Credit Card,Paid,2026-09-23
PAY-011898,ORD-011898,Credit Card,Failed,2026-09-24
PAY-011899,ORD-011899,Credit Card,Pending,2026-09-23
PAY-011900,ORD-011900,Cash on Delivery,Failed,2026-09-24
PAY-011901,ORD-011901,Bank Transfer,Paid,2026-09-23
PAY-011902,ORD-011902,Credit Card,Pending,2026-09-24
PAY-011903,ORD-011903,EasyPaisa,Paid,2026-09-24
PAY-011904,ORD-011904,Debit Card,Refunded,2026-09-24
PAY-011905,ORD-011905,Debit Card,Paid,2026-09-24
PAY-011906,ORD-011906,Credit Card,Pending,2026-09-24
PAY-011907,ORD-011907,Bank Transfer,Paid,2026-09-26
PAY-011908,ORD-011908,Credit Card,Paid,2026-09-24
PAY-011909,ORD-011909,JazzCash,Paid,2026-09-23
PAY-011910,ORD-011910,JazzCash,Pending,2026-09-25
PAY-011911,ORD-011911,EasyPaisa,Refunded,2026-09-23
PAY-011912,ORD-011912,Credit Card,Paid,2026-09-25
PAY-011913,ORD-011913,Cash on Delivery,Pending,2026-09-26
PAY-011914,ORD-011914,Cash on Delivery,Pending,2026-09-26
PAY-011915,ORD-011915,Cash on Delivery,Pending,2026-09-26
PAY-011916,ORD-011916,Debit Card,Refunded,2026-09-24
PAY-011917,ORD-011917,JazzCash,Pending,2026-09-23
PAY-011918,ORD-011918,Cash on Delivery,Paid,2026-09-26
PAY-011919,ORD-011919,Cash on Delivery,Pending,2026-09-26
PAY-011920,ORD-011920,EasyPaisa,Pending,2026-09-23
PAY-011921,ORD-011921,Bank Transfer,Pending,2026-09-24
PAY-011922,ORD-011922,Credit Card,Paid,2026-09-23
PAY-011923,ORD-011923,Credit Card,Pending,2026-09-25
PAY-011924,ORD-011924,Cash on Delivery,Pending,2026-09-25
PAY-011925,ORD-011925,Cash on Delivery,Paid,2026-09-26
PAY-011926,ORD-011926,Credit Card,Failed,2026-09-25
PAY-011927,ORD-011927,Debit Card,Pending,2026-09-24
PAY-011928,ORD-011928,Credit Card,Paid,2026-09-25
PAY-011929,ORD-011929,Credit Card,Paid,2026-09-24
PAY-011930,ORD-011930,Cash on Delivery,Pending,2026-09-26
PAY-011931,ORD-011931,Cash on Delivery,Refunded,2026-09-26
PAY-011932,ORD-011932,Cash on Delivery,Refunded,2026-09-26
PAY-011933,ORD-011933,JazzCash,Paid,2026-09-24
PAY-011934,ORD-011934,Credit Card,Paid,2026-09-25
PAY-011935,ORD-011935,Debit Card,Pending,2026-09-24
PAY-011936,ORD-011936,EasyPaisa,Paid,2026-09-26
PAY-011937,ORD-011937,Bank Transfer,Paid,2026-09-26
PAY-011938,ORD-011938,Credit Card,Refunded,2026-09-25
PAY-011939,ORD-011939,Credit Card,Failed,2026-09-26
PAY-011940,ORD-011940,Debit Card,Paid,2026-09-24
PAY-011941,ORD-011941,Debit Card,Paid,2026-09-26
PAY-011942,ORD-011942,Cash on Delivery,Paid,2026-09-26
PAY-011943,ORD-011943,JazzCash,Paid,2026-09-25
PAY-011944,ORD-011944,Cash on Delivery,Refunded,2026-09-26
PAY-011945,ORD-011945,Cash on Delivery,Paid,2026-09-26
PAY-011946,ORD-011946,Cash on Delivery,Pending,2026-09-26
PAY-011947,ORD-011947,Debit Card,Pending,2026-09-25
PAY-011948,ORD-011948,Credit Card,Paid,2026-09-26
PAY-011949,ORD-011949,JazzCash,Failed,2026-09-25
PAY-011950,ORD-011950,Debit Card,Paid,2026-09-24
PAY-011951,ORD-011951,Credit Card,Pending,2026-09-26
PAY-011952,ORD-011952,EasyPaisa,Paid,2026-09-26
PAY-011953,ORD-011953,Credit Card,Pending,2026-09-25
PAY-011954,ORD-011954,Debit Card,Failed,2026-09-25
PAY-011955,ORD-011955,JazzCash,Paid,2026-09-26
PAY-011956,ORD-011956,Credit Card,Paid,2026-09-26
PAY-011957,ORD-011957,Cash on Delivery,Paid,2026-09-26
PAY-011958,ORD-011958,Debit Card,Paid,2026-09-25
PAY-011959,ORD-011959,Cash on Delivery,Paid,2026-09-26
PAY-011960,ORD-011960,Credit Card,Pending,2026-09-26
PAY-011961,ORD-011961,JazzCash,Paid,2026-09-25
PAY-011962,ORD-011962,Cash on Delivery,Pending,2026-09-26
PAY-011963,ORD-011963,Cash on Delivery,Paid,2026-09-26
PAY-011964,ORD-011964,Credit Card,Paid,2026-09-26
PAY-011965,ORD-011965,Bank Transfer,Paid,2026-09-26
PAY-011966,ORD-011966,EasyPaisa,Paid,2026-09-26
PAY-011967,ORD-011967,EasyPaisa,Paid,2026-09-25
PAY-011968,ORD-011968,Cash on Delivery,Pending,2026-09-26
PAY-011969,ORD-011969,Cash on Delivery,Pending,2026-09-26
PAY-011970,ORD-011970,Cash on Delivery,Refunded,2026-09-26
PAY-011971,ORD-011971,Credit Card,Paid,2026-09-25
PAY-011972,ORD-011972,Credit Card,Paid,2026-09-26
PAY-011973,ORD-011973,Cash on Delivery,Paid,2026-09-26
PAY-011974,ORD-011974,EasyPaisa,Pending,2026-09-26
PAY-011975,ORD-011975,Cash on Delivery,Paid,2026-09-26
PAY-011976,ORD-011976,Cash on Delivery,Paid,2026-09-26
PAY-011977,ORD-011977,Cash on Delivery,Paid,2026-09-26
PAY-011978,ORD-011978,Debit Card,Paid,2026-09-26
PAY-011979,ORD-011979,EasyPaisa,Paid,2026-09-26
PAY-011980,ORD-011980,EasyPaisa,Pending,2026-09-26
PAY-011981,ORD-011981,Cash on Delivery,Paid,2026-09-26
PAY-011982,ORD-011982,JazzCash,Paid,2026-09-26
PAY-011983,ORD-011983,Cash on Delivery,Pending,2026-09-26
PAY-011984,ORD-011984,Bank Transfer,Paid,2026-09-26
PAY-011985,ORD-011985,Cash on Delivery,Failed,2026-09-26
PAY-011986,ORD-011986,Credit Card,Paid,2026-09-26
PAY-011987,ORD-011987,Cash on Delivery,Pending,2026-09-26
PAY-011988,ORD-011988,Debit Card,Paid,2026-09-26
PAY-011989,ORD-011989,JazzCash,Paid,2026-09-26
PAY-011990,ORD-011990,Debit Card,Pending,2026-09-26
PAY-011991,ORD-011991,EasyPaisa,Paid,2026-09-26
PAY-011992,ORD-011992,Cash on Delivery,Pending,2026-09-26
PAY-011993,ORD-011993,Debit Card,Pending,2026-09-26
PAY-011994,ORD-011994,Credit Card,Pending,2026-09-26
PAY-011995,ORD-011995,JazzCash,Paid,2026-09-26
PAY-011996,ORD-011996,JazzCash,Paid,2026-09-26
PAY-011997,ORD-011997,Cash on Delivery,Refunded,2026-09-26
PAY-011998,ORD-011998,Credit Card,Failed,2026-09-26
PAY-011999,ORD-011999,JazzCash,Pending,2026-09-26
PAY-012000,ORD-012000,Debit Card,Paid,2026-09-26
